cliente_origen,cliente_destino,relacion
a2b33527-55d6-4c7e-8dd6-1e5582e00e96,3e5fb39c-77a6-45eb-9f53-971ff79b3364,misma_empresa
3b8bb06a-9018-4025-ae17-9d4588a5ff39,0823c0d8-8635-4c40-a0dd-8124cd6e5e68,transaccion
439bf853-2fef-460e-8625-9390eb68a7b1,a7a2f8dc-9e66-4935-a4c6-2ee008a1da3d,referido
6642820b-efc2-4198-ae16-7d0a5352d0b0,fff7ab41-6932-43c3-8eef-366386fe950e,transaccion
9b2b9e9a-6fbf-413a-9294-18f83407fd10,7a92d9bb-f8e3-4a46-8322-c661c09975f9,amistad
dcd40a1c-f423-46db-bfea-2f1cd43b2be4,32e93bc3-2349-48f9-b5bf-e94fdb13c727,comparte_direccion
09dc59ef-348a-4d2d-8a15-8fe2a44c1af8,3e5a5f6c-2629-47ac-8d8c-bc785bb9a90e,transaccion
2dff3ef3-4f01-4dee-9820-d72c49ff8816,562fb047-489b-44fd-b5e4-e4feee6aaf8c,amistad
82f780ee-f21f-472e-9eff-0470255ce6cd,6daaf891-af4f-4348-a882-c963676c72bd,referido
6d2fdbbd-2c72-4f88-9e12-04ebc37dd677,4eeead7e-8041-4c36-af48-46e1f03708ff,referido
0693133c-39c8-4c07-8751-acd2a2bf1da1,65cc42f6-1b47-463a-968f-26e287f601e7,contacto_frecuente
83cb13b9-d81b-4410-a5db-8ee0b642fa1a,43d2a245-e8a8-4eec-9349-78071985e419,comparte_direccion
b7dc6d59-6fcc-497f-aa2b-44fcffc34a39,5e96c8a9-fead-4241-a752-1f172501ec8e,amistad
2feb00de-0656-4632-87e1-dbb06e44a96c,231d969b-85f7-4ca0-bd1f-80e76d3fefb7,transaccion
f49e2c1b-7616-471e-a275-46d9d619132f,2198b107-67ef-4f6f-a632-a6e56c7ad4d2,referido
088a606f-ef69-4be4-a15b-85f77efd3a41,152674b3-b388-4c07-af3c-a3413549e137,misma_empresa
3ec4b0e2-d618-4554-bff8-f31a1f75a2e7,124f28e9-ba39-430a-9ae6-415573151d7c,misma_empresa
70d27c6a-198d-4193-8d85-25f555607ec9,297552a9-cdfc-43e8-b0ec-ff4f422b1326,misma_empresa
dca0afb2-3d7c-4d00-9aef-aa60bbb45820,0c701e7a-4998-4db9-a55b-701589340361,contacto_frecuente
51250a9c-22e8-4815-9edb-8d37a91ec643,4262a2e1-bd88-4ff8-bc62-619ea9a39ef1,contacto_frecuente
f36bae57-bcd5-4f58-ac1f-fc0a729e5c92,0c701e7a-4998-4db9-a55b-701589340361,comparte_direccion
eaa8faea-738b-4b88-9fb6-b9a29a50fc88,d98c5f0f-6fd5-4ab3-807f-0df80099917e,transaccion
7e92cf48-e9cf-4c0a-8bed-8d1663aa2fb3,4477a23a-9cf1-4416-ae32-125a3067c459,referido
ad2c25e4-4508-42e0-8b1d-d7e72fd52ba4,b8179e2e-0fb7-432c-afec-62c01e4d7878,referido
cd8e1bfe-397f-44ab-bfe2-d6640e6dbe98,134b725f-fc1d-4ab2-9a21-738d0f5ce9e3,comparte_direccion
021e4732-b710-4bed-8824-84d4679a3967,079e7304-5c35-4f3b-9192-20deebbad7a1,referido
76cfcf6f-f669-4a7c-b706-620d9fdcf463,17c72c13-6d06-49d4-863a-d184bfef2d18,comparte_direccion
bafd4b8d-22eb-4404-8d60-5093dc11eb1a,17ebb835-d690-473f-a006-5b70e75c4313,comparte_direccion
6a03cad3-6999-436e-aa55-f70b99efbb9a,a09e61eb-7f41-422e-9de9-fc353f850711,contacto_frecuente
049b8d1c-ac01-407c-9e27-2a7d5b97eecd,5b50a20d-e1ea-4884-b5bb-9a3c92198f58,transaccion
86a52eb8-99da-4c36-8ea6-b52f399f22a1,e2e723e3-c74d-4eef-8f35-62ebb1890cd2,transaccion
a3bac31a-0392-4d70-8746-262af01de87e,4eeead7e-8041-4c36-af48-46e1f03708ff,referido
12c43d15-39a2-4f56-b6d6-dc2b89ebe0e8,a09e61eb-7f41-422e-9de9-fc353f850711,amistad
1bacff05-6002-44bb-8f70-7dbc7ab6802f,7b116c41-3547-40ea-a935-cec6488396b4,referido
d327af68-e29c-443f-a16e-6bfd8137b64e,8122e001-06e9-498e-a569-d27f81e1562d,transaccion
576ab723-ff09-426a-ac01-5f3121f5b01b,8108fa76-a8cb-4da7-9eaa-ed1914d689b3,referido
5e591d6a-98b1-41d2-9909-471c04cf1235,f62fed2c-88e7-4c89-abb3-bb97fc91717d,amistad
18903d6f-c35a-44de-b85e-addce0d12974,ae93209c-fc3d-40d1-9c4d-efd57392f1e6,transaccion
4014f591-d697-4036-a492-76e6b461b110,21c02ab6-9706-4fc0-ac41-2ac7dec39f60,misma_empresa
4eeead7e-8041-4c36-af48-46e1f03708ff,18377f54-c4a9-4abd-8b99-705636fd4bf6,referido
998fce1d-8826-46ef-9c9f-9e4120d2d0a7,1c2a58ac-3da8-4561-b7ee-e7366f6421d9,referido
32e93bc3-2349-48f9-b5bf-e94fdb13c727,98ee7ad0-82c8-4da6-b58a-ac3f3a004f97,referido
ba86066e-09fa-45c2-9bff-f38ff74a91c8,fc9ad9bc-e6b6-452e-8858-cfb0da514a02,comparte_direccion
9b2b9e9a-6fbf-413a-9294-18f83407fd10,b4263f4a-46de-419d-afb3-27a684025ddd,amistad
fb7d8095-c6c2-4168-9525-4974647ab55f,b238dd98-88c6-4479-885d-3424f92522a2,contacto_frecuente
d3166baf-4f72-4b90-9f1a-903e18abb6e7,d84caf9a-d2ed-4b2e-969b-1e5f2662c3ca,comparte_direccion
f6188a41-97a1-4f8e-994e-c0e3dc6a7d36,773e7b87-4797-4ee4-86fd-35aed2661a85,contacto_frecuente
dece9a97-8f76-4358-b7c9-5889a2d9c41e,26933967-516d-4853-b015-22a4770606b3,transaccion
2bb73719-170f-49dd-a41e-12986e3b9c9a,058654bc-07b7-48d6-aca1-732f8d2aca74,amistad
c52a3bab-6a92-4ad6-8831-07ad9a6acb0d,9882a8c4-11e4-41dd-affa-8e1eb702e40d,amistad
e406ce15-ca27-435a-a4bf-1478059758d0,0f201eae-9388-4dd1-9da4-f1c43a713476,contacto_frecuente
59f2032a-b31b-4d45-aa03-61821de03b61,8516ec31-9809-41d2-b8bc-c358146a9c93,misma_empresa
7b1afa89-ee3b-425f-80d8-594d5e75a388,5e34c618-4523-44b4-a235-0e81e13ee687,misma_empresa
4cafe361-175f-44a5-8afd-765208b943fb,088a606f-ef69-4be4-a15b-85f77efd3a41,transaccion
0962e737-a570-4df9-ba2d-d146f37fcf45,ed7de801-46d1-453a-9cf3-660b5f10d7dd,amistad
3707b589-dbeb-43de-bebf-9aff364fc284,31c46141-a5a0-4e1d-8509-dd3b710f6b88,contacto_frecuente
37d01a09-546e-4c79-99f5-013f72429c19,cef4a066-83fc-4edd-bdd0-daf4ddec7882,referido
491d1332-8d6f-430a-9da0-43bd590f796b,c140f450-a62c-45e0-aea0-37b4214a83d2,referido
192ad96d-f055-4849-a912-6cd88f1b421d,1d23c2a7-66ab-4741-b787-f2363565f1ea,referido
37ab8a53-9fd4-4a2b-bc37-76a27b810f0b,9adadef2-f16c-48da-af74-1d796d44332c,transaccion
4a542bc0-9f4d-42e3-81f8-3845f0fa2a92,8bff27e6-0738-4583-a1b8-77df6580c36b,contacto_frecuente
ec43d27c-27d6-4903-a76e-68de252e9b91,7f408f8c-f1b0-4a76-94c5-b40127a93f3d,comparte_direccion
a09e61eb-7f41-422e-9de9-fc353f850711,071bc922-7abb-4e9f-8a54-b21b6aecb45c,transaccion
e4715a27-bad7-4197-b035-84bec3bea3d1,c0e4b289-c864-4cd8-ad6b-1289ff7deb28,misma_empresa
863a182e-c7e3-440a-ab2d-cb44d62c5a62,bfb9f944-fcd1-42e4-83fb-f9f708888000,amistad
7d0cb50a-a01f-4435-9935-d7e9dfbea353,65cc42f6-1b47-463a-968f-26e287f601e7,contacto_frecuente
ec43d27c-27d6-4903-a76e-68de252e9b91,f4bd9b1a-f910-4844-a534-3602aff1a0a3,misma_empresa
1958aa70-580b-41ef-9785-1963b5fe2abe,28e176f5-d9db-4c3b-8968-460e9335b225,transaccion
0823c0d8-8635-4c40-a0dd-8124cd6e5e68,3d25576b-d67c-40b6-9b5d-3b3d2f0ccc1d,referido
b68f590a-6191-40c8-96f0-f0261688d54c,7b116c41-3547-40ea-a935-cec6488396b4,misma_empresa
f019154b-78b3-4593-8389-628dbe437d47,1178f79a-d7dc-4eb7-95bc-c0b9eee4ea19,referido
125ce11a-f271-4f3a-af0d-60dbf756553b,c3914e7d-f6db-488e-be22-8799f8b5ed54,contacto_frecuente
bafd4b8d-22eb-4404-8d60-5093dc11eb1a,0389a4ea-a00a-4d6c-8f58-03636bca5e81,comparte_direccion
a9f1b7b7-06d6-49a5-8b0e-f4497ab7aa62,822360c4-ab08-4ce4-bb83-d2fad38cc173,contacto_frecuente
1871005a-b413-4406-bc6a-70a65a578cf5,21071296-684d-4a4e-b2e6-8ceb81cb68a5,comparte_direccion
46ea322d-203d-4382-9b5d-c5cb1ad81a71,cc5b0744-c936-44ea-8c4f-271edc85beb3,referido
ec43d27c-27d6-4903-a76e-68de252e9b91,1c981081-af17-4101-96a3-44cab5e03eb9,amistad
65612049-7bf3-406f-b438-2af212e37277,e0f2a85a-f8c2-42c3-9b08-fd98a35ea6ba,amistad
003b1f43-3079-4987-9dab-29e6b2dfa0dc,ab15c283-3b34-45d6-b183-944cb1e31bd9,misma_empresa
fba022bb-953f-4716-a407-f8ed0033a19f,e90efead-76c8-4414-a43b-6b0b10c6a3b4,transaccion
26933967-516d-4853-b015-22a4770606b3,ddc25524-6ef6-4a69-bd00-dd6ac33bfd83,misma_empresa
94647db7-f68c-45d4-9529-30afdb6c18c0,07c2ece3-e943-47a3-8883-023cb8f539c9,misma_empresa
d8bdce16-ece2-4873-ad54-de5228e95675,8a407daf-bab8-4c1d-a4ae-52ea01964b10,contacto_frecuente
b9d2d4d5-75da-4aa9-8568-bae6b7af1ebf,eb39ccdf-537f-45b9-b190-f8dbd30c72fc,transaccion
8e4264a6-ca9d-4d43-999a-3a7b1004a2dc,7012a826-f089-481c-b7f5-c333e816a366,misma_empresa
2d5893bb-250e-4228-8ab0-1fd6ae9d310b,a8aa84da-7956-4ead-ad86-d030b9fb13c1,misma_empresa
e815fac2-44b7-40b8-b9cc-22963f99b05e,8d85e6b7-8940-478f-bbbf-3a45281b5b16,misma_empresa
fb7d8095-c6c2-4168-9525-4974647ab55f,7c90009b-19c9-426f-8476-6181bc47913c,amistad
310e6eda-7fb5-4583-af41-e405d43b45b7,512312b6-4c6e-4026-adbd-a7b5adebc251,misma_empresa
9cc95113-08b4-4755-9514-0f7aa4255fd9,4ab8b987-abc2-42b9-a37d-0de8522b5658,comparte_direccion
31220094-d2d3-43dc-acf4-c8d2eff06645,8dd0b782-eb10-4845-b063-7d1d42dace0a,contacto_frecuente
8187d7d7-9444-47ce-b485-6fec26df05a0,2dff3ef3-4f01-4dee-9820-d72c49ff8816,amistad
f4ad231a-8e20-4278-8797-4d9fbeb9fd0d,6a03cad3-6999-436e-aa55-f70b99efbb9a,contacto_frecuente
ea31508d-e6a9-4019-bc96-a5f53b3a3dc7,c67ebe45-f641-4c6a-b6ea-9bbce5bf4d34,transaccion
bcf0e8bf-c003-4428-be22-c4b9cf542ecf,10c265eb-1897-442c-9e19-ed4c7861f761,amistad
5b626305-094f-42ba-bfb9-0c4158d69f81,99ba47f9-251e-42c4-a85a-914728c90f33,transaccion
3b48d6d3-c822-43ad-8025-cdf930cf5179,65cc42f6-1b47-463a-968f-26e287f601e7,comparte_direccion
152674b3-b388-4c07-af3c-a3413549e137,a2f279f1-3899-4630-8438-15086b3b4274,misma_empresa
e385071d-507b-4474-8f02-d0867de0b9d2,822360c4-ab08-4ce4-bb83-d2fad38cc173,contacto_frecuente
112ecb07-0088-4269-b171-0f412ae64525,ed3c9bf0-7fbe-4a8c-8705-618038deb150,misma_empresa
ba6e834a-7173-4864-9ba1-d8b337a570a1,99923f5c-e2f7-4c37-9536-1514491f624d,transaccion
5ee06658-ba0a-427f-861a-6b50ff69fa2a,51db518d-e8df-4cc3-bcee-509e1f3ce620,comparte_direccion
105b050f-7247-4376-956e-63fb606bf239,0c7fcbce-593d-4982-af84-87f34af46dba,comparte_direccion
524e2c60-9c6a-4dfe-95f4-a5771318e3a3,1cd83bde-047f-4ae4-8a25-4f43f96a1e76,amistad
b424fc25-0497-4ac1-ba1a-33597e541c8e,a4efd51f-820a-4e07-a4a0-e9bb59f83327,transaccion
615447ee-436d-49c7-b733-0a4a4008446a,ddc25524-6ef6-4a69-bd00-dd6ac33bfd83,transaccion
8e6fe5bf-e73a-4ebe-af93-b3856f50e6c4,820962f9-232d-4d2f-b1a0-7fcdfbcd692d,amistad
952de6dc-69a6-4a07-81e8-916771bbe8bc,944c1a0e-4ea8-4255-9dd8-f32bbcf3e16a,misma_empresa
26933967-516d-4853-b015-22a4770606b3,99ba47f9-251e-42c4-a85a-914728c90f33,amistad
7f03938a-7536-4ba1-be9d-0b35e660fba7,3e5a5f6c-2629-47ac-8d8c-bc785bb9a90e,transaccion
760a4406-02f9-43ad-b51a-c393125104ca,112ecb07-0088-4269-b171-0f412ae64525,amistad
709243e3-a26e-4bcd-a46f-94f4a4e965a2,f9ee9fa6-6246-4377-a631-90f696cffd44,referido
ab15c283-3b34-45d6-b183-944cb1e31bd9,9e57c65c-2dc4-4ce2-8d2d-327bcb12efe2,comparte_direccion
db243078-0e0d-4f66-a8e2-aa4992aac81d,82fbfd56-a6ed-4faa-a561-3c7142b30f7b,contacto_frecuente
84398493-2266-46d7-8361-eefe35542d64,cb82433f-b1f7-441e-9aff-5ed5cca02a77,contacto_frecuente
546ada4b-e3fe-4bd1-94af-5b0b23c5f104,dcd40a1c-f423-46db-bfea-2f1cd43b2be4,comparte_direccion
491d1332-8d6f-430a-9da0-43bd590f796b,7a92d9bb-f8e3-4a46-8322-c661c09975f9,comparte_direccion
0c6f97ed-f676-49be-9691-8354af1e00b3,fef22469-9f89-4dff-83f5-60b891355cef,amistad
297552a9-cdfc-43e8-b0ec-ff4f422b1326,1aa199f4-7ad3-46da-a2ff-6d81c0ba472f,contacto_frecuente
ea28254d-5cbf-4803-bb29-26be23f1bd6c,a3bac31a-0392-4d70-8746-262af01de87e,amistad
058654bc-07b7-48d6-aca1-732f8d2aca74,51250a9c-22e8-4815-9edb-8d37a91ec643,transaccion
18377f54-c4a9-4abd-8b99-705636fd4bf6,1351a6af-6bbc-4247-93f7-3293e3931720,referido
5808b677-4bb0-41e1-979d-4d7dbaee6e15,6eb8e6c8-b850-452d-a61c-156fd027b1de,referido
eb881766-3a8b-4a73-9721-1a0be5ea5fb3,cc3952c9-3928-42dd-9018-b55acd6716a1,amistad
0f201eae-9388-4dd1-9da4-f1c43a713476,bfdaa12c-5c27-419f-a7b9-3333358f4c9a,comparte_direccion
edce34bc-0bad-4fbf-963b-afb7d62d347c,d364b2e7-ac53-4062-937a-a3a4156a5284,referido
fc9ad9bc-e6b6-452e-8858-cfb0da514a02,691a34e0-3adb-402d-901a-16a072ed666b,amistad
6befaa47-3619-4112-b7f7-790ec824cc96,aa0e2749-6f91-4e6e-ac6c-05ede3633011,transaccion
d8e0d87f-2b92-4744-8599-c07b6693074d,4eca914b-1e46-48d9-b687-c2878dde022b,amistad
6d2fdbbd-2c72-4f88-9e12-04ebc37dd677,30655379-4025-4647-950a-2b1e17a7b278,transaccion
b238dd98-88c6-4479-885d-3424f92522a2,d3d01ad9-2647-421e-b6ac-2676ca77fb36,transaccion
d52459af-0672-4798-b04b-46e1af49ad2f,910c7762-e6f8-4538-b5e0-7f307133a355,comparte_direccion
04070e63-d543-4102-bc23-93950a7c48bf,d9c9894b-4caa-490c-8bc8-36d3bbaca5e0,contacto_frecuente
2198b107-67ef-4f6f-a632-a6e56c7ad4d2,53ff0ff4-7141-407c-b962-a6d10545fd5f,contacto_frecuente
89768359-2594-4146-aa45-fafa3144edfb,b4263f4a-46de-419d-afb3-27a684025ddd,contacto_frecuente
a5014585-5f70-400d-ac46-f9a32e3daf04,3e2daee9-c4a7-401c-85a3-4823ab5dad77,referido
fbed0ad9-d785-4fb9-80bc-3d3b9f790e73,dbfd7db6-ba73-48fe-beee-464ea219e56c,contacto_frecuente
e7bf0999-764c-4685-9a1c-1cc973f76784,53535263-b8bd-4569-b0a8-f135d0d3327a,referido
45446001-d01b-4758-9e21-e7945825b9aa,38e46406-9ce1-4f82-b619-6fc813f211a0,misma_empresa
3ef06c93-f669-4a7b-b373-e7b606737c96,31c46141-a5a0-4e1d-8509-dd3b710f6b88,referido
649f67a1-9120-4af8-8e41-c3682e8c5dc9,ca5d5276-dcb6-4cc1-a461-69cf88686689,comparte_direccion
f019154b-78b3-4593-8389-628dbe437d47,24edac0c-a22d-4d51-b0f2-ce0dec9752bc,referido
d0873b37-bcd6-468b-b9f2-d345b9988903,32b57dda-a8b6-4360-a7aa-d72f14c5386e,amistad
c000188e-51f6-4198-a303-5b269fc8c633,bc9fa845-fc82-4c0b-b739-4f2dfa512dc0,referido
7e92cf48-e9cf-4c0a-8bed-8d1663aa2fb3,2882808f-784d-40f1-a3a6-ed307eb9bb63,referido
9d3a8314-9964-4267-991e-2001d283a952,1329f0d1-8479-4298-bb64-5ca718f8d91e,comparte_direccion
a5014585-5f70-400d-ac46-f9a32e3daf04,c2bb9797-b4a2-40ec-8e71-8797a5ebf0fd,referido
9f779d85-c1e2-48c6-b85b-4c5185f7df01,610f6f6e-4bb7-444c-bc21-37bcba1439d4,amistad
b811b7ab-af5b-452c-af6b-a42ca0815a80,22b56252-89ce-435a-86f0-c00aafa1130a,transaccion
733c237a-9a1c-42e5-aaa1-3739c90e5ad2,163d776c-4ada-48e9-8dff-5d1f3da3ddaa,misma_empresa
2c450177-ef8f-4027-9f65-8ea5160afc47,d01381cc-ca84-4ed9-8dd5-3ede9cd2b267,contacto_frecuente
0c701e7a-4998-4db9-a55b-701589340361,19987eea-3a0a-4954-90ac-7eb2d588acc2,transaccion
0204e360-a5a5-4297-8c8f-06722bd413f4,e6512fa9-d432-4138-ba9a-a68fd1927071,misma_empresa
20e4ccb5-8aba-455c-861c-0a231d4aded3,bc9fa845-fc82-4c0b-b739-4f2dfa512dc0,amistad
003b1f43-3079-4987-9dab-29e6b2dfa0dc,088a606f-ef69-4be4-a15b-85f77efd3a41,misma_empresa
bcf0e8bf-c003-4428-be22-c4b9cf542ecf,d0e93ed6-9f51-45c6-bb8c-838332a72fbb,comparte_direccion
ce092563-1e16-49ce-86df-556f47f91da1,2e5fc44b-9bab-441b-a73a-49327115e954,amistad
383f224f-f2fe-4084-b578-a83e43fece8f,1ca8a12f-1ce1-4618-9c3e-d439fe35d147,referido
19987eea-3a0a-4954-90ac-7eb2d588acc2,2d6830b3-48b7-4951-8504-1e22e84afa76,amistad
3d296608-c565-4e0b-b6a1-c39253ca36d4,f6757c99-b134-4e26-ade6-2598ef3a3ac4,amistad
03a1a118-5931-43b3-b124-8602c5373e1e,3672fd24-3e0b-4345-8bff-6067e0de2ee8,amistad
82fbfd56-a6ed-4faa-a561-3c7142b30f7b,201e2dcb-eb4f-4c3d-bb2e-2ff9a8bd6e23,transaccion
698227f0-ce6f-4595-a3c7-f126b07bfa18,b92b6a15-892f-420a-a224-deb97f874f52,comparte_direccion
ca7c6303-c94b-4cdd-9472-0b4946252c7f,50e85943-bb0f-4f44-bd7c-4484c55a3c5b,amistad
d8bf4e13-e024-489a-ab78-803ed5ba3c38,1df54cf5-436c-4c58-a273-c6184739f64c,amistad
488e6b4f-686e-4e83-a54c-695a77e821fe,ca7c6303-c94b-4cdd-9472-0b4946252c7f,amistad
d4776ed1-2cec-48e6-b499-42bd4c7ffcd3,0fcce3d4-8a8c-49a6-8630-13c4ee45d01f,transaccion
165ef624-53ce-4d55-aaaf-dc9f928e9c67,e98553c3-9afe-4aab-ada5-85b49f30eaca,referido
cb94d157-7e9b-4117-8b00-2fc427ac25a1,adb2430d-6bf2-42f9-8fa7-47f83efba491,transaccion
f49e2c1b-7616-471e-a275-46d9d619132f,90218919-bc6f-4696-99cd-f24771270d75,transaccion
c000188e-51f6-4198-a303-5b269fc8c633,391c05b7-c95b-4a52-826f-89b646153683,amistad
0f56eaab-ab7a-4398-ad47-54b8d22a84a2,709ce600-7053-45dc-b802-5d4a1d1fb8f3,amistad
a4286b76-0d8e-4c70-a52a-a4f125d5ee96,1f408d91-b566-4161-8954-b80a7409ada3,contacto_frecuente
d5ebc9bf-02b1-4cb5-8a34-f865c2aca1f8,f36bae57-bcd5-4f58-ac1f-fc0a729e5c92,transaccion
dee3a3bf-c35c-456c-9b83-8d775b444909,ec6883a8-2553-448f-b13f-3679bed6dfd8,transaccion
daf0dc66-0e11-47a0-a363-35d07c2d7441,9537624a-b9bf-4b03-b61f-d10c23737b19,transaccion
fb7d8095-c6c2-4168-9525-4974647ab55f,0195c530-9827-4e9d-baa9-f1abdb792be9,transaccion
dd1eaa4b-e617-4bce-8b3b-a2a3e7ab629e,ba441694-8117-404a-9f6c-817ca1122715,referido
e2e723e3-c74d-4eef-8f35-62ebb1890cd2,e90efead-76c8-4414-a43b-6b0b10c6a3b4,comparte_direccion
8e6fe5bf-e73a-4ebe-af93-b3856f50e6c4,81b3986c-bc57-4720-8f95-17dd0ff56905,transaccion
765f2b3b-63d7-47d2-bc28-813df8a5f8ce,2f1555ad-b804-45b8-b361-6fca21377015,misma_empresa
1df54cf5-436c-4c58-a273-c6184739f64c,4fae0bba-4a98-4626-b265-5a09313cc9fe,referido
d9e57f1e-78fb-44b5-980b-c3a0e800d063,ab82b02e-17ec-4492-94d0-0d737d394956,transaccion
b125ae36-32f6-498d-844e-a1278dbab66d,098a8f13-fbf5-4926-9ea1-2cbe72f8045b,referido
e3b4c1b1-ac10-43c0-baff-63d46cea5a03,a8ccf291-d94f-4738-b943-66a50d0fdac2,referido
b412face-7f39-49fd-ba95-997601ac7606,b622c915-77e7-4526-85bc-57df82a9a2a9,referido
8e4264a6-ca9d-4d43-999a-3a7b1004a2dc,556b9e70-731f-43fe-8918-500d396e8b1f,misma_empresa
2a19ef04-0905-48b7-8f62-369b11dea175,f6188a41-97a1-4f8e-994e-c0e3dc6a7d36,amistad
6e994046-7007-4968-91a0-d65543cc1154,d5ebc9bf-02b1-4cb5-8a34-f865c2aca1f8,transaccion
25c35e64-68dc-4c5a-b311-27c84851610e,c2f26efc-c16c-4553-8143-05030b2cf3cc,referido
9c2424be-65b8-4019-8027-85fc3048e060,aa38fb4a-bda0-4a22-a8f8-a57086db37ca,referido
3e9499f9-2993-4487-93f9-b38fd18061ba,a70a24b9-80b3-460f-9575-8e95941016bf,amistad
a9f1b7b7-06d6-49a5-8b0e-f4497ab7aa62,ba441694-8117-404a-9f6c-817ca1122715,transaccion
e902044c-f338-4579-8442-0dcd34aad037,38cf5f97-03cc-4991-b50a-f9f2db8b7f5f,misma_empresa
d8589696-d20d-4e2a-8e92-7bf44ed6d491,b16f204c-dc02-4b0b-b4bb-b9754a18e886,misma_empresa
9ab5b617-dbbd-4fd5-86d3-cb02b4c87b9f,07a110fc-6c4d-42be-b517-8fa04f23c6f7,comparte_direccion
58f863f9-11e8-4a92-955f-f481591fb30b,e463b774-026e-4182-a6c4-14cdb58d663f,amistad
6cc8215d-da45-465e-b609-b68b7f149060,be61371a-e46a-4813-8467-c78c099a3a86,amistad
edcea9c3-b9db-4fd1-80c2-e6de7025150d,abdedeb1-06f4-4f5b-b7dd-672591cb981e,misma_empresa
a49e4be0-56c9-46c4-8899-15457b46a8e0,d4776ed1-2cec-48e6-b499-42bd4c7ffcd3,misma_empresa
6064874b-e576-45c7-8720-706d8383cdaf,81b3986c-bc57-4720-8f95-17dd0ff56905,amistad
649f67a1-9120-4af8-8e41-c3682e8c5dc9,ca5d5276-dcb6-4cc1-a461-69cf88686689,referido
0204e360-a5a5-4297-8c8f-06722bd413f4,6eb8e6c8-b850-452d-a61c-156fd027b1de,misma_empresa
8f1071af-8da3-4815-8f35-82e80f5ea78f,c5b09f94-abac-49e2-9627-4e7d4c60675d,amistad
b5dd23e5-8fce-4308-86c8-cb9958f25947,ff7b9d0b-7cba-4e52-a244-b15e0dccf36e,transaccion
998fce1d-8826-46ef-9c9f-9e4120d2d0a7,99ba47f9-251e-42c4-a85a-914728c90f33,contacto_frecuente
65bbc211-25bd-4025-a094-fef9244a26ee,5552dafe-cab7-409c-ad18-c38682719e27,transaccion
b5a555ce-a158-4a20-8150-ed1d41257b57,ca1d4e5a-10a9-4d5c-ae15-34fe48db6d7e,misma_empresa
81ac2b86-5921-4d72-be7e-77ed66c6ac7f,e8beb6e0-6898-4eb8-8c05-b18a192b0940,amistad
20510cc0-f0dd-47bf-8032-8e2d482a7ca7,9e57c65c-2dc4-4ce2-8d2d-327bcb12efe2,referido
ef3f0ffd-f8bc-4dcc-a8a5-e62d41ec3069,eb863ef8-421f-406e-80bb-57e8d46c2a75,contacto_frecuente
77b15be6-08c7-48d4-811e-a31bdea88662,7136b3d0-8e93-4c92-9eaf-ac5721b62c8b,contacto_frecuente
26933967-516d-4853-b015-22a4770606b3,5e34c618-4523-44b4-a235-0e81e13ee687,referido
471a9217-a902-4387-b59a-7f373410a321,31ee5906-439d-49d8-af01-e0f1f9adde0e,referido
e9393531-b6e7-4257-9c81-2963762db37d,8883ecee-ba2e-4b13-90dc-bf5a66f8b892,amistad
0f889f7b-1e9f-411e-a52a-a7113fbec77f,512312b6-4c6e-4026-adbd-a7b5adebc251,referido
82f780ee-f21f-472e-9eff-0470255ce6cd,431576a5-aef8-43ca-810a-6ec2cd286e79,comparte_direccion
9b2b9e9a-6fbf-413a-9294-18f83407fd10,e886da7a-c7dc-4841-9851-a16a45631d17,comparte_direccion
c48fe713-2c2e-4e43-8704-1d9a42f4ebd5,52f31c60-5bdd-435b-9dc8-4bdf26ef5dcc,misma_empresa
cb82433f-b1f7-441e-9aff-5ed5cca02a77,22253f11-30da-4342-95a3-fa1cd5ae9a2a,referido
16c81b0f-d0b9-4946-9743-9ce660e52e13,bc9fa845-fc82-4c0b-b739-4f2dfa512dc0,transaccion
d0e93ed6-9f51-45c6-bb8c-838332a72fbb,3b48d6d3-c822-43ad-8025-cdf930cf5179,transaccion
d99cba24-4655-4165-87f6-2c51103ab92b,709ce600-7053-45dc-b802-5d4a1d1fb8f3,misma_empresa
f6757c99-b134-4e26-ade6-2598ef3a3ac4,f1c22941-3821-4190-bf69-b4185060254c,contacto_frecuente
45f19d4c-7cb8-4413-9722-721b095e76d6,3cb04b81-c3b6-47e0-b0f3-4b0e8ee16c01,referido
f78a1f11-1359-402f-a184-0f3f6a201644,76ee0c42-8e41-485f-b16e-c479cc35a28e,contacto_frecuente
7f408f8c-f1b0-4a76-94c5-b40127a93f3d,2afbea4f-d1d5-4689-be61-ec2e1b358678,misma_empresa
112ecb07-0088-4269-b171-0f412ae64525,b783252b-b5fa-433b-9f5e-534be59675a1,referido
8a407daf-bab8-4c1d-a4ae-52ea01964b10,4fe969a7-fef0-479e-ae85-a657fbe1765c,comparte_direccion
c3e35526-e18e-446d-bd45-f61aa22390f2,527ad50f-de10-4cc0-a8a9-ad484a8b50d2,amistad
850dc172-facd-4f69-be2e-803a9b3f8850,5bcae0b9-b19d-4485-8647-a1d76f822f45,misma_empresa
fccfc31d-57db-4100-804c-5cf0c0b11274,c2044a53-bcf5-4f48-8b27-efb24fcb4f11,transaccion
20aef770-e4d1-46e7-932a-5b8a472af0ae,03e65d25-dbb1-4cd0-b4c4-ac38b31612b5,misma_empresa
d98c5f0f-6fd5-4ab3-807f-0df80099917e,45b617da-0d23-4ada-8844-033b84adc06c,amistad
d378329b-8337-4145-9717-2e6e6b569aa7,ba441694-8117-404a-9f6c-817ca1122715,misma_empresa
5fa87ee9-821f-4fce-98fd-8c1938124df7,33c8e6c8-efbd-429a-a0e9-6c22b0e1084a,misma_empresa
98313e47-6c8a-414d-9a78-0733de160b87,239f1a11-2ac3-45bf-b583-f399184bcd0b,comparte_direccion
773e7b87-4797-4ee4-86fd-35aed2661a85,52f31c60-5bdd-435b-9dc8-4bdf26ef5dcc,comparte_direccion
a0d4052f-1a9d-401a-ab78-7024d97d6dd3,c2f26efc-c16c-4553-8143-05030b2cf3cc,misma_empresa
41249598-696e-4416-92fc-0df47be0c3b4,dd9e9110-ef9e-4e20-9678-fb0f69d1d2c0,amistad
6064874b-e576-45c7-8720-706d8383cdaf,94647db7-f68c-45d4-9529-30afdb6c18c0,contacto_frecuente
238922fe-1536-4802-b832-5b2af1a99529,ff628551-60d0-427c-8553-993443632639,contacto_frecuente
e40f951e-ace2-46d8-8d05-de683cd398a0,53535263-b8bd-4569-b0a8-f135d0d3327a,contacto_frecuente
27048d1b-dafb-42fe-bffc-508792efb6af,0f201eae-9388-4dd1-9da4-f1c43a713476,misma_empresa
471a9217-a902-4387-b59a-7f373410a321,4aabf8be-2106-4fca-80a9-335bc61cd1bf,contacto_frecuente
874c7304-91b8-420d-ab9e-6818807e4435,3091ddc4-c879-4992-a0aa-9251571cc83e,misma_empresa
b8179e2e-0fb7-432c-afec-62c01e4d7878,5b26c537-d817-43f9-a250-061798dcfdc6,misma_empresa
0b9e7de7-6d16-42c9-9a42-86a05fc1d81f,6f96cb0f-98fe-4155-b80d-1cb95dec1eef,comparte_direccion
55948a2d-8f7d-47f8-ac9b-763d3b810442,ea31508d-e6a9-4019-bc96-a5f53b3a3dc7,misma_empresa
71dd12ca-baa2-4d7e-93bc-63c9bad1cab3,adb2430d-6bf2-42f9-8fa7-47f83efba491,misma_empresa
f4b009e9-c797-4a49-adb4-e4dc88a787a1,f2df86a0-9d69-451a-be57-c1385db0919d,misma_empresa
1740c5b2-391e-4bb8-be90-d3cfc8137116,fb7d8095-c6c2-4168-9525-4974647ab55f,transaccion
5ed03cb9-4aa6-4d44-8ae9-95e73bebbdfe,2ba8f084-0f73-4018-8017-103b3dcdd80f,comparte_direccion
3e2098a4-95c4-40e8-bf02-383d8713d7d7,c7e96c31-b070-4fe1-9477-0b2bbca42737,transaccion
a291a0dc-4cdd-46a1-b826-dfa5db4a31fe,1e26133c-e89c-4a8b-968f-d7ad7e8edd81,misma_empresa
f6757c99-b134-4e26-ade6-2598ef3a3ac4,18377f54-c4a9-4abd-8b99-705636fd4bf6,amistad
49a1d8ca-c247-42d9-b944-9cdc595e328c,3e9499f9-2993-4487-93f9-b38fd18061ba,transaccion
1a2d0a0c-8bc5-4e10-af6b-bb0d6acffb7c,e90efead-76c8-4414-a43b-6b0b10c6a3b4,misma_empresa
2383d08c-6bc5-4248-9416-ef39fb14b256,5b626305-094f-42ba-bfb9-0c4158d69f81,transaccion
81e0634f-c5ef-4bd4-afe8-efc0297ea950,ba441694-8117-404a-9f6c-817ca1122715,referido
d568c99a-6e3b-4b0a-af18-aa65f9deaa9c,8127d63e-50d4-4c32-8dbc-ef874cd1370e,amistad
c4e4c61a-ed9f-4e33-bd2c-87cacdd75491,49a1d8ca-c247-42d9-b944-9cdc595e328c,comparte_direccion
9c094078-3e30-45ae-a8b0-09684532d278,b5dd23e5-8fce-4308-86c8-cb9958f25947,comparte_direccion
a5014585-5f70-400d-ac46-f9a32e3daf04,949130fe-733a-4e1f-bf68-3fe5f401d15a,referido
dd1eaa4b-e617-4bce-8b3b-a2a3e7ab629e,3e2daee9-c4a7-401c-85a3-4823ab5dad77,contacto_frecuente
1a216d41-45bf-4292-b4b5-06e424d9d400,86a52eb8-99da-4c36-8ea6-b52f399f22a1,referido
9b2b9e9a-6fbf-413a-9294-18f83407fd10,e385071d-507b-4474-8f02-d0867de0b9d2,comparte_direccion
e5d6e924-be98-4209-938e-3537ff21be63,4fae0bba-4a98-4626-b265-5a09313cc9fe,comparte_direccion
d745b93e-6ce6-4a7e-b68d-fdfbb64d7572,f6355e61-ad36-4780-b0b5-a5b39a52f70b,referido
31ee5906-439d-49d8-af01-e0f1f9adde0e,325a9d8d-cc0d-4b22-949d-be37ecee0e1c,amistad
d9c9894b-4caa-490c-8bc8-36d3bbaca5e0,cd9875d4-394b-4003-a9f0-a3201bf3cbbc,comparte_direccion
e6c3d883-ea17-46b2-ba1d-ddae4db4c4be,d4776ed1-2cec-48e6-b499-42bd4c7ffcd3,transaccion
da28240a-164e-4e2f-ba1d-440b2e8af0e8,3e9499f9-2993-4487-93f9-b38fd18061ba,comparte_direccion
e98553c3-9afe-4aab-ada5-85b49f30eaca,f4b009e9-c797-4a49-adb4-e4dc88a787a1,transaccion
f6f89bb8-9b00-4f92-a25c-58246e305f58,8a5c8a55-425f-4e59-bf50-13cb76dc79d1,misma_empresa
587ad707-4c16-4965-b5cb-ebfe5f51564e,ad760608-5334-40d1-855a-c8900b3467df,contacto_frecuente
275e422f-fb16-4a4b-8286-3e010c60b113,617fc74b-300a-44cc-a05f-7e7059907d0f,comparte_direccion
daea4c0d-39a1-45dd-b3e5-1fa3f3e8f078,3deb9639-6438-402c-b40b-583e50a7da11,amistad
4ab8b987-abc2-42b9-a37d-0de8522b5658,640bd510-df72-48b1-9945-d68299fee299,transaccion
95e6b445-62e2-496a-b928-6f232eb917d8,165ef624-53ce-4d55-aaaf-dc9f928e9c67,contacto_frecuente
3fba1d7a-b0a3-4c81-955e-5cdd66f01dd1,f78a1f11-1359-402f-a184-0f3f6a201644,transaccion
75bfe467-3b16-4435-a5b2-1353d9f9b5e4,a49e4be0-56c9-46c4-8899-15457b46a8e0,comparte_direccion
45f19d4c-7cb8-4413-9722-721b095e76d6,102e0377-1be2-413d-b647-d42370995555,contacto_frecuente
3e2daee9-c4a7-401c-85a3-4823ab5dad77,e51b3123-7850-4d39-9a88-ab27f635e20e,amistad
e6c3d883-ea17-46b2-ba1d-ddae4db4c4be,580d9cd4-f66a-4e08-8efc-7480ac7e5af1,comparte_direccion
ba41bab4-8fac-41e0-8c3c-260d6efd77b1,244f328c-b268-4985-90ce-b111e3f03b84,comparte_direccion
b16f204c-dc02-4b0b-b4bb-b9754a18e886,702c1773-bd87-4514-a6ce-0bd62eec60e1,comparte_direccion
a4938549-498d-4af5-98f4-8685f47878e9,dadbf864-64ea-4e42-a75c-ef5486eaf3c3,transaccion
7136b3d0-8e93-4c92-9eaf-ac5721b62c8b,c0dd5e67-6e16-449e-b3e7-474e0e3d13cc,comparte_direccion
ad5cdfb1-17e1-4e42-84e4-95bf01c01988,641c5362-8cd7-408b-a1b1-7e4416ece25c,contacto_frecuente
ec43d27c-27d6-4903-a76e-68de252e9b91,e406ce15-ca27-435a-a4bf-1478059758d0,referido
d52459af-0672-4798-b04b-46e1af49ad2f,b000ba8d-e7b5-4a78-98eb-255c371ac015,transaccion
cf0e5901-2c6c-43fc-b2ea-a565df2765a4,98146c85-d5e8-4ef7-8da1-259302422c9f,amistad
b238dd98-88c6-4479-885d-3424f92522a2,2ae7ef2c-cabc-4976-87e1-1f2e0bc2fa54,referido
733c237a-9a1c-42e5-aaa1-3739c90e5ad2,53535263-b8bd-4569-b0a8-f135d0d3327a,transaccion
6eb8e6c8-b850-452d-a61c-156fd027b1de,dd1eaa4b-e617-4bce-8b3b-a2a3e7ab629e,amistad
1229807f-6088-4947-a9d5-3a8122e784fa,fd2c1c21-1293-4a48-b3c0-3f82d1c5b0c0,misma_empresa
61188f95-44e8-4789-87d8-d2adab64ddc2,498a6ea5-2274-4c8e-8080-4ee67af8c73a,referido
19a8e84e-9993-42ea-a8e6-57267c2f3907,601fa4eb-21c7-46fd-bcb8-ed772de91dc4,amistad
25c35e64-68dc-4c5a-b311-27c84851610e,ba41bab4-8fac-41e0-8c3c-260d6efd77b1,amistad
77be5f41-ee83-41b5-8f60-02bb13627dac,b412face-7f39-49fd-ba95-997601ac7606,misma_empresa
c5b2b845-e3cc-49b1-8eb7-6e986a5cfd0f,7a47f978-9feb-48cc-880f-4bc65d9bb301,transaccion
ab82b02e-17ec-4492-94d0-0d737d394956,297552a9-cdfc-43e8-b0ec-ff4f422b1326,referido
ab82b02e-17ec-4492-94d0-0d737d394956,44ab99d4-a915-4ee1-8794-afef89f82df7,referido
e2d76fbd-37cb-4982-b3cb-8ad2448b724b,3cb04b81-c3b6-47e0-b0f3-4b0e8ee16c01,comparte_direccion
75bfe467-3b16-4435-a5b2-1353d9f9b5e4,0195c530-9827-4e9d-baa9-f1abdb792be9,referido
e437a3e7-7831-4293-8ea5-9d28537631cd,5f5f9b92-73eb-4b81-9178-53d89ebe69ee,amistad
5f5f9b92-73eb-4b81-9178-53d89ebe69ee,d7393063-b7b9-4906-a29f-265fe1ef4e15,contacto_frecuente
14b0068b-cf5f-41c0-9afc-0662c757010f,7012a826-f089-481c-b7f5-c333e816a366,contacto_frecuente
04070e63-d543-4102-bc23-93950a7c48bf,f0a1044b-83fe-4dfe-a6a7-c22f90643466,contacto_frecuente
e90efead-76c8-4414-a43b-6b0b10c6a3b4,2ba8f084-0f73-4018-8017-103b3dcdd80f,misma_empresa
e2d76fbd-37cb-4982-b3cb-8ad2448b724b,c140f450-a62c-45e0-aea0-37b4214a83d2,transaccion
28a8c995-a387-4165-8eb8-eccf0a16dd20,d745b93e-6ce6-4a7e-b68d-fdfbb64d7572,comparte_direccion
99ba47f9-251e-42c4-a85a-914728c90f33,b848b273-ee8c-4329-806a-3e8aa153b035,amistad
30655379-4025-4647-950a-2b1e17a7b278,12ea1be2-f10f-434c-826b-334fa99a4b78,contacto_frecuente
041754ff-af57-41e6-97a3-019a0e7b62b5,80e974eb-ea88-4c23-b29b-a815fad2663b,contacto_frecuente
3d25576b-d67c-40b6-9b5d-3b3d2f0ccc1d,2d6830b3-48b7-4951-8504-1e22e84afa76,comparte_direccion
29cfb490-7ed3-47b5-9b60-2cb3112dfbf6,8e6fe5bf-e73a-4ebe-af93-b3856f50e6c4,misma_empresa
855a3dc5-dc9d-4774-b2bb-31ea368ae584,1c981081-af17-4101-96a3-44cab5e03eb9,contacto_frecuente
416cf26b-7eb2-4140-86d1-eb9dc4cc2947,524e2c60-9c6a-4dfe-95f4-a5771318e3a3,contacto_frecuente
d60ec45d-e38c-48fc-9c0f-c5b73202ce7e,2b62fddd-9649-4cd9-b515-72c9c1fdb787,contacto_frecuente
b411720d-4c41-40f9-b0b0-53ad1abf6584,c670cc09-d27c-4e1f-a641-9f04418dfee5,transaccion
603ef579-68c3-4674-8546-87634cdd0f18,0fcce3d4-8a8c-49a6-8630-13c4ee45d01f,contacto_frecuente
2fc565fb-f448-4b94-8a52-7492abe701f6,045c2cc2-9311-438b-b9e3-6e98bbb68128,amistad
0cb7ba22-0850-4daf-8e4b-21288d28baea,37d01a09-546e-4c79-99f5-013f72429c19,comparte_direccion
3deb9639-6438-402c-b40b-583e50a7da11,a2f279f1-3899-4630-8438-15086b3b4274,transaccion
cd9875d4-394b-4003-a9f0-a3201bf3cbbc,5ddd0479-cd64-44ec-b67b-f76675bafb24,transaccion
fafd61d3-8ea7-4c5f-9729-9e578323dc40,76bc4650-a237-40a8-a81b-19f227b0838d,comparte_direccion
c5b09f94-abac-49e2-9627-4e7d4c60675d,8bff27e6-0738-4583-a1b8-77df6580c36b,misma_empresa
f532ef03-7895-4d46-8876-197af2810e71,a8ccf291-d94f-4738-b943-66a50d0fdac2,comparte_direccion
b811b7ab-af5b-452c-af6b-a42ca0815a80,ad381aff-759b-4964-86c9-0d66855b8f13,misma_empresa
bb2c8a19-b6f9-4b9b-8e47-0d445abdec3a,b7827d0c-058c-45e5-aafa-ef3df318918d,amistad
76bc4650-a237-40a8-a81b-19f227b0838d,a267d493-38c7-4220-b819-7ecd8bd4d5c6,transaccion
f8237781-fdac-4cb1-b995-085cd0a88db9,5552dafe-cab7-409c-ad18-c38682719e27,misma_empresa
c228f2a7-e58c-45cf-8795-89effe30fbbc,5581cd66-e36b-4896-b846-698b5d20706e,misma_empresa
1ca8a12f-1ce1-4618-9c3e-d439fe35d147,5fa87ee9-821f-4fce-98fd-8c1938124df7,referido
bfdf7197-7c3c-4c87-817d-71a92ed74922,37507bea-512d-4171-84df-0d6370de8e9e,contacto_frecuente
152674b3-b388-4c07-af3c-a3413549e137,1ca8c4c5-8779-4707-9443-8492a20710d4,comparte_direccion
7bd6aa49-dc41-4a2d-adf3-0d95532ed8f1,f741d709-e3b9-4bdb-9a38-7a5469c30ccf,transaccion
4632ef87-4494-478b-9ac3-998b59a7c214,55948a2d-8f7d-47f8-ac9b-763d3b810442,referido
31ee5906-439d-49d8-af01-e0f1f9adde0e,ee3fdf85-288f-40a0-8185-0979882a0e86,contacto_frecuente
10c265eb-1897-442c-9e19-ed4c7861f761,1740c5b2-391e-4bb8-be90-d3cfc8137116,transaccion
c7e0af24-4b69-4c32-add8-b01563fd4a7f,f9158bb0-987d-4c1c-9686-20fa8bbd47ab,transaccion
5cdc53a9-cc18-465c-aaf1-f7156838a0b1,7d0cb50a-a01f-4435-9935-d7e9dfbea353,misma_empresa
b7dc6d59-6fcc-497f-aa2b-44fcffc34a39,5ee06658-ba0a-427f-861a-6b50ff69fa2a,contacto_frecuente
0195c530-9827-4e9d-baa9-f1abdb792be9,87558b4a-c4f2-4165-9cfa-73fdf45fe1d8,amistad
eab82376-7cc5-46d3-b451-bbc04b9c9058,258378cd-8fd7-4730-8a73-fab143a1f80e,comparte_direccion
8a407daf-bab8-4c1d-a4ae-52ea01964b10,9a6b1437-6a0d-4b74-b408-1a8ad2ca3b09,comparte_direccion
25c35e64-68dc-4c5a-b311-27c84851610e,18903d6f-c35a-44de-b85e-addce0d12974,referido
da28240a-164e-4e2f-ba1d-440b2e8af0e8,8108fa76-a8cb-4da7-9eaa-ed1914d689b3,amistad
b2287d6c-055a-4cb7-b9eb-16a24e572ba3,bcd6ba1c-0976-4fee-a19f-629462655b82,transaccion
32b57dda-a8b6-4360-a7aa-d72f14c5386e,edcea9c3-b9db-4fd1-80c2-e6de7025150d,misma_empresa
5ddd0479-cd64-44ec-b67b-f76675bafb24,4889e883-6b41-48a2-af8e-04195cc23246,comparte_direccion
dadbf864-64ea-4e42-a75c-ef5486eaf3c3,3a9ac4d6-6b04-41a6-9adf-f6f6dcefa313,amistad
7a6de69b-6ae3-44f8-b3b4-a2d43be507e0,7c5e9376-2cd9-4ba0-86a3-1ac573743810,contacto_frecuente
874c7304-91b8-420d-ab9e-6818807e4435,f6f89bb8-9b00-4f92-a25c-58246e305f58,amistad
bc0b824b-e19b-4845-8b39-8eda2c54a6a3,1ca8a12f-1ce1-4618-9c3e-d439fe35d147,misma_empresa
02a7d062-ef1f-44e0-bf87-e99ffc7a22c5,62eae3fc-a8a6-41b2-9293-af4b89a68fa9,contacto_frecuente
e98553c3-9afe-4aab-ada5-85b49f30eaca,48e08623-ed55-4dc3-a910-03586b0c52fb,misma_empresa
d6225b36-cf2f-4461-8b60-22117a868d8b,9aa50e3b-1dcb-4464-9f61-8b6d003a2386,comparte_direccion
5fa87ee9-821f-4fce-98fd-8c1938124df7,6eb8e6c8-b850-452d-a61c-156fd027b1de,transaccion
76821c24-583b-4739-8f2e-f3133e7d1bbc,8187d7d7-9444-47ce-b485-6fec26df05a0,referido
94e381f3-5c54-4156-a94b-de7e6b65f14b,498a6ea5-2274-4c8e-8080-4ee67af8c73a,contacto_frecuente
187cd6dd-0fb2-477d-90e9-49f98d117417,7a92d9bb-f8e3-4a46-8322-c661c09975f9,amistad
7c5e9376-2cd9-4ba0-86a3-1ac573743810,2d6830b3-48b7-4951-8504-1e22e84afa76,misma_empresa
daf0dc66-0e11-47a0-a363-35d07c2d7441,850dc172-facd-4f69-be2e-803a9b3f8850,misma_empresa
b424fc25-0497-4ac1-ba1a-33597e541c8e,4ab8b987-abc2-42b9-a37d-0de8522b5658,transaccion
00e92c01-c812-446d-a7aa-380703aec337,7db153d2-4843-426c-93fd-4674edfad53e,comparte_direccion
61188f95-44e8-4789-87d8-d2adab64ddc2,fb7d8095-c6c2-4168-9525-4974647ab55f,contacto_frecuente
7a47f978-9feb-48cc-880f-4bc65d9bb301,93577691-60dd-4e63-ad90-2c989a194861,comparte_direccion
193733cf-5939-49a0-8ad7-4e53ce0d2a18,152674b3-b388-4c07-af3c-a3413549e137,contacto_frecuente
b412face-7f39-49fd-ba95-997601ac7606,123afcdf-3a33-466e-a8e5-e96369663759,amistad
32b57dda-a8b6-4360-a7aa-d72f14c5386e,02a7d062-ef1f-44e0-bf87-e99ffc7a22c5,comparte_direccion
9220e932-48bb-44dc-9cd8-b2e9e1c6b4bf,7aeb9645-cfd9-4fc2-aa75-b26a451b5e6e,contacto_frecuente
5552dafe-cab7-409c-ad18-c38682719e27,7aeb9645-cfd9-4fc2-aa75-b26a451b5e6e,contacto_frecuente
3707b589-dbeb-43de-bebf-9aff364fc284,a7a2f8dc-9e66-4935-a4c6-2ee008a1da3d,misma_empresa
0b96f009-a0d3-4bdb-8d4b-0d80d1ec08e8,82fbfd56-a6ed-4faa-a561-3c7142b30f7b,misma_empresa
8bff27e6-0738-4583-a1b8-77df6580c36b,5808b677-4bb0-41e1-979d-4d7dbaee6e15,misma_empresa
0bf2efa4-e1a0-4cf2-9a3b-db11cb9e028b,3e5a5f6c-2629-47ac-8d8c-bc785bb9a90e,amistad
a7969e78-fb33-4a91-84de-4e31d00a9c90,51db518d-e8df-4cc3-bcee-509e1f3ce620,amistad
05c602ad-a3c7-4c28-8545-f514a8e1af7c,63235ef4-df90-4f87-bb27-43b2cc4339e1,misma_empresa
a2f279f1-3899-4630-8438-15086b3b4274,02a7d062-ef1f-44e0-bf87-e99ffc7a22c5,amistad
65f0e069-f738-413f-84a3-e4992d943bc9,7a6de69b-6ae3-44f8-b3b4-a2d43be507e0,referido
82a80399-a933-4dbd-984b-5d2079d03b99,cb776d70-ed20-4ae9-90f4-f3d6f1fd4847,referido
659b98e9-f079-42de-bcd3-0dfc089b4039,cc38ba46-2b59-4399-8af7-d817b5875a4d,misma_empresa
0b17c26a-a18f-445c-8c06-8bda330a3cd3,4cafe361-175f-44a5-8afd-765208b943fb,misma_empresa
62285e62-cb15-4c11-a920-5e11eef25cd7,3bb84bfc-aa8a-4e85-90cb-39c5cbb73b97,comparte_direccion
192ad96d-f055-4849-a912-6cd88f1b421d,b3beff8f-b3d4-4c7a-9ff7-e3b32e20caf0,transaccion
b8abdc4f-84f0-44d5-82e9-380c43a9045f,b956d8e9-48eb-4630-ad14-96f1aae283bd,comparte_direccion
46651e45-7d83-4e93-9e6e-ce6f983a8c84,dcd40a1c-f423-46db-bfea-2f1cd43b2be4,comparte_direccion
271298e9-de5c-4d1d-a040-fe6803f5b89f,cd8e1bfe-397f-44ab-bfe2-d6640e6dbe98,comparte_direccion
640a8720-c80a-4def-8681-4849660dd8be,641c5362-8cd7-408b-a1b1-7e4416ece25c,transaccion
1d3683be-7485-4bb9-995a-8736c58accec,5a00ec44-a15b-4891-a5c1-ce1ab43a5cad,referido
28e176f5-d9db-4c3b-8968-460e9335b225,275e422f-fb16-4a4b-8286-3e010c60b113,amistad
1a216d41-45bf-4292-b4b5-06e424d9d400,e463b774-026e-4182-a6c4-14cdb58d663f,transaccion
daf0dc66-0e11-47a0-a363-35d07c2d7441,c5b70dde-29d0-4a3f-8565-bce1ab7f7a34,referido
f4d465f9-64af-46d1-9859-95cc7085d2d4,698227f0-ce6f-4595-a3c7-f126b07bfa18,referido
d98c5f0f-6fd5-4ab3-807f-0df80099917e,91c9c1ff-6ebc-40e6-8d91-1871194570f0,referido
4eeead7e-8041-4c36-af48-46e1f03708ff,702123ab-b820-4e1d-9f40-23b3e176cfdf,contacto_frecuente
bcf0e8bf-c003-4428-be22-c4b9cf542ecf,123afcdf-3a33-466e-a8e5-e96369663759,comparte_direccion
cef4a066-83fc-4edd-bdd0-daf4ddec7882,3e2098a4-95c4-40e8-bf02-383d8713d7d7,misma_empresa
49a1d8ca-c247-42d9-b944-9cdc595e328c,92fdd34e-89b4-42a5-b3a7-4c7667874e6c,transaccion
439bf853-2fef-460e-8625-9390eb68a7b1,045c2cc2-9311-438b-b9e3-6e98bbb68128,amistad
910c7762-e6f8-4538-b5e0-7f307133a355,6cb639a8-98e0-4515-a42d-3ca9f449357a,comparte_direccion
25bebf6e-7222-40c2-86d9-0e2f2fd45bc0,29cfb490-7ed3-47b5-9b60-2cb3112dfbf6,transaccion
659b98e9-f079-42de-bcd3-0dfc089b4039,ad760608-5334-40d1-855a-c8900b3467df,amistad
d18d1bef-1773-4f8a-9c41-c0d675d31b48,18377f54-c4a9-4abd-8b99-705636fd4bf6,comparte_direccion
71518758-5b46-4761-a93e-b83c1fb2be03,3a9ac4d6-6b04-41a6-9adf-f6f6dcefa313,transaccion
03a1a118-5931-43b3-b124-8602c5373e1e,c5b2b845-e3cc-49b1-8eb7-6e986a5cfd0f,referido
27048d1b-dafb-42fe-bffc-508792efb6af,5bcae0b9-b19d-4485-8647-a1d76f822f45,comparte_direccion
d0e93ed6-9f51-45c6-bb8c-838332a72fbb,c2f26efc-c16c-4553-8143-05030b2cf3cc,referido
b956d8e9-48eb-4630-ad14-96f1aae283bd,e1a6c038-270c-451b-a359-eb3b0374e132,amistad
615447ee-436d-49c7-b733-0a4a4008446a,52f31c60-5bdd-435b-9dc8-4bdf26ef5dcc,referido
5581cd66-e36b-4896-b846-698b5d20706e,021e4732-b710-4bed-8824-84d4679a3967,misma_empresa
f76fa74b-3096-4b23-a527-c41be56f138d,ee3fdf85-288f-40a0-8185-0979882a0e86,amistad
88988207-3464-406e-a021-159fb44f95c8,dbfd7db6-ba73-48fe-beee-464ea219e56c,misma_empresa
f8237781-fdac-4cb1-b995-085cd0a88db9,daea4c0d-39a1-45dd-b3e5-1fa3f3e8f078,comparte_direccion
06d9793e-e491-4c5d-9c15-c903704da0ab,1a216d41-45bf-4292-b4b5-06e424d9d400,transaccion
5808b677-4bb0-41e1-979d-4d7dbaee6e15,aa0e2749-6f91-4e6e-ac6c-05ede3633011,amistad
f741d709-e3b9-4bdb-9a38-7a5469c30ccf,8961e653-5e37-4c02-9232-6d4f7514b541,comparte_direccion
659b98e9-f079-42de-bcd3-0dfc089b4039,d568c99a-6e3b-4b0a-af18-aa65f9deaa9c,contacto_frecuente
31220094-d2d3-43dc-acf4-c8d2eff06645,f62fed2c-88e7-4c89-abb3-bb97fc91717d,misma_empresa
d8589696-d20d-4e2a-8e92-7bf44ed6d491,045c2cc2-9311-438b-b9e3-6e98bbb68128,transaccion
e7bf0999-764c-4685-9a1c-1cc973f76784,ef3f0ffd-f8bc-4dcc-a8a5-e62d41ec3069,referido
b95df859-1ad1-4687-8901-2fdd33eee80b,daf0dc66-0e11-47a0-a363-35d07c2d7441,amistad
fd2a05f2-a7ea-4e61-b856-baca78d523c2,820962f9-232d-4d2f-b1a0-7fcdfbcd692d,comparte_direccion
413c05b5-141a-4161-a703-6e164955fcdf,c228f2a7-e58c-45cf-8795-89effe30fbbc,contacto_frecuente
ca840181-2c1c-41a8-bba8-bb9087c5ac08,27048d1b-dafb-42fe-bffc-508792efb6af,transaccion
1bf1b98b-e944-403e-8ce0-41c2204cd754,aa38fb4a-bda0-4a22-a8f8-a57086db37ca,amistad
733c237a-9a1c-42e5-aaa1-3739c90e5ad2,b943c47b-7db8-4946-94ca-809d40b05d34,referido
949130fe-733a-4e1f-bf68-3fe5f401d15a,b125ae36-32f6-498d-844e-a1278dbab66d,misma_empresa
10c265eb-1897-442c-9e19-ed4c7861f761,82c1e958-6384-47b8-9598-e92fa0346283,amistad
c7c0f231-1cec-4808-86ae-85947ecfc844,5711eb6a-5ba2-4bdb-a346-151754d789f0,referido
7db153d2-4843-426c-93fd-4674edfad53e,c67ebe45-f641-4c6a-b6ea-9bbce5bf4d34,referido
3e5fb39c-77a6-45eb-9f53-971ff79b3364,b92b6a15-892f-420a-a224-deb97f874f52,misma_empresa
aa3740b1-6566-4000-a7ba-c465cb7906e0,9a700a4c-a581-4690-a07e-58404a809dd0,referido
0195c530-9827-4e9d-baa9-f1abdb792be9,2a9e354d-cbf6-4458-9ba5-045e492105ba,misma_empresa
601fa4eb-21c7-46fd-bcb8-ed772de91dc4,82a80399-a933-4dbd-984b-5d2079d03b99,contacto_frecuente
7b1afa89-ee3b-425f-80d8-594d5e75a388,92326549-5627-4a78-933e-8164f34207a0,comparte_direccion
b411720d-4c41-40f9-b0b0-53ad1abf6584,38cf5f97-03cc-4991-b50a-f9f2db8b7f5f,transaccion
07a110fc-6c4d-42be-b517-8fa04f23c6f7,82f780ee-f21f-472e-9eff-0470255ce6cd,contacto_frecuente
3bea23ee-2ca2-405d-a01c-259405580790,1f75a232-d60b-4801-be8c-60933508a87d,amistad
26ed4942-6432-4311-bc0c-9baca5a31a06,4aabf8be-2106-4fca-80a9-335bc61cd1bf,transaccion
03550533-2229-43ce-8a97-2767e9e572ae,0823c0d8-8635-4c40-a0dd-8124cd6e5e68,amistad
2bc6183d-ca98-4175-9c98-599bd01101d9,9b2b9e9a-6fbf-413a-9294-18f83407fd10,referido
bb306c9d-8a3e-479c-bf78-994f7a020ec7,b411720d-4c41-40f9-b0b0-53ad1abf6584,amistad
fd8cd495-2626-453c-92f9-11adecab3e7d,b194000b-af0b-41f5-97e0-3013ac8e0d9b,misma_empresa
65612049-7bf3-406f-b438-2af212e37277,c5b70dde-29d0-4a3f-8565-bce1ab7f7a34,amistad
8883ecee-ba2e-4b13-90dc-bf5a66f8b892,013f7c29-22f7-48cb-b277-07553b4810ca,transaccion
24f5509a-8f00-4389-a9bb-764334cd544b,d568c99a-6e3b-4b0a-af18-aa65f9deaa9c,transaccion
20510cc0-f0dd-47bf-8032-8e2d482a7ca7,d2038474-93e4-4752-a21a-d3f5c36c86a0,comparte_direccion
e32b2da3-ef97-4df7-b9bc-c571df36298c,aa3740b1-6566-4000-a7ba-c465cb7906e0,transaccion
f5b57355-a8f0-428c-80c7-fea664f9135e,800b6100-d080-45a3-a56a-2529a7498026,misma_empresa
1ca8a12f-1ce1-4618-9c3e-d439fe35d147,524e2c60-9c6a-4dfe-95f4-a5771318e3a3,amistad
6eb8e6c8-b850-452d-a61c-156fd027b1de,58f863f9-11e8-4a92-955f-f481591fb30b,referido
e5144bbf-ca7b-417e-bfcb-3bdc89bd1a7a,4da44b58-96af-485d-b753-53cde5c48e9f,contacto_frecuente
28e176f5-d9db-4c3b-8968-460e9335b225,c556ecaf-cf63-44dc-b184-dab0c1ef95ef,transaccion
dee3a3bf-c35c-456c-9b83-8d775b444909,74cf43b4-be9a-4607-8fbb-69525244403e,transaccion
9ab5b617-dbbd-4fd5-86d3-cb02b4c87b9f,2afbea4f-d1d5-4689-be61-ec2e1b358678,amistad
1056f62e-946e-405e-9033-57d03589cf31,38e46406-9ce1-4f82-b619-6fc813f211a0,amistad
ab15c283-3b34-45d6-b183-944cb1e31bd9,f11f9f4c-bb61-49de-bdb5-ec926c3f042b,contacto_frecuente
0b887a93-4100-46d2-85e2-24197f6bad3a,773e7b87-4797-4ee4-86fd-35aed2661a85,comparte_direccion
160c6836-84ff-4f70-b41d-8c3891230a6c,c5b09f94-abac-49e2-9627-4e7d4c60675d,comparte_direccion
19987eea-3a0a-4954-90ac-7eb2d588acc2,7bd6aa49-dc41-4a2d-adf3-0d95532ed8f1,referido
b62edd63-76ed-45bb-8acd-7c377339ff93,38e46406-9ce1-4f82-b619-6fc813f211a0,contacto_frecuente
5e34c618-4523-44b4-a235-0e81e13ee687,f0992e0d-103d-473b-9e55-28fd49245b1d,misma_empresa
1ca8a12f-1ce1-4618-9c3e-d439fe35d147,416cf26b-7eb2-4140-86d1-eb9dc4cc2947,misma_empresa
265a9bda-38da-455a-9a0f-e3201d84be2a,63b66175-4271-414a-917b-c647f0e0cb83,comparte_direccion
b000ba8d-e7b5-4a78-98eb-255c371ac015,476719c9-ff9b-4934-b625-db231230f391,misma_empresa
232a2854-7f97-4f2f-8ee9-3224a472ae87,de6037ac-f02b-44b7-90b8-cad111ea6882,comparte_direccion
b8addbe7-c97e-466e-80f5-2e5762b73567,119e2eb7-9f77-4087-bc54-3ebf36e3a0d3,comparte_direccion
30655379-4025-4647-950a-2b1e17a7b278,53535263-b8bd-4569-b0a8-f135d0d3327a,transaccion
b783252b-b5fa-433b-9f5e-534be59675a1,9adadef2-f16c-48da-af74-1d796d44332c,referido
e3b4c1b1-ac10-43c0-baff-63d46cea5a03,53ade42f-21cd-4bde-8bf7-a1d0f8c37ee9,referido
d378329b-8337-4145-9717-2e6e6b569aa7,a05a8ce1-56ce-4e52-841a-702ae6ef5a8f,transaccion
2384fe79-d536-4c78-9458-33ec929a59df,da28240a-164e-4e2f-ba1d-440b2e8af0e8,misma_empresa
165ef624-53ce-4d55-aaaf-dc9f928e9c67,98146c85-d5e8-4ef7-8da1-259302422c9f,transaccion
12c43d15-39a2-4f56-b6d6-dc2b89ebe0e8,fed3e2d4-4545-4922-918a-4dccb926783a,referido
f09c2390-5108-42fb-b5e0-aba600b3bffa,5b626305-094f-42ba-bfb9-0c4158d69f81,amistad
d8bdce16-ece2-4873-ad54-de5228e95675,1d27b61a-8109-4c17-b2b7-90c10af79316,transaccion
00e92c01-c812-446d-a7aa-380703aec337,07a110fc-6c4d-42be-b517-8fa04f23c6f7,contacto_frecuente
3cb04b81-c3b6-47e0-b0f3-4b0e8ee16c01,53ff0ff4-7141-407c-b962-a6d10545fd5f,amistad
d9c9894b-4caa-490c-8bc8-36d3bbaca5e0,75bfe467-3b16-4435-a5b2-1353d9f9b5e4,amistad
4a845e7f-62e5-436c-923d-1e497170f11c,da28240a-164e-4e2f-ba1d-440b2e8af0e8,comparte_direccion
04070e63-d543-4102-bc23-93950a7c48bf,08773578-febb-4955-93c3-e276d6c115ac,comparte_direccion
63b01a3a-a3f4-4ca7-a727-c2054b2e7f9c,8649e7dd-8d43-4432-a310-bb057f0c26f1,amistad
1c2a58ac-3da8-4561-b7ee-e7366f6421d9,17c72c13-6d06-49d4-863a-d184bfef2d18,transaccion
192ad96d-f055-4849-a912-6cd88f1b421d,76cfcf6f-f669-4a7c-b706-620d9fdcf463,transaccion
809cb42e-c1d2-4d61-8d36-5e60e3bb9695,bc0b824b-e19b-4845-8b39-8eda2c54a6a3,transaccion
0e559814-b892-4d12-aa4f-233e9be7b817,0b96f009-a0d3-4bdb-8d4b-0d80d1ec08e8,transaccion
f741d709-e3b9-4bdb-9a38-7a5469c30ccf,1f408d91-b566-4161-8954-b80a7409ada3,comparte_direccion
112ecb07-0088-4269-b171-0f412ae64525,82b80349-c3cf-4909-96f8-9eb8029634c2,contacto_frecuente
c7e96c31-b070-4fe1-9477-0b2bbca42737,6d6dea1e-e900-4139-aab6-57dd368b84a1,contacto_frecuente
1c2c3646-87e6-4675-90dd-82eb024c8dee,e8beb6e0-6898-4eb8-8c05-b18a192b0940,contacto_frecuente
56ce5fc2-d99a-42db-ac68-8636d6b94dc0,85411fd4-dbb2-4d0f-b880-9dffb372043f,amistad
e5d6e924-be98-4209-938e-3537ff21be63,348aa7a3-2cde-4d25-b045-c4e99abc084e,misma_empresa
f76fa74b-3096-4b23-a527-c41be56f138d,649f67a1-9120-4af8-8e41-c3682e8c5dc9,referido
bc9fa845-fc82-4c0b-b739-4f2dfa512dc0,163d776c-4ada-48e9-8dff-5d1f3da3ddaa,referido
c48fe713-2c2e-4e43-8704-1d9a42f4ebd5,f637d1de-3ca3-4130-84b8-0b0abf2669cc,amistad
9ae05dee-963d-4ffc-adcc-012239c42d7f,d0873b37-bcd6-468b-b9f2-d345b9988903,amistad
e4d8f20c-0f2f-4887-bfb2-e5e7a26dd2f7,dac828dc-921f-4aa4-845e-fa101a6c996d,referido
db243078-0e0d-4f66-a8e2-aa4992aac81d,ea61ee00-4a65-43df-8e77-4e8df81663b5,transaccion
616c40bd-6f8f-4b2e-bd4c-131e9c8f25d3,ee6964e9-597b-42e1-b754-1654d9a85396,referido
d0873b37-bcd6-468b-b9f2-d345b9988903,949130fe-733a-4e1f-bf68-3fe5f401d15a,referido
709ce600-7053-45dc-b802-5d4a1d1fb8f3,e32b2da3-ef97-4df7-b9bc-c571df36298c,contacto_frecuente
2e25e697-4422-47ce-8994-933634fb354d,8649e7dd-8d43-4432-a310-bb057f0c26f1,amistad
ce911d66-d12d-40ea-be28-f8b64dd75e9b,7b116c41-3547-40ea-a935-cec6488396b4,transaccion
43d0e28a-7103-4d4f-8bbb-366043310791,82f780ee-f21f-472e-9eff-0470255ce6cd,referido
6cb639a8-98e0-4515-a42d-3ca9f449357a,65612049-7bf3-406f-b438-2af212e37277,transaccion
0645c48d-58cb-4cb8-bc55-00a5c228e59c,cc38ba46-2b59-4399-8af7-d817b5875a4d,amistad
297552a9-cdfc-43e8-b0ec-ff4f422b1326,7a6de69b-6ae3-44f8-b3b4-a2d43be507e0,transaccion
df955aa5-bd53-40b9-9f68-b6390f6f21bb,34fbeb54-ca1a-4b3a-ad7c-bb1941eb8749,transaccion
e9393531-b6e7-4257-9c81-2963762db37d,2a19ef04-0905-48b7-8f62-369b11dea175,transaccion
c3e35526-e18e-446d-bd45-f61aa22390f2,7e92cf48-e9cf-4c0a-8bed-8d1663aa2fb3,misma_empresa
652d3a00-efd0-4061-9dfc-40efd30c2e0b,f36bae57-bcd5-4f58-ac1f-fc0a729e5c92,amistad
03e65d25-dbb1-4cd0-b4c4-ac38b31612b5,7a92d9bb-f8e3-4a46-8322-c661c09975f9,contacto_frecuente
6b580060-9d0e-413f-b234-e7bcf4a2f5c0,871bf040-aeb5-4884-a49d-0619aed29750,misma_empresa
e37e1692-7030-4bb9-967d-ea06074b8639,18377f54-c4a9-4abd-8b99-705636fd4bf6,misma_empresa
a4efd51f-820a-4e07-a4a0-e9bb59f83327,62285e62-cb15-4c11-a920-5e11eef25cd7,transaccion
8e4264a6-ca9d-4d43-999a-3a7b1004a2dc,ab15c283-3b34-45d6-b183-944cb1e31bd9,misma_empresa
bafd4b8d-22eb-4404-8d60-5093dc11eb1a,94087ac1-474d-49c3-97c5-3386547647dd,amistad
ab18cb75-7107-4fc4-8d69-b3db2d489b9a,cb49eaf1-58eb-4f63-8557-ca7bf7760fb9,contacto_frecuente
610f6f6e-4bb7-444c-bc21-37bcba1439d4,c572f0ca-0e2d-4815-a87d-eeaa4efa62d1,amistad
f0992e0d-103d-473b-9e55-28fd49245b1d,ff628551-60d0-427c-8553-993443632639,contacto_frecuente
45657f7e-42a7-4e2d-a405-3848e4fd087c,fd8cd495-2626-453c-92f9-11adecab3e7d,comparte_direccion
b238dd98-88c6-4479-885d-3424f92522a2,cb4228f2-4cf2-4a8d-8894-1278178a0319,amistad
84398493-2266-46d7-8361-eefe35542d64,012bbd1d-e848-46bd-b9c2-a0e8593f11b5,misma_empresa
863a182e-c7e3-440a-ab2d-cb44d62c5a62,03ba23cc-074f-4425-bbc8-acd939008ae1,transaccion
2e25e697-4422-47ce-8994-933634fb354d,25bebf6e-7222-40c2-86d9-0e2f2fd45bc0,transaccion
1c2c3646-87e6-4675-90dd-82eb024c8dee,cb776d70-ed20-4ae9-90f4-f3d6f1fd4847,comparte_direccion
63b79faa-0f61-428b-9997-6870606616db,7db153d2-4843-426c-93fd-4674edfad53e,transaccion
41e23d99-2158-4239-a3c9-f3016ba4290a,e24fd6c3-7998-4eb9-9571-8ffcc26b3027,comparte_direccion
2d5893bb-250e-4228-8ab0-1fd6ae9d310b,b8abdc4f-84f0-44d5-82e9-380c43a9045f,contacto_frecuente
cc38ba46-2b59-4399-8af7-d817b5875a4d,e406ce15-ca27-435a-a4bf-1478059758d0,contacto_frecuente
8bff27e6-0738-4583-a1b8-77df6580c36b,96ee84b3-0dbd-403a-a9e5-e2d97418d118,transaccion
a05a8ce1-56ce-4e52-841a-702ae6ef5a8f,03099c17-2fae-4f5a-8c24-6d876648f5c4,referido
e815fac2-44b7-40b8-b9cc-22963f99b05e,3ec4b0e2-d618-4554-bff8-f31a1f75a2e7,transaccion
8e6fe5bf-e73a-4ebe-af93-b3856f50e6c4,a4286b76-0d8e-4c70-a52a-a4f125d5ee96,comparte_direccion
00e92c01-c812-446d-a7aa-380703aec337,cf31450a-ef29-4f81-aee2-188e63895e7d,contacto_frecuente
3e5a5f6c-2629-47ac-8d8c-bc785bb9a90e,904a15fc-b3a5-45cc-bc12-0fc17f9db396,misma_empresa
a001c192-f409-40ac-874b-337c83020f78,058654bc-07b7-48d6-aca1-732f8d2aca74,comparte_direccion
496fa519-0919-43b7-a249-7d9683391d23,801060da-5781-4e38-8c37-ec93f097a504,contacto_frecuente
07108aca-a36b-4827-8ac9-3ec8ccd564e6,383f224f-f2fe-4084-b578-a83e43fece8f,contacto_frecuente
8f1071af-8da3-4815-8f35-82e80f5ea78f,aff3e836-7494-4337-ab69-56b0c1db9e50,referido
b848b273-ee8c-4329-806a-3e8aa153b035,275e422f-fb16-4a4b-8286-3e010c60b113,amistad
5b50a20d-e1ea-4884-b5bb-9a3c92198f58,05c45f1e-db64-4d12-8dc4-5299467dd814,transaccion
9346ba69-a72c-46a1-83e4-4cecbd85556f,9a700a4c-a581-4690-a07e-58404a809dd0,comparte_direccion
71dd12ca-baa2-4d7e-93bc-63c9bad1cab3,088a606f-ef69-4be4-a15b-85f77efd3a41,referido
e32b2da3-ef97-4df7-b9bc-c571df36298c,1df54cf5-436c-4c58-a273-c6184739f64c,contacto_frecuente
98313e47-6c8a-414d-9a78-0733de160b87,29cfb490-7ed3-47b5-9b60-2cb3112dfbf6,transaccion
1c2c3646-87e6-4675-90dd-82eb024c8dee,6fd1f463-7808-4a1e-8181-6227818aacd9,referido
22253f11-30da-4342-95a3-fa1cd5ae9a2a,f14a8ff2-3817-4526-a568-28e75864d1b8,contacto_frecuente
b000ba8d-e7b5-4a78-98eb-255c371ac015,4a395e60-0891-4592-9999-41104b51a073,misma_empresa
b13a960d-c1e8-4ec9-88ba-8f113f663717,505d4eee-612e-4b83-a225-daa0cd0f2fbd,referido
4262a2e1-bd88-4ff8-bc62-619ea9a39ef1,2bb73719-170f-49dd-a41e-12986e3b9c9a,referido
6cb639a8-98e0-4515-a42d-3ca9f449357a,3b3dffa4-f439-4038-8747-fad1d92147bd,contacto_frecuente
8bff27e6-0738-4583-a1b8-77df6580c36b,078f51be-b29f-4ff6-a836-73e2196c76b2,referido
c5b19ce2-3522-4ac2-843a-4f5a5cb83f73,e463b774-026e-4182-a6c4-14cdb58d663f,misma_empresa
70e83771-ce74-4261-8f17-0d893b2469b9,f2df86a0-9d69-451a-be57-c1385db0919d,referido
12a79437-171a-4999-b7c5-c44512acb657,bd9fd80a-1c8e-445e-8e25-0b7e0660febe,transaccion
6f693196-620f-4334-a0c3-9f2f0bbf6863,07108aca-a36b-4827-8ac9-3ec8ccd564e6,contacto_frecuente
dda2cbbb-e384-44a1-901b-d029c6f29f20,bd9fd80a-1c8e-445e-8e25-0b7e0660febe,misma_empresa
0f889f7b-1e9f-411e-a52a-a7113fbec77f,863a182e-c7e3-440a-ab2d-cb44d62c5a62,referido
691a34e0-3adb-402d-901a-16a072ed666b,b95df859-1ad1-4687-8901-2fdd33eee80b,transaccion
344b1a90-03af-4918-8bf1-7cf81a846d5a,e5bdd48d-b853-47d9-84cc-706a43cbe57a,referido
275e422f-fb16-4a4b-8286-3e010c60b113,54caedeb-5f9a-4028-9f09-9ec3ffcff14b,referido
ba86066e-09fa-45c2-9bff-f38ff74a91c8,6d2fdbbd-2c72-4f88-9e12-04ebc37dd677,transaccion
bfdaa12c-5c27-419f-a7b9-3333358f4c9a,10c265eb-1897-442c-9e19-ed4c7861f761,amistad
c7c0f231-1cec-4808-86ae-85947ecfc844,c7e0af24-4b69-4c32-add8-b01563fd4a7f,amistad
77be5f41-ee83-41b5-8f60-02bb13627dac,bfdf7197-7c3c-4c87-817d-71a92ed74922,referido
fafd61d3-8ea7-4c5f-9729-9e578323dc40,4b486e23-680e-476a-9625-9e21581793b9,contacto_frecuente
7b116c41-3547-40ea-a935-cec6488396b4,1958aa70-580b-41ef-9785-1963b5fe2abe,misma_empresa
faa5712f-fffe-4108-b4a7-adfb2e47476d,0c6f97ed-f676-49be-9691-8354af1e00b3,amistad
35ee69a7-75a0-497c-a24d-6cf4466cc5ff,77be5f41-ee83-41b5-8f60-02bb13627dac,comparte_direccion
e0f2a85a-f8c2-42c3-9b08-fd98a35ea6ba,b000ba8d-e7b5-4a78-98eb-255c371ac015,contacto_frecuente
a291a0dc-4cdd-46a1-b826-dfa5db4a31fe,fba022bb-953f-4716-a407-f8ed0033a19f,misma_empresa
03e65d25-dbb1-4cd0-b4c4-ac38b31612b5,1fb2877f-aefa-4733-a797-94079e061199,comparte_direccion
f2804b11-1e1d-4c9e-97b8-ee6b62b44187,6dd5f7b2-0c76-4acf-90ee-cedd3b774906,contacto_frecuente
02a7d062-ef1f-44e0-bf87-e99ffc7a22c5,071bc922-7abb-4e9f-8a54-b21b6aecb45c,amistad
28a8c995-a387-4165-8eb8-eccf0a16dd20,0e048687-cec9-4374-83e8-0b9c504484ce,amistad
2bb73719-170f-49dd-a41e-12986e3b9c9a,d7d9da8a-50c1-4f41-b5ff-eabb2a97e05f,contacto_frecuente
dbfd7db6-ba73-48fe-beee-464ea219e56c,3ed126c6-163a-497c-944b-20e67c13f371,contacto_frecuente
28b5fdff-1c6a-4c1f-bcb6-061a3aa73eb5,c670cc09-d27c-4e1f-a641-9f04418dfee5,comparte_direccion
714886e7-e33b-4f18-8277-038ecf401d7e,db6427d4-8f71-4548-a2ba-637f4e3d3694,contacto_frecuente
cd9875d4-394b-4003-a9f0-a3201bf3cbbc,a7b4eece-06d1-4195-a89b-c63a20dbfe07,referido
9d3a8314-9964-4267-991e-2001d283a952,822360c4-ab08-4ce4-bb83-d2fad38cc173,transaccion
160c6836-84ff-4f70-b41d-8c3891230a6c,10c265eb-1897-442c-9e19-ed4c7861f761,referido
0c6f97ed-f676-49be-9691-8354af1e00b3,77b15be6-08c7-48d4-811e-a31bdea88662,comparte_direccion
46abaec7-035c-4154-95c5-5a59ed799c94,f5b57355-a8f0-428c-80c7-fea664f9135e,misma_empresa
1364dc0c-ba3d-43a3-9a02-a458e1977e7a,da28240a-164e-4e2f-ba1d-440b2e8af0e8,transaccion
86097c10-7044-4774-baea-92e51514a416,29cfb490-7ed3-47b5-9b60-2cb3112dfbf6,referido
f62fed2c-88e7-4c89-abb3-bb97fc91717d,049b8d1c-ac01-407c-9e27-2a7d5b97eecd,contacto_frecuente
aff3e836-7494-4337-ab69-56b0c1db9e50,3b48d6d3-c822-43ad-8025-cdf930cf5179,referido
a9f1b7b7-06d6-49a5-8b0e-f4497ab7aa62,ee526c4a-567e-4e3b-a7ec-93e2351366b9,referido
19ca1b41-f6dd-40fb-8112-31f358ee5f8d,5fa87ee9-821f-4fce-98fd-8c1938124df7,contacto_frecuente
7e1ee659-be1f-4f7a-9e50-f567edc2d7af,f4d465f9-64af-46d1-9859-95cc7085d2d4,comparte_direccion
32e93bc3-2349-48f9-b5bf-e94fdb13c727,51ffbd77-f951-4d60-bf46-e08f08e8f4b1,transaccion
112ecb07-0088-4269-b171-0f412ae64525,d8bf4e13-e024-489a-ab78-803ed5ba3c38,comparte_direccion
4014f591-d697-4036-a492-76e6b461b110,0f889f7b-1e9f-411e-a52a-a7113fbec77f,transaccion
f019154b-78b3-4593-8389-628dbe437d47,6daaf891-af4f-4348-a882-c963676c72bd,referido
fccfc31d-57db-4100-804c-5cf0c0b11274,6eb8e6c8-b850-452d-a61c-156fd027b1de,comparte_direccion
71c62e9e-a9c2-4fb5-a339-53582e8b3659,9ae11d6f-1549-4090-886d-aca8e2676cdd,comparte_direccion
2e5fc44b-9bab-441b-a73a-49327115e954,24e394ce-e36b-4ba7-a008-010f55277d0b,misma_empresa
7e1ee659-be1f-4f7a-9e50-f567edc2d7af,3ed126c6-163a-497c-944b-20e67c13f371,comparte_direccion
05c45f1e-db64-4d12-8dc4-5299467dd814,37582e5d-2e8d-4fb2-a2ac-a7b2a42b4d12,referido
4da44b58-96af-485d-b753-53cde5c48e9f,3e2098a4-95c4-40e8-bf02-383d8713d7d7,amistad
e90efead-76c8-4414-a43b-6b0b10c6a3b4,e98553c3-9afe-4aab-ada5-85b49f30eaca,comparte_direccion
c9a27b8d-574c-4ad3-9923-2517b7849f0c,c2044a53-bcf5-4f48-8b27-efb24fcb4f11,misma_empresa
cf0e5901-2c6c-43fc-b2ea-a565df2765a4,0962e737-a570-4df9-ba2d-d146f37fcf45,referido
f374a33f-fa6c-415f-9dd1-8703643c2ad0,cef4a066-83fc-4edd-bdd0-daf4ddec7882,referido
431576a5-aef8-43ca-810a-6ec2cd286e79,391c05b7-c95b-4a52-826f-89b646153683,misma_empresa
8f1071af-8da3-4815-8f35-82e80f5ea78f,f8237781-fdac-4cb1-b995-085cd0a88db9,transaccion
714886e7-e33b-4f18-8277-038ecf401d7e,22253f11-30da-4342-95a3-fa1cd5ae9a2a,referido
18903d6f-c35a-44de-b85e-addce0d12974,1329f0d1-8479-4298-bb64-5ca718f8d91e,referido
765f2b3b-63d7-47d2-bc28-813df8a5f8ce,2f1c2160-d6f6-4f49-906f-8a1b6f3c6fbc,referido
2f1555ad-b804-45b8-b361-6fca21377015,b943c47b-7db8-4946-94ca-809d40b05d34,comparte_direccion
d674f1de-451a-4dd9-bd26-ba9c8863cf70,2e7ef430-5a5e-444d-85d9-157047490387,referido
a001c192-f409-40ac-874b-337c83020f78,4262a2e1-bd88-4ff8-bc62-619ea9a39ef1,contacto_frecuente
85ad8d89-fd3f-4ef3-b6c2-484196c63cf4,e30cdfcf-83d0-475e-b563-98c67efce377,transaccion
4889e883-6b41-48a2-af8e-04195cc23246,a2b33527-55d6-4c7e-8dd6-1e5582e00e96,contacto_frecuente
63b01a3a-a3f4-4ca7-a727-c2054b2e7f9c,0b17c26a-a18f-445c-8c06-8bda330a3cd3,amistad
691a34e0-3adb-402d-901a-16a072ed666b,fa7aa1cd-4718-4fd2-8de6-82ed2e3290af,comparte_direccion
3091ddc4-c879-4992-a0aa-9251571cc83e,0204e360-a5a5-4297-8c8f-06722bd413f4,referido
69b1e83a-c432-485e-8d4c-90e05eb8083b,b411720d-4c41-40f9-b0b0-53ad1abf6584,misma_empresa
b52cd94b-6d9a-4166-a2e0-0a46e4d16660,7012a826-f089-481c-b7f5-c333e816a366,misma_empresa
297552a9-cdfc-43e8-b0ec-ff4f422b1326,9845eac5-a9e7-421d-a55e-654aff9e7e3f,misma_empresa
94feb316-c300-4cdb-b0ab-6bd300747e49,7f03938a-7536-4ba1-be9d-0b35e660fba7,amistad
09dc59ef-348a-4d2d-8a15-8fe2a44c1af8,12ea1be2-f10f-434c-826b-334fa99a4b78,transaccion
4d2b2c04-fbae-4a7b-855c-613d60d27ca6,4faf3cc8-d0e6-41d2-84e5-134c62e81ef9,contacto_frecuente
1958aa70-580b-41ef-9785-1963b5fe2abe,1f408d91-b566-4161-8954-b80a7409ada3,comparte_direccion
9a700a4c-a581-4690-a07e-58404a809dd0,edcea9c3-b9db-4fd1-80c2-e6de7025150d,transaccion
fff7ab41-6932-43c3-8eef-366386fe950e,4e44d982-1376-4623-846c-7c01ee94f022,misma_empresa
ab114b43-4121-45c9-b157-beec115e3cd4,3b8bb06a-9018-4025-ae17-9d4588a5ff39,amistad
641c5362-8cd7-408b-a1b1-7e4416ece25c,ca1d4e5a-10a9-4d5c-ae15-34fe48db6d7e,misma_empresa
ec43d27c-27d6-4903-a76e-68de252e9b91,ff628551-60d0-427c-8553-993443632639,amistad
f4aa5729-4b96-4bc5-a1d0-f785bc374e8a,1af863c7-71b5-4c6f-9862-9d546019c676,contacto_frecuente
fd8cd495-2626-453c-92f9-11adecab3e7d,3b8bb06a-9018-4025-ae17-9d4588a5ff39,contacto_frecuente
855a3dc5-dc9d-4774-b2bb-31ea368ae584,bd337004-4809-4595-b138-e2a6c776d648,amistad
87d43448-1591-467e-a978-c0925caa5fbf,bfc19b95-18e3-44bf-a727-8a5e6ca4f8f3,referido
760a4406-02f9-43ad-b51a-c393125104ca,143ebda5-936a-455b-b7e2-1e2cd537d687,transaccion
165ef624-53ce-4d55-aaaf-dc9f928e9c67,1c2a58ac-3da8-4561-b7ee-e7366f6421d9,referido
519e5c44-99d5-42ae-8a12-7ae8a325c02a,7c90009b-19c9-426f-8476-6181bc47913c,referido
53ade42f-21cd-4bde-8bf7-a1d0f8c37ee9,a5d02515-acc8-473a-b472-eca4a89f60e0,misma_empresa
192ad96d-f055-4849-a912-6cd88f1b421d,82b80349-c3cf-4909-96f8-9eb8029634c2,contacto_frecuente
24edac0c-a22d-4d51-b0f2-ce0dec9752bc,20e4ccb5-8aba-455c-861c-0a231d4aded3,contacto_frecuente
0c7fcbce-593d-4982-af84-87f34af46dba,7d0cb50a-a01f-4435-9935-d7e9dfbea353,transaccion
0195c530-9827-4e9d-baa9-f1abdb792be9,53ff0ff4-7141-407c-b962-a6d10545fd5f,contacto_frecuente
37507bea-512d-4171-84df-0d6370de8e9e,157820b6-a642-479a-8cc9-355ce4f29288,comparte_direccion
7f87f3f1-1abf-44ee-94c4-eb0d13653bdf,fccfc31d-57db-4100-804c-5cf0c0b11274,transaccion
24edac0c-a22d-4d51-b0f2-ce0dec9752bc,a2f279f1-3899-4630-8438-15086b3b4274,amistad
ee526c4a-567e-4e3b-a7ec-93e2351366b9,03a1a118-5931-43b3-b124-8602c5373e1e,referido
4262a2e1-bd88-4ff8-bc62-619ea9a39ef1,3bb84bfc-aa8a-4e85-90cb-39c5cbb73b97,misma_empresa
850dc172-facd-4f69-be2e-803a9b3f8850,5a809d1e-2dae-424c-877c-6ffe8479d9ff,transaccion
6daaf891-af4f-4348-a882-c963676c72bd,4198a58e-9e6e-49ef-a79d-78f21da5d641,misma_empresa
85ad8d89-fd3f-4ef3-b6c2-484196c63cf4,1bf1b98b-e944-403e-8ce0-41c2204cd754,amistad
6a307cbd-7aad-486f-8c7a-a57570ea2d04,b0455250-4656-439f-aca2-34b622bbb824,misma_empresa
cff4aeb5-7126-402f-aaa7-53edc2efd2cb,9dea30a5-53ec-4da2-abcd-e4090c773cd5,misma_empresa
07a110fc-6c4d-42be-b517-8fa04f23c6f7,0718b6fc-1099-4725-934a-3970a519273d,transaccion
19987eea-3a0a-4954-90ac-7eb2d588acc2,1f408d91-b566-4161-8954-b80a7409ada3,referido
a84384fb-4bab-490f-b133-66c47ef8d593,dee3a3bf-c35c-456c-9b83-8d775b444909,transaccion
9a6b1437-6a0d-4b74-b408-1a8ad2ca3b09,0645c48d-58cb-4cb8-bc55-00a5c228e59c,transaccion
ab15c283-3b34-45d6-b183-944cb1e31bd9,a4938549-498d-4af5-98f4-8685f47878e9,amistad
37ab8a53-9fd4-4a2b-bc37-76a27b810f0b,dd9e9110-ef9e-4e20-9678-fb0f69d1d2c0,referido
dcd40a1c-f423-46db-bfea-2f1cd43b2be4,98ee7ad0-82c8-4da6-b58a-ac3f3a004f97,comparte_direccion
7db153d2-4843-426c-93fd-4674edfad53e,b6772d52-a461-4343-9259-ab404c67bf93,transaccion
1c2a58ac-3da8-4561-b7ee-e7366f6421d9,b7827d0c-058c-45e5-aafa-ef3df318918d,misma_empresa
2ba8f084-0f73-4018-8017-103b3dcdd80f,4eeead7e-8041-4c36-af48-46e1f03708ff,misma_empresa
afba9fb6-fc11-4811-a6b6-bc9e8637572c,476719c9-ff9b-4934-b625-db231230f391,contacto_frecuente
ca840181-2c1c-41a8-bba8-bb9087c5ac08,d3d01ad9-2647-421e-b6ac-2676ca77fb36,amistad
ee3fdf85-288f-40a0-8185-0979882a0e86,63b01a3a-a3f4-4ca7-a727-c2054b2e7f9c,comparte_direccion
5ddd0479-cd64-44ec-b67b-f76675bafb24,bea2817b-3c04-4e3d-ae83-f55219ca7e15,amistad
3c531a0a-b4bc-461f-bfe9-6531ac3c3ffd,439bf853-2fef-460e-8625-9390eb68a7b1,contacto_frecuente
b238dd98-88c6-4479-885d-3424f92522a2,52f31c60-5bdd-435b-9dc8-4bdf26ef5dcc,contacto_frecuente
cd9875d4-394b-4003-a9f0-a3201bf3cbbc,f26ff26a-cf37-4d12-933d-db1ba03ec2c5,contacto_frecuente
71518758-5b46-4761-a93e-b83c1fb2be03,92326549-5627-4a78-933e-8164f34207a0,amistad
46651e45-7d83-4e93-9e6e-ce6f983a8c84,603ef579-68c3-4674-8546-87634cdd0f18,misma_empresa
3c531a0a-b4bc-461f-bfe9-6531ac3c3ffd,34fbeb54-ca1a-4b3a-ad7c-bb1941eb8749,referido
f019154b-78b3-4593-8389-628dbe437d47,ce092563-1e16-49ce-86df-556f47f91da1,amistad
f78a1f11-1359-402f-a184-0f3f6a201644,f62fed2c-88e7-4c89-abb3-bb97fc91717d,amistad
b5dd23e5-8fce-4308-86c8-cb9958f25947,71dd12ca-baa2-4d7e-93bc-63c9bad1cab3,contacto_frecuente
19ca1b41-f6dd-40fb-8112-31f358ee5f8d,74cf43b4-be9a-4607-8fbb-69525244403e,misma_empresa
2de3ad01-d83d-485a-a574-509d57075ebd,7e1ee659-be1f-4f7a-9e50-f567edc2d7af,amistad
6cc8215d-da45-465e-b609-b68b7f149060,0c21f237-9de2-4b2f-b9da-bbdfd7fe9277,amistad
45f19d4c-7cb8-4413-9722-721b095e76d6,fd2c1c21-1293-4a48-b3c0-3f82d1c5b0c0,comparte_direccion
ad5cdfb1-17e1-4e42-84e4-95bf01c01988,f6f89bb8-9b00-4f92-a25c-58246e305f58,transaccion
871927ba-9887-4ec4-8d75-643700ac3220,4cafe361-175f-44a5-8afd-765208b943fb,referido
3cb04b81-c3b6-47e0-b0f3-4b0e8ee16c01,d3d01ad9-2647-421e-b6ac-2676ca77fb36,comparte_direccion
c3914e7d-f6db-488e-be22-8799f8b5ed54,5e34c618-4523-44b4-a235-0e81e13ee687,contacto_frecuente
65612049-7bf3-406f-b438-2af212e37277,b000ba8d-e7b5-4a78-98eb-255c371ac015,amistad
bbf98720-2681-48c7-a1c2-2a66e93d103f,045c2cc2-9311-438b-b9e3-6e98bbb68128,comparte_direccion
dfcee29a-0e6d-4f38-9f97-8bb672fc40f1,3ef06c93-f669-4a7b-b373-e7b606737c96,referido
a9f1b7b7-06d6-49a5-8b0e-f4497ab7aa62,76cfcf6f-f669-4a7c-b706-620d9fdcf463,transaccion
65f0e069-f738-413f-84a3-e4992d943bc9,1f408d91-b566-4161-8954-b80a7409ada3,amistad
8f84556e-b789-4a07-9a85-71c40ca18fb4,1958aa70-580b-41ef-9785-1963b5fe2abe,referido
1a216d41-45bf-4292-b4b5-06e424d9d400,1505a18a-f26f-4d2d-93bf-89a3daaf3b33,transaccion
d4776ed1-2cec-48e6-b499-42bd4c7ffcd3,d6225b36-cf2f-4461-8b60-22117a868d8b,misma_empresa
562fb047-489b-44fd-b5e4-e4feee6aaf8c,5b26c537-d817-43f9-a250-061798dcfdc6,amistad
102e0377-1be2-413d-b647-d42370995555,ded6f761-43e0-4b38-bf3e-a4e042b67b1f,comparte_direccion
5d887e9e-f6a9-41dc-9f43-747b93dd2458,56ce5fc2-d99a-42db-ac68-8636d6b94dc0,referido
b1772e92-f68d-497a-be83-3a9fe4477fb4,e40f951e-ace2-46d8-8d05-de683cd398a0,referido
5423c68d-096c-4082-854b-156b3e4ac6bd,40f8a80f-6ab7-40bb-a3ec-1b21772ec5e7,transaccion
18377f54-c4a9-4abd-8b99-705636fd4bf6,2576f4b8-edc3-4567-9ad3-7bc995af4fec,comparte_direccion
2bb73719-170f-49dd-a41e-12986e3b9c9a,59258863-8ae9-41bc-bef7-0c28dba254c9,referido
244f328c-b268-4985-90ce-b111e3f03b84,6eb8e6c8-b850-452d-a61c-156fd027b1de,amistad
c2f26efc-c16c-4553-8143-05030b2cf3cc,3ef06c93-f669-4a7b-b373-e7b606737c96,misma_empresa
0389a4ea-a00a-4d6c-8f58-03636bca5e81,b68f590a-6191-40c8-96f0-f0261688d54c,referido
b0455250-4656-439f-aca2-34b622bbb824,fafd61d3-8ea7-4c5f-9729-9e578323dc40,contacto_frecuente
b0038f3f-d387-41e9-bd81-7addb29a7da2,1aa199f4-7ad3-46da-a2ff-6d81c0ba472f,comparte_direccion
416cf26b-7eb2-4140-86d1-eb9dc4cc2947,b811b7ab-af5b-452c-af6b-a42ca0815a80,contacto_frecuente
9f779d85-c1e2-48c6-b85b-4c5185f7df01,702123ab-b820-4e1d-9f40-23b3e176cfdf,referido
3ec4b0e2-d618-4554-bff8-f31a1f75a2e7,1f75a232-d60b-4801-be8c-60933508a87d,contacto_frecuente
f0992e0d-103d-473b-9e55-28fd49245b1d,385528e4-aaf0-4bcf-8d98-514dd14ed73d,transaccion
35ee69a7-75a0-497c-a24d-6cf4466cc5ff,b52cd94b-6d9a-4166-a2e0-0a46e4d16660,amistad
28b36068-164e-412d-a740-fed13717be0a,45b617da-0d23-4ada-8844-033b84adc06c,referido
9220e932-48bb-44dc-9cd8-b2e9e1c6b4bf,c2f26efc-c16c-4553-8143-05030b2cf3cc,amistad
59258863-8ae9-41bc-bef7-0c28dba254c9,16c81b0f-d0b9-4946-9743-9ce660e52e13,referido
28b5fdff-1c6a-4c1f-bcb6-061a3aa73eb5,02a7d062-ef1f-44e0-bf87-e99ffc7a22c5,misma_empresa
f2804b11-1e1d-4c9e-97b8-ee6b62b44187,3e9499f9-2993-4487-93f9-b38fd18061ba,transaccion
e0cbbb63-0b17-4d9d-908b-ea258cde3eca,119e2eb7-9f77-4087-bc54-3ebf36e3a0d3,contacto_frecuente
16c81b0f-d0b9-4946-9743-9ce660e52e13,b95df859-1ad1-4687-8901-2fdd33eee80b,amistad
546ada4b-e3fe-4bd1-94af-5b0b23c5f104,9e2aa52d-792d-402e-80e1-37ea2273ece1,contacto_frecuente
2e7ef430-5a5e-444d-85d9-157047490387,ee526c4a-567e-4e3b-a7ec-93e2351366b9,referido
ca5d5276-dcb6-4cc1-a461-69cf88686689,1ce3e67a-b4ac-43c1-b97e-3921ef628e52,referido
601fa4eb-21c7-46fd-bcb8-ed772de91dc4,b16f204c-dc02-4b0b-b4bb-b9754a18e886,comparte_direccion
5cbbaa2b-a3ca-4385-9628-0a19c8c07419,f0a1044b-83fe-4dfe-a6a7-c22f90643466,transaccion
2feb00de-0656-4632-87e1-dbb06e44a96c,da4af556-bfca-49f8-b820-8c3b4e4c4e21,referido
37ab8a53-9fd4-4a2b-bc37-76a27b810f0b,55948a2d-8f7d-47f8-ac9b-763d3b810442,referido
c5b09f94-abac-49e2-9627-4e7d4c60675d,5b50a20d-e1ea-4884-b5bb-9a3c92198f58,referido
4e61e6d8-cb2b-48d4-a8a6-0513e46dca43,652d3a00-efd0-4061-9dfc-40efd30c2e0b,comparte_direccion
18377f54-c4a9-4abd-8b99-705636fd4bf6,a8aa84da-7956-4ead-ad86-d030b9fb13c1,referido
9220e932-48bb-44dc-9cd8-b2e9e1c6b4bf,24e4c83e-44b5-48b3-bca7-b1b759924162,misma_empresa
910c7762-e6f8-4538-b5e0-7f307133a355,54e17889-fd0c-4620-a2da-1df96bfcd613,contacto_frecuente
9cc95113-08b4-4755-9514-0f7aa4255fd9,bea2817b-3c04-4e3d-ae83-f55219ca7e15,contacto_frecuente
4486dd6a-5ef6-44b2-bca8-201b2a07d567,b4263f4a-46de-419d-afb3-27a684025ddd,transaccion
3341b775-6125-4cd9-91f3-20bee329434c,6e994046-7007-4968-91a0-d65543cc1154,transaccion
17d725da-211f-4fca-9066-d7ad87e195f2,4198a58e-9e6e-49ef-a79d-78f21da5d641,contacto_frecuente
258378cd-8fd7-4730-8a73-fab143a1f80e,1c5490e6-9736-44cb-bbb1-dd1a84d802c2,comparte_direccion
1cd83bde-047f-4ae4-8a25-4f43f96a1e76,bea2817b-3c04-4e3d-ae83-f55219ca7e15,amistad
30b3c9d5-9557-4044-a4cf-a7d6965666e3,b783252b-b5fa-433b-9f5e-534be59675a1,comparte_direccion
db243078-0e0d-4f66-a8e2-aa4992aac81d,69b1e83a-c432-485e-8d4c-90e05eb8083b,referido
1bda1b85-9f99-4446-ac56-db2b4c0d4c88,2d5893bb-250e-4228-8ab0-1fd6ae9d310b,contacto_frecuente
b7827d0c-058c-45e5-aafa-ef3df318918d,70ddf536-eb46-462e-b884-411d49bcba42,misma_empresa
0204e360-a5a5-4297-8c8f-06722bd413f4,20aef770-e4d1-46e7-932a-5b8a472af0ae,referido
89768359-2594-4146-aa45-fafa3144edfb,7c90009b-19c9-426f-8476-6181bc47913c,transaccion
be61371a-e46a-4813-8467-c78c099a3a86,56931ee0-b0c8-4a2f-891e-06a871947640,referido
ce092563-1e16-49ce-86df-556f47f91da1,d8ef0b7a-be21-430b-992a-cf9ed5743ed3,referido
10b9d03e-97fe-4b7b-b616-ca573341d839,275e422f-fb16-4a4b-8286-3e010c60b113,referido
e37e1692-7030-4bb9-967d-ea06074b8639,bfdf7197-7c3c-4c87-817d-71a92ed74922,misma_empresa
8aac948d-9ba5-441f-ace7-1d24c28b647e,6dd5f7b2-0c76-4acf-90ee-cedd3b774906,contacto_frecuente
27048d1b-dafb-42fe-bffc-508792efb6af,65f80dbe-d031-436a-bd33-3f0670f4676c,comparte_direccion
ded6f761-43e0-4b38-bf3e-a4e042b67b1f,0284e861-7988-46a4-966a-4c6aec699cd5,comparte_direccion
125ce11a-f271-4f3a-af0d-60dbf756553b,0f889f7b-1e9f-411e-a52a-a7113fbec77f,transaccion
5711eb6a-5ba2-4bdb-a346-151754d789f0,4704851e-2f3a-4f21-b88f-dbb07eb9ca1f,referido
a8ccf291-d94f-4738-b943-66a50d0fdac2,7fbc2391-899a-42ce-9142-37b829462cc8,transaccion
113e32e5-33dd-4de4-8816-d1dc9f2606ca,4d2b2c04-fbae-4a7b-855c-613d60d27ca6,referido
bea2817b-3c04-4e3d-ae83-f55219ca7e15,863a182e-c7e3-440a-ab2d-cb44d62c5a62,referido
1ca8a12f-1ce1-4618-9c3e-d439fe35d147,b411720d-4c41-40f9-b0b0-53ad1abf6584,misma_empresa
47edb2f3-def4-42f6-85bb-adc25deed8e9,387229aa-561f-4547-85ed-30fe3edadf28,misma_empresa
76bc4650-a237-40a8-a81b-19f227b0838d,83cb13b9-d81b-4410-a5db-8ee0b642fa1a,contacto_frecuente
0e840bfb-516f-47b4-a528-a6ee6e6dee64,abdedeb1-06f4-4f5b-b7dd-672591cb981e,transaccion
eb39ccdf-537f-45b9-b190-f8dbd30c72fc,3341b775-6125-4cd9-91f3-20bee329434c,contacto_frecuente
e98553c3-9afe-4aab-ada5-85b49f30eaca,76cfcf6f-f669-4a7c-b706-620d9fdcf463,referido
05c602ad-a3c7-4c28-8545-f514a8e1af7c,eb863ef8-421f-406e-80bb-57e8d46c2a75,contacto_frecuente
06c9ba8c-cbfd-4b5a-8051-91351aec2178,f62fed2c-88e7-4c89-abb3-bb97fc91717d,comparte_direccion
59258863-8ae9-41bc-bef7-0c28dba254c9,37d01a09-546e-4c79-99f5-013f72429c19,transaccion
2bc6183d-ca98-4175-9c98-599bd01101d9,e5d6e924-be98-4209-938e-3537ff21be63,referido
3672fd24-3e0b-4345-8bff-6067e0de2ee8,125ce11a-f271-4f3a-af0d-60dbf756553b,referido
d21d4ecc-95e0-4905-a181-f0900903ed5c,342d405b-1f8b-433d-85db-66b887502fe4,transaccion
74cf43b4-be9a-4607-8fbb-69525244403e,2bc6183d-ca98-4175-9c98-599bd01101d9,referido
1c1e7293-67e1-4805-a529-14238dc2c989,2ae7ef2c-cabc-4976-87e1-1f2e0bc2fa54,transaccion
85aaed61-7343-45ab-9059-21fdaae5f351,faa5712f-fffe-4108-b4a7-adfb2e47476d,misma_empresa
3672fd24-3e0b-4345-8bff-6067e0de2ee8,16c81b0f-d0b9-4946-9743-9ce660e52e13,misma_empresa
8961e653-5e37-4c02-9232-6d4f7514b541,34583817-a513-4359-a672-63f3f1de3475,misma_empresa
a4efd51f-820a-4e07-a4a0-e9bb59f83327,d364b2e7-ac53-4062-937a-a3a4156a5284,contacto_frecuente
7b1afa89-ee3b-425f-80d8-594d5e75a388,ab15c283-3b34-45d6-b183-944cb1e31bd9,misma_empresa
00e92c01-c812-446d-a7aa-380703aec337,0e559814-b892-4d12-aa4f-233e9be7b817,amistad
2d5893bb-250e-4228-8ab0-1fd6ae9d310b,28b36068-164e-412d-a740-fed13717be0a,transaccion
53e2a8d4-8030-45e8-879e-55bf23489100,8f4632f7-56da-40c4-8959-272ef3786a58,amistad
9ae05dee-963d-4ffc-adcc-012239c42d7f,85411fd4-dbb2-4d0f-b880-9dffb372043f,referido
d7393063-b7b9-4906-a29f-265fe1ef4e15,06d9793e-e491-4c5d-9c15-c903704da0ab,contacto_frecuente
8f84556e-b789-4a07-9a85-71c40ca18fb4,b194000b-af0b-41f5-97e0-3013ac8e0d9b,amistad
fb7d8095-c6c2-4168-9525-4974647ab55f,12a79437-171a-4999-b7c5-c44512acb657,referido
ab15c283-3b34-45d6-b183-944cb1e31bd9,9dea30a5-53ec-4da2-abcd-e4090c773cd5,misma_empresa
89188dd5-1de2-4399-a39b-01b33e19122b,43d2a245-e8a8-4eec-9349-78071985e419,referido
13fd968f-af04-42ce-9ec0-bd292ea3ed2b,9adadef2-f16c-48da-af74-1d796d44332c,misma_empresa
7012a826-f089-481c-b7f5-c333e816a366,c3914e7d-f6db-488e-be22-8799f8b5ed54,comparte_direccion
157820b6-a642-479a-8cc9-355ce4f29288,9dea30a5-53ec-4da2-abcd-e4090c773cd5,transaccion
7f408f8c-f1b0-4a76-94c5-b40127a93f3d,071bc922-7abb-4e9f-8a54-b21b6aecb45c,referido
f4ad231a-8e20-4278-8797-4d9fbeb9fd0d,95e6b445-62e2-496a-b928-6f232eb917d8,comparte_direccion
87558b4a-c4f2-4165-9cfa-73fdf45fe1d8,cf8e22bd-90ba-40dd-bc96-781efd460d6e,comparte_direccion
cd9875d4-394b-4003-a9f0-a3201bf3cbbc,325a9d8d-cc0d-4b22-949d-be37ecee0e1c,comparte_direccion
6e9ae962-4085-4119-ac3a-f7cc41ab6cfb,3df4fe2d-a784-4b7e-9e8a-ab637c52c30e,amistad
22b56252-89ce-435a-86f0-c00aafa1130a,6faf74fa-1f5b-4873-ae82-df38fa793026,misma_empresa
7db153d2-4843-426c-93fd-4674edfad53e,b238dd98-88c6-4479-885d-3424f92522a2,contacto_frecuente
f8237781-fdac-4cb1-b995-085cd0a88db9,cb49eaf1-58eb-4f63-8557-ca7bf7760fb9,comparte_direccion
088a606f-ef69-4be4-a15b-85f77efd3a41,31220094-d2d3-43dc-acf4-c8d2eff06645,misma_empresa
b54c30c3-7405-4127-b7f4-307282756545,2de3ad01-d83d-485a-a574-509d57075ebd,transaccion
f14a8ff2-3817-4526-a568-28e75864d1b8,b811b7ab-af5b-452c-af6b-a42ca0815a80,transaccion
2d6830b3-48b7-4951-8504-1e22e84afa76,2fc565fb-f448-4b94-8a52-7492abe701f6,transaccion
4843be8b-2758-42c8-a35a-e41ca1e5b030,231d969b-85f7-4ca0-bd1f-80e76d3fefb7,transaccion
2e7ef430-5a5e-444d-85d9-157047490387,7e1ee659-be1f-4f7a-9e50-f567edc2d7af,transaccion
fba022bb-953f-4716-a407-f8ed0033a19f,d5defbc7-908e-41b2-bb49-341be428125d,amistad
4014f591-d697-4036-a492-76e6b461b110,92097aae-f8be-4cd9-a590-ee0b50718927,comparte_direccion
abdedeb1-06f4-4f5b-b7dd-672591cb981e,76bc4650-a237-40a8-a81b-19f227b0838d,amistad
393069d6-4123-400b-b864-ff1273f3ffbe,10c265eb-1897-442c-9e19-ed4c7861f761,misma_empresa
dfa8b8cc-f736-43e4-80af-4f7bdfd59f18,cf8e22bd-90ba-40dd-bc96-781efd460d6e,misma_empresa
7a92d9bb-f8e3-4a46-8322-c661c09975f9,b0455250-4656-439f-aca2-34b622bbb824,transaccion
709243e3-a26e-4bcd-a46f-94f4a4e965a2,14b0068b-cf5f-41c0-9afc-0662c757010f,contacto_frecuente
0284e861-7988-46a4-966a-4c6aec699cd5,e5bdd48d-b853-47d9-84cc-706a43cbe57a,referido
2a9e354d-cbf6-4458-9ba5-045e492105ba,9a6b1437-6a0d-4b74-b408-1a8ad2ca3b09,amistad
fed3e2d4-4545-4922-918a-4dccb926783a,244f328c-b268-4985-90ce-b111e3f03b84,misma_empresa
5e591d6a-98b1-41d2-9909-471c04cf1235,3e9499f9-2993-4487-93f9-b38fd18061ba,amistad
74cf43b4-be9a-4607-8fbb-69525244403e,85411fd4-dbb2-4d0f-b880-9dffb372043f,contacto_frecuente
37507bea-512d-4171-84df-0d6370de8e9e,b0038f3f-d387-41e9-bd81-7addb29a7da2,comparte_direccion
37507bea-512d-4171-84df-0d6370de8e9e,55948a2d-8f7d-47f8-ac9b-763d3b810442,amistad
524e2c60-9c6a-4dfe-95f4-a5771318e3a3,3b48d6d3-c822-43ad-8025-cdf930cf5179,comparte_direccion
8883ecee-ba2e-4b13-90dc-bf5a66f8b892,741ead04-5ca8-4bc6-a785-23bddc40619e,transaccion
76cfcf6f-f669-4a7c-b706-620d9fdcf463,532bcdd8-b91e-4fca-9b6c-a085215bf3b9,amistad
105b050f-7247-4376-956e-63fb606bf239,bdcfc2d3-5157-4d4b-b0af-7cc425fd8e72,misma_empresa
7e90002f-fca3-4cc5-95a7-2eabf7f251eb,81ac2b86-5921-4d72-be7e-77ed66c6ac7f,amistad
7a47f978-9feb-48cc-880f-4bc65d9bb301,69424c13-47e8-4aac-b7ae-a81fb973dd57,referido
5711eb6a-5ba2-4bdb-a346-151754d789f0,4eca914b-1e46-48d9-b687-c2878dde022b,referido
d0e93ed6-9f51-45c6-bb8c-838332a72fbb,7f87f3f1-1abf-44ee-94c4-eb0d13653bdf,referido
eaa8faea-738b-4b88-9fb6-b9a29a50fc88,9c094078-3e30-45ae-a8b0-09684532d278,comparte_direccion
26933967-516d-4853-b015-22a4770606b3,71518758-5b46-4761-a93e-b83c1fb2be03,misma_empresa
ab114b43-4121-45c9-b157-beec115e3cd4,f0992e0d-103d-473b-9e55-28fd49245b1d,contacto_frecuente
1ca8a12f-1ce1-4618-9c3e-d439fe35d147,532bcdd8-b91e-4fca-9b6c-a085215bf3b9,referido
9aa50e3b-1dcb-4464-9f61-8b6d003a2386,f49e2c1b-7616-471e-a275-46d9d619132f,contacto_frecuente
119e2eb7-9f77-4087-bc54-3ebf36e3a0d3,d568c99a-6e3b-4b0a-af18-aa65f9deaa9c,comparte_direccion
54e651ba-2d33-4af2-9513-9b57311ca934,92097aae-f8be-4cd9-a590-ee0b50718927,referido
54a21c26-c2d7-421c-b302-717449e134b3,e9fd93a1-670b-4731-ae11-8288d7dea21e,contacto_frecuente
53ff0ff4-7141-407c-b962-a6d10545fd5f,ebcd11cd-8f59-4f7c-9c5a-d8b3099eee04,referido
393069d6-4123-400b-b864-ff1273f3ffbe,ad5cdfb1-17e1-4e42-84e4-95bf01c01988,misma_empresa
d8bdce16-ece2-4873-ad54-de5228e95675,31220094-d2d3-43dc-acf4-c8d2eff06645,contacto_frecuente
6f693196-620f-4334-a0c3-9f2f0bbf6863,3ef06c93-f669-4a7b-b373-e7b606737c96,referido
0e840bfb-516f-47b4-a528-a6ee6e6dee64,871bf040-aeb5-4884-a49d-0619aed29750,misma_empresa
e3b4c1b1-ac10-43c0-baff-63d46cea5a03,b811b7ab-af5b-452c-af6b-a42ca0815a80,transaccion
d8bf4e13-e024-489a-ab78-803ed5ba3c38,5cbbaa2b-a3ca-4385-9628-0a19c8c07419,contacto_frecuente
22b56252-89ce-435a-86f0-c00aafa1130a,7bd04b12-64c7-45e7-8a01-504e6e82dc52,misma_empresa
5cdc53a9-cc18-465c-aaf1-f7156838a0b1,275e422f-fb16-4a4b-8286-3e010c60b113,transaccion
25c35e64-68dc-4c5a-b311-27c84851610e,48e08623-ed55-4dc3-a910-03586b0c52fb,misma_empresa
ab82b02e-17ec-4492-94d0-0d737d394956,d8bdce16-ece2-4873-ad54-de5228e95675,misma_empresa
dd1eaa4b-e617-4bce-8b3b-a2a3e7ab629e,c140f450-a62c-45e0-aea0-37b4214a83d2,comparte_direccion
41249598-696e-4416-92fc-0df47be0c3b4,37ab8a53-9fd4-4a2b-bc37-76a27b810f0b,contacto_frecuente
a4286b76-0d8e-4c70-a52a-a4f125d5ee96,4014f591-d697-4036-a492-76e6b461b110,amistad
f6a4eab5-693e-46a1-9f44-97cd6ab853fe,5711eb6a-5ba2-4bdb-a346-151754d789f0,referido
41e23d99-2158-4239-a3c9-f3016ba4290a,e1b4b750-1c9d-4312-a99a-a26284ee7399,misma_empresa
22253f11-30da-4342-95a3-fa1cd5ae9a2a,25bebf6e-7222-40c2-86d9-0e2f2fd45bc0,contacto_frecuente
b13a960d-c1e8-4ec9-88ba-8f113f663717,c0dd5e67-6e16-449e-b3e7-474e0e3d13cc,misma_empresa
9e2aa52d-792d-402e-80e1-37ea2273ece1,f78a1f11-1359-402f-a184-0f3f6a201644,contacto_frecuente
e7ff10b0-3d0d-4fe1-b50c-89caf5dc6111,92097aae-f8be-4cd9-a590-ee0b50718927,referido
058654bc-07b7-48d6-aca1-732f8d2aca74,f4d465f9-64af-46d1-9859-95cc7085d2d4,referido
165ef624-53ce-4d55-aaaf-dc9f928e9c67,b622c915-77e7-4526-85bc-57df82a9a2a9,misma_empresa
b125ae36-32f6-498d-844e-a1278dbab66d,e9393531-b6e7-4257-9c81-2963762db37d,comparte_direccion
430a8713-a6a9-42f9-af0e-b23cc7832538,505d4eee-612e-4b83-a225-daa0cd0f2fbd,misma_empresa
ea31508d-e6a9-4019-bc96-a5f53b3a3dc7,b811b7ab-af5b-452c-af6b-a42ca0815a80,misma_empresa
e7bf0999-764c-4685-9a1c-1cc973f76784,6d2fdbbd-2c72-4f88-9e12-04ebc37dd677,comparte_direccion
94feb316-c300-4cdb-b0ab-6bd300747e49,9ae05dee-963d-4ffc-adcc-012239c42d7f,referido
73d1736f-1cd9-4f66-9771-32bceb576f48,1cd83bde-047f-4ae4-8a25-4f43f96a1e76,transaccion
e5bdd48d-b853-47d9-84cc-706a43cbe57a,c0dd5e67-6e16-449e-b3e7-474e0e3d13cc,misma_empresa
82c1e958-6384-47b8-9598-e92fa0346283,0b9e7de7-6d16-42c9-9a42-86a05fc1d81f,contacto_frecuente
34f74617-6b2f-4103-a7c2-1cf92b221cc5,b000ba8d-e7b5-4a78-98eb-255c371ac015,misma_empresa
8961e653-5e37-4c02-9232-6d4f7514b541,8649e7dd-8d43-4432-a310-bb057f0c26f1,transaccion
f4ad231a-8e20-4278-8797-4d9fbeb9fd0d,b57c8365-c116-4214-8331-134d260c9c28,contacto_frecuente
8aac948d-9ba5-441f-ace7-1d24c28b647e,2bfb9c0c-611c-4360-81fc-0f0c7de42f43,referido
75bfe467-3b16-4435-a5b2-1353d9f9b5e4,f78a1f11-1359-402f-a184-0f3f6a201644,comparte_direccion
3672fd24-3e0b-4345-8bff-6067e0de2ee8,0e840bfb-516f-47b4-a528-a6ee6e6dee64,contacto_frecuente
106f5155-168f-40ef-9c85-069e06eb24e4,61188f95-44e8-4789-87d8-d2adab64ddc2,amistad
b238dd98-88c6-4479-885d-3424f92522a2,d7393063-b7b9-4906-a29f-265fe1ef4e15,transaccion
d9c9894b-4caa-490c-8bc8-36d3bbaca5e0,071bc922-7abb-4e9f-8a54-b21b6aecb45c,referido
3fba1d7a-b0a3-4c81-955e-5cdd66f01dd1,1178f79a-d7dc-4eb7-95bc-c0b9eee4ea19,transaccion
a291a0dc-4cdd-46a1-b826-dfa5db4a31fe,f76fa74b-3096-4b23-a527-c41be56f138d,transaccion
e5d6e924-be98-4209-938e-3537ff21be63,a703af62-e8f4-4b37-b0d4-4bd29bddb39f,amistad
a291a0dc-4cdd-46a1-b826-dfa5db4a31fe,b0038f3f-d387-41e9-bd81-7addb29a7da2,transaccion
7e90002f-fca3-4cc5-95a7-2eabf7f251eb,f0a1044b-83fe-4dfe-a6a7-c22f90643466,comparte_direccion
3df4fe2d-a784-4b7e-9e8a-ab637c52c30e,a703af62-e8f4-4b37-b0d4-4bd29bddb39f,contacto_frecuente
b1772e92-f68d-497a-be83-3a9fe4477fb4,a49e4be0-56c9-46c4-8899-15457b46a8e0,transaccion
92fdec8d-3a43-4599-9b73-ac4cdc4745e6,2bfb9c0c-611c-4360-81fc-0f0c7de42f43,comparte_direccion
7d35b025-a613-4c0b-a28e-6d5c1481f694,6faf74fa-1f5b-4873-ae82-df38fa793026,contacto_frecuente
7f87f3f1-1abf-44ee-94c4-eb0d13653bdf,7d35b025-a613-4c0b-a28e-6d5c1481f694,misma_empresa
e8beb6e0-6898-4eb8-8c05-b18a192b0940,b58446d5-4ca6-4bc7-b5db-60c9dd4d6579,referido
3c531a0a-b4bc-461f-bfe9-6531ac3c3ffd,b956d8e9-48eb-4630-ad14-96f1aae283bd,contacto_frecuente
c2044a53-bcf5-4f48-8b27-efb24fcb4f11,5ee06658-ba0a-427f-861a-6b50ff69fa2a,referido
e4d8f20c-0f2f-4887-bfb2-e5e7a26dd2f7,348aa7a3-2cde-4d25-b045-c4e99abc084e,transaccion
33be4505-2135-48e1-a010-d5d0efa0777e,fc5785b5-2ee9-4e5a-8ee6-c6c04e0af3f7,amistad
37582e5d-2e8d-4fb2-a2ac-a7b2a42b4d12,ad5cdfb1-17e1-4e42-84e4-95bf01c01988,referido
b412face-7f39-49fd-ba95-997601ac7606,b8abdc4f-84f0-44d5-82e9-380c43a9045f,comparte_direccion
77be5f41-ee83-41b5-8f60-02bb13627dac,d8bf4e13-e024-489a-ab78-803ed5ba3c38,contacto_frecuente
43d2a245-e8a8-4eec-9349-78071985e419,5fa87ee9-821f-4fce-98fd-8c1938124df7,contacto_frecuente
ee6964e9-597b-42e1-b754-1654d9a85396,a8ccf291-d94f-4738-b943-66a50d0fdac2,referido
2fc565fb-f448-4b94-8a52-7492abe701f6,4198a58e-9e6e-49ef-a79d-78f21da5d641,transaccion
760a4406-02f9-43ad-b51a-c393125104ca,eaa8faea-738b-4b88-9fb6-b9a29a50fc88,transaccion
310e6eda-7fb5-4583-af41-e405d43b45b7,37582e5d-2e8d-4fb2-a2ac-a7b2a42b4d12,misma_empresa
5a809d1e-2dae-424c-877c-6ffe8479d9ff,d735e706-8995-4ed0-a4aa-0149d2148710,misma_empresa
f11f9f4c-bb61-49de-bdb5-ec926c3f042b,a87ab01b-a5a1-4a5a-a67f-5c92e5b24926,comparte_direccion
e40f951e-ace2-46d8-8d05-de683cd398a0,944c1a0e-4ea8-4255-9dd8-f32bbcf3e16a,referido
7e9a71fe-53a7-486d-a80e-27c56b305c37,3707b589-dbeb-43de-bebf-9aff364fc284,contacto_frecuente
cf31450a-ef29-4f81-aee2-188e63895e7d,2bb73719-170f-49dd-a41e-12986e3b9c9a,amistad
652d3a00-efd0-4061-9dfc-40efd30c2e0b,f1c22941-3821-4190-bf69-b4185060254c,contacto_frecuente
4a542bc0-9f4d-42e3-81f8-3845f0fa2a92,34f74617-6b2f-4103-a7c2-1cf92b221cc5,transaccion
ec6883a8-2553-448f-b13f-3679bed6dfd8,2f1c2160-d6f6-4f49-906f-8a1b6f3c6fbc,amistad
cb776d70-ed20-4ae9-90f4-f3d6f1fd4847,3d25576b-d67c-40b6-9b5d-3b3d2f0ccc1d,comparte_direccion
92fdec8d-3a43-4599-9b73-ac4cdc4745e6,63235ef4-df90-4f87-bb27-43b2cc4339e1,misma_empresa
da4af556-bfca-49f8-b820-8c3b4e4c4e21,6f96cb0f-98fe-4155-b80d-1cb95dec1eef,amistad
e815fac2-44b7-40b8-b9cc-22963f99b05e,45f19d4c-7cb8-4413-9722-721b095e76d6,transaccion
698227f0-ce6f-4595-a3c7-f126b07bfa18,6c7b93db-fd90-419b-8ffa-99d57b07594f,amistad
b92b6a15-892f-420a-a224-deb97f874f52,185f5995-33e7-499a-b8a8-f246ddc3a34c,misma_empresa
b811b7ab-af5b-452c-af6b-a42ca0815a80,8516ec31-9809-41d2-b8bc-c358146a9c93,transaccion
dece9a97-8f76-4358-b7c9-5889a2d9c41e,58e3d3d8-1d28-456d-91a8-880db1db02b2,amistad
649f67a1-9120-4af8-8e41-c3682e8c5dc9,8883ecee-ba2e-4b13-90dc-bf5a66f8b892,referido
809cb42e-c1d2-4d61-8d36-5e60e3bb9695,760a4406-02f9-43ad-b51a-c393125104ca,amistad
163d776c-4ada-48e9-8dff-5d1f3da3ddaa,3b8bb06a-9018-4025-ae17-9d4588a5ff39,referido
e2fd0bb9-e63e-45b2-822d-5c61d141a2ba,90218919-bc6f-4696-99cd-f24771270d75,misma_empresa
b2287d6c-055a-4cb7-b9eb-16a24e572ba3,8dd0b782-eb10-4845-b063-7d1d42dace0a,transaccion
32e93bc3-2349-48f9-b5bf-e94fdb13c727,dee3a3bf-c35c-456c-9b83-8d775b444909,amistad
9c2424be-65b8-4019-8027-85fc3048e060,01ff4206-9bc0-4691-913d-6f0fada3d037,misma_empresa
733c237a-9a1c-42e5-aaa1-3739c90e5ad2,8a71f7d6-51ef-4122-a4bd-a406f1c76704,amistad
8f4632f7-56da-40c4-8959-272ef3786a58,576ab723-ff09-426a-ac01-5f3121f5b01b,amistad
950413aa-7f2e-4977-86f8-531651356e1b,00e92c01-c812-446d-a7aa-380703aec337,contacto_frecuente
f7df2221-3130-4a51-8be3-f00e16245571,d4ec4d2a-7def-4902-9994-67955c16950d,transaccion
659b98e9-f079-42de-bcd3-0dfc089b4039,709243e3-a26e-4bcd-a46f-94f4a4e965a2,referido
94087ac1-474d-49c3-97c5-3386547647dd,f637d1de-3ca3-4130-84b8-0b0abf2669cc,comparte_direccion
d7393063-b7b9-4906-a29f-265fe1ef4e15,16835996-59f9-44fe-b708-52ad5ceaff0d,transaccion
98ee7ad0-82c8-4da6-b58a-ac3f3a004f97,ff637bdf-bae7-4104-b717-a8b894211b81,transaccion
16835996-59f9-44fe-b708-52ad5ceaff0d,ca840181-2c1c-41a8-bba8-bb9087c5ac08,transaccion
7db153d2-4843-426c-93fd-4674edfad53e,ddc25524-6ef6-4a69-bd00-dd6ac33bfd83,transaccion
385528e4-aaf0-4bcf-8d98-514dd14ed73d,c7c0f231-1cec-4808-86ae-85947ecfc844,contacto_frecuente
3ec4b0e2-d618-4554-bff8-f31a1f75a2e7,35ee69a7-75a0-497c-a24d-6cf4466cc5ff,referido
4b417620-cd6d-4da9-b5d7-9c60143c9aa6,26ed4942-6432-4311-bc0c-9baca5a31a06,comparte_direccion
0cb7ba22-0850-4daf-8e4b-21288d28baea,1ca8a12f-1ce1-4618-9c3e-d439fe35d147,referido
3df4fe2d-a784-4b7e-9e8a-ab637c52c30e,1505a18a-f26f-4d2d-93bf-89a3daaf3b33,amistad
3a9ac4d6-6b04-41a6-9adf-f6f6dcefa313,bafd4b8d-22eb-4404-8d60-5093dc11eb1a,amistad
7e92cf48-e9cf-4c0a-8bed-8d1663aa2fb3,2fc565fb-f448-4b94-8a52-7492abe701f6,transaccion
30b3c9d5-9557-4044-a4cf-a7d6965666e3,60991e8b-d285-45e1-acab-68df792b1346,referido
041754ff-af57-41e6-97a3-019a0e7b62b5,7db153d2-4843-426c-93fd-4674edfad53e,transaccion
23a5af36-d1cf-4cee-94b1-6238d722ff25,32e93bc3-2349-48f9-b5bf-e94fdb13c727,amistad
95e6b445-62e2-496a-b928-6f232eb917d8,daf0dc66-0e11-47a0-a363-35d07c2d7441,transaccion
949130fe-733a-4e1f-bf68-3fe5f401d15a,0c701e7a-4998-4db9-a55b-701589340361,misma_empresa
03550533-2229-43ce-8a97-2767e9e572ae,09dc59ef-348a-4d2d-8a15-8fe2a44c1af8,comparte_direccion
1ca8c4c5-8779-4707-9443-8492a20710d4,6daaf891-af4f-4348-a882-c963676c72bd,comparte_direccion
81e0634f-c5ef-4bd4-afe8-efc0297ea950,ff628551-60d0-427c-8553-993443632639,amistad
c5b2b845-e3cc-49b1-8eb7-6e986a5cfd0f,f532ef03-7895-4d46-8876-197af2810e71,comparte_direccion
76ee0c42-8e41-485f-b16e-c479cc35a28e,eaa8faea-738b-4b88-9fb6-b9a29a50fc88,amistad
d0e93ed6-9f51-45c6-bb8c-838332a72fbb,0718b6fc-1099-4725-934a-3970a519273d,amistad
c5b2b845-e3cc-49b1-8eb7-6e986a5cfd0f,8e6fe5bf-e73a-4ebe-af93-b3856f50e6c4,misma_empresa
0195c530-9827-4e9d-baa9-f1abdb792be9,7e1ee659-be1f-4f7a-9e50-f567edc2d7af,referido
69b1e83a-c432-485e-8d4c-90e05eb8083b,7bd04b12-64c7-45e7-8a01-504e6e82dc52,misma_empresa
56d3250b-e5bd-4ffb-a138-a2edc276d5d6,f14a8ff2-3817-4526-a568-28e75864d1b8,referido
505d4eee-612e-4b83-a225-daa0cd0f2fbd,610f6f6e-4bb7-444c-bc21-37bcba1439d4,misma_empresa
f49e2c1b-7616-471e-a275-46d9d619132f,d6225b36-cf2f-4461-8b60-22117a868d8b,transaccion
b0455250-4656-439f-aca2-34b622bbb824,6faf74fa-1f5b-4873-ae82-df38fa793026,transaccion
7e92cf48-e9cf-4c0a-8bed-8d1663aa2fb3,0962e737-a570-4df9-ba2d-d146f37fcf45,comparte_direccion
6befaa47-3619-4112-b7f7-790ec824cc96,df955aa5-bd53-40b9-9f68-b6390f6f21bb,misma_empresa
8a8a1720-6c5f-48c9-b649-f5244b7115ea,51db518d-e8df-4cc3-bcee-509e1f3ce620,amistad
51ffbd77-f951-4d60-bf46-e08f08e8f4b1,f2edd005-db14-4f41-bb5b-e4a3ce481fd5,misma_empresa
0693133c-39c8-4c07-8751-acd2a2bf1da1,d6225b36-cf2f-4461-8b60-22117a868d8b,contacto_frecuente
29cfb490-7ed3-47b5-9b60-2cb3112dfbf6,871927ba-9887-4ec4-8d75-643700ac3220,comparte_direccion
5831cc32-a29e-49db-ac2c-fff07ab54641,03ba23cc-074f-4425-bbc8-acd939008ae1,referido
5831cc32-a29e-49db-ac2c-fff07ab54641,eb29657d-495b-413b-97b2-11d1d3c12265,transaccion
16c81b0f-d0b9-4946-9743-9ce660e52e13,83cb13b9-d81b-4410-a5db-8ee0b642fa1a,comparte_direccion
eb863ef8-421f-406e-80bb-57e8d46c2a75,5552dafe-cab7-409c-ad18-c38682719e27,comparte_direccion
63ccbaf7-8766-41f6-80e3-c8b638cebac0,532bcdd8-b91e-4fca-9b6c-a085215bf3b9,misma_empresa
610f6f6e-4bb7-444c-bc21-37bcba1439d4,8961e653-5e37-4c02-9232-6d4f7514b541,contacto_frecuente
61188f95-44e8-4789-87d8-d2adab64ddc2,a703af62-e8f4-4b37-b0d4-4bd29bddb39f,contacto_frecuente
3c531a0a-b4bc-461f-bfe9-6531ac3c3ffd,99620068-99d7-4351-9b01-2b4c0af9299a,amistad
698227f0-ce6f-4595-a3c7-f126b07bfa18,02a7d062-ef1f-44e0-bf87-e99ffc7a22c5,comparte_direccion
f7df2221-3130-4a51-8be3-f00e16245571,0962e737-a570-4df9-ba2d-d146f37fcf45,comparte_direccion
640bd510-df72-48b1-9945-d68299fee299,143ebda5-936a-455b-b7e2-1e2cd537d687,misma_empresa
e6512fa9-d432-4138-ba9a-a68fd1927071,59258863-8ae9-41bc-bef7-0c28dba254c9,comparte_direccion
3bb9c377-89c7-4cc9-89d0-f456985f81dd,e406ce15-ca27-435a-a4bf-1478059758d0,misma_empresa
8f1071af-8da3-4815-8f35-82e80f5ea78f,ab114b43-4121-45c9-b157-beec115e3cd4,misma_empresa
238922fe-1536-4802-b832-5b2af1a99529,0823c0d8-8635-4c40-a0dd-8124cd6e5e68,transaccion
2383d08c-6bc5-4248-9416-ef39fb14b256,daea4c0d-39a1-45dd-b3e5-1fa3f3e8f078,amistad
105b050f-7247-4376-956e-63fb606bf239,c3e35526-e18e-446d-bd45-f61aa22390f2,contacto_frecuente
dca0afb2-3d7c-4d00-9aef-aa60bbb45820,da28240a-164e-4e2f-ba1d-440b2e8af0e8,comparte_direccion
1505a18a-f26f-4d2d-93bf-89a3daaf3b33,09dc59ef-348a-4d2d-8a15-8fe2a44c1af8,misma_empresa
e0cbbb63-0b17-4d9d-908b-ea258cde3eca,65f0e069-f738-413f-84a3-e4992d943bc9,comparte_direccion
f3348b30-1af0-4bca-8428-86825e236af1,640a8720-c80a-4def-8681-4849660dd8be,comparte_direccion
556b9e70-731f-43fe-8918-500d396e8b1f,63b66175-4271-414a-917b-c647f0e0cb83,transaccion
d98c5f0f-6fd5-4ab3-807f-0df80099917e,098a8f13-fbf5-4926-9ea1-2cbe72f8045b,misma_empresa
d568c99a-6e3b-4b0a-af18-aa65f9deaa9c,fd2a05f2-a7ea-4e61-b856-baca78d523c2,comparte_direccion
1056f62e-946e-405e-9033-57d03589cf31,34583817-a513-4359-a672-63f3f1de3475,transaccion
e4d8f20c-0f2f-4887-bfb2-e5e7a26dd2f7,0fa7d8c6-299a-4036-b550-f57a86fd6d68,referido
14b0068b-cf5f-41c0-9afc-0662c757010f,6befaa47-3619-4112-b7f7-790ec824cc96,misma_empresa
5e96c8a9-fead-4241-a752-1f172501ec8e,ff7b9d0b-7cba-4e52-a244-b15e0dccf36e,comparte_direccion
aff3e836-7494-4337-ab69-56b0c1db9e50,ca7c6303-c94b-4cdd-9472-0b4946252c7f,amistad
aa3740b1-6566-4000-a7ba-c465cb7906e0,b8abdc4f-84f0-44d5-82e9-380c43a9045f,amistad
28b5fdff-1c6a-4c1f-bcb6-061a3aa73eb5,5cdc53a9-cc18-465c-aaf1-f7156838a0b1,transaccion
0eb42f5f-2055-4b7a-8e3e-fe76a2cbca17,f6188a41-97a1-4f8e-994e-c0e3dc6a7d36,misma_empresa
f6355e61-ad36-4780-b0b5-a5b39a52f70b,53ade42f-21cd-4bde-8bf7-a1d0f8c37ee9,referido
6befaa47-3619-4112-b7f7-790ec824cc96,24e394ce-e36b-4ba7-a008-010f55277d0b,referido
cb49eaf1-58eb-4f63-8557-ca7bf7760fb9,0b96f009-a0d3-4bdb-8d4b-0d80d1ec08e8,referido
350d01e3-159c-46c9-af01-98a67b113654,c52a3bab-6a92-4ad6-8831-07ad9a6acb0d,referido
07c2ece3-e943-47a3-8883-023cb8f539c9,3ec4b0e2-d618-4554-bff8-f31a1f75a2e7,misma_empresa
8883ecee-ba2e-4b13-90dc-bf5a66f8b892,9f779d85-c1e2-48c6-b85b-4c5185f7df01,comparte_direccion
ff7b9d0b-7cba-4e52-a244-b15e0dccf36e,d2b1ffdf-19f4-457b-866e-2d0250ee7b36,comparte_direccion
cc3952c9-3928-42dd-9018-b55acd6716a1,ff7b9d0b-7cba-4e52-a244-b15e0dccf36e,misma_empresa
c4e4c61a-ed9f-4e33-bd2c-87cacdd75491,12c43d15-39a2-4f56-b6d6-dc2b89ebe0e8,comparte_direccion
185f5995-33e7-499a-b8a8-f246ddc3a34c,714886e7-e33b-4f18-8277-038ecf401d7e,transaccion
fbed0ad9-d785-4fb9-80bc-3d3b9f790e73,1c5490e6-9736-44cb-bbb1-dd1a84d802c2,transaccion
e51b3123-7850-4d39-9a88-ab27f635e20e,078f51be-b29f-4ff6-a836-73e2196c76b2,misma_empresa
265a9bda-38da-455a-9a0f-e3201d84be2a,7db153d2-4843-426c-93fd-4674edfad53e,transaccion
641c5362-8cd7-408b-a1b1-7e4416ece25c,d7d9da8a-50c1-4f41-b5ff-eabb2a97e05f,contacto_frecuente
bcf0e8bf-c003-4428-be22-c4b9cf542ecf,b52cd94b-6d9a-4166-a2e0-0a46e4d16660,comparte_direccion
da916067-396f-4934-b4d0-4d2bfe744464,fd8cd495-2626-453c-92f9-11adecab3e7d,transaccion
1364dc0c-ba3d-43a3-9a02-a458e1977e7a,bd9fd80a-1c8e-445e-8e25-0b7e0660febe,contacto_frecuente
88988207-3464-406e-a021-159fb44f95c8,56931ee0-b0c8-4a2f-891e-06a871947640,contacto_frecuente
82f780ee-f21f-472e-9eff-0470255ce6cd,b622c915-77e7-4526-85bc-57df82a9a2a9,misma_empresa
0823c0d8-8635-4c40-a0dd-8124cd6e5e68,7c90009b-19c9-426f-8476-6181bc47913c,contacto_frecuente
d735e706-8995-4ed0-a4aa-0149d2148710,496fa519-0919-43b7-a249-7d9683391d23,referido
f4aa5729-4b96-4bc5-a1d0-f785bc374e8a,d7d9da8a-50c1-4f41-b5ff-eabb2a97e05f,contacto_frecuente
60c0bac1-b726-441d-adc6-fbfca81023f7,f8237781-fdac-4cb1-b995-085cd0a88db9,referido
37ab8a53-9fd4-4a2b-bc37-76a27b810f0b,e406ce15-ca27-435a-a4bf-1478059758d0,transaccion
3fba1d7a-b0a3-4c81-955e-5cdd66f01dd1,38cf5f97-03cc-4991-b50a-f9f2db8b7f5f,transaccion
1dcf5fc5-39a6-4441-a7f9-02b4f4c7ece1,d735e706-8995-4ed0-a4aa-0149d2148710,contacto_frecuente
a8aa84da-7956-4ead-ad86-d030b9fb13c1,2882808f-784d-40f1-a3a6-ed307eb9bb63,amistad
cb4228f2-4cf2-4a8d-8894-1278178a0319,e24fd6c3-7998-4eb9-9571-8ffcc26b3027,transaccion
d327af68-e29c-443f-a16e-6bfd8137b64e,201e2dcb-eb4f-4c3d-bb2e-2ff9a8bd6e23,transaccion
7155a9dd-6daa-4df5-ae54-fc72391fda37,8e6fe5bf-e73a-4ebe-af93-b3856f50e6c4,transaccion
eab82376-7cc5-46d3-b451-bbc04b9c9058,d7393063-b7b9-4906-a29f-265fe1ef4e15,misma_empresa
86a52eb8-99da-4c36-8ea6-b52f399f22a1,f2edd005-db14-4f41-bb5b-e4a3ce481fd5,referido
3c8ef360-3d45-408e-a989-00a414898c93,07aa2fde-4748-45aa-8438-f2d0e4bca985,referido
a7b4eece-06d1-4195-a89b-c63a20dbfe07,df955aa5-bd53-40b9-9f68-b6390f6f21bb,transaccion
71518758-5b46-4761-a93e-b83c1fb2be03,855a3dc5-dc9d-4774-b2bb-31ea368ae584,misma_empresa
51db518d-e8df-4cc3-bcee-509e1f3ce620,3730ea3e-f809-4194-8b2c-f2e86a9b8995,amistad
527bcd19-af99-4aaa-a728-4236b3f5e43c,41a118c9-c3ef-4a12-9f59-a21c51051179,contacto_frecuente
15952e0a-c60d-4a1b-8899-fbe2a71c5333,1a2d0a0c-8bc5-4e10-af6b-bb0d6acffb7c,amistad
cc5b0744-c936-44ea-8c4f-271edc85beb3,86a52eb8-99da-4c36-8ea6-b52f399f22a1,comparte_direccion
db243078-0e0d-4f66-a8e2-aa4992aac81d,546ada4b-e3fe-4bd1-94af-5b0b23c5f104,amistad
9d3a8314-9964-4267-991e-2001d283a952,8f656e8d-ea19-4ab0-86bb-f540b8de2e4a,contacto_frecuente
342d405b-1f8b-433d-85db-66b887502fe4,641c5362-8cd7-408b-a1b1-7e4416ece25c,amistad
f8237781-fdac-4cb1-b995-085cd0a88db9,d364b2e7-ac53-4062-937a-a3a4156a5284,misma_empresa
bbf98720-2681-48c7-a1c2-2a66e93d103f,615447ee-436d-49c7-b733-0a4a4008446a,misma_empresa
ae93209c-fc3d-40d1-9c4d-efd57392f1e6,8aac948d-9ba5-441f-ace7-1d24c28b647e,comparte_direccion
1dcf5fc5-39a6-4441-a7f9-02b4f4c7ece1,0eb42f5f-2055-4b7a-8e3e-fe76a2cbca17,amistad
3d25576b-d67c-40b6-9b5d-3b3d2f0ccc1d,23a5af36-d1cf-4cee-94b1-6238d722ff25,referido
ba86066e-09fa-45c2-9bff-f38ff74a91c8,4eeead7e-8041-4c36-af48-46e1f03708ff,amistad
b783252b-b5fa-433b-9f5e-534be59675a1,b62edd63-76ed-45bb-8acd-7c377339ff93,referido
1c2a58ac-3da8-4561-b7ee-e7366f6421d9,5b4ceb3b-4476-4b43-b11c-1b1757eed029,comparte_direccion
d8694562-8a5e-4d76-840d-41311a6709de,8187d7d7-9444-47ce-b485-6fec26df05a0,transaccion
944c1a0e-4ea8-4255-9dd8-f32bbcf3e16a,348aa7a3-2cde-4d25-b045-c4e99abc084e,referido
7e92cf48-e9cf-4c0a-8bed-8d1663aa2fb3,e6512fa9-d432-4138-ba9a-a68fd1927071,comparte_direccion
e2fd0bb9-e63e-45b2-822d-5c61d141a2ba,973b185c-a20d-43d9-98b5-89839147798f,contacto_frecuente
5423c68d-096c-4082-854b-156b3e4ac6bd,d84caf9a-d2ed-4b2e-969b-1e5f2662c3ca,amistad
2d6830b3-48b7-4951-8504-1e22e84afa76,9bcc4edc-8672-448e-bdac-0c88131d3f01,contacto_frecuente
94087ac1-474d-49c3-97c5-3386547647dd,52f31c60-5bdd-435b-9dc8-4bdf26ef5dcc,referido
43d0e28a-7103-4d4f-8bbb-366043310791,5a00ec44-a15b-4891-a5c1-ce1ab43a5cad,amistad
de6037ac-f02b-44b7-90b8-cad111ea6882,25905c28-1633-4d30-9e9a-516617c91b8c,transaccion
9dea30a5-53ec-4da2-abcd-e4090c773cd5,43d0e28a-7103-4d4f-8bbb-366043310791,contacto_frecuente
95e6b445-62e2-496a-b928-6f232eb917d8,b000ba8d-e7b5-4a78-98eb-255c371ac015,comparte_direccion
d99cba24-4655-4165-87f6-2c51103ab92b,1c586b9a-bb1d-4716-b508-00d7dc986042,comparte_direccion
0bf2efa4-e1a0-4cf2-9a3b-db11cb9e028b,3861e8f3-e5f7-43e6-89c5-e730bf2da719,amistad
8accdbb4-28f8-4657-9960-f963d3003aa7,0962e737-a570-4df9-ba2d-d146f37fcf45,comparte_direccion
28a8c995-a387-4165-8eb8-eccf0a16dd20,045c2cc2-9311-438b-b9e3-6e98bbb68128,amistad
80e974eb-ea88-4c23-b29b-a815fad2663b,f0992e0d-103d-473b-9e55-28fd49245b1d,amistad
c053d43f-2c3f-4853-8185-50ff2a553b7a,7b4c7335-8ed2-4a69-9e3a-cff007b6df20,comparte_direccion
8a407daf-bab8-4c1d-a4ae-52ea01964b10,a4286b76-0d8e-4c70-a52a-a4f125d5ee96,transaccion
f637d1de-3ca3-4130-84b8-0b0abf2669cc,4eca914b-1e46-48d9-b687-c2878dde022b,referido
4843be8b-2758-42c8-a35a-e41ca1e5b030,21e9bd50-19c2-425a-9cd9-3f7b25a41d3b,amistad
649f67a1-9120-4af8-8e41-c3682e8c5dc9,ea28254d-5cbf-4803-bb29-26be23f1bd6c,comparte_direccion
ce911d66-d12d-40ea-be28-f8b64dd75e9b,df9fc63c-2c47-4ee0-b1c8-319c63dc3dd9,contacto_frecuente
13fd968f-af04-42ce-9ec0-bd292ea3ed2b,1d27b61a-8109-4c17-b2b7-90c10af79316,comparte_direccion
498a6ea5-2274-4c8e-8080-4ee67af8c73a,b5dd23e5-8fce-4308-86c8-cb9958f25947,referido
160c6836-84ff-4f70-b41d-8c3891230a6c,624da621-73a3-43cd-bc37-b65d515d72ac,referido
6d6dea1e-e900-4139-aab6-57dd368b84a1,456e4351-16f3-45ae-afcd-46019d4f52e8,contacto_frecuente
cf8e22bd-90ba-40dd-bc96-781efd460d6e,950413aa-7f2e-4977-86f8-531651356e1b,referido
40f8a80f-6ab7-40bb-a3ec-1b21772ec5e7,0f889f7b-1e9f-411e-a52a-a7113fbec77f,misma_empresa
41e23d99-2158-4239-a3c9-f3016ba4290a,c572f0ca-0e2d-4815-a87d-eeaa4efa62d1,contacto_frecuente
ce911d66-d12d-40ea-be28-f8b64dd75e9b,160c6836-84ff-4f70-b41d-8c3891230a6c,comparte_direccion
f7748449-3042-40cd-aaf4-99a404798698,e30cdfcf-83d0-475e-b563-98c67efce377,transaccion
325a9d8d-cc0d-4b22-949d-be37ecee0e1c,7c5e9376-2cd9-4ba0-86a3-1ac573743810,referido
26933967-516d-4853-b015-22a4770606b3,8122e001-06e9-498e-a569-d27f81e1562d,referido
45657f7e-42a7-4e2d-a405-3848e4fd087c,2d6830b3-48b7-4951-8504-1e22e84afa76,amistad
1a31d360-304d-4ff9-851c-efea343a7c1b,b99bd0d5-939b-4321-b0d7-eed3086513a8,transaccion
615447ee-436d-49c7-b733-0a4a4008446a,a4938549-498d-4af5-98f4-8685f47878e9,amistad
5a809d1e-2dae-424c-877c-6ffe8479d9ff,cdcd4c27-31c7-4ead-90e2-ccd0f920bb59,referido
8516ec31-9809-41d2-b8bc-c358146a9c93,58aaa814-dcef-4016-a827-d84b5f84f64a,amistad
45657f7e-42a7-4e2d-a405-3848e4fd087c,2f3cf68e-59b1-4783-b2eb-dcf085e1f3b0,contacto_frecuente
7234dd8f-9277-494e-8364-b4dd30be5aff,e0f2a85a-f8c2-42c3-9b08-fd98a35ea6ba,contacto_frecuente
310e6eda-7fb5-4583-af41-e405d43b45b7,702c1773-bd87-4514-a6ce-0bd62eec60e1,transaccion
c053d43f-2c3f-4853-8185-50ff2a553b7a,92fdec8d-3a43-4599-9b73-ac4cdc4745e6,transaccion
ad760608-5334-40d1-855a-c8900b3467df,d3d01ad9-2647-421e-b6ac-2676ca77fb36,contacto_frecuente
4eca914b-1e46-48d9-b687-c2878dde022b,f4ad231a-8e20-4278-8797-4d9fbeb9fd0d,transaccion
b6772d52-a461-4343-9259-ab404c67bf93,e3b4c1b1-ac10-43c0-baff-63d46cea5a03,comparte_direccion
0823c0d8-8635-4c40-a0dd-8124cd6e5e68,84398493-2266-46d7-8361-eefe35542d64,transaccion
be61371a-e46a-4813-8467-c78c099a3a86,871bf040-aeb5-4884-a49d-0619aed29750,amistad
6f96cb0f-98fe-4155-b80d-1cb95dec1eef,6e994046-7007-4968-91a0-d65543cc1154,comparte_direccion
8dd0b782-eb10-4845-b063-7d1d42dace0a,439bf853-2fef-460e-8625-9390eb68a7b1,amistad
ea5161d3-d16d-4720-b393-a80c195ce16d,3ed126c6-163a-497c-944b-20e67c13f371,comparte_direccion
527ad50f-de10-4cc0-a8a9-ad484a8b50d2,e8faddf1-1054-4034-bb3c-98f843799356,transaccion
aa3740b1-6566-4000-a7ba-c465cb7906e0,ba41bab4-8fac-41e0-8c3c-260d6efd77b1,amistad
eaa8faea-738b-4b88-9fb6-b9a29a50fc88,d84caf9a-d2ed-4b2e-969b-1e5f2662c3ca,comparte_direccion
ee526c4a-567e-4e3b-a7ec-93e2351366b9,d4ec4d2a-7def-4902-9994-67955c16950d,comparte_direccion
25c35e64-68dc-4c5a-b311-27c84851610e,098a8f13-fbf5-4926-9ea1-2cbe72f8045b,amistad
15952e0a-c60d-4a1b-8899-fbe2a71c5333,85411fd4-dbb2-4d0f-b880-9dffb372043f,transaccion
3a9ac4d6-6b04-41a6-9adf-f6f6dcefa313,26933967-516d-4853-b015-22a4770606b3,contacto_frecuente
00e92c01-c812-446d-a7aa-380703aec337,18377f54-c4a9-4abd-8b99-705636fd4bf6,comparte_direccion
9adadef2-f16c-48da-af74-1d796d44332c,60c2797e-9e6d-4086-8481-d68e50feaa6f,transaccion
c228f2a7-e58c-45cf-8795-89effe30fbbc,27048d1b-dafb-42fe-bffc-508792efb6af,amistad
258378cd-8fd7-4730-8a73-fab143a1f80e,00e92c01-c812-446d-a7aa-380703aec337,misma_empresa
dece9a97-8f76-4358-b7c9-5889a2d9c41e,9bcc4edc-8672-448e-bdac-0c88131d3f01,transaccion
7e9a71fe-53a7-486d-a80e-27c56b305c37,f14a8ff2-3817-4526-a568-28e75864d1b8,misma_empresa
4b486e23-680e-476a-9625-9e21581793b9,04bc037a-f7e1-417f-a8ba-5e875e07b421,referido
afba9fb6-fc11-4811-a6b6-bc9e8637572c,63b66175-4271-414a-917b-c647f0e0cb83,comparte_direccion
ca840181-2c1c-41a8-bba8-bb9087c5ac08,4198a58e-9e6e-49ef-a79d-78f21da5d641,transaccion
1ce3e67a-b4ac-43c1-b97e-3921ef628e52,3bea23ee-2ca2-405d-a01c-259405580790,transaccion
3ef06c93-f669-4a7b-b373-e7b606737c96,ddc25524-6ef6-4a69-bd00-dd6ac33bfd83,misma_empresa
3b3dffa4-f439-4038-8747-fad1d92147bd,4198a58e-9e6e-49ef-a79d-78f21da5d641,referido
bcd6ba1c-0976-4fee-a19f-629462655b82,10c222bc-aa72-49c2-b5bd-818bbbe79ca5,comparte_direccion
e902044c-f338-4579-8442-0dcd34aad037,56ce5fc2-d99a-42db-ac68-8636d6b94dc0,contacto_frecuente
ca7c6303-c94b-4cdd-9472-0b4946252c7f,ea31508d-e6a9-4019-bc96-a5f53b3a3dc7,comparte_direccion
6d2fdbbd-2c72-4f88-9e12-04ebc37dd677,83cb13b9-d81b-4410-a5db-8ee0b642fa1a,referido
34f74617-6b2f-4103-a7c2-1cf92b221cc5,b54c30c3-7405-4127-b7f4-307282756545,misma_empresa
ddc25524-6ef6-4a69-bd00-dd6ac33bfd83,63235ef4-df90-4f87-bb27-43b2cc4339e1,misma_empresa
e1b4b750-1c9d-4312-a99a-a26284ee7399,2576f4b8-edc3-4567-9ad3-7bc995af4fec,comparte_direccion
eb39ccdf-537f-45b9-b190-f8dbd30c72fc,99923f5c-e2f7-4c37-9536-1514491f624d,referido
28b5fdff-1c6a-4c1f-bcb6-061a3aa73eb5,dac828dc-921f-4aa4-845e-fa101a6c996d,comparte_direccion
e0cbbb63-0b17-4d9d-908b-ea258cde3eca,527bcd19-af99-4aaa-a728-4236b3f5e43c,misma_empresa
601fa4eb-21c7-46fd-bcb8-ed772de91dc4,2ec21ed6-d580-4bbe-bc5c-a6a47f76a59b,transaccion
1bda1b85-9f99-4446-ac56-db2b4c0d4c88,10c265eb-1897-442c-9e19-ed4c7861f761,misma_empresa
21071296-684d-4a4e-b2e6-8ceb81cb68a5,2bfb9c0c-611c-4360-81fc-0f0c7de42f43,comparte_direccion
27048d1b-dafb-42fe-bffc-508792efb6af,adb2430d-6bf2-42f9-8fa7-47f83efba491,transaccion
ea28254d-5cbf-4803-bb29-26be23f1bd6c,eaa984e9-a667-415e-96c6-b926fd625343,referido
f741d709-e3b9-4bdb-9a38-7a5469c30ccf,640bd510-df72-48b1-9945-d68299fee299,transaccion
2dff3ef3-4f01-4dee-9820-d72c49ff8816,2f1c2160-d6f6-4f49-906f-8a1b6f3c6fbc,comparte_direccion
bc0b824b-e19b-4845-8b39-8eda2c54a6a3,615447ee-436d-49c7-b733-0a4a4008446a,comparte_direccion
faa5712f-fffe-4108-b4a7-adfb2e47476d,0645c48d-58cb-4cb8-bc55-00a5c228e59c,referido
24e394ce-e36b-4ba7-a008-010f55277d0b,1aa199f4-7ad3-46da-a2ff-6d81c0ba472f,contacto_frecuente
010a0a9b-868c-4d16-8475-205108232ee4,d568c99a-6e3b-4b0a-af18-aa65f9deaa9c,comparte_direccion
cdcd4c27-31c7-4ead-90e2-ccd0f920bb59,822360c4-ab08-4ce4-bb83-d2fad38cc173,misma_empresa
0c701e7a-4998-4db9-a55b-701589340361,f2804b11-1e1d-4c9e-97b8-ee6b62b44187,amistad
e6c3d883-ea17-46b2-ba1d-ddae4db4c4be,b943c47b-7db8-4946-94ca-809d40b05d34,referido
c3914e7d-f6db-488e-be22-8799f8b5ed54,3bb84bfc-aa8a-4e85-90cb-39c5cbb73b97,comparte_direccion
bcf0e8bf-c003-4428-be22-c4b9cf542ecf,54e651ba-2d33-4af2-9513-9b57311ca934,amistad
60c2797e-9e6d-4086-8481-d68e50feaa6f,84398493-2266-46d7-8361-eefe35542d64,referido
312caa62-9bc7-4f6e-894d-a9ad50a79f3f,9d3a8314-9964-4267-991e-2001d283a952,misma_empresa
f1c22941-3821-4190-bf69-b4185060254c,1bf1b98b-e944-403e-8ce0-41c2204cd754,amistad
587ad707-4c16-4965-b5cb-ebfe5f51564e,43d0e28a-7103-4d4f-8bbb-366043310791,contacto_frecuente
74cf43b4-be9a-4607-8fbb-69525244403e,97dfac66-f0d9-496b-a87a-5f2bd916afc7,referido
275e422f-fb16-4a4b-8286-3e010c60b113,c053d43f-2c3f-4853-8185-50ff2a553b7a,misma_empresa
7a6de69b-6ae3-44f8-b3b4-a2d43be507e0,0b96f009-a0d3-4bdb-8d4b-0d80d1ec08e8,contacto_frecuente
54e651ba-2d33-4af2-9513-9b57311ca934,cb49eaf1-58eb-4f63-8557-ca7bf7760fb9,transaccion
7a6de69b-6ae3-44f8-b3b4-a2d43be507e0,871927ba-9887-4ec4-8d75-643700ac3220,referido
12a79437-171a-4999-b7c5-c44512acb657,f6a4eab5-693e-46a1-9f44-97cd6ab853fe,contacto_frecuente
2d5893bb-250e-4228-8ab0-1fd6ae9d310b,237fd167-7a56-49fb-b04a-f864444e0c86,contacto_frecuente
413c05b5-141a-4161-a703-6e164955fcdf,da916067-396f-4934-b4d0-4d2bfe744464,comparte_direccion
f3348b30-1af0-4bca-8428-86825e236af1,7a47f978-9feb-48cc-880f-4bc65d9bb301,contacto_frecuente
271298e9-de5c-4d1d-a040-fe6803f5b89f,773e7b87-4797-4ee4-86fd-35aed2661a85,comparte_direccion
045c2cc2-9311-438b-b9e3-6e98bbb68128,a8aa84da-7956-4ead-ad86-d030b9fb13c1,comparte_direccion
2ae7ef2c-cabc-4976-87e1-1f2e0bc2fa54,5ddd0479-cd64-44ec-b67b-f76675bafb24,comparte_direccion
058654bc-07b7-48d6-aca1-732f8d2aca74,a703af62-e8f4-4b37-b0d4-4bd29bddb39f,contacto_frecuente
f532ef03-7895-4d46-8876-197af2810e71,157820b6-a642-479a-8cc9-355ce4f29288,comparte_direccion
2f1c2160-d6f6-4f49-906f-8a1b6f3c6fbc,ea31508d-e6a9-4019-bc96-a5f53b3a3dc7,transaccion
03550533-2229-43ce-8a97-2767e9e572ae,271298e9-de5c-4d1d-a040-fe6803f5b89f,transaccion
3ef06c93-f669-4a7b-b373-e7b606737c96,5d887e9e-f6a9-41dc-9f43-747b93dd2458,contacto_frecuente
1505a18a-f26f-4d2d-93bf-89a3daaf3b33,7f87f3f1-1abf-44ee-94c4-eb0d13653bdf,comparte_direccion
24edac0c-a22d-4d51-b0f2-ce0dec9752bc,527bcd19-af99-4aaa-a728-4236b3f5e43c,referido
003b1f43-3079-4987-9dab-29e6b2dfa0dc,e2e723e3-c74d-4eef-8f35-62ebb1890cd2,referido
0d81291c-37f6-4c99-876b-21c5d98c23ff,7e9a71fe-53a7-486d-a80e-27c56b305c37,referido
98313e47-6c8a-414d-9a78-0733de160b87,a703af62-e8f4-4b37-b0d4-4bd29bddb39f,contacto_frecuente
e2e8b04f-3489-4546-a11d-0ac156b6d4d5,ba441694-8117-404a-9f6c-817ca1122715,referido
64e8e902-baee-4b5a-8073-87dc375e889e,0e840bfb-516f-47b4-a528-a6ee6e6dee64,transaccion
92097aae-f8be-4cd9-a590-ee0b50718927,e9393531-b6e7-4257-9c81-2963762db37d,comparte_direccion
70e83771-ce74-4261-8f17-0d893b2469b9,e2d76fbd-37cb-4982-b3cb-8ad2448b724b,amistad
3deb9639-6438-402c-b40b-583e50a7da11,5b50a20d-e1ea-4884-b5bb-9a3c92198f58,referido
7c5e9376-2cd9-4ba0-86a3-1ac573743810,0fa7d8c6-299a-4036-b550-f57a86fd6d68,amistad
b4263f4a-46de-419d-afb3-27a684025ddd,013f7c29-22f7-48cb-b277-07553b4810ca,referido
daf0dc66-0e11-47a0-a363-35d07c2d7441,e32b2da3-ef97-4df7-b9bc-c571df36298c,transaccion
4014f591-d697-4036-a492-76e6b461b110,dba95bd7-ba54-42fc-a9bb-2424d0958182,amistad
86097c10-7044-4774-baea-92e51514a416,f76fa74b-3096-4b23-a527-c41be56f138d,contacto_frecuente
4486dd6a-5ef6-44b2-bca8-201b2a07d567,4632ef87-4494-478b-9ac3-998b59a7c214,amistad
55df59ba-048b-449f-8c0c-c27e82a73947,51250a9c-22e8-4815-9edb-8d37a91ec643,comparte_direccion
76cfcf6f-f669-4a7c-b706-620d9fdcf463,56931ee0-b0c8-4a2f-891e-06a871947640,contacto_frecuente
77b15be6-08c7-48d4-811e-a31bdea88662,416cf26b-7eb2-4140-86d1-eb9dc4cc2947,transaccion
9845eac5-a9e7-421d-a55e-654aff9e7e3f,601fa4eb-21c7-46fd-bcb8-ed772de91dc4,amistad
f6f89bb8-9b00-4f92-a25c-58246e305f58,41249598-696e-4416-92fc-0df47be0c3b4,contacto_frecuente
c228f2a7-e58c-45cf-8795-89effe30fbbc,9220e932-48bb-44dc-9cd8-b2e9e1c6b4bf,transaccion
0962e737-a570-4df9-ba2d-d146f37fcf45,6d4ef96b-319b-4277-8849-c1508521db50,transaccion
a8aa84da-7956-4ead-ad86-d030b9fb13c1,1ce3e67a-b4ac-43c1-b97e-3921ef628e52,transaccion
3d25576b-d67c-40b6-9b5d-3b3d2f0ccc1d,f0a1044b-83fe-4dfe-a6a7-c22f90643466,comparte_direccion
2c450177-ef8f-4027-9f65-8ea5160afc47,3e5fb39c-77a6-45eb-9f53-971ff79b3364,referido
7f408f8c-f1b0-4a76-94c5-b40127a93f3d,1ca8c4c5-8779-4707-9443-8492a20710d4,misma_empresa
70d27c6a-198d-4193-8d85-25f555607ec9,65cc42f6-1b47-463a-968f-26e287f601e7,comparte_direccion
f4aa5729-4b96-4bc5-a1d0-f785bc374e8a,55948a2d-8f7d-47f8-ac9b-763d3b810442,contacto_frecuente
eb39ccdf-537f-45b9-b190-f8dbd30c72fc,91c9c1ff-6ebc-40e6-8d91-1871194570f0,comparte_direccion
b8addbe7-c97e-466e-80f5-2e5762b73567,dba95bd7-ba54-42fc-a9bb-2424d0958182,referido
393069d6-4123-400b-b864-ff1273f3ffbe,0e559814-b892-4d12-aa4f-233e9be7b817,misma_empresa
6a307cbd-7aad-486f-8c7a-a57570ea2d04,99620068-99d7-4351-9b01-2b4c0af9299a,transaccion
8c498912-eee4-4a56-9cf1-a58de869cc1e,cd9875d4-394b-4003-a9f0-a3201bf3cbbc,referido
56d3250b-e5bd-4ffb-a138-a2edc276d5d6,93577691-60dd-4e63-ad90-2c989a194861,contacto_frecuente
5ddd0479-cd64-44ec-b67b-f76675bafb24,a123c2be-9cde-40c7-b7fb-cdce3fd7bcb7,comparte_direccion
b4263f4a-46de-419d-afb3-27a684025ddd,71dd12ca-baa2-4d7e-93bc-63c9bad1cab3,amistad
0693133c-39c8-4c07-8751-acd2a2bf1da1,63ccbaf7-8766-41f6-80e3-c8b638cebac0,comparte_direccion
4fae0bba-4a98-4626-b265-5a09313cc9fe,3861e8f3-e5f7-43e6-89c5-e730bf2da719,amistad
23a5af36-d1cf-4cee-94b1-6238d722ff25,1af863c7-71b5-4c6f-9862-9d546019c676,referido
393069d6-4123-400b-b864-ff1273f3ffbe,6d6dea1e-e900-4139-aab6-57dd368b84a1,misma_empresa
4198a58e-9e6e-49ef-a79d-78f21da5d641,1c2a58ac-3da8-4561-b7ee-e7366f6421d9,amistad
904a15fc-b3a5-45cc-bc12-0fc17f9db396,eab82376-7cc5-46d3-b451-bbc04b9c9058,contacto_frecuente
a4938549-498d-4af5-98f4-8685f47878e9,e5d6e924-be98-4209-938e-3537ff21be63,amistad
6e5d4c58-eb22-4e2f-b6cc-f577ad0b28ac,3b3dffa4-f439-4038-8747-fad1d92147bd,misma_empresa
70ddf536-eb46-462e-b884-411d49bcba42,c4e4c61a-ed9f-4e33-bd2c-87cacdd75491,referido
7012a826-f089-481c-b7f5-c333e816a366,ca7c6303-c94b-4cdd-9472-0b4946252c7f,contacto_frecuente
a668a70e-e4b8-42bd-a8e1-e9a2b1e24b68,10c265eb-1897-442c-9e19-ed4c7861f761,misma_empresa
0f201eae-9388-4dd1-9da4-f1c43a713476,65bbc211-25bd-4025-a094-fef9244a26ee,comparte_direccion
ba41bab4-8fac-41e0-8c3c-260d6efd77b1,46abaec7-035c-4154-95c5-5a59ed799c94,misma_empresa
1df54cf5-436c-4c58-a273-c6184739f64c,9a700a4c-a581-4690-a07e-58404a809dd0,amistad
165ef624-53ce-4d55-aaaf-dc9f928e9c67,801060da-5781-4e38-8c37-ec93f097a504,misma_empresa
ec43d27c-27d6-4903-a76e-68de252e9b91,820962f9-232d-4d2f-b1a0-7fcdfbcd692d,transaccion
c5b09f94-abac-49e2-9627-4e7d4c60675d,7e92cf48-e9cf-4c0a-8bed-8d1663aa2fb3,transaccion
6642820b-efc2-4198-ae16-7d0a5352d0b0,92326549-5627-4a78-933e-8164f34207a0,misma_empresa
8a407daf-bab8-4c1d-a4ae-52ea01964b10,2ad6a13f-7b2a-4416-b70f-ed8f41788fa9,misma_empresa
ff637bdf-bae7-4104-b717-a8b894211b81,5808b677-4bb0-41e1-979d-4d7dbaee6e15,comparte_direccion
c2bb9797-b4a2-40ec-8e71-8797a5ebf0fd,a5d02515-acc8-473a-b472-eca4a89f60e0,contacto_frecuente
43d0e28a-7103-4d4f-8bbb-366043310791,08773578-febb-4955-93c3-e276d6c115ac,comparte_direccion
f6188a41-97a1-4f8e-994e-c0e3dc6a7d36,03e65d25-dbb1-4cd0-b4c4-ac38b31612b5,misma_empresa
1178f79a-d7dc-4eb7-95bc-c0b9eee4ea19,5b4ceb3b-4476-4b43-b11c-1b1757eed029,contacto_frecuente
d21d4ecc-95e0-4905-a181-f0900903ed5c,c572f0ca-0e2d-4815-a87d-eeaa4efa62d1,comparte_direccion
f4ad231a-8e20-4278-8797-4d9fbeb9fd0d,69b1e83a-c432-485e-8d4c-90e05eb8083b,misma_empresa
d3d01ad9-2647-421e-b6ac-2676ca77fb36,cb776d70-ed20-4ae9-90f4-f3d6f1fd4847,transaccion
2198b107-67ef-4f6f-a632-a6e56c7ad4d2,1dcf5fc5-39a6-4441-a7f9-02b4f4c7ece1,misma_empresa
49a1d8ca-c247-42d9-b944-9cdc595e328c,f9158bb0-987d-4c1c-9686-20fa8bbd47ab,amistad
d5ebc9bf-02b1-4cb5-8a34-f865c2aca1f8,981b28ae-7fe3-4dbb-855c-5ecc5031faf1,misma_empresa
ec43d27c-27d6-4903-a76e-68de252e9b91,7c5e9376-2cd9-4ba0-86a3-1ac573743810,transaccion
d4776ed1-2cec-48e6-b499-42bd4c7ffcd3,8a407daf-bab8-4c1d-a4ae-52ea01964b10,contacto_frecuente
944c1a0e-4ea8-4255-9dd8-f32bbcf3e16a,7f03938a-7536-4ba1-be9d-0b35e660fba7,referido
1a2d0a0c-8bc5-4e10-af6b-bb0d6acffb7c,119e2eb7-9f77-4087-bc54-3ebf36e3a0d3,amistad
1958aa70-580b-41ef-9785-1963b5fe2abe,5ddd0479-cd64-44ec-b67b-f76675bafb24,transaccion
a20189a2-4b9c-4086-92b2-590f3f879bf7,e5bdd48d-b853-47d9-84cc-706a43cbe57a,transaccion
d98c5f0f-6fd5-4ab3-807f-0df80099917e,7b116c41-3547-40ea-a935-cec6488396b4,contacto_frecuente
e24fd6c3-7998-4eb9-9571-8ffcc26b3027,d18d1bef-1773-4f8a-9c41-c0d675d31b48,comparte_direccion
f0a1044b-83fe-4dfe-a6a7-c22f90643466,187cd6dd-0fb2-477d-90e9-49f98d117417,referido
e406ce15-ca27-435a-a4bf-1478059758d0,30b3c9d5-9557-4044-a4cf-a7d6965666e3,contacto_frecuente
2c4c20c2-1fc6-4f08-9c2b-8c3e7681e1ff,a668a70e-e4b8-42bd-a8e1-e9a2b1e24b68,amistad
c000188e-51f6-4198-a303-5b269fc8c633,81ac2b86-5921-4d72-be7e-77ed66c6ac7f,referido
4a845e7f-62e5-436c-923d-1e497170f11c,2198b107-67ef-4f6f-a632-a6e56c7ad4d2,misma_empresa
0e559814-b892-4d12-aa4f-233e9be7b817,d6225b36-cf2f-4461-8b60-22117a868d8b,transaccion
125ce11a-f271-4f3a-af0d-60dbf756553b,7c90009b-19c9-426f-8476-6181bc47913c,amistad
17ebb835-d690-473f-a006-5b70e75c4313,998fce1d-8826-46ef-9c9f-9e4120d2d0a7,comparte_direccion
5b26c537-d817-43f9-a250-061798dcfdc6,cef4a066-83fc-4edd-bdd0-daf4ddec7882,transaccion
a87ab01b-a5a1-4a5a-a67f-5c92e5b24926,ea61ee00-4a65-43df-8e77-4e8df81663b5,comparte_direccion
9d86f192-e4db-4e00-968a-d81c0054c6bd,82b80349-c3cf-4909-96f8-9eb8029634c2,contacto_frecuente
65e7bfe9-1a9a-463d-b961-d8d3e63d3e89,99ba47f9-251e-42c4-a85a-914728c90f33,contacto_frecuente
ef3f0ffd-f8bc-4dcc-a8a5-e62d41ec3069,ad7b80ab-bd3f-4ffc-aeb9-2702e9b834d5,contacto_frecuente
14b0068b-cf5f-41c0-9afc-0662c757010f,cd12fc8c-27a4-4b3f-a371-d0e607bbec28,referido
fd2c1c21-1293-4a48-b3c0-3f82d1c5b0c0,45657f7e-42a7-4e2d-a405-3848e4fd087c,contacto_frecuente
f019154b-78b3-4593-8389-628dbe437d47,385528e4-aaf0-4bcf-8d98-514dd14ed73d,transaccion
d01381cc-ca84-4ed9-8dd5-3ede9cd2b267,65e7bfe9-1a9a-463d-b961-d8d3e63d3e89,amistad
b99bd0d5-939b-4321-b0d7-eed3086513a8,6e5d4c58-eb22-4e2f-b6cc-f577ad0b28ac,misma_empresa
ca1d4e5a-10a9-4d5c-ae15-34fe48db6d7e,185f5995-33e7-499a-b8a8-f246ddc3a34c,transaccion
de6037ac-f02b-44b7-90b8-cad111ea6882,7bd04b12-64c7-45e7-8a01-504e6e82dc52,referido
6e9ae962-4085-4119-ac3a-f7cc41ab6cfb,dcd40a1c-f423-46db-bfea-2f1cd43b2be4,misma_empresa
9dea30a5-53ec-4da2-abcd-e4090c773cd5,3b3dffa4-f439-4038-8747-fad1d92147bd,misma_empresa
2ec21ed6-d580-4bbe-bc5c-a6a47f76a59b,7c90009b-19c9-426f-8476-6181bc47913c,amistad
82c1e958-6384-47b8-9598-e92fa0346283,2a9e354d-cbf6-4458-9ba5-045e492105ba,contacto_frecuente
874c7304-91b8-420d-ab9e-6818807e4435,03099c17-2fae-4f5a-8c24-6d876648f5c4,misma_empresa
4889e883-6b41-48a2-af8e-04195cc23246,012bbd1d-e848-46bd-b9c2-a0e8593f11b5,contacto_frecuente
28b36068-164e-412d-a740-fed13717be0a,d3d01ad9-2647-421e-b6ac-2676ca77fb36,contacto_frecuente
556b9e70-731f-43fe-8918-500d396e8b1f,231d969b-85f7-4ca0-bd1f-80e76d3fefb7,contacto_frecuente
60c2797e-9e6d-4086-8481-d68e50feaa6f,7aeb9645-cfd9-4fc2-aa75-b26a451b5e6e,misma_empresa
b8179e2e-0fb7-432c-afec-62c01e4d7878,b238dd98-88c6-4479-885d-3424f92522a2,contacto_frecuente
d01381cc-ca84-4ed9-8dd5-3ede9cd2b267,6d6dea1e-e900-4139-aab6-57dd368b84a1,contacto_frecuente
fb7d8095-c6c2-4168-9525-4974647ab55f,a703af62-e8f4-4b37-b0d4-4bd29bddb39f,comparte_direccion
92097aae-f8be-4cd9-a590-ee0b50718927,ec43d27c-27d6-4903-a76e-68de252e9b91,transaccion
904a15fc-b3a5-45cc-bc12-0fc17f9db396,d4ec4d2a-7def-4902-9994-67955c16950d,misma_empresa
a9f1b7b7-06d6-49a5-8b0e-f4497ab7aa62,cd12fc8c-27a4-4b3f-a371-d0e607bbec28,comparte_direccion
ad381aff-759b-4964-86c9-0d66855b8f13,0693133c-39c8-4c07-8751-acd2a2bf1da1,misma_empresa
1aa199f4-7ad3-46da-a2ff-6d81c0ba472f,a4938549-498d-4af5-98f4-8685f47878e9,amistad
8108fa76-a8cb-4da7-9eaa-ed1914d689b3,de6037ac-f02b-44b7-90b8-cad111ea6882,transaccion
a291a0dc-4cdd-46a1-b826-dfa5db4a31fe,40f8a80f-6ab7-40bb-a3ec-1b21772ec5e7,amistad
134b725f-fc1d-4ab2-9a21-738d0f5ce9e3,dee3a3bf-c35c-456c-9b83-8d775b444909,contacto_frecuente
bfdaa12c-5c27-419f-a7b9-3333358f4c9a,1d4cdcb8-c4c6-4134-af5a-4b5b72528d5c,contacto_frecuente
a7b4eece-06d1-4195-a89b-c63a20dbfe07,2c450177-ef8f-4027-9f65-8ea5160afc47,transaccion
55df59ba-048b-449f-8c0c-c27e82a73947,10c222bc-aa72-49c2-b5bd-818bbbe79ca5,contacto_frecuente
e7bf0999-764c-4685-9a1c-1cc973f76784,6fd1f463-7808-4a1e-8181-6227818aacd9,referido
7a47f978-9feb-48cc-880f-4bc65d9bb301,ab15c283-3b34-45d6-b183-944cb1e31bd9,transaccion
73d1736f-1cd9-4f66-9771-32bceb576f48,54a21c26-c2d7-421c-b302-717449e134b3,amistad
adb2430d-6bf2-42f9-8fa7-47f83efba491,98313e47-6c8a-414d-9a78-0733de160b87,contacto_frecuente
7b1afa89-ee3b-425f-80d8-594d5e75a388,e6512fa9-d432-4138-ba9a-a68fd1927071,contacto_frecuente
f78a1f11-1359-402f-a184-0f3f6a201644,d3d01ad9-2647-421e-b6ac-2676ca77fb36,transaccion
31220094-d2d3-43dc-acf4-c8d2eff06645,da28240a-164e-4e2f-ba1d-440b2e8af0e8,transaccion
51db518d-e8df-4cc3-bcee-509e1f3ce620,95e6b445-62e2-496a-b928-6f232eb917d8,comparte_direccion
f26ff26a-cf37-4d12-933d-db1ba03ec2c5,33c8e6c8-efbd-429a-a0e9-6c22b0e1084a,referido
9346ba69-a72c-46a1-83e4-4cecbd85556f,c48fe713-2c2e-4e43-8704-1d9a42f4ebd5,comparte_direccion
a5014585-5f70-400d-ac46-f9a32e3daf04,1056f62e-946e-405e-9033-57d03589cf31,amistad
ce092563-1e16-49ce-86df-556f47f91da1,8f4632f7-56da-40c4-8959-272ef3786a58,amistad
aa38fb4a-bda0-4a22-a8f8-a57086db37ca,f9ee9fa6-6246-4377-a631-90f696cffd44,referido
2b62fddd-9649-4cd9-b515-72c9c1fdb787,ea4029c2-6c97-47e2-b282-4029c9587f99,transaccion
1fb2877f-aefa-4733-a797-94079e061199,1c2c3646-87e6-4675-90dd-82eb024c8dee,comparte_direccion
562fb047-489b-44fd-b5e4-e4feee6aaf8c,576ab723-ff09-426a-ac01-5f3121f5b01b,comparte_direccion
413c05b5-141a-4161-a703-6e164955fcdf,dd9e9110-ef9e-4e20-9678-fb0f69d1d2c0,amistad
bdcfc2d3-5157-4d4b-b0af-7cc425fd8e72,999643b3-88d5-4499-b419-627b1b7a0ae6,transaccion
84398493-2266-46d7-8361-eefe35542d64,70205a0d-9f19-4db8-a864-e9e5b8fb7f17,transaccion
1ca8a12f-1ce1-4618-9c3e-d439fe35d147,3ed126c6-163a-497c-944b-20e67c13f371,transaccion
f4b009e9-c797-4a49-adb4-e4dc88a787a1,c000188e-51f6-4198-a303-5b269fc8c633,comparte_direccion
863a182e-c7e3-440a-ab2d-cb44d62c5a62,20510cc0-f0dd-47bf-8032-8e2d482a7ca7,amistad
8a8a1720-6c5f-48c9-b649-f5244b7115ea,6d6dea1e-e900-4139-aab6-57dd368b84a1,referido
4632ef87-4494-478b-9ac3-998b59a7c214,da916067-396f-4934-b4d0-4d2bfe744464,amistad
3d296608-c565-4e0b-b6a1-c39253ca36d4,8516ec31-9809-41d2-b8bc-c358146a9c93,amistad
3b3dffa4-f439-4038-8747-fad1d92147bd,38cf5f97-03cc-4991-b50a-f9f2db8b7f5f,comparte_direccion
94647db7-f68c-45d4-9529-30afdb6c18c0,c5dbfaa6-6032-47ec-a01a-61f759da815f,misma_empresa
cb49eaf1-58eb-4f63-8557-ca7bf7760fb9,4fe969a7-fef0-479e-ae85-a657fbe1765c,referido
8aac948d-9ba5-441f-ace7-1d24c28b647e,1a2d0a0c-8bc5-4e10-af6b-bb0d6acffb7c,contacto_frecuente
0b887a93-4100-46d2-85e2-24197f6bad3a,1dcf5fc5-39a6-4441-a7f9-02b4f4c7ece1,contacto_frecuente
7aeb9645-cfd9-4fc2-aa75-b26a451b5e6e,d364b2e7-ac53-4062-937a-a3a4156a5284,referido
c2044a53-bcf5-4f48-8b27-efb24fcb4f11,430a8713-a6a9-42f9-af0e-b23cc7832538,misma_empresa
5b462404-5629-4510-80cb-50e02e46ff64,f7df2221-3130-4a51-8be3-f00e16245571,contacto_frecuente
22b56252-89ce-435a-86f0-c00aafa1130a,a20189a2-4b9c-4086-92b2-590f3f879bf7,comparte_direccion
1329f0d1-8479-4298-bb64-5ca718f8d91e,5552dafe-cab7-409c-ad18-c38682719e27,misma_empresa
c053d43f-2c3f-4853-8185-50ff2a553b7a,d60ec45d-e38c-48fc-9c0f-c5b73202ce7e,amistad
02a7d062-ef1f-44e0-bf87-e99ffc7a22c5,0f201eae-9388-4dd1-9da4-f1c43a713476,transaccion
98ee7ad0-82c8-4da6-b58a-ac3f3a004f97,2ba8f084-0f73-4018-8017-103b3dcdd80f,contacto_frecuente
d0873b37-bcd6-468b-b9f2-d345b9988903,e295e292-c5f2-4936-b8d8-078c6118c247,amistad
5b4ceb3b-4476-4b43-b11c-1b1757eed029,37ab8a53-9fd4-4a2b-bc37-76a27b810f0b,contacto_frecuente
ea61ee00-4a65-43df-8e77-4e8df81663b5,3bb84bfc-aa8a-4e85-90cb-39c5cbb73b97,transaccion
e295e292-c5f2-4936-b8d8-078c6118c247,daea4c0d-39a1-45dd-b3e5-1fa3f3e8f078,referido
4198a58e-9e6e-49ef-a79d-78f21da5d641,56d3250b-e5bd-4ffb-a138-a2edc276d5d6,referido
1c1e7293-67e1-4805-a529-14238dc2c989,65612049-7bf3-406f-b438-2af212e37277,misma_empresa
53535263-b8bd-4569-b0a8-f135d0d3327a,7f03938a-7536-4ba1-be9d-0b35e660fba7,misma_empresa
ba2932b2-23dd-4562-97cb-903a2688024a,df955aa5-bd53-40b9-9f68-b6390f6f21bb,amistad
ee3fdf85-288f-40a0-8185-0979882a0e86,56ce5fc2-d99a-42db-ac68-8636d6b94dc0,contacto_frecuente
a5d02515-acc8-473a-b472-eca4a89f60e0,37507bea-512d-4171-84df-0d6370de8e9e,amistad
6064874b-e576-45c7-8720-706d8383cdaf,fed3e2d4-4545-4922-918a-4dccb926783a,amistad
f0992e0d-103d-473b-9e55-28fd49245b1d,34f74617-6b2f-4103-a7c2-1cf92b221cc5,comparte_direccion
863a182e-c7e3-440a-ab2d-cb44d62c5a62,3091ddc4-c879-4992-a0aa-9251571cc83e,contacto_frecuente
cd12fc8c-27a4-4b3f-a371-d0e607bbec28,cb4228f2-4cf2-4a8d-8894-1278178a0319,amistad
0284e861-7988-46a4-966a-4c6aec699cd5,41a118c9-c3ef-4a12-9f59-a21c51051179,amistad
413c05b5-141a-4161-a703-6e164955fcdf,3c531a0a-b4bc-461f-bfe9-6531ac3c3ffd,referido
820962f9-232d-4d2f-b1a0-7fcdfbcd692d,2ec21ed6-d580-4bbe-bc5c-a6a47f76a59b,comparte_direccion
702123ab-b820-4e1d-9f40-23b3e176cfdf,a267d493-38c7-4220-b819-7ecd8bd4d5c6,contacto_frecuente
62285e62-cb15-4c11-a920-5e11eef25cd7,e3b4c1b1-ac10-43c0-baff-63d46cea5a03,transaccion
c556ecaf-cf63-44dc-b184-dab0c1ef95ef,2afbea4f-d1d5-4689-be61-ec2e1b358678,referido
f4aa5729-4b96-4bc5-a1d0-f785bc374e8a,c0e4b289-c864-4cd8-ad6b-1289ff7deb28,referido
238922fe-1536-4802-b832-5b2af1a99529,532cde7d-165c-4272-abd0-2efbb57a9205,referido
70205a0d-9f19-4db8-a864-e9e5b8fb7f17,112ecb07-0088-4269-b171-0f412ae64525,comparte_direccion
99ca5e84-5130-46b8-acfa-990fb6e00879,a50c2d68-9d10-4c41-b97d-8806a8006f62,amistad
8e4264a6-ca9d-4d43-999a-3a7b1004a2dc,85ad8d89-fd3f-4ef3-b6c2-484196c63cf4,contacto_frecuente
30dc7e98-9210-445e-b859-959c556132f7,1c2c3646-87e6-4675-90dd-82eb024c8dee,misma_empresa
dd1eaa4b-e617-4bce-8b3b-a2a3e7ab629e,1056f62e-946e-405e-9033-57d03589cf31,comparte_direccion
e2e8b04f-3489-4546-a11d-0ac156b6d4d5,344b1a90-03af-4918-8bf1-7cf81a846d5a,misma_empresa
7d35b025-a613-4c0b-a28e-6d5c1481f694,76821c24-583b-4739-8f2e-f3133e7d1bbc,amistad
4fe969a7-fef0-479e-ae85-a657fbe1765c,afba9fb6-fc11-4811-a6b6-bc9e8637572c,contacto_frecuente
0b17c26a-a18f-445c-8c06-8bda330a3cd3,587ad707-4c16-4965-b5cb-ebfe5f51564e,amistad
7a92d9bb-f8e3-4a46-8322-c661c09975f9,2a19ef04-0905-48b7-8f62-369b11dea175,referido
c7e96c31-b070-4fe1-9477-0b2bbca42737,b7827d0c-058c-45e5-aafa-ef3df318918d,contacto_frecuente
185f5995-33e7-499a-b8a8-f246ddc3a34c,949130fe-733a-4e1f-bf68-3fe5f401d15a,transaccion
cb49eaf1-58eb-4f63-8557-ca7bf7760fb9,87d43448-1591-467e-a978-c0925caa5fbf,comparte_direccion
e4d8f20c-0f2f-4887-bfb2-e5e7a26dd2f7,3bb84bfc-aa8a-4e85-90cb-39c5cbb73b97,transaccion
003b1f43-3079-4987-9dab-29e6b2dfa0dc,491d1332-8d6f-430a-9da0-43bd590f796b,referido
ca840181-2c1c-41a8-bba8-bb9087c5ac08,3e2daee9-c4a7-401c-85a3-4823ab5dad77,transaccion
b000ba8d-e7b5-4a78-98eb-255c371ac015,4198a58e-9e6e-49ef-a79d-78f21da5d641,comparte_direccion
3a9ac4d6-6b04-41a6-9adf-f6f6dcefa313,3341b775-6125-4cd9-91f3-20bee329434c,amistad
2c450177-ef8f-4027-9f65-8ea5160afc47,64e8e902-baee-4b5a-8073-87dc375e889e,contacto_frecuente
b238dd98-88c6-4479-885d-3424f92522a2,63235ef4-df90-4f87-bb27-43b2cc4339e1,comparte_direccion
f1c22941-3821-4190-bf69-b4185060254c,1d4cdcb8-c4c6-4134-af5a-4b5b72528d5c,referido
aa3740b1-6566-4000-a7ba-c465cb7906e0,bc9fa845-fc82-4c0b-b739-4f2dfa512dc0,amistad
3c531a0a-b4bc-461f-bfe9-6531ac3c3ffd,387229aa-561f-4547-85ed-30fe3edadf28,misma_empresa
e51b3123-7850-4d39-9a88-ab27f635e20e,999643b3-88d5-4499-b419-627b1b7a0ae6,referido
95e6b445-62e2-496a-b928-6f232eb917d8,f14a8ff2-3817-4526-a568-28e75864d1b8,transaccion
87d43448-1591-467e-a978-c0925caa5fbf,a703af62-e8f4-4b37-b0d4-4bd29bddb39f,contacto_frecuente
021e4732-b710-4bed-8824-84d4679a3967,f6757c99-b134-4e26-ade6-2598ef3a3ac4,referido
d735e706-8995-4ed0-a4aa-0149d2148710,33be4505-2135-48e1-a010-d5d0efa0777e,transaccion
119e2eb7-9f77-4087-bc54-3ebf36e3a0d3,765f2b3b-63d7-47d2-bc28-813df8a5f8ce,misma_empresa
7a6de69b-6ae3-44f8-b3b4-a2d43be507e0,709ce600-7053-45dc-b802-5d4a1d1fb8f3,referido
275e422f-fb16-4a4b-8286-3e010c60b113,b95df859-1ad1-4687-8901-2fdd33eee80b,referido
a49e4be0-56c9-46c4-8899-15457b46a8e0,860a95ed-d9c3-4c52-b45b-d1600ef7511e,misma_empresa
19987eea-3a0a-4954-90ac-7eb2d588acc2,ed7de801-46d1-453a-9cf3-660b5f10d7dd,contacto_frecuente
5b50a20d-e1ea-4884-b5bb-9a3c92198f58,c2044a53-bcf5-4f48-8b27-efb24fcb4f11,comparte_direccion
26933967-516d-4853-b015-22a4770606b3,e32b2da3-ef97-4df7-b9bc-c571df36298c,amistad
505d4eee-612e-4b83-a225-daa0cd0f2fbd,7e92cf48-e9cf-4c0a-8bed-8d1663aa2fb3,referido
5808b677-4bb0-41e1-979d-4d7dbaee6e15,e8faddf1-1054-4034-bb3c-98f843799356,comparte_direccion
3bb84bfc-aa8a-4e85-90cb-39c5cbb73b97,d60ec45d-e38c-48fc-9c0f-c5b73202ce7e,amistad
e0f2a85a-f8c2-42c3-9b08-fd98a35ea6ba,610f6f6e-4bb7-444c-bc21-37bcba1439d4,transaccion
0bf2efa4-e1a0-4cf2-9a3b-db11cb9e028b,30b3c9d5-9557-4044-a4cf-a7d6965666e3,comparte_direccion
65bbc211-25bd-4025-a094-fef9244a26ee,4a395e60-0891-4592-9999-41104b51a073,transaccion
38e46406-9ce1-4f82-b619-6fc813f211a0,6cb639a8-98e0-4515-a42d-3ca9f449357a,amistad
51ffbd77-f951-4d60-bf46-e08f08e8f4b1,d4776ed1-2cec-48e6-b499-42bd4c7ffcd3,transaccion
860a95ed-d9c3-4c52-b45b-d1600ef7511e,e7ff10b0-3d0d-4fe1-b50c-89caf5dc6111,transaccion
9d3a8314-9964-4267-991e-2001d283a952,41e23d99-2158-4239-a3c9-f3016ba4290a,comparte_direccion
f6a4eab5-693e-46a1-9f44-97cd6ab853fe,26ed4942-6432-4311-bc0c-9baca5a31a06,referido
615447ee-436d-49c7-b733-0a4a4008446a,f374a33f-fa6c-415f-9dd1-8703643c2ad0,amistad
ba2932b2-23dd-4562-97cb-903a2688024a,e5144bbf-ca7b-417e-bfcb-3bdc89bd1a7a,amistad
18377f54-c4a9-4abd-8b99-705636fd4bf6,1ce3e67a-b4ac-43c1-b97e-3921ef628e52,contacto_frecuente
f6355e61-ad36-4780-b0b5-a5b39a52f70b,dac828dc-921f-4aa4-845e-fa101a6c996d,contacto_frecuente
7a92d9bb-f8e3-4a46-8322-c661c09975f9,a123c2be-9cde-40c7-b7fb-cdce3fd7bcb7,comparte_direccion
52647fd3-4ab1-430d-9622-fd61b57084b9,c7c0f231-1cec-4808-86ae-85947ecfc844,referido
f0a1044b-83fe-4dfe-a6a7-c22f90643466,41249598-696e-4416-92fc-0df47be0c3b4,misma_empresa
82fbfd56-a6ed-4faa-a561-3c7142b30f7b,c7c0f231-1cec-4808-86ae-85947ecfc844,referido
ff628551-60d0-427c-8553-993443632639,9220e932-48bb-44dc-9cd8-b2e9e1c6b4bf,referido
a703af62-e8f4-4b37-b0d4-4bd29bddb39f,94e381f3-5c54-4156-a94b-de7e6b65f14b,contacto_frecuente
4b486e23-680e-476a-9625-9e21581793b9,1c2a58ac-3da8-4561-b7ee-e7366f6421d9,referido
a668a70e-e4b8-42bd-a8e1-e9a2b1e24b68,cc38ba46-2b59-4399-8af7-d817b5875a4d,comparte_direccion
4704851e-2f3a-4f21-b88f-dbb07eb9ca1f,a9f1b7b7-06d6-49a5-8b0e-f4497ab7aa62,transaccion
8ca921c1-52fb-439a-9167-e20d5e6c9b5e,7f87f3f1-1abf-44ee-94c4-eb0d13653bdf,misma_empresa
fccfc31d-57db-4100-804c-5cf0c0b11274,3c8ef360-3d45-408e-a989-00a414898c93,contacto_frecuente
b12bd591-b6b1-42de-a0a9-84e62228f8c7,d01381cc-ca84-4ed9-8dd5-3ede9cd2b267,contacto_frecuente
b58446d5-4ca6-4bc7-b5db-60c9dd4d6579,c572f0ca-0e2d-4815-a87d-eeaa4efa62d1,misma_empresa
b848b273-ee8c-4329-806a-3e8aa153b035,6fd1f463-7808-4a1e-8181-6227818aacd9,comparte_direccion
eb29657d-495b-413b-97b2-11d1d3c12265,f741d709-e3b9-4bdb-9a38-7a5469c30ccf,misma_empresa
c0e4b289-c864-4cd8-ad6b-1289ff7deb28,0195c530-9827-4e9d-baa9-f1abdb792be9,contacto_frecuente
bc0b824b-e19b-4845-8b39-8eda2c54a6a3,f5b57355-a8f0-428c-80c7-fea664f9135e,comparte_direccion
27048d1b-dafb-42fe-bffc-508792efb6af,c7c0f231-1cec-4808-86ae-85947ecfc844,referido
527ad50f-de10-4cc0-a8a9-ad484a8b50d2,e886da7a-c7dc-4841-9851-a16a45631d17,contacto_frecuente
4b417620-cd6d-4da9-b5d7-9c60143c9aa6,3e5fb39c-77a6-45eb-9f53-971ff79b3364,misma_empresa
ad2c25e4-4508-42e0-8b1d-d7e72fd52ba4,5711eb6a-5ba2-4bdb-a346-151754d789f0,misma_empresa
8e6fe5bf-e73a-4ebe-af93-b3856f50e6c4,0c6f97ed-f676-49be-9691-8354af1e00b3,transaccion
113e32e5-33dd-4de4-8816-d1dc9f2606ca,ff628551-60d0-427c-8553-993443632639,amistad
860a95ed-d9c3-4c52-b45b-d1600ef7511e,ad760608-5334-40d1-855a-c8900b3467df,amistad
904a15fc-b3a5-45cc-bc12-0fc17f9db396,3bb84bfc-aa8a-4e85-90cb-39c5cbb73b97,contacto_frecuente
9e57c65c-2dc4-4ce2-8d2d-327bcb12efe2,31220094-d2d3-43dc-acf4-c8d2eff06645,misma_empresa
3deb9639-6438-402c-b40b-583e50a7da11,519e5c44-99d5-42ae-8a12-7ae8a325c02a,contacto_frecuente
b99bd0d5-939b-4321-b0d7-eed3086513a8,5831cc32-a29e-49db-ac2c-fff07ab54641,comparte_direccion
691a34e0-3adb-402d-901a-16a072ed666b,2882808f-784d-40f1-a3a6-ed307eb9bb63,amistad
a20189a2-4b9c-4086-92b2-590f3f879bf7,0fcce3d4-8a8c-49a6-8630-13c4ee45d01f,misma_empresa
143ebda5-936a-455b-b7e2-1e2cd537d687,413c05b5-141a-4161-a703-6e164955fcdf,misma_empresa
4b486e23-680e-476a-9625-9e21581793b9,a8ccf291-d94f-4738-b943-66a50d0fdac2,amistad
daf0dc66-0e11-47a0-a363-35d07c2d7441,32e93bc3-2349-48f9-b5bf-e94fdb13c727,transaccion
6a03cad3-6999-436e-aa55-f70b99efbb9a,3e5a5f6c-2629-47ac-8d8c-bc785bb9a90e,comparte_direccion
3e5fb39c-77a6-45eb-9f53-971ff79b3364,df9fc63c-2c47-4ee0-b1c8-319c63dc3dd9,misma_empresa
0389a4ea-a00a-4d6c-8f58-03636bca5e81,d2038474-93e4-4752-a21a-d3f5c36c86a0,contacto_frecuente
70d27c6a-198d-4193-8d85-25f555607ec9,416cf26b-7eb2-4140-86d1-eb9dc4cc2947,misma_empresa
32e93bc3-2349-48f9-b5bf-e94fdb13c727,4889e883-6b41-48a2-af8e-04195cc23246,amistad
bdcfc2d3-5157-4d4b-b0af-7cc425fd8e72,b2ad8312-41f9-474b-94fb-65147551b92c,transaccion
3e5fb39c-77a6-45eb-9f53-971ff79b3364,d99cba24-4655-4165-87f6-2c51103ab92b,contacto_frecuente
54caedeb-5f9a-4028-9f09-9ec3ffcff14b,d3afc898-3096-4ed1-8014-36238ba8bfb0,comparte_direccion
2bb73719-170f-49dd-a41e-12986e3b9c9a,f019154b-78b3-4593-8389-628dbe437d47,misma_empresa
cd12fc8c-27a4-4b3f-a371-d0e607bbec28,54caedeb-5f9a-4028-9f09-9ec3ffcff14b,referido
b412face-7f39-49fd-ba95-997601ac7606,e5144bbf-ca7b-417e-bfcb-3bdc89bd1a7a,contacto_frecuente
24e394ce-e36b-4ba7-a008-010f55277d0b,49a1d8ca-c247-42d9-b944-9cdc595e328c,misma_empresa
6befaa47-3619-4112-b7f7-790ec824cc96,2c4c20c2-1fc6-4f08-9c2b-8c3e7681e1ff,amistad
f5b57355-a8f0-428c-80c7-fea664f9135e,64e8e902-baee-4b5a-8073-87dc375e889e,amistad
702c1773-bd87-4514-a6ce-0bd62eec60e1,112ecb07-0088-4269-b171-0f412ae64525,transaccion
809cb42e-c1d2-4d61-8d36-5e60e3bb9695,85aaed61-7343-45ab-9059-21fdaae5f351,transaccion
b943c47b-7db8-4946-94ca-809d40b05d34,4cafe361-175f-44a5-8afd-765208b943fb,transaccion
37d01a09-546e-4c79-99f5-013f72429c19,7a92d9bb-f8e3-4a46-8322-c661c09975f9,referido
08773578-febb-4955-93c3-e276d6c115ac,0284e861-7988-46a4-966a-4c6aec699cd5,comparte_direccion
e815fac2-44b7-40b8-b9cc-22963f99b05e,51db518d-e8df-4cc3-bcee-509e1f3ce620,transaccion
d5defbc7-908e-41b2-bb49-341be428125d,275e422f-fb16-4a4b-8286-3e010c60b113,amistad
cc5b0744-c936-44ea-8c4f-271edc85beb3,6a03cad3-6999-436e-aa55-f70b99efbb9a,referido
6a307cbd-7aad-486f-8c7a-a57570ea2d04,50e85943-bb0f-4f44-bd7c-4484c55a3c5b,comparte_direccion
c67ebe45-f641-4c6a-b6ea-9bbce5bf4d34,2d5893bb-250e-4228-8ab0-1fd6ae9d310b,contacto_frecuente
6daaf891-af4f-4348-a882-c963676c72bd,3df4fe2d-a784-4b7e-9e8a-ab637c52c30e,referido
87d43448-1591-467e-a978-c0925caa5fbf,2f1555ad-b804-45b8-b361-6fca21377015,comparte_direccion
910c7762-e6f8-4538-b5e0-7f307133a355,b125ae36-32f6-498d-844e-a1278dbab66d,amistad
56ce5fc2-d99a-42db-ac68-8636d6b94dc0,5e591d6a-98b1-41d2-9909-471c04cf1235,comparte_direccion
d98c5f0f-6fd5-4ab3-807f-0df80099917e,aa0e2749-6f91-4e6e-ac6c-05ede3633011,comparte_direccion
265a9bda-38da-455a-9a0f-e3201d84be2a,ca5d5276-dcb6-4cc1-a461-69cf88686689,amistad
491d1332-8d6f-430a-9da0-43bd590f796b,cf162700-ea00-4aff-8af2-bfa621cb237d,comparte_direccion
2e7ef430-5a5e-444d-85d9-157047490387,505d4eee-612e-4b83-a225-daa0cd0f2fbd,amistad
3bb9c377-89c7-4cc9-89d0-f456985f81dd,db243078-0e0d-4f66-a8e2-aa4992aac81d,transaccion
30b3c9d5-9557-4044-a4cf-a7d6965666e3,34f74617-6b2f-4103-a7c2-1cf92b221cc5,amistad
4460c604-8543-42c5-a418-e1a8186ba38e,773e7b87-4797-4ee4-86fd-35aed2661a85,contacto_frecuente
640bd510-df72-48b1-9945-d68299fee299,003b1f43-3079-4987-9dab-29e6b2dfa0dc,comparte_direccion
21e9bd50-19c2-425a-9cd9-3f7b25a41d3b,a3bac31a-0392-4d70-8746-262af01de87e,misma_empresa
89768359-2594-4146-aa45-fafa3144edfb,871927ba-9887-4ec4-8d75-643700ac3220,amistad
f6757c99-b134-4e26-ade6-2598ef3a3ac4,3861e8f3-e5f7-43e6-89c5-e730bf2da719,transaccion
7136b3d0-8e93-4c92-9eaf-ac5721b62c8b,431576a5-aef8-43ca-810a-6ec2cd286e79,misma_empresa
7e92cf48-e9cf-4c0a-8bed-8d1663aa2fb3,5a00ec44-a15b-4891-a5c1-ce1ab43a5cad,misma_empresa
dadbf864-64ea-4e42-a75c-ef5486eaf3c3,615447ee-436d-49c7-b733-0a4a4008446a,referido
29cfb490-7ed3-47b5-9b60-2cb3112dfbf6,93577691-60dd-4e63-ad90-2c989a194861,referido
94e381f3-5c54-4156-a94b-de7e6b65f14b,ec6883a8-2553-448f-b13f-3679bed6dfd8,comparte_direccion
03a1a118-5931-43b3-b124-8602c5373e1e,1d3683be-7485-4bb9-995a-8736c58accec,transaccion
03099c17-2fae-4f5a-8c24-6d876648f5c4,fbed0ad9-d785-4fb9-80bc-3d3b9f790e73,referido
1c5490e6-9736-44cb-bbb1-dd1a84d802c2,1dcf5fc5-39a6-4441-a7f9-02b4f4c7ece1,comparte_direccion
5e34c618-4523-44b4-a235-0e81e13ee687,42d6a4b8-e198-4a09-a435-10b153badfc2,transaccion
5552dafe-cab7-409c-ad18-c38682719e27,ea28254d-5cbf-4803-bb29-26be23f1bd6c,comparte_direccion
24e4c83e-44b5-48b3-bca7-b1b759924162,c5b09f94-abac-49e2-9627-4e7d4c60675d,amistad
7b116c41-3547-40ea-a935-cec6488396b4,cd12fc8c-27a4-4b3f-a371-d0e607bbec28,misma_empresa
4889e883-6b41-48a2-af8e-04195cc23246,b62edd63-76ed-45bb-8acd-7c377339ff93,referido
eb29657d-495b-413b-97b2-11d1d3c12265,1df54cf5-436c-4c58-a273-c6184739f64c,amistad
d364b2e7-ac53-4062-937a-a3a4156a5284,1178f79a-d7dc-4eb7-95bc-c0b9eee4ea19,contacto_frecuente
271298e9-de5c-4d1d-a040-fe6803f5b89f,2383d08c-6bc5-4248-9416-ef39fb14b256,referido
f637d1de-3ca3-4130-84b8-0b0abf2669cc,1a2d0a0c-8bc5-4e10-af6b-bb0d6acffb7c,transaccion
eb881766-3a8b-4a73-9721-1a0be5ea5fb3,b3beff8f-b3d4-4c7a-9ff7-e3b32e20caf0,amistad
92fdd34e-89b4-42a5-b3a7-4c7667874e6c,4e61e6d8-cb2b-48d4-a8a6-0513e46dca43,contacto_frecuente
bc9fa845-fc82-4c0b-b739-4f2dfa512dc0,8091c0d9-4d96-4356-a610-db5bb8effab1,comparte_direccion
f4bd9b1a-f910-4844-a534-3602aff1a0a3,5b462404-5629-4510-80cb-50e02e46ff64,contacto_frecuente
9220e932-48bb-44dc-9cd8-b2e9e1c6b4bf,3091ddc4-c879-4992-a0aa-9251571cc83e,referido
db6427d4-8f71-4548-a2ba-637f4e3d3694,cff4aeb5-7126-402f-aaa7-53edc2efd2cb,amistad
9d3a8314-9964-4267-991e-2001d283a952,63ccbaf7-8766-41f6-80e3-c8b638cebac0,transaccion
95e6b445-62e2-496a-b928-6f232eb917d8,f3348b30-1af0-4bca-8428-86825e236af1,transaccion
19987eea-3a0a-4954-90ac-7eb2d588acc2,8883ecee-ba2e-4b13-90dc-bf5a66f8b892,contacto_frecuente
7012a826-f089-481c-b7f5-c333e816a366,37582e5d-2e8d-4fb2-a2ac-a7b2a42b4d12,misma_empresa
702c1773-bd87-4514-a6ce-0bd62eec60e1,63235ef4-df90-4f87-bb27-43b2cc4339e1,misma_empresa
7e92cf48-e9cf-4c0a-8bed-8d1663aa2fb3,c5b2b845-e3cc-49b1-8eb7-6e986a5cfd0f,misma_empresa
db243078-0e0d-4f66-a8e2-aa4992aac81d,f2edd005-db14-4f41-bb5b-e4a3ce481fd5,contacto_frecuente
4792bbdb-f4a9-405f-a054-fd33428c79f5,f4aa5729-4b96-4bc5-a1d0-f785bc374e8a,contacto_frecuente
21c02ab6-9706-4fc0-ac41-2ac7dec39f60,8f84556e-b789-4a07-9a85-71c40ca18fb4,transaccion
5e34c618-4523-44b4-a235-0e81e13ee687,02a7d062-ef1f-44e0-bf87-e99ffc7a22c5,amistad
9f779d85-c1e2-48c6-b85b-4c5185f7df01,3d25576b-d67c-40b6-9b5d-3b3d2f0ccc1d,transaccion
54e17889-fd0c-4620-a2da-1df96bfcd613,bfdf7197-7c3c-4c87-817d-71a92ed74922,transaccion
cc38ba46-2b59-4399-8af7-d817b5875a4d,152674b3-b388-4c07-af3c-a3413549e137,misma_empresa
2576f4b8-edc3-4567-9ad3-7bc995af4fec,ed7de801-46d1-453a-9cf3-660b5f10d7dd,misma_empresa
2c450177-ef8f-4027-9f65-8ea5160afc47,760a4406-02f9-43ad-b51a-c393125104ca,comparte_direccion
519e5c44-99d5-42ae-8a12-7ae8a325c02a,d8ef0b7a-be21-430b-992a-cf9ed5743ed3,comparte_direccion
ce911d66-d12d-40ea-be28-f8b64dd75e9b,ad381aff-759b-4964-86c9-0d66855b8f13,amistad
e4d8f20c-0f2f-4887-bfb2-e5e7a26dd2f7,8a5c8a55-425f-4e59-bf50-13cb76dc79d1,contacto_frecuente
aa0e2749-6f91-4e6e-ac6c-05ede3633011,d5ebc9bf-02b1-4cb5-8a34-f865c2aca1f8,misma_empresa
87558b4a-c4f2-4165-9cfa-73fdf45fe1d8,e1a6c038-270c-451b-a359-eb3b0374e132,contacto_frecuente
ff7b9d0b-7cba-4e52-a244-b15e0dccf36e,4b417620-cd6d-4da9-b5d7-9c60143c9aa6,misma_empresa
ad2c25e4-4508-42e0-8b1d-d7e72fd52ba4,105b050f-7247-4376-956e-63fb606bf239,comparte_direccion
4477a23a-9cf1-4416-ae32-125a3067c459,d9e57f1e-78fb-44b5-980b-c3a0e800d063,misma_empresa
fc9ad9bc-e6b6-452e-8858-cfb0da514a02,24e4c83e-44b5-48b3-bca7-b1b759924162,transaccion
98ee7ad0-82c8-4da6-b58a-ac3f3a004f97,3e9499f9-2993-4487-93f9-b38fd18061ba,misma_empresa
527ad50f-de10-4cc0-a8a9-ad484a8b50d2,69424c13-47e8-4aac-b7ae-a81fb973dd57,amistad
1a216d41-45bf-4292-b4b5-06e424d9d400,871bf040-aeb5-4884-a49d-0619aed29750,misma_empresa
42d6a4b8-e198-4a09-a435-10b153badfc2,05c602ad-a3c7-4c28-8545-f514a8e1af7c,transaccion
77b15be6-08c7-48d4-811e-a31bdea88662,325a9d8d-cc0d-4b22-949d-be37ecee0e1c,contacto_frecuente
21c02ab6-9706-4fc0-ac41-2ac7dec39f60,81e0634f-c5ef-4bd4-afe8-efc0297ea950,comparte_direccion
f3348b30-1af0-4bca-8428-86825e236af1,187cd6dd-0fb2-477d-90e9-49f98d117417,transaccion
e90efead-76c8-4414-a43b-6b0b10c6a3b4,4477a23a-9cf1-4416-ae32-125a3067c459,amistad
0cb7ba22-0850-4daf-8e4b-21288d28baea,822360c4-ab08-4ce4-bb83-d2fad38cc173,referido
fb7d8095-c6c2-4168-9525-4974647ab55f,079e7304-5c35-4f3b-9192-20deebbad7a1,misma_empresa
a5014585-5f70-400d-ac46-f9a32e3daf04,19987eea-3a0a-4954-90ac-7eb2d588acc2,misma_empresa
25c35e64-68dc-4c5a-b311-27c84851610e,496fa519-0919-43b7-a249-7d9683391d23,misma_empresa
9e2aa52d-792d-402e-80e1-37ea2273ece1,dfa8b8cc-f736-43e4-80af-4f7bdfd59f18,contacto_frecuente
37582e5d-2e8d-4fb2-a2ac-a7b2a42b4d12,431576a5-aef8-43ca-810a-6ec2cd286e79,misma_empresa
3ffad48d-8e2c-4809-95a3-c9a9dcabc999,413c05b5-141a-4161-a703-6e164955fcdf,referido
da916067-396f-4934-b4d0-4d2bfe744464,dece9a97-8f76-4358-b7c9-5889a2d9c41e,referido
f532ef03-7895-4d46-8876-197af2810e71,1d4cdcb8-c4c6-4134-af5a-4b5b72528d5c,misma_empresa
e1a6c038-270c-451b-a359-eb3b0374e132,950413aa-7f2e-4977-86f8-531651356e1b,amistad
e385071d-507b-4474-8f02-d0867de0b9d2,d745b93e-6ce6-4a7e-b68d-fdfbb64d7572,referido
041754ff-af57-41e6-97a3-019a0e7b62b5,da28240a-164e-4e2f-ba1d-440b2e8af0e8,transaccion
b7dc6d59-6fcc-497f-aa2b-44fcffc34a39,25bebf6e-7222-40c2-86d9-0e2f2fd45bc0,misma_empresa
53e2a8d4-8030-45e8-879e-55bf23489100,95e6b445-62e2-496a-b928-6f232eb917d8,misma_empresa
eb881766-3a8b-4a73-9721-1a0be5ea5fb3,981b28ae-7fe3-4dbb-855c-5ecc5031faf1,misma_empresa
8dd0b782-eb10-4845-b063-7d1d42dace0a,4a845e7f-62e5-436c-923d-1e497170f11c,misma_empresa
d21d4ecc-95e0-4905-a181-f0900903ed5c,b6ea10cd-0191-4374-a260-c8ea5711e25f,misma_empresa
2e7ef430-5a5e-444d-85d9-157047490387,6e5d4c58-eb22-4e2f-b6cc-f577ad0b28ac,referido
1f3ebe41-907e-4667-a2c9-d2976518561e,3e2daee9-c4a7-401c-85a3-4823ab5dad77,contacto_frecuente
5b462404-5629-4510-80cb-50e02e46ff64,aa3740b1-6566-4000-a7ba-c465cb7906e0,misma_empresa
c5b09f94-abac-49e2-9627-4e7d4c60675d,45b617da-0d23-4ada-8844-033b84adc06c,comparte_direccion
1d4cdcb8-c4c6-4134-af5a-4b5b72528d5c,245aab86-b938-49f1-a60d-7c33b8decd54,referido
e0f2a85a-f8c2-42c3-9b08-fd98a35ea6ba,9882a8c4-11e4-41dd-affa-8e1eb702e40d,comparte_direccion
649f67a1-9120-4af8-8e41-c3682e8c5dc9,4b486e23-680e-476a-9625-9e21581793b9,contacto_frecuente
431576a5-aef8-43ca-810a-6ec2cd286e79,9537624a-b9bf-4b03-b61f-d10c23737b19,referido
dd1eaa4b-e617-4bce-8b3b-a2a3e7ab629e,1bf1b98b-e944-403e-8ce0-41c2204cd754,amistad
c2bb9797-b4a2-40ec-8e71-8797a5ebf0fd,c5dbfaa6-6032-47ec-a01a-61f759da815f,misma_empresa
bfb9f944-fcd1-42e4-83fb-f9f708888000,f0992e0d-103d-473b-9e55-28fd49245b1d,contacto_frecuente
b943c47b-7db8-4946-94ca-809d40b05d34,dadbf864-64ea-4e42-a75c-ef5486eaf3c3,referido
5fa87ee9-821f-4fce-98fd-8c1938124df7,237fd167-7a56-49fb-b04a-f864444e0c86,referido
3d296608-c565-4e0b-b6a1-c39253ca36d4,b58446d5-4ca6-4bc7-b5db-60c9dd4d6579,comparte_direccion
4198a58e-9e6e-49ef-a79d-78f21da5d641,0823c0d8-8635-4c40-a0dd-8124cd6e5e68,referido
85aaed61-7343-45ab-9059-21fdaae5f351,ad381aff-759b-4964-86c9-0d66855b8f13,contacto_frecuente
d735e706-8995-4ed0-a4aa-0149d2148710,d9e57f1e-78fb-44b5-980b-c3a0e800d063,comparte_direccion
ba86066e-09fa-45c2-9bff-f38ff74a91c8,3c8ef360-3d45-408e-a989-00a414898c93,transaccion
760a4406-02f9-43ad-b51a-c393125104ca,4198a58e-9e6e-49ef-a79d-78f21da5d641,contacto_frecuente
56931ee0-b0c8-4a2f-891e-06a871947640,1351a6af-6bbc-4247-93f7-3293e3931720,comparte_direccion
3707b589-dbeb-43de-bebf-9aff364fc284,f019154b-78b3-4593-8389-628dbe437d47,amistad
187cd6dd-0fb2-477d-90e9-49f98d117417,1c2c3646-87e6-4675-90dd-82eb024c8dee,amistad
43d0e28a-7103-4d4f-8bbb-366043310791,aa3740b1-6566-4000-a7ba-c465cb7906e0,transaccion
904a15fc-b3a5-45cc-bc12-0fc17f9db396,3d25576b-d67c-40b6-9b5d-3b3d2f0ccc1d,transaccion
94647db7-f68c-45d4-9529-30afdb6c18c0,94e381f3-5c54-4156-a94b-de7e6b65f14b,transaccion
7d0cb50a-a01f-4435-9935-d7e9dfbea353,1aa199f4-7ad3-46da-a2ff-6d81c0ba472f,comparte_direccion
d18d1bef-1773-4f8a-9c41-c0d675d31b48,0a3866d4-eb35-4d4f-ab34-7a41be7b4925,transaccion
63b66175-4271-414a-917b-c647f0e0cb83,6d2fdbbd-2c72-4f88-9e12-04ebc37dd677,referido
4632ef87-4494-478b-9ac3-998b59a7c214,61188f95-44e8-4789-87d8-d2adab64ddc2,referido
8accdbb4-28f8-4657-9960-f963d3003aa7,fafd61d3-8ea7-4c5f-9729-9e578323dc40,misma_empresa
610f6f6e-4bb7-444c-bc21-37bcba1439d4,9220e932-48bb-44dc-9cd8-b2e9e1c6b4bf,amistad
aa38fb4a-bda0-4a22-a8f8-a57086db37ca,c3914e7d-f6db-488e-be22-8799f8b5ed54,referido
1c586b9a-bb1d-4716-b508-00d7dc986042,c140f450-a62c-45e0-aea0-37b4214a83d2,referido
9b2b9e9a-6fbf-413a-9294-18f83407fd10,3861e8f3-e5f7-43e6-89c5-e730bf2da719,referido
1ca8a12f-1ce1-4618-9c3e-d439fe35d147,b0449f5b-e65f-4884-b3e8-1628a2982028,referido
c5b2b845-e3cc-49b1-8eb7-6e986a5cfd0f,44ab99d4-a915-4ee1-8794-afef89f82df7,amistad
51db518d-e8df-4cc3-bcee-509e1f3ce620,4792bbdb-f4a9-405f-a054-fd33428c79f5,referido
59f2032a-b31b-4d45-aa03-61821de03b61,1bf1b98b-e944-403e-8ce0-41c2204cd754,transaccion
b7827d0c-058c-45e5-aafa-ef3df318918d,99ca5e84-5130-46b8-acfa-990fb6e00879,contacto_frecuente
24edac0c-a22d-4d51-b0f2-ce0dec9752bc,d9c9894b-4caa-490c-8bc8-36d3bbaca5e0,misma_empresa
1ce3e67a-b4ac-43c1-b97e-3921ef628e52,75bfe467-3b16-4435-a5b2-1353d9f9b5e4,amistad
6cc8215d-da45-465e-b609-b68b7f149060,edce34bc-0bad-4fbf-963b-afb7d62d347c,comparte_direccion
0718b6fc-1099-4725-934a-3970a519273d,297552a9-cdfc-43e8-b0ec-ff4f422b1326,transaccion
527bcd19-af99-4aaa-a728-4236b3f5e43c,5b462404-5629-4510-80cb-50e02e46ff64,amistad
b5dd23e5-8fce-4308-86c8-cb9958f25947,a2f279f1-3899-4630-8438-15086b3b4274,transaccion
8961e653-5e37-4c02-9232-6d4f7514b541,82a80399-a933-4dbd-984b-5d2079d03b99,transaccion
088a606f-ef69-4be4-a15b-85f77efd3a41,ec43d27c-27d6-4903-a76e-68de252e9b91,amistad
db243078-0e0d-4f66-a8e2-aa4992aac81d,b238dd98-88c6-4479-885d-3424f92522a2,amistad
89768359-2594-4146-aa45-fafa3144edfb,b424fc25-0497-4ac1-ba1a-33597e541c8e,transaccion
9220e932-48bb-44dc-9cd8-b2e9e1c6b4bf,da916067-396f-4934-b4d0-4d2bfe744464,contacto_frecuente
fbed0ad9-d785-4fb9-80bc-3d3b9f790e73,c2d6d51c-c4e6-4fe2-9d59-02a317046c38,comparte_direccion
d378329b-8337-4145-9717-2e6e6b569aa7,98313e47-6c8a-414d-9a78-0733de160b87,amistad
76821c24-583b-4739-8f2e-f3133e7d1bbc,77b15be6-08c7-48d4-811e-a31bdea88662,transaccion
ad381aff-759b-4964-86c9-0d66855b8f13,003b1f43-3079-4987-9dab-29e6b2dfa0dc,comparte_direccion
d8694562-8a5e-4d76-840d-41311a6709de,6cc8215d-da45-465e-b609-b68b7f149060,comparte_direccion
28e176f5-d9db-4c3b-8968-460e9335b225,8a5c8a55-425f-4e59-bf50-13cb76dc79d1,comparte_direccion
f019154b-78b3-4593-8389-628dbe437d47,ba41bab4-8fac-41e0-8c3c-260d6efd77b1,transaccion
55c806f2-cc2b-458f-ae4e-dbbf1a39db66,344b1a90-03af-4918-8bf1-7cf81a846d5a,transaccion
82b80349-c3cf-4909-96f8-9eb8029634c2,52647fd3-4ab1-430d-9622-fd61b57084b9,comparte_direccion
cff4aeb5-7126-402f-aaa7-53edc2efd2cb,54a21c26-c2d7-421c-b302-717449e134b3,amistad
617fc74b-300a-44cc-a05f-7e7059907d0f,51db518d-e8df-4cc3-bcee-509e1f3ce620,referido
5cdc53a9-cc18-465c-aaf1-f7156838a0b1,e886da7a-c7dc-4841-9851-a16a45631d17,contacto_frecuente
e295e292-c5f2-4936-b8d8-078c6118c247,765f2b3b-63d7-47d2-bc28-813df8a5f8ce,amistad
275e422f-fb16-4a4b-8286-3e010c60b113,cc38ba46-2b59-4399-8af7-d817b5875a4d,misma_empresa
3b8bb06a-9018-4025-ae17-9d4588a5ff39,1871005a-b413-4406-bc6a-70a65a578cf5,referido
0d81291c-37f6-4c99-876b-21c5d98c23ff,079e7304-5c35-4f3b-9192-20deebbad7a1,amistad
3e9499f9-2993-4487-93f9-b38fd18061ba,b8abdc4f-84f0-44d5-82e9-380c43a9045f,misma_empresa
e385071d-507b-4474-8f02-d0867de0b9d2,431576a5-aef8-43ca-810a-6ec2cd286e79,contacto_frecuente
3bb9c377-89c7-4cc9-89d0-f456985f81dd,f4b009e9-c797-4a49-adb4-e4dc88a787a1,amistad
ebcd11cd-8f59-4f7c-9c5a-d8b3099eee04,b783252b-b5fa-433b-9f5e-534be59675a1,misma_empresa
7f87f3f1-1abf-44ee-94c4-eb0d13653bdf,8187d7d7-9444-47ce-b485-6fec26df05a0,contacto_frecuente
82a80399-a933-4dbd-984b-5d2079d03b99,312caa62-9bc7-4f6e-894d-a9ad50a79f3f,misma_empresa
863a182e-c7e3-440a-ab2d-cb44d62c5a62,9537624a-b9bf-4b03-b61f-d10c23737b19,transaccion
8961e653-5e37-4c02-9232-6d4f7514b541,b125ae36-32f6-498d-844e-a1278dbab66d,misma_empresa
81e0634f-c5ef-4bd4-afe8-efc0297ea950,33839114-2d08-4a60-8865-5d5c6268754b,amistad
801060da-5781-4e38-8c37-ec93f097a504,8f84556e-b789-4a07-9a85-71c40ca18fb4,amistad
6daaf891-af4f-4348-a882-c963676c72bd,430a8713-a6a9-42f9-af0e-b23cc7832538,comparte_direccion
d8589696-d20d-4e2a-8e92-7bf44ed6d491,b9d2d4d5-75da-4aa9-8568-bae6b7af1ebf,contacto_frecuente
bf3b4237-5efd-47aa-b9b3-e7c571537107,4eeead7e-8041-4c36-af48-46e1f03708ff,amistad
003b1f43-3079-4987-9dab-29e6b2dfa0dc,32b57dda-a8b6-4360-a7aa-d72f14c5386e,transaccion
3f7fb10b-dff2-4525-948b-4ee063c1af5b,e463b774-026e-4182-a6c4-14cdb58d663f,contacto_frecuente
855a3dc5-dc9d-4774-b2bb-31ea368ae584,81e0634f-c5ef-4bd4-afe8-efc0297ea950,referido
cb776d70-ed20-4ae9-90f4-f3d6f1fd4847,587ad707-4c16-4965-b5cb-ebfe5f51564e,comparte_direccion
3c8ef360-3d45-408e-a989-00a414898c93,265a9bda-38da-455a-9a0f-e3201d84be2a,amistad
d763c227-b38c-4634-b5d2-0e4f284ad160,daf0dc66-0e11-47a0-a363-35d07c2d7441,misma_empresa
7a47f978-9feb-48cc-880f-4bc65d9bb301,f9158bb0-987d-4c1c-9686-20fa8bbd47ab,transaccion
f7748449-3042-40cd-aaf4-99a404798698,86097c10-7044-4774-baea-92e51514a416,transaccion
7012a826-f089-481c-b7f5-c333e816a366,5831cc32-a29e-49db-ac2c-fff07ab54641,amistad
ee526c4a-567e-4e3b-a7ec-93e2351366b9,d7393063-b7b9-4906-a29f-265fe1ef4e15,referido
4eeead7e-8041-4c36-af48-46e1f03708ff,dac828dc-921f-4aa4-845e-fa101a6c996d,referido
999643b3-88d5-4499-b419-627b1b7a0ae6,00e92c01-c812-446d-a7aa-380703aec337,comparte_direccion
d378329b-8337-4145-9717-2e6e6b569aa7,6a03cad3-6999-436e-aa55-f70b99efbb9a,contacto_frecuente
34fbeb54-ca1a-4b3a-ad7c-bb1941eb8749,d18d1bef-1773-4f8a-9c41-c0d675d31b48,contacto_frecuente
27048d1b-dafb-42fe-bffc-508792efb6af,5423c68d-096c-4082-854b-156b3e4ac6bd,transaccion
3e2daee9-c4a7-401c-85a3-4823ab5dad77,949130fe-733a-4e1f-bf68-3fe5f401d15a,contacto_frecuente
12ea1be2-f10f-434c-826b-334fa99a4b78,143ebda5-936a-455b-b7e2-1e2cd537d687,contacto_frecuente
2bb73719-170f-49dd-a41e-12986e3b9c9a,e902044c-f338-4579-8442-0dcd34aad037,contacto_frecuente
a4aa28e0-8fb6-4608-80fa-dffa93c4a84e,7e90002f-fca3-4cc5-95a7-2eabf7f251eb,misma_empresa
8a71f7d6-51ef-4122-a4bd-a406f1c76704,102e0377-1be2-413d-b647-d42370995555,referido
d98c5f0f-6fd5-4ab3-807f-0df80099917e,e0cbbb63-0b17-4d9d-908b-ea258cde3eca,referido
265a9bda-38da-455a-9a0f-e3201d84be2a,f6757c99-b134-4e26-ade6-2598ef3a3ac4,amistad
910c7762-e6f8-4538-b5e0-7f307133a355,f76fa74b-3096-4b23-a527-c41be56f138d,amistad
9bcc4edc-8672-448e-bdac-0c88131d3f01,2afbea4f-d1d5-4689-be61-ec2e1b358678,contacto_frecuente
0e048687-cec9-4374-83e8-0b9c504484ce,34fbeb54-ca1a-4b3a-ad7c-bb1941eb8749,contacto_frecuente
0a3866d4-eb35-4d4f-ab34-7a41be7b4925,cb4228f2-4cf2-4a8d-8894-1278178a0319,contacto_frecuente
1f408d91-b566-4161-8954-b80a7409ada3,29cfb490-7ed3-47b5-9b60-2cb3112dfbf6,referido
a2f279f1-3899-4630-8438-15086b3b4274,d378329b-8337-4145-9717-2e6e6b569aa7,contacto_frecuente
32b57dda-a8b6-4360-a7aa-d72f14c5386e,47edb2f3-def4-42f6-85bb-adc25deed8e9,comparte_direccion
2384fe79-d536-4c78-9458-33ec929a59df,d2b1ffdf-19f4-457b-866e-2d0250ee7b36,transaccion
e4d8f20c-0f2f-4887-bfb2-e5e7a26dd2f7,3341b775-6125-4cd9-91f3-20bee329434c,misma_empresa
8a407daf-bab8-4c1d-a4ae-52ea01964b10,e1b4b750-1c9d-4312-a99a-a26284ee7399,amistad
17c72c13-6d06-49d4-863a-d184bfef2d18,2d5893bb-250e-4228-8ab0-1fd6ae9d310b,referido
950413aa-7f2e-4977-86f8-531651356e1b,271298e9-de5c-4d1d-a040-fe6803f5b89f,misma_empresa
348aa7a3-2cde-4d25-b045-c4e99abc084e,456e4351-16f3-45ae-afcd-46019d4f52e8,referido
8e6fe5bf-e73a-4ebe-af93-b3856f50e6c4,9b2b9e9a-6fbf-413a-9294-18f83407fd10,amistad
47edb2f3-def4-42f6-85bb-adc25deed8e9,bbd45d90-c7a8-49ea-81a5-d5ce915ffe1b,referido
34fbeb54-ca1a-4b3a-ad7c-bb1941eb8749,165ef624-53ce-4d55-aaaf-dc9f928e9c67,transaccion
dbfd7db6-ba73-48fe-beee-464ea219e56c,ad7b80ab-bd3f-4ffc-aeb9-2702e9b834d5,transaccion
98ee7ad0-82c8-4da6-b58a-ac3f3a004f97,d2038474-93e4-4752-a21a-d3f5c36c86a0,referido
f14a8ff2-3817-4526-a568-28e75864d1b8,38e46406-9ce1-4f82-b619-6fc813f211a0,contacto_frecuente
312caa62-9bc7-4f6e-894d-a9ad50a79f3f,0718b6fc-1099-4725-934a-3970a519273d,misma_empresa
f532ef03-7895-4d46-8876-197af2810e71,ff628551-60d0-427c-8553-993443632639,amistad
562fb047-489b-44fd-b5e4-e4feee6aaf8c,f741d709-e3b9-4bdb-9a38-7a5469c30ccf,contacto_frecuente
8a407daf-bab8-4c1d-a4ae-52ea01964b10,b194000b-af0b-41f5-97e0-3013ac8e0d9b,misma_empresa
160c6836-84ff-4f70-b41d-8c3891230a6c,d9c9894b-4caa-490c-8bc8-36d3bbaca5e0,comparte_direccion
8dd0b782-eb10-4845-b063-7d1d42dace0a,855a3dc5-dc9d-4774-b2bb-31ea368ae584,contacto_frecuente
cff4aeb5-7126-402f-aaa7-53edc2efd2cb,8516ec31-9809-41d2-b8bc-c358146a9c93,referido
d4ec4d2a-7def-4902-9994-67955c16950d,058654bc-07b7-48d6-aca1-732f8d2aca74,comparte_direccion
702c1773-bd87-4514-a6ce-0bd62eec60e1,1d23c2a7-66ab-4741-b787-f2363565f1ea,transaccion
003b1f43-3079-4987-9dab-29e6b2dfa0dc,da916067-396f-4934-b4d0-4d2bfe744464,amistad
2198b107-67ef-4f6f-a632-a6e56c7ad4d2,e7bf0999-764c-4685-9a1c-1cc973f76784,referido
1e26133c-e89c-4a8b-968f-d7ad7e8edd81,c5b09f94-abac-49e2-9627-4e7d4c60675d,misma_empresa
7e1ee659-be1f-4f7a-9e50-f567edc2d7af,fb7d8095-c6c2-4168-9525-4974647ab55f,contacto_frecuente
fa7aa1cd-4718-4fd2-8de6-82ed2e3290af,160d4ba7-7927-4d54-9a12-5b4b7f20c438,referido
bbc372f6-b53e-46cb-87a1-ae3c9bb37ce6,7f87f3f1-1abf-44ee-94c4-eb0d13653bdf,transaccion
10b9d03e-97fe-4b7b-b616-ca573341d839,e815fac2-44b7-40b8-b9cc-22963f99b05e,comparte_direccion
aa0e2749-6f91-4e6e-ac6c-05ede3633011,088a606f-ef69-4be4-a15b-85f77efd3a41,referido
d4776ed1-2cec-48e6-b499-42bd4c7ffcd3,2a9e354d-cbf6-4458-9ba5-045e492105ba,transaccion
3deb9639-6438-402c-b40b-583e50a7da11,d4ec4d2a-7def-4902-9994-67955c16950d,misma_empresa
03a1a118-5931-43b3-b124-8602c5373e1e,faa5712f-fffe-4108-b4a7-adfb2e47476d,referido
65e7bfe9-1a9a-463d-b961-d8d3e63d3e89,dd9e9110-ef9e-4e20-9678-fb0f69d1d2c0,contacto_frecuente
ed3c9bf0-7fbe-4a8c-8705-618038deb150,1aa199f4-7ad3-46da-a2ff-6d81c0ba472f,comparte_direccion
e9393531-b6e7-4257-9c81-2963762db37d,49a1d8ca-c247-42d9-b944-9cdc595e328c,comparte_direccion
26933967-516d-4853-b015-22a4770606b3,ba441694-8117-404a-9f6c-817ca1122715,comparte_direccion
92326549-5627-4a78-933e-8164f34207a0,e385071d-507b-4474-8f02-d0867de0b9d2,amistad
92fdd34e-89b4-42a5-b3a7-4c7667874e6c,4792bbdb-f4a9-405f-a054-fd33428c79f5,transaccion
12a79437-171a-4999-b7c5-c44512acb657,ee6964e9-597b-42e1-b754-1654d9a85396,transaccion
5b462404-5629-4510-80cb-50e02e46ff64,17c72c13-6d06-49d4-863a-d184bfef2d18,comparte_direccion
f9158bb0-987d-4c1c-9686-20fa8bbd47ab,ff637bdf-bae7-4104-b717-a8b894211b81,misma_empresa
e5d6e924-be98-4209-938e-3537ff21be63,d735e706-8995-4ed0-a4aa-0149d2148710,misma_empresa
e8beb6e0-6898-4eb8-8c05-b18a192b0940,6fd1f463-7808-4a1e-8181-6227818aacd9,comparte_direccion
b8abdc4f-84f0-44d5-82e9-380c43a9045f,4632ef87-4494-478b-9ac3-998b59a7c214,comparte_direccion
2d5893bb-250e-4228-8ab0-1fd6ae9d310b,4e61e6d8-cb2b-48d4-a8a6-0513e46dca43,contacto_frecuente
30655379-4025-4647-950a-2b1e17a7b278,63235ef4-df90-4f87-bb27-43b2cc4339e1,comparte_direccion
42d6a4b8-e198-4a09-a435-10b153badfc2,c053d43f-2c3f-4853-8185-50ff2a553b7a,comparte_direccion
f8237781-fdac-4cb1-b995-085cd0a88db9,498a6ea5-2274-4c8e-8080-4ee67af8c73a,referido
97dfac66-f0d9-496b-a87a-5f2bd916afc7,38cf5f97-03cc-4991-b50a-f9f2db8b7f5f,comparte_direccion
471a9217-a902-4387-b59a-7f373410a321,46651e45-7d83-4e93-9e6e-ce6f983a8c84,transaccion
90218919-bc6f-4696-99cd-f24771270d75,773e7b87-4797-4ee4-86fd-35aed2661a85,contacto_frecuente
d8589696-d20d-4e2a-8e92-7bf44ed6d491,d4ec4d2a-7def-4902-9994-67955c16950d,comparte_direccion
b783252b-b5fa-433b-9f5e-534be59675a1,55948a2d-8f7d-47f8-ac9b-763d3b810442,contacto_frecuente
8091c0d9-4d96-4356-a610-db5bb8effab1,97dfac66-f0d9-496b-a87a-5f2bd916afc7,transaccion
93577691-60dd-4e63-ad90-2c989a194861,c556ecaf-cf63-44dc-b184-dab0c1ef95ef,amistad
7e9a71fe-53a7-486d-a80e-27c56b305c37,65f0e069-f738-413f-84a3-e4992d943bc9,misma_empresa
b58446d5-4ca6-4bc7-b5db-60c9dd4d6579,3730ea3e-f809-4194-8b2c-f2e86a9b8995,comparte_direccion
77be5f41-ee83-41b5-8f60-02bb13627dac,2f1c2160-d6f6-4f49-906f-8a1b6f3c6fbc,transaccion
350d01e3-159c-46c9-af01-98a67b113654,33c8e6c8-efbd-429a-a0e9-6c22b0e1084a,amistad
41a118c9-c3ef-4a12-9f59-a21c51051179,6faf74fa-1f5b-4873-ae82-df38fa793026,contacto_frecuente
10c265eb-1897-442c-9e19-ed4c7861f761,275e422f-fb16-4a4b-8286-3e010c60b113,amistad
89188dd5-1de2-4399-a39b-01b33e19122b,d3afc898-3096-4ed1-8014-36238ba8bfb0,referido
e7bf0999-764c-4685-9a1c-1cc973f76784,e1b4b750-1c9d-4312-a99a-a26284ee7399,misma_empresa
8516ec31-9809-41d2-b8bc-c358146a9c93,7b116c41-3547-40ea-a935-cec6488396b4,contacto_frecuente
6a33ea50-9241-425e-a347-d51963464086,3b48d6d3-c822-43ad-8025-cdf930cf5179,comparte_direccion
f4bd9b1a-f910-4844-a534-3602aff1a0a3,822360c4-ab08-4ce4-bb83-d2fad38cc173,transaccion
d327af68-e29c-443f-a16e-6bfd8137b64e,640a8720-c80a-4def-8681-4849660dd8be,contacto_frecuente
741ead04-5ca8-4bc6-a785-23bddc40619e,f741d709-e3b9-4bdb-9a38-7a5469c30ccf,contacto_frecuente
4014f591-d697-4036-a492-76e6b461b110,4d2b2c04-fbae-4a7b-855c-613d60d27ca6,misma_empresa
5552dafe-cab7-409c-ad18-c38682719e27,85411fd4-dbb2-4d0f-b880-9dffb372043f,misma_empresa
391c05b7-c95b-4a52-826f-89b646153683,ef3f0ffd-f8bc-4dcc-a8a5-e62d41ec3069,transaccion
10c222bc-aa72-49c2-b5bd-818bbbe79ca5,a291a0dc-4cdd-46a1-b826-dfa5db4a31fe,referido
5831cc32-a29e-49db-ac2c-fff07ab54641,527bcd19-af99-4aaa-a728-4236b3f5e43c,contacto_frecuente
e385071d-507b-4474-8f02-d0867de0b9d2,187cd6dd-0fb2-477d-90e9-49f98d117417,contacto_frecuente
1c586b9a-bb1d-4716-b508-00d7dc986042,7136b3d0-8e93-4c92-9eaf-ac5721b62c8b,contacto_frecuente
616c40bd-6f8f-4b2e-bd4c-131e9c8f25d3,c2044a53-bcf5-4f48-8b27-efb24fcb4f11,amistad
9f779d85-c1e2-48c6-b85b-4c5185f7df01,6064874b-e576-45c7-8720-706d8383cdaf,misma_empresa
3e5fb39c-77a6-45eb-9f53-971ff79b3364,e1a6c038-270c-451b-a359-eb3b0374e132,transaccion
34f74617-6b2f-4103-a7c2-1cf92b221cc5,0f2cd062-f3e1-4c69-a6a1-1ef8cf51cf8f,referido
0f889f7b-1e9f-411e-a52a-a7113fbec77f,5e591d6a-98b1-41d2-9909-471c04cf1235,contacto_frecuente
22b56252-89ce-435a-86f0-c00aafa1130a,165ef624-53ce-4d55-aaaf-dc9f928e9c67,amistad
350d01e3-159c-46c9-af01-98a67b113654,dd1eaa4b-e617-4bce-8b3b-a2a3e7ab629e,misma_empresa
04070e63-d543-4102-bc23-93950a7c48bf,bbc372f6-b53e-46cb-87a1-ae3c9bb37ce6,comparte_direccion
d3afc898-3096-4ed1-8014-36238ba8bfb0,d2b1ffdf-19f4-457b-866e-2d0250ee7b36,amistad
a2f279f1-3899-4630-8438-15086b3b4274,38e46406-9ce1-4f82-b619-6fc813f211a0,amistad
d99cba24-4655-4165-87f6-2c51103ab92b,30dc7e98-9210-445e-b859-959c556132f7,amistad
89188dd5-1de2-4399-a39b-01b33e19122b,33839114-2d08-4a60-8865-5d5c6268754b,contacto_frecuente
310e6eda-7fb5-4583-af41-e405d43b45b7,43d0e28a-7103-4d4f-8bbb-366043310791,misma_empresa
f2a980b0-4ea9-4361-835b-163f09dcd40e,26933967-516d-4853-b015-22a4770606b3,transaccion
c9a27b8d-574c-4ad3-9923-2517b7849f0c,d52459af-0672-4798-b04b-46e1af49ad2f,contacto_frecuente
0823c0d8-8635-4c40-a0dd-8124cd6e5e68,b1772e92-f68d-497a-be83-3a9fe4477fb4,misma_empresa
524e2c60-9c6a-4dfe-95f4-a5771318e3a3,d364b2e7-ac53-4062-937a-a3a4156a5284,amistad
db6427d4-8f71-4548-a2ba-637f4e3d3694,6daaf891-af4f-4348-a882-c963676c72bd,amistad
855a3dc5-dc9d-4774-b2bb-31ea368ae584,822360c4-ab08-4ce4-bb83-d2fad38cc173,misma_empresa
dd9e9110-ef9e-4e20-9678-fb0f69d1d2c0,720d44a3-acc5-4d7a-80a5-0ae6a7a75c46,comparte_direccion
088a606f-ef69-4be4-a15b-85f77efd3a41,8516ec31-9809-41d2-b8bc-c358146a9c93,contacto_frecuente
a001c192-f409-40ac-874b-337c83020f78,5581cd66-e36b-4896-b846-698b5d20706e,contacto_frecuente
580d9cd4-f66a-4e08-8efc-7480ac7e5af1,05c602ad-a3c7-4c28-8545-f514a8e1af7c,transaccion
01ff4206-9bc0-4691-913d-6f0fada3d037,ff637bdf-bae7-4104-b717-a8b894211b81,comparte_direccion
ba2932b2-23dd-4562-97cb-903a2688024a,d01381cc-ca84-4ed9-8dd5-3ede9cd2b267,amistad
944c1a0e-4ea8-4255-9dd8-f32bbcf3e16a,c000188e-51f6-4198-a303-5b269fc8c633,amistad
51ffbd77-f951-4d60-bf46-e08f08e8f4b1,312caa62-9bc7-4f6e-894d-a9ad50a79f3f,transaccion
cf8e22bd-90ba-40dd-bc96-781efd460d6e,d674f1de-451a-4dd9-bd26-ba9c8863cf70,misma_empresa
76ee0c42-8e41-485f-b16e-c479cc35a28e,ab82b02e-17ec-4492-94d0-0d737d394956,amistad
c48fe713-2c2e-4e43-8704-1d9a42f4ebd5,ad5cdfb1-17e1-4e42-84e4-95bf01c01988,transaccion
43d2a245-e8a8-4eec-9349-78071985e419,f2804b11-1e1d-4c9e-97b8-ee6b62b44187,referido
bcd6ba1c-0976-4fee-a19f-629462655b82,b956d8e9-48eb-4630-ad14-96f1aae283bd,misma_empresa
fafd61d3-8ea7-4c5f-9729-9e578323dc40,e902044c-f338-4579-8442-0dcd34aad037,transaccion
fba022bb-953f-4716-a407-f8ed0033a19f,2ae7ef2c-cabc-4976-87e1-1f2e0bc2fa54,transaccion
7a92d9bb-f8e3-4a46-8322-c661c09975f9,59f2032a-b31b-4d45-aa03-61821de03b61,amistad
1df54cf5-436c-4c58-a273-c6184739f64c,ea4029c2-6c97-47e2-b282-4029c9587f99,contacto_frecuente
18903d6f-c35a-44de-b85e-addce0d12974,fba022bb-953f-4716-a407-f8ed0033a19f,amistad
0f2cd062-f3e1-4c69-a6a1-1ef8cf51cf8f,2ba8f084-0f73-4018-8017-103b3dcdd80f,comparte_direccion
d60ec45d-e38c-48fc-9c0f-c5b73202ce7e,86a52eb8-99da-4c36-8ea6-b52f399f22a1,misma_empresa
f76fa74b-3096-4b23-a527-c41be56f138d,b424fc25-0497-4ac1-ba1a-33597e541c8e,comparte_direccion
ad7b80ab-bd3f-4ffc-aeb9-2702e9b834d5,5d887e9e-f6a9-41dc-9f43-747b93dd2458,contacto_frecuente
271298e9-de5c-4d1d-a040-fe6803f5b89f,1bacff05-6002-44bb-8f70-7dbc7ab6802f,contacto_frecuente
8883ecee-ba2e-4b13-90dc-bf5a66f8b892,43d0e28a-7103-4d4f-8bbb-366043310791,comparte_direccion
411ee90f-2d48-4996-aa2e-3a91aa712d3a,5581cd66-e36b-4896-b846-698b5d20706e,comparte_direccion
b8addbe7-c97e-466e-80f5-2e5762b73567,73d1736f-1cd9-4f66-9771-32bceb576f48,referido
24e394ce-e36b-4ba7-a008-010f55277d0b,20aef770-e4d1-46e7-932a-5b8a472af0ae,transaccion
e0c417d9-e723-4693-92a6-757b0a97e209,496fa519-0919-43b7-a249-7d9683391d23,contacto_frecuente
34583817-a513-4359-a672-63f3f1de3475,505d4eee-612e-4b83-a225-daa0cd0f2fbd,amistad
45b617da-0d23-4ada-8844-033b84adc06c,4e61e6d8-cb2b-48d4-a8a6-0513e46dca43,referido
617fc74b-300a-44cc-a05f-7e7059907d0f,38e46406-9ce1-4f82-b619-6fc813f211a0,comparte_direccion
9845eac5-a9e7-421d-a55e-654aff9e7e3f,2ec21ed6-d580-4bbe-bc5c-a6a47f76a59b,amistad
d3166baf-4f72-4b90-9f1a-903e18abb6e7,a5014585-5f70-400d-ac46-f9a32e3daf04,transaccion
ef3f0ffd-f8bc-4dcc-a8a5-e62d41ec3069,8e6fe5bf-e73a-4ebe-af93-b3856f50e6c4,comparte_direccion
9346ba69-a72c-46a1-83e4-4cecbd85556f,fd2a05f2-a7ea-4e61-b856-baca78d523c2,referido
3bea23ee-2ca2-405d-a01c-259405580790,dd1eaa4b-e617-4bce-8b3b-a2a3e7ab629e,comparte_direccion
d8ef0b7a-be21-430b-992a-cf9ed5743ed3,37ab8a53-9fd4-4a2b-bc37-76a27b810f0b,transaccion
a8aa84da-7956-4ead-ad86-d030b9fb13c1,1bf1b98b-e944-403e-8ce0-41c2204cd754,referido
82a80399-a933-4dbd-984b-5d2079d03b99,ea28254d-5cbf-4803-bb29-26be23f1bd6c,comparte_direccion
045c2cc2-9311-438b-b9e3-6e98bbb68128,430a8713-a6a9-42f9-af0e-b23cc7832538,referido
4843be8b-2758-42c8-a35a-e41ca1e5b030,9c094078-3e30-45ae-a8b0-09684532d278,misma_empresa
391c05b7-c95b-4a52-826f-89b646153683,bafd4b8d-22eb-4404-8d60-5093dc11eb1a,amistad
f0a1044b-83fe-4dfe-a6a7-c22f90643466,d18d1bef-1773-4f8a-9c41-c0d675d31b48,comparte_direccion
f36bae57-bcd5-4f58-ac1f-fc0a729e5c92,4da44b58-96af-485d-b753-53cde5c48e9f,misma_empresa
b412face-7f39-49fd-ba95-997601ac7606,bbf98720-2681-48c7-a1c2-2a66e93d103f,amistad
112ecb07-0088-4269-b171-0f412ae64525,981b28ae-7fe3-4dbb-855c-5ecc5031faf1,comparte_direccion
b811b7ab-af5b-452c-af6b-a42ca0815a80,7c5e9376-2cd9-4ba0-86a3-1ac573743810,amistad
e0cbbb63-0b17-4d9d-908b-ea258cde3eca,0f889f7b-1e9f-411e-a52a-a7113fbec77f,referido
c0e4b289-c864-4cd8-ad6b-1289ff7deb28,24e394ce-e36b-4ba7-a008-010f55277d0b,misma_empresa
e2e8b04f-3489-4546-a11d-0ac156b6d4d5,10c265eb-1897-442c-9e19-ed4c7861f761,referido
ba2932b2-23dd-4562-97cb-903a2688024a,a5d02515-acc8-473a-b472-eca4a89f60e0,referido
5b50a20d-e1ea-4884-b5bb-9a3c92198f58,1fa3918d-9f77-4f61-b1f5-0f35d6221a74,amistad
a8ccf291-d94f-4738-b943-66a50d0fdac2,a09e61eb-7f41-422e-9de9-fc353f850711,referido
03ba23cc-074f-4425-bbc8-acd939008ae1,a7a2f8dc-9e66-4935-a4c6-2ee008a1da3d,transaccion
ea4029c2-6c97-47e2-b282-4029c9587f99,77be5f41-ee83-41b5-8f60-02bb13627dac,misma_empresa
4477a23a-9cf1-4416-ae32-125a3067c459,192ad96d-f055-4849-a912-6cd88f1b421d,amistad
df9fc63c-2c47-4ee0-b1c8-319c63dc3dd9,46ea322d-203d-4382-9b5d-c5cb1ad81a71,contacto_frecuente
fd8cd495-2626-453c-92f9-11adecab3e7d,13fd968f-af04-42ce-9ec0-bd292ea3ed2b,contacto_frecuente
54e651ba-2d33-4af2-9513-9b57311ca934,1c2a58ac-3da8-4561-b7ee-e7366f6421d9,referido
3ed126c6-163a-497c-944b-20e67c13f371,709ce600-7053-45dc-b802-5d4a1d1fb8f3,transaccion
5b50a20d-e1ea-4884-b5bb-9a3c92198f58,de6037ac-f02b-44b7-90b8-cad111ea6882,transaccion
0e840bfb-516f-47b4-a528-a6ee6e6dee64,6d2fdbbd-2c72-4f88-9e12-04ebc37dd677,comparte_direccion
08773578-febb-4955-93c3-e276d6c115ac,2d6830b3-48b7-4951-8504-1e22e84afa76,contacto_frecuente
65cc42f6-1b47-463a-968f-26e287f601e7,733c237a-9a1c-42e5-aaa1-3739c90e5ad2,amistad
fa7aa1cd-4718-4fd2-8de6-82ed2e3290af,0b17c26a-a18f-445c-8c06-8bda330a3cd3,amistad
21e9bd50-19c2-425a-9cd9-3f7b25a41d3b,5fa87ee9-821f-4fce-98fd-8c1938124df7,transaccion
e99463d4-2a5a-4479-a32b-89b60f2b244a,5e34c618-4523-44b4-a235-0e81e13ee687,comparte_direccion
0f201eae-9388-4dd1-9da4-f1c43a713476,a5014585-5f70-400d-ac46-f9a32e3daf04,transaccion
55948a2d-8f7d-47f8-ac9b-763d3b810442,6f693196-620f-4334-a0c3-9f2f0bbf6863,comparte_direccion
cf0e5901-2c6c-43fc-b2ea-a565df2765a4,a703af62-e8f4-4b37-b0d4-4bd29bddb39f,transaccion
773e7b87-4797-4ee4-86fd-35aed2661a85,c000188e-51f6-4198-a303-5b269fc8c633,comparte_direccion
85411fd4-dbb2-4d0f-b880-9dffb372043f,75bfe467-3b16-4435-a5b2-1353d9f9b5e4,comparte_direccion
387229aa-561f-4547-85ed-30fe3edadf28,5fa87ee9-821f-4fce-98fd-8c1938124df7,amistad
fafd61d3-8ea7-4c5f-9729-9e578323dc40,17c72c13-6d06-49d4-863a-d184bfef2d18,transaccion
119e2eb7-9f77-4087-bc54-3ebf36e3a0d3,0a3866d4-eb35-4d4f-ab34-7a41be7b4925,transaccion
d745b93e-6ce6-4a7e-b68d-fdfbb64d7572,d3166baf-4f72-4b90-9f1a-903e18abb6e7,transaccion
e6c3d883-ea17-46b2-ba1d-ddae4db4c4be,112ecb07-0088-4269-b171-0f412ae64525,referido
f49e2c1b-7616-471e-a275-46d9d619132f,b1772e92-f68d-497a-be83-3a9fe4477fb4,amistad
496fa519-0919-43b7-a249-7d9683391d23,23a5af36-d1cf-4cee-94b1-6238d722ff25,amistad
92326549-5627-4a78-933e-8164f34207a0,cc38ba46-2b59-4399-8af7-d817b5875a4d,misma_empresa
952de6dc-69a6-4a07-81e8-916771bbe8bc,06d9793e-e491-4c5d-9c15-c903704da0ab,referido
21071296-684d-4a4e-b2e6-8ceb81cb68a5,e2d76fbd-37cb-4982-b3cb-8ad2448b724b,amistad
9220e932-48bb-44dc-9cd8-b2e9e1c6b4bf,bf3b4237-5efd-47aa-b9b3-e7c571537107,misma_empresa
98313e47-6c8a-414d-9a78-0733de160b87,439bf853-2fef-460e-8625-9390eb68a7b1,referido
342d405b-1f8b-433d-85db-66b887502fe4,f532ef03-7895-4d46-8876-197af2810e71,comparte_direccion
1ca8a12f-1ce1-4618-9c3e-d439fe35d147,f62fed2c-88e7-4c89-abb3-bb97fc91717d,comparte_direccion
2bb73719-170f-49dd-a41e-12986e3b9c9a,98ee7ad0-82c8-4da6-b58a-ac3f3a004f97,transaccion
b412face-7f39-49fd-ba95-997601ac7606,34f74617-6b2f-4103-a7c2-1cf92b221cc5,contacto_frecuente
527bcd19-af99-4aaa-a728-4236b3f5e43c,6fd1f463-7808-4a1e-8181-6227818aacd9,amistad
649f67a1-9120-4af8-8e41-c3682e8c5dc9,949130fe-733a-4e1f-bf68-3fe5f401d15a,amistad
e0f2a85a-f8c2-42c3-9b08-fd98a35ea6ba,c5b19ce2-3522-4ac2-843a-4f5a5cb83f73,misma_empresa
e662107a-cc8c-47f3-bbe8-596834d74c86,b6ac0231-599e-4f19-a294-b1eb4c325ba8,contacto_frecuente
ca840181-2c1c-41a8-bba8-bb9087c5ac08,232a2854-7f97-4f2f-8ee9-3224a472ae87,referido
a4aa28e0-8fb6-4608-80fa-dffa93c4a84e,2d5893bb-250e-4228-8ab0-1fd6ae9d310b,amistad
9c2424be-65b8-4019-8027-85fc3048e060,5ddd0479-cd64-44ec-b67b-f76675bafb24,transaccion
7921c0a7-11f8-4e19-8309-cc3867906450,1df54cf5-436c-4c58-a273-c6184739f64c,amistad
07108aca-a36b-4827-8ac9-3ec8ccd564e6,f9ee9fa6-6246-4377-a631-90f696cffd44,contacto_frecuente
d0e93ed6-9f51-45c6-bb8c-838332a72fbb,874c7304-91b8-420d-ab9e-6818807e4435,referido
34f74617-6b2f-4103-a7c2-1cf92b221cc5,b62edd63-76ed-45bb-8acd-7c377339ff93,transaccion
b62edd63-76ed-45bb-8acd-7c377339ff93,f49e2c1b-7616-471e-a275-46d9d619132f,referido
d2038474-93e4-4752-a21a-d3f5c36c86a0,2bb73719-170f-49dd-a41e-12986e3b9c9a,contacto_frecuente
143ebda5-936a-455b-b7e2-1e2cd537d687,bcf0e8bf-c003-4428-be22-c4b9cf542ecf,comparte_direccion
616c40bd-6f8f-4b2e-bd4c-131e9c8f25d3,f2edd005-db14-4f41-bb5b-e4a3ce481fd5,amistad
f2804b11-1e1d-4c9e-97b8-ee6b62b44187,a84384fb-4bab-490f-b133-66c47ef8d593,comparte_direccion
8e6fe5bf-e73a-4ebe-af93-b3856f50e6c4,b000ba8d-e7b5-4a78-98eb-255c371ac015,comparte_direccion
2fc565fb-f448-4b94-8a52-7492abe701f6,1d3683be-7485-4bb9-995a-8736c58accec,contacto_frecuente
77be5f41-ee83-41b5-8f60-02bb13627dac,393069d6-4123-400b-b864-ff1273f3ffbe,transaccion
0bf2efa4-e1a0-4cf2-9a3b-db11cb9e028b,6faf74fa-1f5b-4873-ae82-df38fa793026,transaccion
7c5e9376-2cd9-4ba0-86a3-1ac573743810,b424fc25-0497-4ac1-ba1a-33597e541c8e,referido
a0d4052f-1a9d-401a-ab78-7024d97d6dd3,8961e653-5e37-4c02-9232-6d4f7514b541,amistad
3b48d6d3-c822-43ad-8025-cdf930cf5179,3d25576b-d67c-40b6-9b5d-3b3d2f0ccc1d,transaccion
26933967-516d-4853-b015-22a4770606b3,03099c17-2fae-4f5a-8c24-6d876648f5c4,referido
2d6830b3-48b7-4951-8504-1e22e84afa76,51250a9c-22e8-4815-9edb-8d37a91ec643,amistad
d674f1de-451a-4dd9-bd26-ba9c8863cf70,6064874b-e576-45c7-8720-706d8383cdaf,contacto_frecuente
43d0e28a-7103-4d4f-8bbb-366043310791,8aac948d-9ba5-441f-ace7-1d24c28b647e,amistad
62eae3fc-a8a6-41b2-9293-af4b89a68fa9,9cc95113-08b4-4755-9514-0f7aa4255fd9,amistad
5831cc32-a29e-49db-ac2c-fff07ab54641,65bbc211-25bd-4025-a094-fef9244a26ee,comparte_direccion
21071296-684d-4a4e-b2e6-8ceb81cb68a5,82fbfd56-a6ed-4faa-a561-3c7142b30f7b,amistad
52647fd3-4ab1-430d-9622-fd61b57084b9,0962e737-a570-4df9-ba2d-d146f37fcf45,misma_empresa
0b96f009-a0d3-4bdb-8d4b-0d80d1ec08e8,8accdbb4-28f8-4657-9960-f963d3003aa7,transaccion
51db518d-e8df-4cc3-bcee-509e1f3ce620,b7dc6d59-6fcc-497f-aa2b-44fcffc34a39,misma_empresa
4fe969a7-fef0-479e-ae85-a657fbe1765c,a7b4eece-06d1-4195-a89b-c63a20dbfe07,amistad
bea2817b-3c04-4e3d-ae83-f55219ca7e15,40f8a80f-6ab7-40bb-a3ec-1b21772ec5e7,contacto_frecuente
5b462404-5629-4510-80cb-50e02e46ff64,7a6de69b-6ae3-44f8-b3b4-a2d43be507e0,comparte_direccion
3deb9639-6438-402c-b40b-583e50a7da11,d7d9da8a-50c1-4f41-b5ff-eabb2a97e05f,referido
325a9d8d-cc0d-4b22-949d-be37ecee0e1c,c52a3bab-6a92-4ad6-8831-07ad9a6acb0d,referido
04070e63-d543-4102-bc23-93950a7c48bf,bd337004-4809-4595-b138-e2a6c776d648,misma_empresa
9ae05dee-963d-4ffc-adcc-012239c42d7f,d735e706-8995-4ed0-a4aa-0149d2148710,misma_empresa
8e6fe5bf-e73a-4ebe-af93-b3856f50e6c4,06c9ba8c-cbfd-4b5a-8051-91351aec2178,amistad
9ae11d6f-1549-4090-886d-aca8e2676cdd,ce092563-1e16-49ce-86df-556f47f91da1,referido
d674f1de-451a-4dd9-bd26-ba9c8863cf70,d99cba24-4655-4165-87f6-2c51103ab92b,misma_empresa
9aa50e3b-1dcb-4464-9f61-8b6d003a2386,10c265eb-1897-442c-9e19-ed4c7861f761,transaccion
102e0377-1be2-413d-b647-d42370995555,b424fc25-0497-4ac1-ba1a-33597e541c8e,comparte_direccion
1505a18a-f26f-4d2d-93bf-89a3daaf3b33,0718b6fc-1099-4725-934a-3970a519273d,misma_empresa
b8addbe7-c97e-466e-80f5-2e5762b73567,b2ad8312-41f9-474b-94fb-65147551b92c,misma_empresa
d327af68-e29c-443f-a16e-6bfd8137b64e,312caa62-9bc7-4f6e-894d-a9ad50a79f3f,transaccion
6cb639a8-98e0-4515-a42d-3ca9f449357a,2a19ef04-0905-48b7-8f62-369b11dea175,misma_empresa
143ebda5-936a-455b-b7e2-1e2cd537d687,1740c5b2-391e-4bb8-be90-d3cfc8137116,comparte_direccion
ba6e834a-7173-4864-9ba1-d8b337a570a1,c4e4c61a-ed9f-4e33-bd2c-87cacdd75491,contacto_frecuente
244f328c-b268-4985-90ce-b111e3f03b84,fccfc31d-57db-4100-804c-5cf0c0b11274,comparte_direccion
617fc74b-300a-44cc-a05f-7e7059907d0f,56931ee0-b0c8-4a2f-891e-06a871947640,amistad
f6757c99-b134-4e26-ade6-2598ef3a3ac4,26ed4942-6432-4311-bc0c-9baca5a31a06,misma_empresa
1ce3e67a-b4ac-43c1-b97e-3921ef628e52,a8ccf291-d94f-4738-b943-66a50d0fdac2,comparte_direccion
125ce11a-f271-4f3a-af0d-60dbf756553b,70205a0d-9f19-4db8-a864-e9e5b8fb7f17,amistad
cc575403-d29d-4406-895b-0f434579b1fe,ca7c6303-c94b-4cdd-9472-0b4946252c7f,referido
624da621-73a3-43cd-bc37-b65d515d72ac,4e61e6d8-cb2b-48d4-a8a6-0513e46dca43,misma_empresa
bbc372f6-b53e-46cb-87a1-ae3c9bb37ce6,d5defbc7-908e-41b2-bb49-341be428125d,referido
3707b589-dbeb-43de-bebf-9aff364fc284,dba95bd7-ba54-42fc-a9bb-2424d0958182,contacto_frecuente
cb94d157-7e9b-4117-8b00-2fc427ac25a1,d98c5f0f-6fd5-4ab3-807f-0df80099917e,referido
201e2dcb-eb4f-4c3d-bb2e-2ff9a8bd6e23,c0e4b289-c864-4cd8-ad6b-1289ff7deb28,transaccion
b1772e92-f68d-497a-be83-3a9fe4477fb4,e3b4c1b1-ac10-43c0-baff-63d46cea5a03,transaccion
f09c2390-5108-42fb-b5e0-aba600b3bffa,53ff0ff4-7141-407c-b962-a6d10545fd5f,amistad
06c9ba8c-cbfd-4b5a-8051-91351aec2178,071bc922-7abb-4e9f-8a54-b21b6aecb45c,misma_empresa
17d725da-211f-4fca-9066-d7ad87e195f2,cf0e5901-2c6c-43fc-b2ea-a565df2765a4,comparte_direccion
702c1773-bd87-4514-a6ce-0bd62eec60e1,6064874b-e576-45c7-8720-706d8383cdaf,amistad
7136b3d0-8e93-4c92-9eaf-ac5721b62c8b,124f28e9-ba39-430a-9ae6-415573151d7c,amistad
0a3866d4-eb35-4d4f-ab34-7a41be7b4925,152674b3-b388-4c07-af3c-a3413549e137,transaccion
59f2032a-b31b-4d45-aa03-61821de03b61,4460c604-8543-42c5-a418-e1a8186ba38e,comparte_direccion
6a33ea50-9241-425e-a347-d51963464086,3ffad48d-8e2c-4809-95a3-c9a9dcabc999,comparte_direccion
d4776ed1-2cec-48e6-b499-42bd4c7ffcd3,a668a70e-e4b8-42bd-a8e1-e9a2b1e24b68,referido
45446001-d01b-4758-9e21-e7945825b9aa,45b617da-0d23-4ada-8844-033b84adc06c,misma_empresa
41249598-696e-4416-92fc-0df47be0c3b4,17c72c13-6d06-49d4-863a-d184bfef2d18,transaccion
527bcd19-af99-4aaa-a728-4236b3f5e43c,4a845e7f-62e5-436c-923d-1e497170f11c,comparte_direccion
21c02ab6-9706-4fc0-ac41-2ac7dec39f60,1c981081-af17-4101-96a3-44cab5e03eb9,misma_empresa
4ab8b987-abc2-42b9-a37d-0de8522b5658,f019154b-78b3-4593-8389-628dbe437d47,amistad
9e2aa52d-792d-402e-80e1-37ea2273ece1,3a9ac4d6-6b04-41a6-9adf-f6f6dcefa313,comparte_direccion
dcd40a1c-f423-46db-bfea-2f1cd43b2be4,e6512fa9-d432-4138-ba9a-a68fd1927071,referido
5cdc53a9-cc18-465c-aaf1-f7156838a0b1,b8abdc4f-84f0-44d5-82e9-380c43a9045f,contacto_frecuente
98ee7ad0-82c8-4da6-b58a-ac3f3a004f97,342d405b-1f8b-433d-85db-66b887502fe4,transaccion
0b96f009-a0d3-4bdb-8d4b-0d80d1ec08e8,d674f1de-451a-4dd9-bd26-ba9c8863cf70,referido
8accdbb4-28f8-4657-9960-f963d3003aa7,98146c85-d5e8-4ef7-8da1-259302422c9f,misma_empresa
eaa8faea-738b-4b88-9fb6-b9a29a50fc88,c4e4c61a-ed9f-4e33-bd2c-87cacdd75491,amistad
3b8bb06a-9018-4025-ae17-9d4588a5ff39,ad381aff-759b-4964-86c9-0d66855b8f13,comparte_direccion
24e394ce-e36b-4ba7-a008-010f55277d0b,e815fac2-44b7-40b8-b9cc-22963f99b05e,referido
94e381f3-5c54-4156-a94b-de7e6b65f14b,81e0634f-c5ef-4bd4-afe8-efc0297ea950,misma_empresa
daea4c0d-39a1-45dd-b3e5-1fa3f3e8f078,ea5161d3-d16d-4720-b393-a80c195ce16d,amistad
27048d1b-dafb-42fe-bffc-508792efb6af,1329f0d1-8479-4298-bb64-5ca718f8d91e,contacto_frecuente
3ef06c93-f669-4a7b-b373-e7b606737c96,5808b677-4bb0-41e1-979d-4d7dbaee6e15,comparte_direccion
26933967-516d-4853-b015-22a4770606b3,709ce600-7053-45dc-b802-5d4a1d1fb8f3,transaccion
587ad707-4c16-4965-b5cb-ebfe5f51564e,d0873b37-bcd6-468b-b9f2-d345b9988903,comparte_direccion
ce092563-1e16-49ce-86df-556f47f91da1,ca1d4e5a-10a9-4d5c-ae15-34fe48db6d7e,contacto_frecuente
cf0e5901-2c6c-43fc-b2ea-a565df2765a4,f7df2221-3130-4a51-8be3-f00e16245571,comparte_direccion
431576a5-aef8-43ca-810a-6ec2cd286e79,5b50a20d-e1ea-4884-b5bb-9a3c92198f58,transaccion
dee3a3bf-c35c-456c-9b83-8d775b444909,fb7d8095-c6c2-4168-9525-4974647ab55f,misma_empresa
ab82b02e-17ec-4492-94d0-0d737d394956,2812615b-d2a8-4a94-bc33-d2dbd49df4b0,misma_empresa
b54c30c3-7405-4127-b7f4-307282756545,85ad8d89-fd3f-4ef3-b6c2-484196c63cf4,transaccion
0c21f237-9de2-4b2f-b9da-bbdfd7fe9277,6412d87d-2bc1-49db-b819-51737942a422,transaccion
603ef579-68c3-4674-8546-87634cdd0f18,fd2c1c21-1293-4a48-b3c0-3f82d1c5b0c0,transaccion
bbd45d90-c7a8-49ea-81a5-d5ce915ffe1b,06c9ba8c-cbfd-4b5a-8051-91351aec2178,referido
7a47f978-9feb-48cc-880f-4bc65d9bb301,20aef770-e4d1-46e7-932a-5b8a472af0ae,transaccion
e902044c-f338-4579-8442-0dcd34aad037,c52a3bab-6a92-4ad6-8831-07ad9a6acb0d,amistad
a7969e78-fb33-4a91-84de-4e31d00a9c90,62285e62-cb15-4c11-a920-5e11eef25cd7,referido
4b486e23-680e-476a-9625-9e21581793b9,6f96cb0f-98fe-4155-b80d-1cb95dec1eef,comparte_direccion
5a00ec44-a15b-4891-a5c1-ce1ab43a5cad,691a34e0-3adb-402d-901a-16a072ed666b,contacto_frecuente
9c094078-3e30-45ae-a8b0-09684532d278,56931ee0-b0c8-4a2f-891e-06a871947640,misma_empresa
b943c47b-7db8-4946-94ca-809d40b05d34,822360c4-ab08-4ce4-bb83-d2fad38cc173,contacto_frecuente
d735e706-8995-4ed0-a4aa-0149d2148710,5cdc53a9-cc18-465c-aaf1-f7156838a0b1,referido
ab15c283-3b34-45d6-b183-944cb1e31bd9,27048d1b-dafb-42fe-bffc-508792efb6af,referido
d52459af-0672-4798-b04b-46e1af49ad2f,0fa7d8c6-299a-4036-b550-f57a86fd6d68,referido
f741d709-e3b9-4bdb-9a38-7a5469c30ccf,4632ef87-4494-478b-9ac3-998b59a7c214,contacto_frecuente
63ccbaf7-8766-41f6-80e3-c8b638cebac0,d8694562-8a5e-4d76-840d-41311a6709de,transaccion
bbd45d90-c7a8-49ea-81a5-d5ce915ffe1b,c4e4c61a-ed9f-4e33-bd2c-87cacdd75491,amistad
89188dd5-1de2-4399-a39b-01b33e19122b,0962e737-a570-4df9-ba2d-d146f37fcf45,comparte_direccion
b99bd0d5-939b-4321-b0d7-eed3086513a8,99620068-99d7-4351-9b01-2b4c0af9299a,misma_empresa
8e4264a6-ca9d-4d43-999a-3a7b1004a2dc,2e5fc44b-9bab-441b-a73a-49327115e954,transaccion
1958aa70-580b-41ef-9785-1963b5fe2abe,192ad96d-f055-4849-a912-6cd88f1b421d,comparte_direccion
f49e2c1b-7616-471e-a275-46d9d619132f,adb2430d-6bf2-42f9-8fa7-47f83efba491,referido
e32b2da3-ef97-4df7-b9bc-c571df36298c,1178f79a-d7dc-4eb7-95bc-c0b9eee4ea19,transaccion
b4263f4a-46de-419d-afb3-27a684025ddd,7f408f8c-f1b0-4a76-94c5-b40127a93f3d,referido
dba95bd7-ba54-42fc-a9bb-2424d0958182,f4d465f9-64af-46d1-9859-95cc7085d2d4,contacto_frecuente
2dff3ef3-4f01-4dee-9820-d72c49ff8816,f7df2221-3130-4a51-8be3-f00e16245571,amistad
3e9499f9-2993-4487-93f9-b38fd18061ba,342d405b-1f8b-433d-85db-66b887502fe4,transaccion
cf162700-ea00-4aff-8af2-bfa621cb237d,4a542bc0-9f4d-42e3-81f8-3845f0fa2a92,amistad
df9fc63c-2c47-4ee0-b1c8-319c63dc3dd9,7e90002f-fca3-4cc5-95a7-2eabf7f251eb,amistad
f11f9f4c-bb61-49de-bdb5-ec926c3f042b,1505a18a-f26f-4d2d-93bf-89a3daaf3b33,contacto_frecuente
cb4228f2-4cf2-4a8d-8894-1278178a0319,702c1773-bd87-4514-a6ce-0bd62eec60e1,comparte_direccion
f26ff26a-cf37-4d12-933d-db1ba03ec2c5,271298e9-de5c-4d1d-a040-fe6803f5b89f,amistad
ba2932b2-23dd-4562-97cb-903a2688024a,07108aca-a36b-4827-8ac9-3ec8ccd564e6,misma_empresa
010a0a9b-868c-4d16-8475-205108232ee4,5b50a20d-e1ea-4884-b5bb-9a3c92198f58,misma_empresa
f8237781-fdac-4cb1-b995-085cd0a88db9,439bf853-2fef-460e-8625-9390eb68a7b1,transaccion
5e591d6a-98b1-41d2-9909-471c04cf1235,5a00ec44-a15b-4891-a5c1-ce1ab43a5cad,comparte_direccion
fc5785b5-2ee9-4e5a-8ee6-c6c04e0af3f7,3df4fe2d-a784-4b7e-9e8a-ab637c52c30e,comparte_direccion
b13a960d-c1e8-4ec9-88ba-8f113f663717,2576f4b8-edc3-4567-9ad3-7bc995af4fec,transaccion
d4ec4d2a-7def-4902-9994-67955c16950d,6faf74fa-1f5b-4873-ae82-df38fa793026,comparte_direccion
850dc172-facd-4f69-be2e-803a9b3f8850,46abaec7-035c-4154-95c5-5a59ed799c94,misma_empresa
c228f2a7-e58c-45cf-8795-89effe30fbbc,9a6b1437-6a0d-4b74-b408-1a8ad2ca3b09,amistad
6befaa47-3619-4112-b7f7-790ec824cc96,98ee7ad0-82c8-4da6-b58a-ac3f3a004f97,misma_empresa
a8aa84da-7956-4ead-ad86-d030b9fb13c1,e437a3e7-7831-4293-8ea5-9d28537631cd,transaccion
b8abdc4f-84f0-44d5-82e9-380c43a9045f,4cafe361-175f-44a5-8afd-765208b943fb,transaccion
3a9ac4d6-6b04-41a6-9adf-f6f6dcefa313,83cb13b9-d81b-4410-a5db-8ee0b642fa1a,contacto_frecuente
38cf5f97-03cc-4991-b50a-f9f2db8b7f5f,702123ab-b820-4e1d-9f40-23b3e176cfdf,misma_empresa
9ae11d6f-1549-4090-886d-aca8e2676cdd,387229aa-561f-4547-85ed-30fe3edadf28,transaccion
3b48d6d3-c822-43ad-8025-cdf930cf5179,04bc037a-f7e1-417f-a8ba-5e875e07b421,contacto_frecuente
519e5c44-99d5-42ae-8a12-7ae8a325c02a,e5d6e924-be98-4209-938e-3537ff21be63,misma_empresa
3cb04b81-c3b6-47e0-b0f3-4b0e8ee16c01,ae93209c-fc3d-40d1-9c4d-efd57392f1e6,transaccion
603ef579-68c3-4674-8546-87634cdd0f18,1df54cf5-436c-4c58-a273-c6184739f64c,misma_empresa
f741d709-e3b9-4bdb-9a38-7a5469c30ccf,4704851e-2f3a-4f21-b88f-dbb07eb9ca1f,misma_empresa
06d9793e-e491-4c5d-9c15-c903704da0ab,ff628551-60d0-427c-8553-993443632639,comparte_direccion
d327af68-e29c-443f-a16e-6bfd8137b64e,439bf853-2fef-460e-8625-9390eb68a7b1,comparte_direccion
f6f89bb8-9b00-4f92-a25c-58246e305f58,d4ec4d2a-7def-4902-9994-67955c16950d,comparte_direccion
3c531a0a-b4bc-461f-bfe9-6531ac3c3ffd,05c45f1e-db64-4d12-8dc4-5299467dd814,amistad
411ee90f-2d48-4996-aa2e-3a91aa712d3a,5b4ceb3b-4476-4b43-b11c-1b1757eed029,misma_empresa
9ab5b617-dbbd-4fd5-86d3-cb02b4c87b9f,65e7bfe9-1a9a-463d-b961-d8d3e63d3e89,transaccion
2b62fddd-9649-4cd9-b515-72c9c1fdb787,d3d01ad9-2647-421e-b6ac-2676ca77fb36,misma_empresa
ca7c6303-c94b-4cdd-9472-0b4946252c7f,439bf853-2fef-460e-8625-9390eb68a7b1,referido
60c0bac1-b726-441d-adc6-fbfca81023f7,eaa984e9-a667-415e-96c6-b926fd625343,misma_empresa
f49e2c1b-7616-471e-a275-46d9d619132f,b95df859-1ad1-4687-8901-2fdd33eee80b,transaccion
49968ea6-2c29-4fb4-ab80-4bda23e7d1b9,b8abdc4f-84f0-44d5-82e9-380c43a9045f,contacto_frecuente
ec6883a8-2553-448f-b13f-3679bed6dfd8,04bc037a-f7e1-417f-a8ba-5e875e07b421,contacto_frecuente
7f408f8c-f1b0-4a76-94c5-b40127a93f3d,c7e0af24-4b69-4c32-add8-b01563fd4a7f,misma_empresa
fc5785b5-2ee9-4e5a-8ee6-c6c04e0af3f7,1d27b61a-8109-4c17-b2b7-90c10af79316,amistad
04070e63-d543-4102-bc23-93950a7c48bf,125ce11a-f271-4f3a-af0d-60dbf756553b,contacto_frecuente
f2804b11-1e1d-4c9e-97b8-ee6b62b44187,f6355e61-ad36-4780-b0b5-a5b39a52f70b,misma_empresa
ba86066e-09fa-45c2-9bff-f38ff74a91c8,b000ba8d-e7b5-4a78-98eb-255c371ac015,referido
6faf74fa-1f5b-4873-ae82-df38fa793026,709ce600-7053-45dc-b802-5d4a1d1fb8f3,comparte_direccion
041754ff-af57-41e6-97a3-019a0e7b62b5,c4e4c61a-ed9f-4e33-bd2c-87cacdd75491,comparte_direccion
cd9875d4-394b-4003-a9f0-a3201bf3cbbc,a8edec27-663e-4b5a-93d1-37ed5abafc67,contacto_frecuente
9845eac5-a9e7-421d-a55e-654aff9e7e3f,113e32e5-33dd-4de4-8816-d1dc9f2606ca,contacto_frecuente
23a5af36-d1cf-4cee-94b1-6238d722ff25,5e34c618-4523-44b4-a235-0e81e13ee687,comparte_direccion
f2804b11-1e1d-4c9e-97b8-ee6b62b44187,1505a18a-f26f-4d2d-93bf-89a3daaf3b33,referido
70d27c6a-198d-4193-8d85-25f555607ec9,c2044a53-bcf5-4f48-8b27-efb24fcb4f11,transaccion
0823c0d8-8635-4c40-a0dd-8124cd6e5e68,16835996-59f9-44fe-b708-52ad5ceaff0d,transaccion
383f224f-f2fe-4084-b578-a83e43fece8f,faa5712f-fffe-4108-b4a7-adfb2e47476d,misma_empresa
34583817-a513-4359-a672-63f3f1de3475,fc9ad9bc-e6b6-452e-8858-cfb0da514a02,referido
e385071d-507b-4474-8f02-d0867de0b9d2,d6225b36-cf2f-4461-8b60-22117a868d8b,comparte_direccion
0fa7d8c6-299a-4036-b550-f57a86fd6d68,4704851e-2f3a-4f21-b88f-dbb07eb9ca1f,transaccion
49a1d8ca-c247-42d9-b944-9cdc595e328c,8108fa76-a8cb-4da7-9eaa-ed1914d689b3,comparte_direccion
bc9fa845-fc82-4c0b-b739-4f2dfa512dc0,afba9fb6-fc11-4811-a6b6-bc9e8637572c,comparte_direccion
5bcae0b9-b19d-4485-8647-a1d76f822f45,546ada4b-e3fe-4bd1-94af-5b0b23c5f104,transaccion
a84384fb-4bab-490f-b133-66c47ef8d593,ea4029c2-6c97-47e2-b282-4029c9587f99,comparte_direccion
b4263f4a-46de-419d-afb3-27a684025ddd,e9fd93a1-670b-4731-ae11-8288d7dea21e,referido
391c05b7-c95b-4a52-826f-89b646153683,e2fd0bb9-e63e-45b2-822d-5c61d141a2ba,contacto_frecuente
7fbc2391-899a-42ce-9142-37b829462cc8,17c72c13-6d06-49d4-863a-d184bfef2d18,transaccion
a87ab01b-a5a1-4a5a-a67f-5c92e5b24926,bafd4b8d-22eb-4404-8d60-5093dc11eb1a,referido
a5014585-5f70-400d-ac46-f9a32e3daf04,d763c227-b38c-4634-b5d2-0e4f284ad160,contacto_frecuente
c48fe713-2c2e-4e43-8704-1d9a42f4ebd5,dda2cbbb-e384-44a1-901b-d029c6f29f20,contacto_frecuente
ee6964e9-597b-42e1-b754-1654d9a85396,a001c192-f409-40ac-874b-337c83020f78,transaccion
c2bb9797-b4a2-40ec-8e71-8797a5ebf0fd,7e9a71fe-53a7-486d-a80e-27c56b305c37,comparte_direccion
ba441694-8117-404a-9f6c-817ca1122715,6daaf891-af4f-4348-a882-c963676c72bd,contacto_frecuente
94feb316-c300-4cdb-b0ab-6bd300747e49,83cb13b9-d81b-4410-a5db-8ee0b642fa1a,misma_empresa
b57c8365-c116-4214-8331-134d260c9c28,9346ba69-a72c-46a1-83e4-4cecbd85556f,comparte_direccion
db6427d4-8f71-4548-a2ba-637f4e3d3694,fea087d9-b15a-4717-91d2-58645ec51198,amistad
5cdc53a9-cc18-465c-aaf1-f7156838a0b1,69b1e83a-c432-485e-8d4c-90e05eb8083b,referido
b238dd98-88c6-4479-885d-3424f92522a2,ea4029c2-6c97-47e2-b282-4029c9587f99,comparte_direccion
773e7b87-4797-4ee4-86fd-35aed2661a85,92326549-5627-4a78-933e-8164f34207a0,amistad
d8e0d87f-2b92-4744-8599-c07b6693074d,904a15fc-b3a5-45cc-bc12-0fc17f9db396,misma_empresa
74cf43b4-be9a-4607-8fbb-69525244403e,741ead04-5ca8-4bc6-a785-23bddc40619e,transaccion
6e5d4c58-eb22-4e2f-b6cc-f577ad0b28ac,85ad8d89-fd3f-4ef3-b6c2-484196c63cf4,comparte_direccion
26933967-516d-4853-b015-22a4770606b3,86097c10-7044-4774-baea-92e51514a416,contacto_frecuente
34fbeb54-ca1a-4b3a-ad7c-bb1941eb8749,7b116c41-3547-40ea-a935-cec6488396b4,referido
7d35b025-a613-4c0b-a28e-6d5c1481f694,e437a3e7-7831-4293-8ea5-9d28537631cd,referido
e662107a-cc8c-47f3-bbe8-596834d74c86,a20189a2-4b9c-4086-92b2-590f3f879bf7,misma_empresa
bd4cbb1a-1a0b-40b4-bccf-54eab4a2e80f,1df54cf5-436c-4c58-a273-c6184739f64c,misma_empresa
6412d87d-2bc1-49db-b819-51737942a422,5b4ceb3b-4476-4b43-b11c-1b1757eed029,transaccion
809cb42e-c1d2-4d61-8d36-5e60e3bb9695,63b66175-4271-414a-917b-c647f0e0cb83,comparte_direccion
d674f1de-451a-4dd9-bd26-ba9c8863cf70,c7e96c31-b070-4fe1-9477-0b2bbca42737,comparte_direccion
4460c604-8543-42c5-a418-e1a8186ba38e,0d81291c-37f6-4c99-876b-21c5d98c23ff,referido
a87ab01b-a5a1-4a5a-a67f-5c92e5b24926,5cbbaa2b-a3ca-4385-9628-0a19c8c07419,comparte_direccion
03550533-2229-43ce-8a97-2767e9e572ae,640bd510-df72-48b1-9945-d68299fee299,contacto_frecuente
63ccbaf7-8766-41f6-80e3-c8b638cebac0,385528e4-aaf0-4bcf-8d98-514dd14ed73d,misma_empresa
dd1eaa4b-e617-4bce-8b3b-a2a3e7ab629e,1ca8c4c5-8779-4707-9443-8492a20710d4,contacto_frecuente
eba9242a-0cf0-44fc-a28c-83028e94e4f4,1e26133c-e89c-4a8b-968f-d7ad7e8edd81,transaccion
d0873b37-bcd6-468b-b9f2-d345b9988903,62285e62-cb15-4c11-a920-5e11eef25cd7,referido
eab82376-7cc5-46d3-b451-bbc04b9c9058,ff637bdf-bae7-4104-b717-a8b894211b81,comparte_direccion
96ee84b3-0dbd-403a-a9e5-e2d97418d118,65612049-7bf3-406f-b438-2af212e37277,referido
a7b4eece-06d1-4195-a89b-c63a20dbfe07,ae93209c-fc3d-40d1-9c4d-efd57392f1e6,comparte_direccion
387229aa-561f-4547-85ed-30fe3edadf28,bbf98720-2681-48c7-a1c2-2a66e93d103f,comparte_direccion
c053d43f-2c3f-4853-8185-50ff2a553b7a,0d81291c-37f6-4c99-876b-21c5d98c23ff,amistad
cb4228f2-4cf2-4a8d-8894-1278178a0319,b6ac0231-599e-4f19-a294-b1eb4c325ba8,amistad
4eca914b-1e46-48d9-b687-c2878dde022b,820962f9-232d-4d2f-b1a0-7fcdfbcd692d,transaccion
eb29657d-495b-413b-97b2-11d1d3c12265,2afbea4f-d1d5-4689-be61-ec2e1b358678,comparte_direccion
51250a9c-22e8-4815-9edb-8d37a91ec643,19ca1b41-f6dd-40fb-8112-31f358ee5f8d,comparte_direccion
5b4ceb3b-4476-4b43-b11c-1b1757eed029,5bcae0b9-b19d-4485-8647-a1d76f822f45,referido
99620068-99d7-4351-9b01-2b4c0af9299a,079e7304-5c35-4f3b-9192-20deebbad7a1,comparte_direccion
3e2098a4-95c4-40e8-bf02-383d8713d7d7,ff637bdf-bae7-4104-b717-a8b894211b81,amistad
ea5161d3-d16d-4720-b393-a80c195ce16d,580d9cd4-f66a-4e08-8efc-7480ac7e5af1,transaccion
d745b93e-6ce6-4a7e-b68d-fdfbb64d7572,5cdc53a9-cc18-465c-aaf1-f7156838a0b1,comparte_direccion
dfcee29a-0e6d-4f38-9f97-8bb672fc40f1,33c8e6c8-efbd-429a-a0e9-6c22b0e1084a,transaccion
43d2a245-e8a8-4eec-9349-78071985e419,439bf853-2fef-460e-8625-9390eb68a7b1,comparte_direccion
f2edd005-db14-4f41-bb5b-e4a3ce481fd5,65f80dbe-d031-436a-bd33-3f0670f4676c,misma_empresa
c7e0af24-4b69-4c32-add8-b01563fd4a7f,a4aa28e0-8fb6-4608-80fa-dffa93c4a84e,contacto_frecuente
904a15fc-b3a5-45cc-bc12-0fc17f9db396,3fba1d7a-b0a3-4c81-955e-5cdd66f01dd1,referido
b8addbe7-c97e-466e-80f5-2e5762b73567,e8beb6e0-6898-4eb8-8c05-b18a192b0940,amistad
10b9d03e-97fe-4b7b-b616-ca573341d839,9346ba69-a72c-46a1-83e4-4cecbd85556f,amistad
3a9ac4d6-6b04-41a6-9adf-f6f6dcefa313,45657f7e-42a7-4e2d-a405-3848e4fd087c,comparte_direccion
3861e8f3-e5f7-43e6-89c5-e730bf2da719,42d6a4b8-e198-4a09-a435-10b153badfc2,contacto_frecuente
87558b4a-c4f2-4165-9cfa-73fdf45fe1d8,17ebb835-d690-473f-a006-5b70e75c4313,transaccion
0f56eaab-ab7a-4398-ad47-54b8d22a84a2,e7ff10b0-3d0d-4fe1-b50c-89caf5dc6111,amistad
65cc42f6-1b47-463a-968f-26e287f601e7,5fa87ee9-821f-4fce-98fd-8c1938124df7,amistad
81b3986c-bc57-4720-8f95-17dd0ff56905,1bf1b98b-e944-403e-8ce0-41c2204cd754,referido
62285e62-cb15-4c11-a920-5e11eef25cd7,123afcdf-3a33-466e-a8e5-e96369663759,contacto_frecuente
9bcc4edc-8672-448e-bdac-0c88131d3f01,a8edec27-663e-4b5a-93d1-37ed5abafc67,referido
998fce1d-8826-46ef-9c9f-9e4120d2d0a7,55c806f2-cc2b-458f-ae4e-dbbf1a39db66,transaccion
010a0a9b-868c-4d16-8475-205108232ee4,a267d493-38c7-4220-b819-7ecd8bd4d5c6,comparte_direccion
fed3e2d4-4545-4922-918a-4dccb926783a,30dc7e98-9210-445e-b859-959c556132f7,misma_empresa
e437a3e7-7831-4293-8ea5-9d28537631cd,1d27b61a-8109-4c17-b2b7-90c10af79316,transaccion
b58446d5-4ca6-4bc7-b5db-60c9dd4d6579,b2ad8312-41f9-474b-94fb-65147551b92c,comparte_direccion
ca840181-2c1c-41a8-bba8-bb9087c5ac08,0fa7d8c6-299a-4036-b550-f57a86fd6d68,amistad
cb4228f2-4cf2-4a8d-8894-1278178a0319,41a118c9-c3ef-4a12-9f59-a21c51051179,referido
fbed0ad9-d785-4fb9-80bc-3d3b9f790e73,d8bf4e13-e024-489a-ab78-803ed5ba3c38,transaccion
38cf5f97-03cc-4991-b50a-f9f2db8b7f5f,0e840bfb-516f-47b4-a528-a6ee6e6dee64,contacto_frecuente
8649e7dd-8d43-4432-a310-bb057f0c26f1,f4aa5729-4b96-4bc5-a1d0-f785bc374e8a,contacto_frecuente
f1c22941-3821-4190-bf69-b4185060254c,b2ad8312-41f9-474b-94fb-65147551b92c,comparte_direccion
8e6fe5bf-e73a-4ebe-af93-b3856f50e6c4,58f863f9-11e8-4a92-955f-f481591fb30b,misma_empresa
59f2032a-b31b-4d45-aa03-61821de03b61,652d3a00-efd0-4061-9dfc-40efd30c2e0b,comparte_direccion
70e83771-ce74-4261-8f17-0d893b2469b9,3fba1d7a-b0a3-4c81-955e-5cdd66f01dd1,misma_empresa
a2f279f1-3899-4630-8438-15086b3b4274,0eb42f5f-2055-4b7a-8e3e-fe76a2cbca17,referido
c0dd5e67-6e16-449e-b3e7-474e0e3d13cc,40f8a80f-6ab7-40bb-a3ec-1b21772ec5e7,misma_empresa
bafd4b8d-22eb-4404-8d60-5093dc11eb1a,ad5cdfb1-17e1-4e42-84e4-95bf01c01988,contacto_frecuente
659b98e9-f079-42de-bcd3-0dfc089b4039,e37e1692-7030-4bb9-967d-ea06074b8639,misma_empresa
e2d76fbd-37cb-4982-b3cb-8ad2448b724b,a4286b76-0d8e-4c70-a52a-a4f125d5ee96,transaccion
b92b6a15-892f-420a-a224-deb97f874f52,9e2aa52d-792d-402e-80e1-37ea2273ece1,amistad
18377f54-c4a9-4abd-8b99-705636fd4bf6,9e2aa52d-792d-402e-80e1-37ea2273ece1,amistad
112ecb07-0088-4269-b171-0f412ae64525,10c265eb-1897-442c-9e19-ed4c7861f761,comparte_direccion
45b617da-0d23-4ada-8844-033b84adc06c,0b17c26a-a18f-445c-8c06-8bda330a3cd3,misma_empresa
8aac948d-9ba5-441f-ace7-1d24c28b647e,1329f0d1-8479-4298-bb64-5ca718f8d91e,transaccion
102e0377-1be2-413d-b647-d42370995555,64e8e902-baee-4b5a-8073-87dc375e889e,transaccion
0e559814-b892-4d12-aa4f-233e9be7b817,271298e9-de5c-4d1d-a040-fe6803f5b89f,comparte_direccion
fef22469-9f89-4dff-83f5-60b891355cef,0fcce3d4-8a8c-49a6-8630-13c4ee45d01f,comparte_direccion
3deb9639-6438-402c-b40b-583e50a7da11,f1c22941-3821-4190-bf69-b4185060254c,contacto_frecuente
391c05b7-c95b-4a52-826f-89b646153683,125ce11a-f271-4f3a-af0d-60dbf756553b,transaccion
c0dd5e67-6e16-449e-b3e7-474e0e3d13cc,ea31508d-e6a9-4019-bc96-a5f53b3a3dc7,amistad
92fdd34e-89b4-42a5-b3a7-4c7667874e6c,691a34e0-3adb-402d-901a-16a072ed666b,comparte_direccion
94feb316-c300-4cdb-b0ab-6bd300747e49,822360c4-ab08-4ce4-bb83-d2fad38cc173,referido
53e2a8d4-8030-45e8-879e-55bf23489100,89188dd5-1de2-4399-a39b-01b33e19122b,misma_empresa
532bcdd8-b91e-4fca-9b6c-a085215bf3b9,e1b4b750-1c9d-4312-a99a-a26284ee7399,referido
a8aa84da-7956-4ead-ad86-d030b9fb13c1,411ee90f-2d48-4996-aa2e-3a91aa712d3a,misma_empresa
192ad96d-f055-4849-a912-6cd88f1b421d,1bf1b98b-e944-403e-8ce0-41c2204cd754,transaccion
b2287d6c-055a-4cb7-b9eb-16a24e572ba3,157820b6-a642-479a-8cc9-355ce4f29288,misma_empresa
106f5155-168f-40ef-9c85-069e06eb24e4,0823c0d8-8635-4c40-a0dd-8124cd6e5e68,amistad
271298e9-de5c-4d1d-a040-fe6803f5b89f,d99cba24-4655-4165-87f6-2c51103ab92b,referido
0f2cd062-f3e1-4c69-a6a1-1ef8cf51cf8f,25c35e64-68dc-4c5a-b311-27c84851610e,misma_empresa
385528e4-aaf0-4bcf-8d98-514dd14ed73d,b95df859-1ad1-4687-8901-2fdd33eee80b,transaccion
012bbd1d-e848-46bd-b9c2-a0e8593f11b5,1a39762f-a8d1-4713-8817-f80b2c1dca83,transaccion
c4e4c61a-ed9f-4e33-bd2c-87cacdd75491,fea087d9-b15a-4717-91d2-58645ec51198,transaccion
698227f0-ce6f-4595-a3c7-f126b07bfa18,860a95ed-d9c3-4c52-b45b-d1600ef7511e,transaccion
bc9fa845-fc82-4c0b-b739-4f2dfa512dc0,0eb42f5f-2055-4b7a-8e3e-fe76a2cbca17,misma_empresa
505d4eee-612e-4b83-a225-daa0cd0f2fbd,698227f0-ce6f-4595-a3c7-f126b07bfa18,comparte_direccion
187cd6dd-0fb2-477d-90e9-49f98d117417,c5b2b845-e3cc-49b1-8eb7-6e986a5cfd0f,transaccion
5fa87ee9-821f-4fce-98fd-8c1938124df7,4460c604-8543-42c5-a418-e1a8186ba38e,transaccion
e24fd6c3-7998-4eb9-9571-8ffcc26b3027,7012a826-f089-481c-b7f5-c333e816a366,transaccion
5b626305-094f-42ba-bfb9-0c4158d69f81,24edac0c-a22d-4d51-b0f2-ce0dec9752bc,amistad
dfcee29a-0e6d-4f38-9f97-8bb672fc40f1,b16f204c-dc02-4b0b-b4bb-b9754a18e886,transaccion
b0455250-4656-439f-aca2-34b622bbb824,698227f0-ce6f-4595-a3c7-f126b07bfa18,amistad
765f2b3b-63d7-47d2-bc28-813df8a5f8ce,c053d43f-2c3f-4853-8185-50ff2a553b7a,contacto_frecuente
bd337004-4809-4595-b138-e2a6c776d648,38cf5f97-03cc-4991-b50a-f9f2db8b7f5f,misma_empresa
0195c530-9827-4e9d-baa9-f1abdb792be9,b783252b-b5fa-433b-9f5e-534be59675a1,transaccion
2c4c20c2-1fc6-4f08-9c2b-8c3e7681e1ff,a7969e78-fb33-4a91-84de-4e31d00a9c90,referido
cb49eaf1-58eb-4f63-8557-ca7bf7760fb9,fd8cd495-2626-453c-92f9-11adecab3e7d,amistad
d5ebc9bf-02b1-4cb5-8a34-f865c2aca1f8,714886e7-e33b-4f18-8277-038ecf401d7e,referido
2e25e697-4422-47ce-8994-933634fb354d,245aab86-b938-49f1-a60d-7c33b8decd54,comparte_direccion
1178f79a-d7dc-4eb7-95bc-c0b9eee4ea19,5e591d6a-98b1-41d2-9909-471c04cf1235,misma_empresa
1c5490e6-9736-44cb-bbb1-dd1a84d802c2,822360c4-ab08-4ce4-bb83-d2fad38cc173,misma_empresa
d0873b37-bcd6-468b-b9f2-d345b9988903,ded6f761-43e0-4b38-bf3e-a4e042b67b1f,misma_empresa
1c2c3646-87e6-4675-90dd-82eb024c8dee,9cc95113-08b4-4755-9514-0f7aa4255fd9,amistad
20e4ccb5-8aba-455c-861c-0a231d4aded3,dd9e9110-ef9e-4e20-9678-fb0f69d1d2c0,transaccion
f5b57355-a8f0-428c-80c7-fea664f9135e,2f1c2160-d6f6-4f49-906f-8a1b6f3c6fbc,comparte_direccion
e6512fa9-d432-4138-ba9a-a68fd1927071,2a9e354d-cbf6-4458-9ba5-045e492105ba,comparte_direccion
3bb9c377-89c7-4cc9-89d0-f456985f81dd,4632ef87-4494-478b-9ac3-998b59a7c214,comparte_direccion
54caedeb-5f9a-4028-9f09-9ec3ffcff14b,0b887a93-4100-46d2-85e2-24197f6bad3a,transaccion
fa7aa1cd-4718-4fd2-8de6-82ed2e3290af,8ca921c1-52fb-439a-9167-e20d5e6c9b5e,misma_empresa
9c2424be-65b8-4019-8027-85fc3048e060,49968ea6-2c29-4fb4-ab80-4bda23e7d1b9,transaccion
6642820b-efc2-4198-ae16-7d0a5352d0b0,e385071d-507b-4474-8f02-d0867de0b9d2,misma_empresa
6dd5f7b2-0c76-4acf-90ee-cedd3b774906,fc9ad9bc-e6b6-452e-8858-cfb0da514a02,referido
2bb73719-170f-49dd-a41e-12986e3b9c9a,3b3dffa4-f439-4038-8747-fad1d92147bd,misma_empresa
56931ee0-b0c8-4a2f-891e-06a871947640,dfcee29a-0e6d-4f38-9f97-8bb672fc40f1,referido
9220e932-48bb-44dc-9cd8-b2e9e1c6b4bf,09dc59ef-348a-4d2d-8a15-8fe2a44c1af8,transaccion
51ffbd77-f951-4d60-bf46-e08f08e8f4b1,fed3e2d4-4545-4922-918a-4dccb926783a,transaccion
69424c13-47e8-4aac-b7ae-a81fb973dd57,3bea23ee-2ca2-405d-a01c-259405580790,misma_empresa
a87ab01b-a5a1-4a5a-a67f-5c92e5b24926,143ebda5-936a-455b-b7e2-1e2cd537d687,misma_empresa
a267d493-38c7-4220-b819-7ecd8bd4d5c6,871bf040-aeb5-4884-a49d-0619aed29750,referido
1d27b61a-8109-4c17-b2b7-90c10af79316,4da44b58-96af-485d-b753-53cde5c48e9f,transaccion
874c7304-91b8-420d-ab9e-6818807e4435,17ebb835-d690-473f-a006-5b70e75c4313,misma_empresa
f374a33f-fa6c-415f-9dd1-8703643c2ad0,1cd83bde-047f-4ae4-8a25-4f43f96a1e76,contacto_frecuente
84398493-2266-46d7-8361-eefe35542d64,daea4c0d-39a1-45dd-b3e5-1fa3f3e8f078,transaccion
e51b3123-7850-4d39-9a88-ab27f635e20e,2576f4b8-edc3-4567-9ad3-7bc995af4fec,referido
65bbc211-25bd-4025-a094-fef9244a26ee,5a809d1e-2dae-424c-877c-6ffe8479d9ff,comparte_direccion
33be4505-2135-48e1-a010-d5d0efa0777e,90218919-bc6f-4696-99cd-f24771270d75,transaccion
b9d2d4d5-75da-4aa9-8568-bae6b7af1ebf,d0873b37-bcd6-468b-b9f2-d345b9988903,referido
76ee0c42-8e41-485f-b16e-c479cc35a28e,411ee90f-2d48-4996-aa2e-3a91aa712d3a,referido
3e2daee9-c4a7-401c-85a3-4823ab5dad77,532cde7d-165c-4272-abd0-2efbb57a9205,referido
519e5c44-99d5-42ae-8a12-7ae8a325c02a,97cd5944-b2d7-48d0-804b-b8183bb45884,amistad
b12591a4-bcfa-474f-8bd2-ed5f8370127c,f4d465f9-64af-46d1-9859-95cc7085d2d4,contacto_frecuente
e8faddf1-1054-4034-bb3c-98f843799356,ed7de801-46d1-453a-9cf3-660b5f10d7dd,contacto_frecuente
b68f590a-6191-40c8-96f0-f0261688d54c,e9fd93a1-670b-4731-ae11-8288d7dea21e,misma_empresa
a7969e78-fb33-4a91-84de-4e31d00a9c90,b0455250-4656-439f-aca2-34b622bbb824,referido
03099c17-2fae-4f5a-8c24-6d876648f5c4,720d44a3-acc5-4d7a-80a5-0ae6a7a75c46,transaccion
ed3c9bf0-7fbe-4a8c-8705-618038deb150,70d27c6a-198d-4193-8d85-25f555607ec9,misma_empresa
03099c17-2fae-4f5a-8c24-6d876648f5c4,603ef579-68c3-4674-8546-87634cdd0f18,amistad
a2f279f1-3899-4630-8438-15086b3b4274,058654bc-07b7-48d6-aca1-732f8d2aca74,referido
7aeb9645-cfd9-4fc2-aa75-b26a451b5e6e,97dfac66-f0d9-496b-a87a-5f2bd916afc7,transaccion
9c2424be-65b8-4019-8027-85fc3048e060,e0cbbb63-0b17-4d9d-908b-ea258cde3eca,comparte_direccion
20e4ccb5-8aba-455c-861c-0a231d4aded3,26d13d5b-830e-4df3-840b-c1a2c9b778e1,misma_empresa
527bcd19-af99-4aaa-a728-4236b3f5e43c,8187d7d7-9444-47ce-b485-6fec26df05a0,amistad
e8faddf1-1054-4034-bb3c-98f843799356,6412d87d-2bc1-49db-b819-51737942a422,referido
9c094078-3e30-45ae-a8b0-09684532d278,7d0cb50a-a01f-4435-9935-d7e9dfbea353,comparte_direccion
640bd510-df72-48b1-9945-d68299fee299,f7df2221-3130-4a51-8be3-f00e16245571,referido
079e7304-5c35-4f3b-9192-20deebbad7a1,021e4732-b710-4bed-8824-84d4679a3967,comparte_direccion
ee3fdf85-288f-40a0-8185-0979882a0e86,17ebb835-d690-473f-a006-5b70e75c4313,misma_empresa
28a8c995-a387-4165-8eb8-eccf0a16dd20,271298e9-de5c-4d1d-a040-fe6803f5b89f,referido
33be4505-2135-48e1-a010-d5d0efa0777e,b0038f3f-d387-41e9-bd81-7addb29a7da2,referido
ab114b43-4121-45c9-b157-beec115e3cd4,e32b2da3-ef97-4df7-b9bc-c571df36298c,amistad
6befaa47-3619-4112-b7f7-790ec824cc96,1aa199f4-7ad3-46da-a2ff-6d81c0ba472f,comparte_direccion
19a8e84e-9993-42ea-a8e6-57267c2f3907,2e7ef430-5a5e-444d-85d9-157047490387,contacto_frecuente
c3914e7d-f6db-488e-be22-8799f8b5ed54,4704851e-2f3a-4f21-b88f-dbb07eb9ca1f,contacto_frecuente
fc9ad9bc-e6b6-452e-8858-cfb0da514a02,cdcd4c27-31c7-4ead-90e2-ccd0f920bb59,misma_empresa
f4b009e9-c797-4a49-adb4-e4dc88a787a1,a4efd51f-820a-4e07-a4a0-e9bb59f83327,referido
daf0dc66-0e11-47a0-a363-35d07c2d7441,a8aa84da-7956-4ead-ad86-d030b9fb13c1,amistad
d745b93e-6ce6-4a7e-b68d-fdfbb64d7572,edcea9c3-b9db-4fd1-80c2-e6de7025150d,misma_empresa
63b79faa-0f61-428b-9997-6870606616db,0e559814-b892-4d12-aa4f-233e9be7b817,transaccion
9ab5b617-dbbd-4fd5-86d3-cb02b4c87b9f,e295e292-c5f2-4936-b8d8-078c6118c247,amistad
bfdf7197-7c3c-4c87-817d-71a92ed74922,65612049-7bf3-406f-b438-2af212e37277,transaccion
ddc25524-6ef6-4a69-bd00-dd6ac33bfd83,99923f5c-e2f7-4c37-9536-1514491f624d,comparte_direccion
18903d6f-c35a-44de-b85e-addce0d12974,ff628551-60d0-427c-8553-993443632639,referido
cc38ba46-2b59-4399-8af7-d817b5875a4d,1c586b9a-bb1d-4716-b508-00d7dc986042,transaccion
cc5b0744-c936-44ea-8c4f-271edc85beb3,76821c24-583b-4739-8f2e-f3133e7d1bbc,transaccion
3f7fb10b-dff2-4525-948b-4ee063c1af5b,4014f591-d697-4036-a492-76e6b461b110,contacto_frecuente
4aabf8be-2106-4fca-80a9-335bc61cd1bf,088a606f-ef69-4be4-a15b-85f77efd3a41,transaccion
ec43d27c-27d6-4903-a76e-68de252e9b91,a20189a2-4b9c-4086-92b2-590f3f879bf7,comparte_direccion
1df54cf5-436c-4c58-a273-c6184739f64c,6eb8e6c8-b850-452d-a61c-156fd027b1de,comparte_direccion
82c1e958-6384-47b8-9598-e92fa0346283,77b15be6-08c7-48d4-811e-a31bdea88662,misma_empresa
b5dd23e5-8fce-4308-86c8-cb9958f25947,04bc037a-f7e1-417f-a8ba-5e875e07b421,amistad
ea5161d3-d16d-4720-b393-a80c195ce16d,1f408d91-b566-4161-8954-b80a7409ada3,transaccion
5cbbaa2b-a3ca-4385-9628-0a19c8c07419,90218919-bc6f-4696-99cd-f24771270d75,misma_empresa
809cb42e-c1d2-4d61-8d36-5e60e3bb9695,d4776ed1-2cec-48e6-b499-42bd4c7ffcd3,contacto_frecuente
7155a9dd-6daa-4df5-ae54-fc72391fda37,b99bd0d5-939b-4321-b0d7-eed3086513a8,referido
d364b2e7-ac53-4062-937a-a3a4156a5284,1cd83bde-047f-4ae4-8a25-4f43f96a1e76,transaccion
26ed4942-6432-4311-bc0c-9baca5a31a06,10c56617-03bc-4c17-8120-045b1e3a74dc,amistad
f7748449-3042-40cd-aaf4-99a404798698,45b617da-0d23-4ada-8844-033b84adc06c,contacto_frecuente
ff628551-60d0-427c-8553-993443632639,f6355e61-ad36-4780-b0b5-a5b39a52f70b,comparte_direccion
10c222bc-aa72-49c2-b5bd-818bbbe79ca5,7bd6aa49-dc41-4a2d-adf3-0d95532ed8f1,amistad
ded6f761-43e0-4b38-bf3e-a4e042b67b1f,41a118c9-c3ef-4a12-9f59-a21c51051179,amistad
c5b2b845-e3cc-49b1-8eb7-6e986a5cfd0f,f7df2221-3130-4a51-8be3-f00e16245571,referido
ad5cdfb1-17e1-4e42-84e4-95bf01c01988,2882808f-784d-40f1-a3a6-ed307eb9bb63,amistad
bd9fd80a-1c8e-445e-8e25-0b7e0660febe,617fc74b-300a-44cc-a05f-7e7059907d0f,comparte_direccion
3b8bb06a-9018-4025-ae17-9d4588a5ff39,8ca921c1-52fb-439a-9167-e20d5e6c9b5e,contacto_frecuente
f76fa74b-3096-4b23-a527-c41be56f138d,5f5f9b92-73eb-4b81-9178-53d89ebe69ee,referido
d8589696-d20d-4e2a-8e92-7bf44ed6d491,b0038f3f-d387-41e9-bd81-7addb29a7da2,misma_empresa
125ce11a-f271-4f3a-af0d-60dbf756553b,f374a33f-fa6c-415f-9dd1-8703643c2ad0,transaccion
fef22469-9f89-4dff-83f5-60b891355cef,7fbc2391-899a-42ce-9142-37b829462cc8,amistad
9ae11d6f-1549-4090-886d-aca8e2676cdd,da916067-396f-4934-b4d0-4d2bfe744464,referido
387229aa-561f-4547-85ed-30fe3edadf28,15952e0a-c60d-4a1b-8899-fbe2a71c5333,transaccion
e6512fa9-d432-4138-ba9a-a68fd1927071,05c602ad-a3c7-4c28-8545-f514a8e1af7c,amistad
1ca8c4c5-8779-4707-9443-8492a20710d4,3d296608-c565-4e0b-b6a1-c39253ca36d4,misma_empresa
c4e4c61a-ed9f-4e33-bd2c-87cacdd75491,3c8ef360-3d45-408e-a989-00a414898c93,misma_empresa
9bcc4edc-8672-448e-bdac-0c88131d3f01,0c7fcbce-593d-4982-af84-87f34af46dba,contacto_frecuente
b811b7ab-af5b-452c-af6b-a42ca0815a80,0bf2efa4-e1a0-4cf2-9a3b-db11cb9e028b,referido
d99cba24-4655-4165-87f6-2c51103ab92b,32b57dda-a8b6-4360-a7aa-d72f14c5386e,comparte_direccion
8bc0c12b-8950-45ee-b559-3660226af13f,98313e47-6c8a-414d-9a78-0733de160b87,referido
b95df859-1ad1-4687-8901-2fdd33eee80b,950413aa-7f2e-4977-86f8-531651356e1b,comparte_direccion
f637d1de-3ca3-4130-84b8-0b0abf2669cc,d5defbc7-908e-41b2-bb49-341be428125d,comparte_direccion
0204e360-a5a5-4297-8c8f-06722bd413f4,5cdc53a9-cc18-465c-aaf1-f7156838a0b1,referido
cf8e22bd-90ba-40dd-bc96-781efd460d6e,ee6964e9-597b-42e1-b754-1654d9a85396,referido
245aab86-b938-49f1-a60d-7c33b8decd54,d84caf9a-d2ed-4b2e-969b-1e5f2662c3ca,referido
54e17889-fd0c-4620-a2da-1df96bfcd613,dd9e9110-ef9e-4e20-9678-fb0f69d1d2c0,comparte_direccion
387229aa-561f-4547-85ed-30fe3edadf28,f6355e61-ad36-4780-b0b5-a5b39a52f70b,transaccion
ec43d27c-27d6-4903-a76e-68de252e9b91,310e6eda-7fb5-4583-af41-e405d43b45b7,contacto_frecuente
85411fd4-dbb2-4d0f-b880-9dffb372043f,e3b4c1b1-ac10-43c0-baff-63d46cea5a03,amistad
19a8e84e-9993-42ea-a8e6-57267c2f3907,d4ec4d2a-7def-4902-9994-67955c16950d,comparte_direccion
ba441694-8117-404a-9f6c-817ca1122715,a5014585-5f70-400d-ac46-f9a32e3daf04,transaccion
860a95ed-d9c3-4c52-b45b-d1600ef7511e,6daaf891-af4f-4348-a882-c963676c72bd,amistad
0645c48d-58cb-4cb8-bc55-00a5c228e59c,312caa62-9bc7-4f6e-894d-a9ad50a79f3f,comparte_direccion
617fc74b-300a-44cc-a05f-7e7059907d0f,92326549-5627-4a78-933e-8164f34207a0,amistad
94647db7-f68c-45d4-9529-30afdb6c18c0,71518758-5b46-4761-a93e-b83c1fb2be03,comparte_direccion
51ffbd77-f951-4d60-bf46-e08f08e8f4b1,16c81b0f-d0b9-4946-9743-9ce660e52e13,amistad
16c81b0f-d0b9-4946-9743-9ce660e52e13,123afcdf-3a33-466e-a8e5-e96369663759,misma_empresa
fd2a05f2-a7ea-4e61-b856-baca78d523c2,12a79437-171a-4999-b7c5-c44512acb657,misma_empresa
bfb9f944-fcd1-42e4-83fb-f9f708888000,55c806f2-cc2b-458f-ae4e-dbbf1a39db66,amistad
5e96c8a9-fead-4241-a752-1f172501ec8e,c5b70dde-29d0-4a3f-8565-bce1ab7f7a34,transaccion
20aef770-e4d1-46e7-932a-5b8a472af0ae,b54c30c3-7405-4127-b7f4-307282756545,contacto_frecuente
b58446d5-4ca6-4bc7-b5db-60c9dd4d6579,0f201eae-9388-4dd1-9da4-f1c43a713476,contacto_frecuente
65f0e069-f738-413f-84a3-e4992d943bc9,d8ef0b7a-be21-430b-992a-cf9ed5743ed3,comparte_direccion
d568c99a-6e3b-4b0a-af18-aa65f9deaa9c,f019154b-78b3-4593-8389-628dbe437d47,comparte_direccion
0f2cd062-f3e1-4c69-a6a1-1ef8cf51cf8f,b7dc6d59-6fcc-497f-aa2b-44fcffc34a39,amistad
99923f5c-e2f7-4c37-9536-1514491f624d,1aa199f4-7ad3-46da-a2ff-6d81c0ba472f,referido
24edac0c-a22d-4d51-b0f2-ce0dec9752bc,9ba336a0-0e2c-4be2-91bb-e1264ccf8b8d,referido
edce34bc-0bad-4fbf-963b-afb7d62d347c,4eeead7e-8041-4c36-af48-46e1f03708ff,referido
cd8e1bfe-397f-44ab-bfe2-d6640e6dbe98,b58446d5-4ca6-4bc7-b5db-60c9dd4d6579,transaccion
949130fe-733a-4e1f-bf68-3fe5f401d15a,03099c17-2fae-4f5a-8c24-6d876648f5c4,misma_empresa
dadbf864-64ea-4e42-a75c-ef5486eaf3c3,079e7304-5c35-4f3b-9192-20deebbad7a1,contacto_frecuente
a291a0dc-4cdd-46a1-b826-dfa5db4a31fe,f0992e0d-103d-473b-9e55-28fd49245b1d,referido
944c1a0e-4ea8-4255-9dd8-f32bbcf3e16a,c0e4b289-c864-4cd8-ad6b-1289ff7deb28,contacto_frecuente
85aaed61-7343-45ab-9059-21fdaae5f351,9c094078-3e30-45ae-a8b0-09684532d278,misma_empresa
d0e93ed6-9f51-45c6-bb8c-838332a72fbb,f36bae57-bcd5-4f58-ac1f-fc0a729e5c92,contacto_frecuente
43d2a245-e8a8-4eec-9349-78071985e419,556b9e70-731f-43fe-8918-500d396e8b1f,comparte_direccion
b95df859-1ad1-4687-8901-2fdd33eee80b,010a0a9b-868c-4d16-8475-205108232ee4,referido
ef3f0ffd-f8bc-4dcc-a8a5-e62d41ec3069,1c5490e6-9736-44cb-bbb1-dd1a84d802c2,transaccion
7a92d9bb-f8e3-4a46-8322-c661c09975f9,949130fe-733a-4e1f-bf68-3fe5f401d15a,referido
3bb9c377-89c7-4cc9-89d0-f456985f81dd,6befaa47-3619-4112-b7f7-790ec824cc96,referido
08773578-febb-4955-93c3-e276d6c115ac,d8ef0b7a-be21-430b-992a-cf9ed5743ed3,misma_empresa
99620068-99d7-4351-9b01-2b4c0af9299a,3bea23ee-2ca2-405d-a01c-259405580790,comparte_direccion
7aeb9645-cfd9-4fc2-aa75-b26a451b5e6e,47edb2f3-def4-42f6-85bb-adc25deed8e9,comparte_direccion
4b417620-cd6d-4da9-b5d7-9c60143c9aa6,ab114b43-4121-45c9-b157-beec115e3cd4,misma_empresa
09dc59ef-348a-4d2d-8a15-8fe2a44c1af8,152674b3-b388-4c07-af3c-a3413549e137,misma_empresa
73d1736f-1cd9-4f66-9771-32bceb576f48,b9d2d4d5-75da-4aa9-8568-bae6b7af1ebf,comparte_direccion
d735e706-8995-4ed0-a4aa-0149d2148710,a4aa28e0-8fb6-4608-80fa-dffa93c4a84e,contacto_frecuente
e99463d4-2a5a-4479-a32b-89b60f2b244a,58e3d3d8-1d28-456d-91a8-880db1db02b2,comparte_direccion
4477a23a-9cf1-4416-ae32-125a3067c459,f7748449-3042-40cd-aaf4-99a404798698,transaccion
271298e9-de5c-4d1d-a040-fe6803f5b89f,2a9e354d-cbf6-4458-9ba5-045e492105ba,referido
7234dd8f-9277-494e-8364-b4dd30be5aff,ba86066e-09fa-45c2-9bff-f38ff74a91c8,contacto_frecuente
8127d63e-50d4-4c32-8dbc-ef874cd1370e,81e0634f-c5ef-4bd4-afe8-efc0297ea950,transaccion
24e394ce-e36b-4ba7-a008-010f55277d0b,e902044c-f338-4579-8442-0dcd34aad037,misma_empresa
3c531a0a-b4bc-461f-bfe9-6531ac3c3ffd,3ec4b0e2-d618-4554-bff8-f31a1f75a2e7,transaccion
60991e8b-d285-45e1-acab-68df792b1346,ad5cdfb1-17e1-4e42-84e4-95bf01c01988,transaccion
3e2daee9-c4a7-401c-85a3-4823ab5dad77,53ade42f-21cd-4bde-8bf7-a1d0f8c37ee9,misma_empresa
3deb9639-6438-402c-b40b-583e50a7da11,8aac948d-9ba5-441f-ace7-1d24c28b647e,contacto_frecuente
4843be8b-2758-42c8-a35a-e41ca1e5b030,fd2c1c21-1293-4a48-b3c0-3f82d1c5b0c0,amistad
265a9bda-38da-455a-9a0f-e3201d84be2a,63b66175-4271-414a-917b-c647f0e0cb83,transaccion
d9c06296-022b-4b00-a558-fbc825ac36c9,850dc172-facd-4f69-be2e-803a9b3f8850,contacto_frecuente
6a33ea50-9241-425e-a347-d51963464086,5cf68f49-8609-4b72-811f-a488bc7d332f,contacto_frecuente
c0e4b289-c864-4cd8-ad6b-1289ff7deb28,8108fa76-a8cb-4da7-9eaa-ed1914d689b3,amistad
bdcfc2d3-5157-4d4b-b0af-7cc425fd8e72,ed3c9bf0-7fbe-4a8c-8705-618038deb150,referido
d4776ed1-2cec-48e6-b499-42bd4c7ffcd3,ea61ee00-4a65-43df-8e77-4e8df81663b5,contacto_frecuente
5fa87ee9-821f-4fce-98fd-8c1938124df7,9f779d85-c1e2-48c6-b85b-4c5185f7df01,contacto_frecuente
b99bd0d5-939b-4321-b0d7-eed3086513a8,dbfd7db6-ba73-48fe-beee-464ea219e56c,transaccion
143ebda5-936a-455b-b7e2-1e2cd537d687,bb2c8a19-b6f9-4b9b-8e47-0d445abdec3a,comparte_direccion
65bbc211-25bd-4025-a094-fef9244a26ee,192ad96d-f055-4849-a912-6cd88f1b421d,misma_empresa
a7969e78-fb33-4a91-84de-4e31d00a9c90,4889e883-6b41-48a2-af8e-04195cc23246,referido
1056f62e-946e-405e-9033-57d03589cf31,bafd4b8d-22eb-4404-8d60-5093dc11eb1a,transaccion
a001c192-f409-40ac-874b-337c83020f78,8a407daf-bab8-4c1d-a4ae-52ea01964b10,contacto_frecuente
87d43448-1591-467e-a978-c0925caa5fbf,15952e0a-c60d-4a1b-8899-fbe2a71c5333,referido
4014f591-d697-4036-a492-76e6b461b110,049b8d1c-ac01-407c-9e27-2a7d5b97eecd,transaccion
41249598-696e-4416-92fc-0df47be0c3b4,d4776ed1-2cec-48e6-b499-42bd4c7ffcd3,amistad
e30cdfcf-83d0-475e-b563-98c67efce377,2d5893bb-250e-4228-8ab0-1fd6ae9d310b,transaccion
3fba1d7a-b0a3-4c81-955e-5cdd66f01dd1,10b9d03e-97fe-4b7b-b616-ca573341d839,transaccion
7a47f978-9feb-48cc-880f-4bc65d9bb301,3ed126c6-163a-497c-944b-20e67c13f371,misma_empresa
a09e61eb-7f41-422e-9de9-fc353f850711,d327af68-e29c-443f-a16e-6bfd8137b64e,comparte_direccion
b92b6a15-892f-420a-a224-deb97f874f52,99620068-99d7-4351-9b01-2b4c0af9299a,misma_empresa
0fcce3d4-8a8c-49a6-8630-13c4ee45d01f,b13a960d-c1e8-4ec9-88ba-8f113f663717,transaccion
6a33ea50-9241-425e-a347-d51963464086,a7b4eece-06d1-4195-a89b-c63a20dbfe07,transaccion
d01381cc-ca84-4ed9-8dd5-3ede9cd2b267,74cf43b4-be9a-4607-8fbb-69525244403e,referido
a8edec27-663e-4b5a-93d1-37ed5abafc67,90866f05-fe61-4633-b7e6-b336e1605834,transaccion
ad5cdfb1-17e1-4e42-84e4-95bf01c01988,c4e4c61a-ed9f-4e33-bd2c-87cacdd75491,misma_empresa
f4ad231a-8e20-4278-8797-4d9fbeb9fd0d,1aa199f4-7ad3-46da-a2ff-6d81c0ba472f,referido
ea28254d-5cbf-4803-bb29-26be23f1bd6c,dd9e9110-ef9e-4e20-9678-fb0f69d1d2c0,misma_empresa
387229aa-561f-4547-85ed-30fe3edadf28,7921c0a7-11f8-4e19-8309-cc3867906450,comparte_direccion
f9158bb0-987d-4c1c-9686-20fa8bbd47ab,77be5f41-ee83-41b5-8f60-02bb13627dac,amistad
b5a555ce-a158-4a20-8150-ed1d41257b57,8f1071af-8da3-4815-8f35-82e80f5ea78f,transaccion
765f2b3b-63d7-47d2-bc28-813df8a5f8ce,0e559814-b892-4d12-aa4f-233e9be7b817,amistad
4da44b58-96af-485d-b753-53cde5c48e9f,eba9242a-0cf0-44fc-a28c-83028e94e4f4,referido
4e44d982-1376-4623-846c-7c01ee94f022,580d9cd4-f66a-4e08-8efc-7480ac7e5af1,misma_empresa
0823c0d8-8635-4c40-a0dd-8124cd6e5e68,12a79437-171a-4999-b7c5-c44512acb657,misma_empresa
d99cba24-4655-4165-87f6-2c51103ab92b,b54c30c3-7405-4127-b7f4-307282756545,amistad
43d2a245-e8a8-4eec-9349-78071985e419,e1b4b750-1c9d-4312-a99a-a26284ee7399,misma_empresa
ab82b02e-17ec-4492-94d0-0d737d394956,07a110fc-6c4d-42be-b517-8fa04f23c6f7,misma_empresa
0195c530-9827-4e9d-baa9-f1abdb792be9,88988207-3464-406e-a021-159fb44f95c8,contacto_frecuente
58e3d3d8-1d28-456d-91a8-880db1db02b2,f2804b11-1e1d-4c9e-97b8-ee6b62b44187,contacto_frecuente
d674f1de-451a-4dd9-bd26-ba9c8863cf70,ec43d27c-27d6-4903-a76e-68de252e9b91,amistad
d9e57f1e-78fb-44b5-980b-c3a0e800d063,2e7ef430-5a5e-444d-85d9-157047490387,referido
a2b33527-55d6-4c7e-8dd6-1e5582e00e96,cb82433f-b1f7-441e-9aff-5ed5cca02a77,amistad
bfdaa12c-5c27-419f-a7b9-3333358f4c9a,640a8720-c80a-4def-8681-4849660dd8be,amistad
9346ba69-a72c-46a1-83e4-4cecbd85556f,21071296-684d-4a4e-b2e6-8ceb81cb68a5,amistad
b4263f4a-46de-419d-afb3-27a684025ddd,105b050f-7247-4376-956e-63fb606bf239,amistad
5b462404-5629-4510-80cb-50e02e46ff64,fc9ad9bc-e6b6-452e-8858-cfb0da514a02,referido
2feb00de-0656-4632-87e1-dbb06e44a96c,cb4228f2-4cf2-4a8d-8894-1278178a0319,comparte_direccion
49a1d8ca-c247-42d9-b944-9cdc595e328c,4e61e6d8-cb2b-48d4-a8a6-0513e46dca43,referido
8e4264a6-ca9d-4d43-999a-3a7b1004a2dc,e98553c3-9afe-4aab-ada5-85b49f30eaca,misma_empresa
bea2817b-3c04-4e3d-ae83-f55219ca7e15,871927ba-9887-4ec4-8d75-643700ac3220,contacto_frecuente
30dc7e98-9210-445e-b859-959c556132f7,60991e8b-d285-45e1-acab-68df792b1346,amistad
25bebf6e-7222-40c2-86d9-0e2f2fd45bc0,071bc922-7abb-4e9f-8a54-b21b6aecb45c,contacto_frecuente
c9a27b8d-574c-4ad3-9923-2517b7849f0c,944c1a0e-4ea8-4255-9dd8-f32bbcf3e16a,referido
0f201eae-9388-4dd1-9da4-f1c43a713476,714886e7-e33b-4f18-8277-038ecf401d7e,comparte_direccion
e1b4b750-1c9d-4312-a99a-a26284ee7399,275e422f-fb16-4a4b-8286-3e010c60b113,contacto_frecuente
112ecb07-0088-4269-b171-0f412ae64525,7234dd8f-9277-494e-8364-b4dd30be5aff,transaccion
0718b6fc-1099-4725-934a-3970a519273d,13fd968f-af04-42ce-9ec0-bd292ea3ed2b,transaccion
4b417620-cd6d-4da9-b5d7-9c60143c9aa6,cb776d70-ed20-4ae9-90f4-f3d6f1fd4847,transaccion
4632ef87-4494-478b-9ac3-998b59a7c214,37d01a09-546e-4c79-99f5-013f72429c19,referido
f6757c99-b134-4e26-ade6-2598ef3a3ac4,cff4aeb5-7126-402f-aaa7-53edc2efd2cb,comparte_direccion
3e5a5f6c-2629-47ac-8d8c-bc785bb9a90e,a2b33527-55d6-4c7e-8dd6-1e5582e00e96,misma_empresa
8dd0b782-eb10-4845-b063-7d1d42dace0a,3091ddc4-c879-4992-a0aa-9251571cc83e,transaccion
580d9cd4-f66a-4e08-8efc-7480ac7e5af1,2b62fddd-9649-4cd9-b515-72c9c1fdb787,comparte_direccion
1f408d91-b566-4161-8954-b80a7409ada3,c0dd5e67-6e16-449e-b3e7-474e0e3d13cc,contacto_frecuente
bafd4b8d-22eb-4404-8d60-5093dc11eb1a,65bbc211-25bd-4025-a094-fef9244a26ee,contacto_frecuente
4e61e6d8-cb2b-48d4-a8a6-0513e46dca43,c670cc09-d27c-4e1f-a641-9f04418dfee5,misma_empresa
049b8d1c-ac01-407c-9e27-2a7d5b97eecd,d9c06296-022b-4b00-a558-fbc825ac36c9,referido
160d4ba7-7927-4d54-9a12-5b4b7f20c438,ebcd11cd-8f59-4f7c-9c5a-d8b3099eee04,transaccion
a001c192-f409-40ac-874b-337c83020f78,26ed4942-6432-4311-bc0c-9baca5a31a06,comparte_direccion
77b15be6-08c7-48d4-811e-a31bdea88662,2882808f-784d-40f1-a3a6-ed307eb9bb63,amistad
714886e7-e33b-4f18-8277-038ecf401d7e,d0e93ed6-9f51-45c6-bb8c-838332a72fbb,amistad
cb82433f-b1f7-441e-9aff-5ed5cca02a77,f6757c99-b134-4e26-ade6-2598ef3a3ac4,misma_empresa
1d3683be-7485-4bb9-995a-8736c58accec,81b3986c-bc57-4720-8f95-17dd0ff56905,contacto_frecuente
03ba23cc-074f-4425-bbc8-acd939008ae1,8108fa76-a8cb-4da7-9eaa-ed1914d689b3,transaccion
4aabf8be-2106-4fca-80a9-335bc61cd1bf,3ec4b0e2-d618-4554-bff8-f31a1f75a2e7,referido
20510cc0-f0dd-47bf-8032-8e2d482a7ca7,9dea30a5-53ec-4da2-abcd-e4090c773cd5,transaccion
cd8e1bfe-397f-44ab-bfe2-d6640e6dbe98,65bbc211-25bd-4025-a094-fef9244a26ee,transaccion
d9e57f1e-78fb-44b5-980b-c3a0e800d063,55df59ba-048b-449f-8c0c-c27e82a73947,comparte_direccion
610f6f6e-4bb7-444c-bc21-37bcba1439d4,850dc172-facd-4f69-be2e-803a9b3f8850,amistad
476719c9-ff9b-4934-b625-db231230f391,54e651ba-2d33-4af2-9513-9b57311ca934,amistad
7e90002f-fca3-4cc5-95a7-2eabf7f251eb,b0449f5b-e65f-4884-b3e8-1628a2982028,misma_empresa
14b0068b-cf5f-41c0-9afc-0662c757010f,f5b57355-a8f0-428c-80c7-fea664f9135e,comparte_direccion
904a15fc-b3a5-45cc-bc12-0fc17f9db396,8bff27e6-0738-4583-a1b8-77df6580c36b,referido
e815fac2-44b7-40b8-b9cc-22963f99b05e,2c450177-ef8f-4027-9f65-8ea5160afc47,comparte_direccion
82c1e958-6384-47b8-9598-e92fa0346283,1c5490e6-9736-44cb-bbb1-dd1a84d802c2,transaccion
d8e0d87f-2b92-4744-8599-c07b6693074d,e37e1692-7030-4bb9-967d-ea06074b8639,referido
20aef770-e4d1-46e7-932a-5b8a472af0ae,16c81b0f-d0b9-4946-9743-9ce660e52e13,referido
187cd6dd-0fb2-477d-90e9-49f98d117417,a267d493-38c7-4220-b819-7ecd8bd4d5c6,transaccion
a8aa84da-7956-4ead-ad86-d030b9fb13c1,82c1e958-6384-47b8-9598-e92fa0346283,misma_empresa
a7a2f8dc-9e66-4935-a4c6-2ee008a1da3d,e4d8f20c-0f2f-4887-bfb2-e5e7a26dd2f7,contacto_frecuente
d5defbc7-908e-41b2-bb49-341be428125d,616c40bd-6f8f-4b2e-bd4c-131e9c8f25d3,transaccion
659b98e9-f079-42de-bcd3-0dfc089b4039,07aa2fde-4748-45aa-8438-f2d0e4bca985,amistad
ddc25524-6ef6-4a69-bd00-dd6ac33bfd83,e1a6c038-270c-451b-a359-eb3b0374e132,referido
8127d63e-50d4-4c32-8dbc-ef874cd1370e,2a9e354d-cbf6-4458-9ba5-045e492105ba,contacto_frecuente
2d6830b3-48b7-4951-8504-1e22e84afa76,16c81b0f-d0b9-4946-9743-9ce660e52e13,misma_empresa
e30cdfcf-83d0-475e-b563-98c67efce377,1bda1b85-9f99-4446-ac56-db2b4c0d4c88,misma_empresa
ea28254d-5cbf-4803-bb29-26be23f1bd6c,1364dc0c-ba3d-43a3-9a02-a458e1977e7a,comparte_direccion
65bbc211-25bd-4025-a094-fef9244a26ee,152674b3-b388-4c07-af3c-a3413549e137,referido
7a92d9bb-f8e3-4a46-8322-c661c09975f9,41a118c9-c3ef-4a12-9f59-a21c51051179,referido
c0e4b289-c864-4cd8-ad6b-1289ff7deb28,44ab99d4-a915-4ee1-8794-afef89f82df7,misma_empresa
c053d43f-2c3f-4853-8185-50ff2a553b7a,0e048687-cec9-4374-83e8-0b9c504484ce,comparte_direccion
c2bb9797-b4a2-40ec-8e71-8797a5ebf0fd,b424fc25-0497-4ac1-ba1a-33597e541c8e,comparte_direccion
e1a6c038-270c-451b-a359-eb3b0374e132,85ad8d89-fd3f-4ef3-b6c2-484196c63cf4,comparte_direccion
f6355e61-ad36-4780-b0b5-a5b39a52f70b,bc9fa845-fc82-4c0b-b739-4f2dfa512dc0,contacto_frecuente
3e2098a4-95c4-40e8-bf02-383d8713d7d7,5711eb6a-5ba2-4bdb-a346-151754d789f0,misma_empresa
f36bae57-bcd5-4f58-ac1f-fc0a729e5c92,b7dc6d59-6fcc-497f-aa2b-44fcffc34a39,transaccion
8ca921c1-52fb-439a-9167-e20d5e6c9b5e,8bff27e6-0738-4583-a1b8-77df6580c36b,transaccion
7b116c41-3547-40ea-a935-cec6488396b4,a7969e78-fb33-4a91-84de-4e31d00a9c90,comparte_direccion
3e5a5f6c-2629-47ac-8d8c-bc785bb9a90e,041754ff-af57-41e6-97a3-019a0e7b62b5,misma_empresa
cb82433f-b1f7-441e-9aff-5ed5cca02a77,88988207-3464-406e-a021-159fb44f95c8,amistad
3bb9c377-89c7-4cc9-89d0-f456985f81dd,d7d9da8a-50c1-4f41-b5ff-eabb2a97e05f,amistad
a7b4eece-06d1-4195-a89b-c63a20dbfe07,b6ac0231-599e-4f19-a294-b1eb4c325ba8,transaccion
30b3c9d5-9557-4044-a4cf-a7d6965666e3,41249598-696e-4416-92fc-0df47be0c3b4,amistad
ea5161d3-d16d-4720-b393-a80c195ce16d,1cd83bde-047f-4ae4-8a25-4f43f96a1e76,referido
45b617da-0d23-4ada-8844-033b84adc06c,488e6b4f-686e-4e83-a54c-695a77e821fe,comparte_direccion
9ab5b617-dbbd-4fd5-86d3-cb02b4c87b9f,47edb2f3-def4-42f6-85bb-adc25deed8e9,transaccion
bd9fd80a-1c8e-445e-8e25-0b7e0660febe,99ba47f9-251e-42c4-a85a-914728c90f33,transaccion
b6ea10cd-0191-4374-a260-c8ea5711e25f,98313e47-6c8a-414d-9a78-0733de160b87,transaccion
43d2a245-e8a8-4eec-9349-78071985e419,1d3683be-7485-4bb9-995a-8736c58accec,misma_empresa
86a52eb8-99da-4c36-8ea6-b52f399f22a1,0e840bfb-516f-47b4-a528-a6ee6e6dee64,misma_empresa
33c8e6c8-efbd-429a-a0e9-6c22b0e1084a,383f224f-f2fe-4084-b578-a83e43fece8f,amistad
cb94d157-7e9b-4117-8b00-2fc427ac25a1,049b8d1c-ac01-407c-9e27-2a7d5b97eecd,comparte_direccion
e0c417d9-e723-4693-92a6-757b0a97e209,bb2c8a19-b6f9-4b9b-8e47-0d445abdec3a,referido
b424fc25-0497-4ac1-ba1a-33597e541c8e,527ad50f-de10-4cc0-a8a9-ad484a8b50d2,transaccion
bcd6ba1c-0976-4fee-a19f-629462655b82,8e4264a6-ca9d-4d43-999a-3a7b1004a2dc,referido
cb49eaf1-58eb-4f63-8557-ca7bf7760fb9,eab82376-7cc5-46d3-b451-bbc04b9c9058,misma_empresa
c7c0f231-1cec-4808-86ae-85947ecfc844,37507bea-512d-4171-84df-0d6370de8e9e,amistad
0718b6fc-1099-4725-934a-3970a519273d,4014f591-d697-4036-a492-76e6b461b110,amistad
2b62fddd-9649-4cd9-b515-72c9c1fdb787,617fc74b-300a-44cc-a05f-7e7059907d0f,amistad
41a118c9-c3ef-4a12-9f59-a21c51051179,cd8e1bfe-397f-44ab-bfe2-d6640e6dbe98,transaccion
1e26133c-e89c-4a8b-968f-d7ad7e8edd81,4b417620-cd6d-4da9-b5d7-9c60143c9aa6,comparte_direccion
7bd04b12-64c7-45e7-8a01-504e6e82dc52,512312b6-4c6e-4026-adbd-a7b5adebc251,transaccion
bfb9f944-fcd1-42e4-83fb-f9f708888000,3bea23ee-2ca2-405d-a01c-259405580790,amistad
5ee06658-ba0a-427f-861a-6b50ff69fa2a,ae93209c-fc3d-40d1-9c4d-efd57392f1e6,contacto_frecuente
76821c24-583b-4739-8f2e-f3133e7d1bbc,d3166baf-4f72-4b90-9f1a-903e18abb6e7,misma_empresa
c5b19ce2-3522-4ac2-843a-4f5a5cb83f73,e4715a27-bad7-4197-b035-84bec3bea3d1,comparte_direccion
51db518d-e8df-4cc3-bcee-509e1f3ce620,24e4c83e-44b5-48b3-bca7-b1b759924162,comparte_direccion
26933967-516d-4853-b015-22a4770606b3,f6188a41-97a1-4f8e-994e-c0e3dc6a7d36,contacto_frecuente
7921c0a7-11f8-4e19-8309-cc3867906450,43d2a245-e8a8-4eec-9349-78071985e419,contacto_frecuente
e40f951e-ace2-46d8-8d05-de683cd398a0,b194000b-af0b-41f5-97e0-3013ac8e0d9b,contacto_frecuente
580d9cd4-f66a-4e08-8efc-7480ac7e5af1,b68f590a-6191-40c8-96f0-f0261688d54c,transaccion
c2bb9797-b4a2-40ec-8e71-8797a5ebf0fd,3bb84bfc-aa8a-4e85-90cb-39c5cbb73b97,comparte_direccion
e98553c3-9afe-4aab-ada5-85b49f30eaca,910c7762-e6f8-4538-b5e0-7f307133a355,transaccion
19a8e84e-9993-42ea-a8e6-57267c2f3907,505d4eee-612e-4b83-a225-daa0cd0f2fbd,transaccion
6c7b93db-fd90-419b-8ffa-99d57b07594f,c5b2b845-e3cc-49b1-8eb7-6e986a5cfd0f,transaccion
fafd61d3-8ea7-4c5f-9729-9e578323dc40,adb2430d-6bf2-42f9-8fa7-47f83efba491,comparte_direccion
1d4cdcb8-c4c6-4134-af5a-4b5b72528d5c,16835996-59f9-44fe-b708-52ad5ceaff0d,comparte_direccion
b811b7ab-af5b-452c-af6b-a42ca0815a80,3b8bb06a-9018-4025-ae17-9d4588a5ff39,referido
5cdc53a9-cc18-465c-aaf1-f7156838a0b1,62285e62-cb15-4c11-a920-5e11eef25cd7,amistad
640a8720-c80a-4def-8681-4849660dd8be,e6512fa9-d432-4138-ba9a-a68fd1927071,transaccion
bfc19b95-18e3-44bf-a727-8a5e6ca4f8f3,b943c47b-7db8-4946-94ca-809d40b05d34,misma_empresa
41249598-696e-4416-92fc-0df47be0c3b4,47edb2f3-def4-42f6-85bb-adc25deed8e9,amistad
82a80399-a933-4dbd-984b-5d2079d03b99,26ed4942-6432-4311-bc0c-9baca5a31a06,misma_empresa
3091ddc4-c879-4992-a0aa-9251571cc83e,5cbbaa2b-a3ca-4385-9628-0a19c8c07419,referido
82f780ee-f21f-472e-9eff-0470255ce6cd,1fa3918d-9f77-4f61-b1f5-0f35d6221a74,amistad
55c806f2-cc2b-458f-ae4e-dbbf1a39db66,bcd6ba1c-0976-4fee-a19f-629462655b82,transaccion
a2f279f1-3899-4630-8438-15086b3b4274,ba441694-8117-404a-9f6c-817ca1122715,contacto_frecuente
f4d465f9-64af-46d1-9859-95cc7085d2d4,5a809d1e-2dae-424c-877c-6ffe8479d9ff,amistad
28a8c995-a387-4165-8eb8-eccf0a16dd20,9e2aa52d-792d-402e-80e1-37ea2273ece1,transaccion
f8237781-fdac-4cb1-b995-085cd0a88db9,ae93209c-fc3d-40d1-9c4d-efd57392f1e6,comparte_direccion
b956d8e9-48eb-4630-ad14-96f1aae283bd,6eb8e6c8-b850-452d-a61c-156fd027b1de,misma_empresa
1178f79a-d7dc-4eb7-95bc-c0b9eee4ea19,6cc8215d-da45-465e-b609-b68b7f149060,amistad
85ad8d89-fd3f-4ef3-b6c2-484196c63cf4,bd9fd80a-1c8e-445e-8e25-0b7e0660febe,contacto_frecuente
8c498912-eee4-4a56-9cf1-a58de869cc1e,058654bc-07b7-48d6-aca1-732f8d2aca74,amistad
60c0bac1-b726-441d-adc6-fbfca81023f7,c5b2b845-e3cc-49b1-8eb7-6e986a5cfd0f,contacto_frecuente
aa0e2749-6f91-4e6e-ac6c-05ede3633011,2e7ef430-5a5e-444d-85d9-157047490387,transaccion
7234dd8f-9277-494e-8364-b4dd30be5aff,ff628551-60d0-427c-8553-993443632639,referido
bd4cbb1a-1a0b-40b4-bccf-54eab4a2e80f,21c02ab6-9706-4fc0-ac41-2ac7dec39f60,comparte_direccion
0d81291c-37f6-4c99-876b-21c5d98c23ff,37507bea-512d-4171-84df-0d6370de8e9e,referido
b411720d-4c41-40f9-b0b0-53ad1abf6584,07a110fc-6c4d-42be-b517-8fa04f23c6f7,referido
56d3250b-e5bd-4ffb-a138-a2edc276d5d6,910c7762-e6f8-4538-b5e0-7f307133a355,amistad
cf8e22bd-90ba-40dd-bc96-781efd460d6e,f3348b30-1af0-4bca-8428-86825e236af1,referido
c670cc09-d27c-4e1f-a641-9f04418dfee5,6cc8215d-da45-465e-b609-b68b7f149060,contacto_frecuente
53ade42f-21cd-4bde-8bf7-a1d0f8c37ee9,31220094-d2d3-43dc-acf4-c8d2eff06645,amistad
93577691-60dd-4e63-ad90-2c989a194861,2feb00de-0656-4632-87e1-dbb06e44a96c,transaccion
a5014585-5f70-400d-ac46-f9a32e3daf04,b2ad8312-41f9-474b-94fb-65147551b92c,amistad
b2ad8312-41f9-474b-94fb-65147551b92c,e4715a27-bad7-4197-b035-84bec3bea3d1,transaccion
1c1e7293-67e1-4805-a529-14238dc2c989,92097aae-f8be-4cd9-a590-ee0b50718927,misma_empresa
9a6b1437-6a0d-4b74-b408-1a8ad2ca3b09,587ad707-4c16-4965-b5cb-ebfe5f51564e,referido
25bebf6e-7222-40c2-86d9-0e2f2fd45bc0,99ebdcb0-95b2-4a45-8e68-368d8bdd0bb2,amistad
496fa519-0919-43b7-a249-7d9683391d23,610f6f6e-4bb7-444c-bc21-37bcba1439d4,misma_empresa
239f1a11-2ac3-45bf-b583-f399184bcd0b,ff628551-60d0-427c-8553-993443632639,contacto_frecuente
c5b2b845-e3cc-49b1-8eb7-6e986a5cfd0f,098a8f13-fbf5-4926-9ea1-2cbe72f8045b,transaccion
1a31d360-304d-4ff9-851c-efea343a7c1b,70e83771-ce74-4261-8f17-0d893b2469b9,misma_empresa
163d776c-4ada-48e9-8dff-5d1f3da3ddaa,6e5d4c58-eb22-4e2f-b6cc-f577ad0b28ac,amistad
387229aa-561f-4547-85ed-30fe3edadf28,9adadef2-f16c-48da-af74-1d796d44332c,amistad
8bff27e6-0738-4583-a1b8-77df6580c36b,99ebdcb0-95b2-4a45-8e68-368d8bdd0bb2,amistad
03e65d25-dbb1-4cd0-b4c4-ac38b31612b5,4d2b2c04-fbae-4a7b-855c-613d60d27ca6,amistad
855a3dc5-dc9d-4774-b2bb-31ea368ae584,f532ef03-7895-4d46-8876-197af2810e71,transaccion
702c1773-bd87-4514-a6ce-0bd62eec60e1,998fce1d-8826-46ef-9c9f-9e4120d2d0a7,amistad
e32b2da3-ef97-4df7-b9bc-c571df36298c,456e4351-16f3-45ae-afcd-46019d4f52e8,referido
46651e45-7d83-4e93-9e6e-ce6f983a8c84,0c701e7a-4998-4db9-a55b-701589340361,amistad
0718b6fc-1099-4725-934a-3970a519273d,3c531a0a-b4bc-461f-bfe9-6531ac3c3ffd,referido
eb29657d-495b-413b-97b2-11d1d3c12265,f6a4eab5-693e-46a1-9f44-97cd6ab853fe,amistad
99923f5c-e2f7-4c37-9536-1514491f624d,9537624a-b9bf-4b03-b61f-d10c23737b19,contacto_frecuente
1a2d0a0c-8bc5-4e10-af6b-bb0d6acffb7c,5ed03cb9-4aa6-4d44-8ae9-95e73bebbdfe,contacto_frecuente
1af863c7-71b5-4c6f-9862-9d546019c676,35ee69a7-75a0-497c-a24d-6cf4466cc5ff,amistad
05c602ad-a3c7-4c28-8545-f514a8e1af7c,45b617da-0d23-4ada-8844-033b84adc06c,contacto_frecuente
4eeead7e-8041-4c36-af48-46e1f03708ff,102e0377-1be2-413d-b647-d42370995555,referido
77be5f41-ee83-41b5-8f60-02bb13627dac,cc575403-d29d-4406-895b-0f434579b1fe,misma_empresa
82f780ee-f21f-472e-9eff-0470255ce6cd,4b417620-cd6d-4da9-b5d7-9c60143c9aa6,referido
76821c24-583b-4739-8f2e-f3133e7d1bbc,a84384fb-4bab-490f-b133-66c47ef8d593,misma_empresa
18377f54-c4a9-4abd-8b99-705636fd4bf6,d84caf9a-d2ed-4b2e-969b-1e5f2662c3ca,misma_empresa
edcea9c3-b9db-4fd1-80c2-e6de7025150d,f14a8ff2-3817-4526-a568-28e75864d1b8,transaccion
1178f79a-d7dc-4eb7-95bc-c0b9eee4ea19,5d887e9e-f6a9-41dc-9f43-747b93dd2458,comparte_direccion
904a15fc-b3a5-45cc-bc12-0fc17f9db396,fafd61d3-8ea7-4c5f-9729-9e578323dc40,contacto_frecuente
cd9875d4-394b-4003-a9f0-a3201bf3cbbc,14b0068b-cf5f-41c0-9afc-0662c757010f,amistad
f09c2390-5108-42fb-b5e0-aba600b3bffa,3ef06c93-f669-4a7b-b373-e7b606737c96,misma_empresa
3ffad48d-8e2c-4809-95a3-c9a9dcabc999,d2038474-93e4-4752-a21a-d3f5c36c86a0,referido
ce092563-1e16-49ce-86df-556f47f91da1,5b26c537-d817-43f9-a250-061798dcfdc6,comparte_direccion
c2d6d51c-c4e6-4fe2-9d59-02a317046c38,3d25576b-d67c-40b6-9b5d-3b3d2f0ccc1d,comparte_direccion
60c2797e-9e6d-4086-8481-d68e50feaa6f,24f5509a-8f00-4389-a9bb-764334cd544b,comparte_direccion
dda2cbbb-e384-44a1-901b-d029c6f29f20,ff7b9d0b-7cba-4e52-a244-b15e0dccf36e,referido
5b50a20d-e1ea-4884-b5bb-9a3c92198f58,b7827d0c-058c-45e5-aafa-ef3df318918d,contacto_frecuente
a001c192-f409-40ac-874b-337c83020f78,312caa62-9bc7-4f6e-894d-a9ad50a79f3f,amistad
d735e706-8995-4ed0-a4aa-0149d2148710,9ae11d6f-1549-4090-886d-aca8e2676cdd,referido
31ee5906-439d-49d8-af01-e0f1f9adde0e,ad381aff-759b-4964-86c9-0d66855b8f13,referido
fbed0ad9-d785-4fb9-80bc-3d3b9f790e73,e437a3e7-7831-4293-8ea5-9d28537631cd,referido
08773578-febb-4955-93c3-e276d6c115ac,519e5c44-99d5-42ae-8a12-7ae8a325c02a,amistad
3ed126c6-163a-497c-944b-20e67c13f371,70e83771-ce74-4261-8f17-0d893b2469b9,amistad
9aa50e3b-1dcb-4464-9f61-8b6d003a2386,cc575403-d29d-4406-895b-0f434579b1fe,amistad
fba022bb-953f-4716-a407-f8ed0033a19f,6befaa47-3619-4112-b7f7-790ec824cc96,misma_empresa
f532ef03-7895-4d46-8876-197af2810e71,b9d2d4d5-75da-4aa9-8568-bae6b7af1ebf,amistad
a291a0dc-4cdd-46a1-b826-dfa5db4a31fe,106f5155-168f-40ef-9c85-069e06eb24e4,transaccion
08773578-febb-4955-93c3-e276d6c115ac,89188dd5-1de2-4399-a39b-01b33e19122b,contacto_frecuente
17ebb835-d690-473f-a006-5b70e75c4313,488e6b4f-686e-4e83-a54c-695a77e821fe,referido
949130fe-733a-4e1f-bf68-3fe5f401d15a,6c7b93db-fd90-419b-8ffa-99d57b07594f,amistad
ad7b80ab-bd3f-4ffc-aeb9-2702e9b834d5,098a8f13-fbf5-4926-9ea1-2cbe72f8045b,contacto_frecuente
113e32e5-33dd-4de4-8816-d1dc9f2606ca,012bbd1d-e848-46bd-b9c2-a0e8593f11b5,misma_empresa
e463b774-026e-4182-a6c4-14cdb58d663f,45b617da-0d23-4ada-8844-033b84adc06c,contacto_frecuente
a7b4eece-06d1-4195-a89b-c63a20dbfe07,f2804b11-1e1d-4c9e-97b8-ee6b62b44187,transaccion
5808b677-4bb0-41e1-979d-4d7dbaee6e15,c2bb9797-b4a2-40ec-8e71-8797a5ebf0fd,referido
6064874b-e576-45c7-8720-706d8383cdaf,7a6de69b-6ae3-44f8-b3b4-a2d43be507e0,comparte_direccion
1a39762f-a8d1-4713-8817-f80b2c1dca83,9e2aa52d-792d-402e-80e1-37ea2273ece1,transaccion
4262a2e1-bd88-4ff8-bc62-619ea9a39ef1,163d776c-4ada-48e9-8dff-5d1f3da3ddaa,amistad
97dfac66-f0d9-496b-a87a-5f2bd916afc7,4a395e60-0891-4592-9999-41104b51a073,referido
2a9e354d-cbf6-4458-9ba5-045e492105ba,2c450177-ef8f-4027-9f65-8ea5160afc47,misma_empresa
82a80399-a933-4dbd-984b-5d2079d03b99,9e57c65c-2dc4-4ce2-8d2d-327bcb12efe2,misma_empresa
2e5fc44b-9bab-441b-a73a-49327115e954,b0038f3f-d387-41e9-bd81-7addb29a7da2,comparte_direccion
a05a8ce1-56ce-4e52-841a-702ae6ef5a8f,ec43d27c-27d6-4903-a76e-68de252e9b91,misma_empresa
95e6b445-62e2-496a-b928-6f232eb917d8,2b62fddd-9649-4cd9-b515-72c9c1fdb787,contacto_frecuente
b4263f4a-46de-419d-afb3-27a684025ddd,bbd45d90-c7a8-49ea-81a5-d5ce915ffe1b,comparte_direccion
d7d9da8a-50c1-4f41-b5ff-eabb2a97e05f,bea2817b-3c04-4e3d-ae83-f55219ca7e15,amistad
a0d4052f-1a9d-401a-ab78-7024d97d6dd3,2fc565fb-f448-4b94-8a52-7492abe701f6,referido
dd9e9110-ef9e-4e20-9678-fb0f69d1d2c0,f4aa5729-4b96-4bc5-a1d0-f785bc374e8a,referido
383f224f-f2fe-4084-b578-a83e43fece8f,f4bd9b1a-f910-4844-a534-3602aff1a0a3,referido
f019154b-78b3-4593-8389-628dbe437d47,0b9e7de7-6d16-42c9-9a42-86a05fc1d81f,amistad
5a00ec44-a15b-4891-a5c1-ce1ab43a5cad,8e6fe5bf-e73a-4ebe-af93-b3856f50e6c4,comparte_direccion
760a4406-02f9-43ad-b51a-c393125104ca,325a9d8d-cc0d-4b22-949d-be37ecee0e1c,comparte_direccion
92326549-5627-4a78-933e-8164f34207a0,411ee90f-2d48-4996-aa2e-3a91aa712d3a,misma_empresa
8d85e6b7-8940-478f-bbbf-3a45281b5b16,ba41bab4-8fac-41e0-8c3c-260d6efd77b1,contacto_frecuente
f6757c99-b134-4e26-ade6-2598ef3a3ac4,e90efead-76c8-4414-a43b-6b0b10c6a3b4,contacto_frecuente
70e83771-ce74-4261-8f17-0d893b2469b9,ae93209c-fc3d-40d1-9c4d-efd57392f1e6,amistad
c2d6d51c-c4e6-4fe2-9d59-02a317046c38,b92b6a15-892f-420a-a224-deb97f874f52,misma_empresa
165ef624-53ce-4d55-aaaf-dc9f928e9c67,d568c99a-6e3b-4b0a-af18-aa65f9deaa9c,transaccion
26d13d5b-830e-4df3-840b-c1a2c9b778e1,0645c48d-58cb-4cb8-bc55-00a5c228e59c,contacto_frecuente
d8e0d87f-2b92-4744-8599-c07b6693074d,19987eea-3a0a-4954-90ac-7eb2d588acc2,comparte_direccion
d3afc898-3096-4ed1-8014-36238ba8bfb0,65612049-7bf3-406f-b438-2af212e37277,referido
cc575403-d29d-4406-895b-0f434579b1fe,f637d1de-3ca3-4130-84b8-0b0abf2669cc,contacto_frecuente
aa38fb4a-bda0-4a22-a8f8-a57086db37ca,dee3a3bf-c35c-456c-9b83-8d775b444909,contacto_frecuente
b238dd98-88c6-4479-885d-3424f92522a2,edce34bc-0bad-4fbf-963b-afb7d62d347c,contacto_frecuente
c2044a53-bcf5-4f48-8b27-efb24fcb4f11,871927ba-9887-4ec4-8d75-643700ac3220,amistad
6e994046-7007-4968-91a0-d65543cc1154,f2804b11-1e1d-4c9e-97b8-ee6b62b44187,referido
949130fe-733a-4e1f-bf68-3fe5f401d15a,fea087d9-b15a-4717-91d2-58645ec51198,contacto_frecuente
7aeb9645-cfd9-4fc2-aa75-b26a451b5e6e,ea61ee00-4a65-43df-8e77-4e8df81663b5,comparte_direccion
801060da-5781-4e38-8c37-ec93f097a504,ad381aff-759b-4964-86c9-0d66855b8f13,amistad
8e4264a6-ca9d-4d43-999a-3a7b1004a2dc,20aef770-e4d1-46e7-932a-5b8a472af0ae,referido
2a19ef04-0905-48b7-8f62-369b11dea175,6d904d71-20a4-43e5-b5ca-93031019d0cd,contacto_frecuente
cef4a066-83fc-4edd-bdd0-daf4ddec7882,6dd5f7b2-0c76-4acf-90ee-cedd3b774906,transaccion
eb29657d-495b-413b-97b2-11d1d3c12265,db243078-0e0d-4f66-a8e2-aa4992aac81d,comparte_direccion
659b98e9-f079-42de-bcd3-0dfc089b4039,8f4632f7-56da-40c4-8959-272ef3786a58,comparte_direccion
ff637bdf-bae7-4104-b717-a8b894211b81,741ead04-5ca8-4bc6-a785-23bddc40619e,contacto_frecuente
012bbd1d-e848-46bd-b9c2-a0e8593f11b5,50e85943-bb0f-4f44-bd7c-4484c55a3c5b,misma_empresa
58e3d3d8-1d28-456d-91a8-880db1db02b2,0f889f7b-1e9f-411e-a52a-a7113fbec77f,transaccion
058654bc-07b7-48d6-aca1-732f8d2aca74,f019154b-78b3-4593-8389-628dbe437d47,transaccion
1f408d91-b566-4161-8954-b80a7409ada3,071bc922-7abb-4e9f-8a54-b21b6aecb45c,amistad
2de3ad01-d83d-485a-a574-509d57075ebd,f2a980b0-4ea9-4361-835b-163f09dcd40e,comparte_direccion
2f1555ad-b804-45b8-b361-6fca21377015,3861e8f3-e5f7-43e6-89c5-e730bf2da719,contacto_frecuente
edce34bc-0bad-4fbf-963b-afb7d62d347c,eb863ef8-421f-406e-80bb-57e8d46c2a75,comparte_direccion
1056f62e-946e-405e-9033-57d03589cf31,ded6f761-43e0-4b38-bf3e-a4e042b67b1f,referido
e98553c3-9afe-4aab-ada5-85b49f30eaca,d3afc898-3096-4ed1-8014-36238ba8bfb0,comparte_direccion
d6225b36-cf2f-4461-8b60-22117a868d8b,f5b57355-a8f0-428c-80c7-fea664f9135e,misma_empresa
2c4c20c2-1fc6-4f08-9c2b-8c3e7681e1ff,d8bdce16-ece2-4873-ad54-de5228e95675,misma_empresa
950413aa-7f2e-4977-86f8-531651356e1b,c140f450-a62c-45e0-aea0-37b4214a83d2,amistad
e24fd6c3-7998-4eb9-9571-8ffcc26b3027,237fd167-7a56-49fb-b04a-f864444e0c86,amistad
94647db7-f68c-45d4-9529-30afdb6c18c0,165ef624-53ce-4d55-aaaf-dc9f928e9c67,referido
709ce600-7053-45dc-b802-5d4a1d1fb8f3,59f2032a-b31b-4d45-aa03-61821de03b61,contacto_frecuente
102e0377-1be2-413d-b647-d42370995555,b13a960d-c1e8-4ec9-88ba-8f113f663717,referido
d745b93e-6ce6-4a7e-b68d-fdfbb64d7572,ca840181-2c1c-41a8-bba8-bb9087c5ac08,comparte_direccion
106f5155-168f-40ef-9c85-069e06eb24e4,f2804b11-1e1d-4c9e-97b8-ee6b62b44187,misma_empresa
f9ee9fa6-6246-4377-a631-90f696cffd44,391c05b7-c95b-4a52-826f-89b646153683,misma_empresa
1a31d360-304d-4ff9-851c-efea343a7c1b,a291a0dc-4cdd-46a1-b826-dfa5db4a31fe,contacto_frecuente
26ed4942-6432-4311-bc0c-9baca5a31a06,a9f1b7b7-06d6-49a5-8b0e-f4497ab7aa62,transaccion
26d13d5b-830e-4df3-840b-c1a2c9b778e1,56ce5fc2-d99a-42db-ac68-8636d6b94dc0,misma_empresa
dece9a97-8f76-4358-b7c9-5889a2d9c41e,06c9ba8c-cbfd-4b5a-8051-91351aec2178,contacto_frecuente
6e5d4c58-eb22-4e2f-b6cc-f577ad0b28ac,c5b19ce2-3522-4ac2-843a-4f5a5cb83f73,misma_empresa
73d1736f-1cd9-4f66-9771-32bceb576f48,5552dafe-cab7-409c-ad18-c38682719e27,comparte_direccion
2ae7ef2c-cabc-4976-87e1-1f2e0bc2fa54,413c05b5-141a-4161-a703-6e164955fcdf,comparte_direccion
d5defbc7-908e-41b2-bb49-341be428125d,a87ab01b-a5a1-4a5a-a67f-5c92e5b24926,transaccion
20e4ccb5-8aba-455c-861c-0a231d4aded3,cff4aeb5-7126-402f-aaa7-53edc2efd2cb,amistad
adb2430d-6bf2-42f9-8fa7-47f83efba491,9aa50e3b-1dcb-4464-9f61-8b6d003a2386,referido
0d81291c-37f6-4c99-876b-21c5d98c23ff,6c7b93db-fd90-419b-8ffa-99d57b07594f,comparte_direccion
0e559814-b892-4d12-aa4f-233e9be7b817,348aa7a3-2cde-4d25-b045-c4e99abc084e,contacto_frecuente
6c7b93db-fd90-419b-8ffa-99d57b07594f,b12bd591-b6b1-42de-a0a9-84e62228f8c7,referido
616c40bd-6f8f-4b2e-bd4c-131e9c8f25d3,e6c3d883-ea17-46b2-ba1d-ddae4db4c4be,misma_empresa
22253f11-30da-4342-95a3-fa1cd5ae9a2a,a123c2be-9cde-40c7-b7fb-cdce3fd7bcb7,misma_empresa
26ed4942-6432-4311-bc0c-9baca5a31a06,5a00ec44-a15b-4891-a5c1-ce1ab43a5cad,referido
49968ea6-2c29-4fb4-ab80-4bda23e7d1b9,54e651ba-2d33-4af2-9513-9b57311ca934,referido
e7bf0999-764c-4685-9a1c-1cc973f76784,741ead04-5ca8-4bc6-a785-23bddc40619e,referido
f14a8ff2-3817-4526-a568-28e75864d1b8,b943c47b-7db8-4946-94ca-809d40b05d34,misma_empresa
b194000b-af0b-41f5-97e0-3013ac8e0d9b,e2e723e3-c74d-4eef-8f35-62ebb1890cd2,comparte_direccion
045c2cc2-9311-438b-b9e3-6e98bbb68128,82f780ee-f21f-472e-9eff-0470255ce6cd,referido
ea5161d3-d16d-4720-b393-a80c195ce16d,237fd167-7a56-49fb-b04a-f864444e0c86,misma_empresa
97cd5944-b2d7-48d0-804b-b8183bb45884,8f1071af-8da3-4815-8f35-82e80f5ea78f,misma_empresa
b622c915-77e7-4526-85bc-57df82a9a2a9,fbed0ad9-d785-4fb9-80bc-3d3b9f790e73,amistad
e5d6e924-be98-4209-938e-3537ff21be63,1a2d0a0c-8bc5-4e10-af6b-bb0d6acffb7c,contacto_frecuente
2d5893bb-250e-4228-8ab0-1fd6ae9d310b,cb776d70-ed20-4ae9-90f4-f3d6f1fd4847,amistad
a4286b76-0d8e-4c70-a52a-a4f125d5ee96,a09e61eb-7f41-422e-9de9-fc353f850711,referido
40f8a80f-6ab7-40bb-a3ec-1b21772ec5e7,b0038f3f-d387-41e9-bd81-7addb29a7da2,misma_empresa
7f03938a-7536-4ba1-be9d-0b35e660fba7,f4ad231a-8e20-4278-8797-4d9fbeb9fd0d,comparte_direccion
0b887a93-4100-46d2-85e2-24197f6bad3a,c52a3bab-6a92-4ad6-8831-07ad9a6acb0d,amistad
59f2032a-b31b-4d45-aa03-61821de03b61,f4bd9b1a-f910-4844-a534-3602aff1a0a3,transaccion
2383d08c-6bc5-4248-9416-ef39fb14b256,f9ee9fa6-6246-4377-a631-90f696cffd44,contacto_frecuente
2dff3ef3-4f01-4dee-9820-d72c49ff8816,c556ecaf-cf63-44dc-b184-dab0c1ef95ef,referido
f5b57355-a8f0-428c-80c7-fea664f9135e,4a542bc0-9f4d-42e3-81f8-3845f0fa2a92,contacto_frecuente
b783252b-b5fa-433b-9f5e-534be59675a1,41249598-696e-4416-92fc-0df47be0c3b4,amistad
1c981081-af17-4101-96a3-44cab5e03eb9,ea4029c2-6c97-47e2-b282-4029c9587f99,comparte_direccion
562fb047-489b-44fd-b5e4-e4feee6aaf8c,c0dd5e67-6e16-449e-b3e7-474e0e3d13cc,referido
b7827d0c-058c-45e5-aafa-ef3df318918d,f4bd9b1a-f910-4844-a534-3602aff1a0a3,comparte_direccion
b5a555ce-a158-4a20-8150-ed1d41257b57,1f408d91-b566-4161-8954-b80a7409ada3,comparte_direccion
871927ba-9887-4ec4-8d75-643700ac3220,0c21f237-9de2-4b2f-b9da-bbdfd7fe9277,contacto_frecuente
2c450177-ef8f-4027-9f65-8ea5160afc47,2e25e697-4422-47ce-8994-933634fb354d,transaccion
55948a2d-8f7d-47f8-ac9b-763d3b810442,f2df86a0-9d69-451a-be57-c1385db0919d,misma_empresa
16c81b0f-d0b9-4946-9743-9ce660e52e13,54a21c26-c2d7-421c-b302-717449e134b3,amistad
e902044c-f338-4579-8442-0dcd34aad037,54a21c26-c2d7-421c-b302-717449e134b3,transaccion
9b2b9e9a-6fbf-413a-9294-18f83407fd10,999643b3-88d5-4499-b419-627b1b7a0ae6,amistad
12a79437-171a-4999-b7c5-c44512acb657,ea31508d-e6a9-4019-bc96-a5f53b3a3dc7,amistad
ea28254d-5cbf-4803-bb29-26be23f1bd6c,4843be8b-2758-42c8-a35a-e41ca1e5b030,referido
2d6830b3-48b7-4951-8504-1e22e84afa76,9a6b1437-6a0d-4b74-b408-1a8ad2ca3b09,comparte_direccion
ddc25524-6ef6-4a69-bd00-dd6ac33bfd83,e4d8f20c-0f2f-4887-bfb2-e5e7a26dd2f7,misma_empresa
07108aca-a36b-4827-8ac9-3ec8ccd564e6,0cb7ba22-0850-4daf-8e4b-21288d28baea,amistad
850dc172-facd-4f69-be2e-803a9b3f8850,013f7c29-22f7-48cb-b277-07553b4810ca,contacto_frecuente
4889e883-6b41-48a2-af8e-04195cc23246,ee6964e9-597b-42e1-b754-1654d9a85396,transaccion
3ef06c93-f669-4a7b-b373-e7b606737c96,102e0377-1be2-413d-b647-d42370995555,comparte_direccion
2384fe79-d536-4c78-9458-33ec929a59df,1d23c2a7-66ab-4741-b787-f2363565f1ea,misma_empresa
a2b33527-55d6-4c7e-8dd6-1e5582e00e96,079e7304-5c35-4f3b-9192-20deebbad7a1,misma_empresa
bb2c8a19-b6f9-4b9b-8e47-0d445abdec3a,532bcdd8-b91e-4fca-9b6c-a085215bf3b9,contacto_frecuente
383f224f-f2fe-4084-b578-a83e43fece8f,59258863-8ae9-41bc-bef7-0c28dba254c9,comparte_direccion
7e92cf48-e9cf-4c0a-8bed-8d1663aa2fb3,12c43d15-39a2-4f56-b6d6-dc2b89ebe0e8,misma_empresa
2ae7ef2c-cabc-4976-87e1-1f2e0bc2fa54,3b8bb06a-9018-4025-ae17-9d4588a5ff39,contacto_frecuente
b52cd94b-6d9a-4166-a2e0-0a46e4d16660,e3b4c1b1-ac10-43c0-baff-63d46cea5a03,misma_empresa
e2e723e3-c74d-4eef-8f35-62ebb1890cd2,c5dbfaa6-6032-47ec-a01a-61f759da815f,misma_empresa
b0038f3f-d387-41e9-bd81-7addb29a7da2,ed7de801-46d1-453a-9cf3-660b5f10d7dd,transaccion
f09c2390-5108-42fb-b5e0-aba600b3bffa,9ab5b617-dbbd-4fd5-86d3-cb02b4c87b9f,amistad
15952e0a-c60d-4a1b-8899-fbe2a71c5333,10c222bc-aa72-49c2-b5bd-818bbbe79ca5,referido
950413aa-7f2e-4977-86f8-531651356e1b,adb2430d-6bf2-42f9-8fa7-47f83efba491,referido
3ed126c6-163a-497c-944b-20e67c13f371,ad5cdfb1-17e1-4e42-84e4-95bf01c01988,amistad
079e7304-5c35-4f3b-9192-20deebbad7a1,733c237a-9a1c-42e5-aaa1-3739c90e5ad2,referido
c5b70dde-29d0-4a3f-8565-bce1ab7f7a34,54e17889-fd0c-4620-a2da-1df96bfcd613,misma_empresa
5581cd66-e36b-4896-b846-698b5d20706e,f2804b11-1e1d-4c9e-97b8-ee6b62b44187,contacto_frecuente
41e23d99-2158-4239-a3c9-f3016ba4290a,1c1e7293-67e1-4805-a529-14238dc2c989,amistad
fef22469-9f89-4dff-83f5-60b891355cef,4eeead7e-8041-4c36-af48-46e1f03708ff,amistad
34583817-a513-4359-a672-63f3f1de3475,998fce1d-8826-46ef-9c9f-9e4120d2d0a7,misma_empresa
c572f0ca-0e2d-4815-a87d-eeaa4efa62d1,d5ebc9bf-02b1-4cb5-8a34-f865c2aca1f8,comparte_direccion
ab82b02e-17ec-4492-94d0-0d737d394956,1329f0d1-8479-4298-bb64-5ca718f8d91e,amistad
3672fd24-3e0b-4345-8bff-6067e0de2ee8,3c8ef360-3d45-408e-a989-00a414898c93,misma_empresa
b8179e2e-0fb7-432c-afec-62c01e4d7878,7f03938a-7536-4ba1-be9d-0b35e660fba7,amistad
0718b6fc-1099-4725-934a-3970a519273d,9c094078-3e30-45ae-a8b0-09684532d278,amistad
9ab5b617-dbbd-4fd5-86d3-cb02b4c87b9f,a703af62-e8f4-4b37-b0d4-4bd29bddb39f,transaccion
0f201eae-9388-4dd1-9da4-f1c43a713476,ef3f0ffd-f8bc-4dcc-a8a5-e62d41ec3069,comparte_direccion
8516ec31-9809-41d2-b8bc-c358146a9c93,3cb04b81-c3b6-47e0-b0f3-4b0e8ee16c01,comparte_direccion
25905c28-1633-4d30-9e9a-516617c91b8c,3deb9639-6438-402c-b40b-583e50a7da11,amistad
e2e8b04f-3489-4546-a11d-0ac156b6d4d5,fb7d8095-c6c2-4168-9525-4974647ab55f,comparte_direccion
c67ebe45-f641-4c6a-b6ea-9bbce5bf4d34,702c1773-bd87-4514-a6ce-0bd62eec60e1,comparte_direccion
31ee5906-439d-49d8-af01-e0f1f9adde0e,6d2fdbbd-2c72-4f88-9e12-04ebc37dd677,transaccion
17c72c13-6d06-49d4-863a-d184bfef2d18,b12591a4-bcfa-474f-8bd2-ed5f8370127c,comparte_direccion
4a542bc0-9f4d-42e3-81f8-3845f0fa2a92,8e6fe5bf-e73a-4ebe-af93-b3856f50e6c4,misma_empresa
562fb047-489b-44fd-b5e4-e4feee6aaf8c,5cbbaa2b-a3ca-4385-9628-0a19c8c07419,amistad
cf0e5901-2c6c-43fc-b2ea-a565df2765a4,088a606f-ef69-4be4-a15b-85f77efd3a41,amistad
1c981081-af17-4101-96a3-44cab5e03eb9,b4263f4a-46de-419d-afb3-27a684025ddd,comparte_direccion
9c2424be-65b8-4019-8027-85fc3048e060,2812615b-d2a8-4a94-bc33-d2dbd49df4b0,contacto_frecuente
1cd83bde-047f-4ae4-8a25-4f43f96a1e76,f4b009e9-c797-4a49-adb4-e4dc88a787a1,contacto_frecuente
e5bdd48d-b853-47d9-84cc-706a43cbe57a,3341b775-6125-4cd9-91f3-20bee329434c,comparte_direccion
1c981081-af17-4101-96a3-44cab5e03eb9,2384fe79-d536-4c78-9458-33ec929a59df,transaccion
6642820b-efc2-4198-ae16-7d0a5352d0b0,9bcc4edc-8672-448e-bdac-0c88131d3f01,contacto_frecuente
f6757c99-b134-4e26-ade6-2598ef3a3ac4,eba9242a-0cf0-44fc-a28c-83028e94e4f4,referido
62285e62-cb15-4c11-a920-5e11eef25cd7,cc575403-d29d-4406-895b-0f434579b1fe,misma_empresa
949130fe-733a-4e1f-bf68-3fe5f401d15a,d4ec4d2a-7def-4902-9994-67955c16950d,amistad
be61371a-e46a-4813-8467-c78c099a3a86,310e6eda-7fb5-4583-af41-e405d43b45b7,comparte_direccion
28b36068-164e-412d-a740-fed13717be0a,55df59ba-048b-449f-8c0c-c27e82a73947,referido
524e2c60-9c6a-4dfe-95f4-a5771318e3a3,2ae7ef2c-cabc-4976-87e1-1f2e0bc2fa54,misma_empresa
2dff3ef3-4f01-4dee-9820-d72c49ff8816,b7827d0c-058c-45e5-aafa-ef3df318918d,transaccion
c5b70dde-29d0-4a3f-8565-bce1ab7f7a34,c5b2b845-e3cc-49b1-8eb7-6e986a5cfd0f,misma_empresa
1af863c7-71b5-4c6f-9862-9d546019c676,3e5a5f6c-2629-47ac-8d8c-bc785bb9a90e,transaccion
53ff0ff4-7141-407c-b962-a6d10545fd5f,6d6dea1e-e900-4139-aab6-57dd368b84a1,transaccion
92fdd34e-89b4-42a5-b3a7-4c7667874e6c,4843be8b-2758-42c8-a35a-e41ca1e5b030,misma_empresa
dac828dc-921f-4aa4-845e-fa101a6c996d,d98c5f0f-6fd5-4ab3-807f-0df80099917e,transaccion
9dea30a5-53ec-4da2-abcd-e4090c773cd5,8f1071af-8da3-4815-8f35-82e80f5ea78f,comparte_direccion
cef4a066-83fc-4edd-bdd0-daf4ddec7882,45b617da-0d23-4ada-8844-033b84adc06c,misma_empresa
70d27c6a-198d-4193-8d85-25f555607ec9,de647a50-0d15-4657-b166-438ff36b1e70,contacto_frecuente
55948a2d-8f7d-47f8-ac9b-763d3b810442,fef22469-9f89-4dff-83f5-60b891355cef,contacto_frecuente
1c1e7293-67e1-4805-a529-14238dc2c989,a4aa28e0-8fb6-4608-80fa-dffa93c4a84e,amistad
640a8720-c80a-4def-8681-4849660dd8be,fccfc31d-57db-4100-804c-5cf0c0b11274,transaccion
ba2932b2-23dd-4562-97cb-903a2688024a,38cf5f97-03cc-4991-b50a-f9f2db8b7f5f,contacto_frecuente
c670cc09-d27c-4e1f-a641-9f04418dfee5,cb4228f2-4cf2-4a8d-8894-1278178a0319,transaccion
641c5362-8cd7-408b-a1b1-7e4416ece25c,5a00ec44-a15b-4891-a5c1-ce1ab43a5cad,comparte_direccion
d8bf4e13-e024-489a-ab78-803ed5ba3c38,532bcdd8-b91e-4fca-9b6c-a085215bf3b9,comparte_direccion
6faf74fa-1f5b-4873-ae82-df38fa793026,82b80349-c3cf-4909-96f8-9eb8029634c2,amistad
9ba336a0-0e2c-4be2-91bb-e1264ccf8b8d,a70a24b9-80b3-460f-9575-8e95941016bf,misma_empresa
7e92cf48-e9cf-4c0a-8bed-8d1663aa2fb3,5fa87ee9-821f-4fce-98fd-8c1938124df7,misma_empresa
fd2a05f2-a7ea-4e61-b856-baca78d523c2,54a21c26-c2d7-421c-b302-717449e134b3,comparte_direccion
7f87f3f1-1abf-44ee-94c4-eb0d13653bdf,89768359-2594-4146-aa45-fafa3144edfb,contacto_frecuente
0f2cd062-f3e1-4c69-a6a1-1ef8cf51cf8f,e5bdd48d-b853-47d9-84cc-706a43cbe57a,referido
2bfb9c0c-611c-4360-81fc-0f0c7de42f43,c228f2a7-e58c-45cf-8795-89effe30fbbc,contacto_frecuente
4460c604-8543-42c5-a418-e1a8186ba38e,e406ce15-ca27-435a-a4bf-1478059758d0,contacto_frecuente
f14a8ff2-3817-4526-a568-28e75864d1b8,f4b009e9-c797-4a49-adb4-e4dc88a787a1,contacto_frecuente
2bfb9c0c-611c-4360-81fc-0f0c7de42f43,7bd04b12-64c7-45e7-8a01-504e6e82dc52,transaccion
a123c2be-9cde-40c7-b7fb-cdce3fd7bcb7,b2287d6c-055a-4cb7-b9eb-16a24e572ba3,contacto_frecuente
e437a3e7-7831-4293-8ea5-9d28537631cd,0823c0d8-8635-4c40-a0dd-8124cd6e5e68,amistad
d763c227-b38c-4634-b5d2-0e4f284ad160,bbd45d90-c7a8-49ea-81a5-d5ce915ffe1b,transaccion
105b050f-7247-4376-956e-63fb606bf239,0645c48d-58cb-4cb8-bc55-00a5c228e59c,transaccion
1871005a-b413-4406-bc6a-70a65a578cf5,65f80dbe-d031-436a-bd33-3f0670f4676c,amistad
9bcc4edc-8672-448e-bdac-0c88131d3f01,4477a23a-9cf1-4416-ae32-125a3067c459,contacto_frecuente
eb863ef8-421f-406e-80bb-57e8d46c2a75,ba86066e-09fa-45c2-9bff-f38ff74a91c8,misma_empresa
da916067-396f-4934-b4d0-4d2bfe744464,02a7d062-ef1f-44e0-bf87-e99ffc7a22c5,amistad
1329f0d1-8479-4298-bb64-5ca718f8d91e,63b66175-4271-414a-917b-c647f0e0cb83,misma_empresa
fef22469-9f89-4dff-83f5-60b891355cef,f532ef03-7895-4d46-8876-197af2810e71,contacto_frecuente
6c7b93db-fd90-419b-8ffa-99d57b07594f,10c56617-03bc-4c17-8120-045b1e3a74dc,comparte_direccion
29cfb490-7ed3-47b5-9b60-2cb3112dfbf6,049b8d1c-ac01-407c-9e27-2a7d5b97eecd,misma_empresa
058654bc-07b7-48d6-aca1-732f8d2aca74,7e1ee659-be1f-4f7a-9e50-f567edc2d7af,transaccion
6c7b93db-fd90-419b-8ffa-99d57b07594f,113e32e5-33dd-4de4-8816-d1dc9f2606ca,referido
94087ac1-474d-49c3-97c5-3386547647dd,809cb42e-c1d2-4d61-8d36-5e60e3bb9695,contacto_frecuente
0eb42f5f-2055-4b7a-8e3e-fe76a2cbca17,bea2817b-3c04-4e3d-ae83-f55219ca7e15,misma_empresa
07aa2fde-4748-45aa-8438-f2d0e4bca985,ab18cb75-7107-4fc4-8d69-b3db2d489b9a,contacto_frecuente
f09c2390-5108-42fb-b5e0-aba600b3bffa,fd2c1c21-1293-4a48-b3c0-3f82d1c5b0c0,contacto_frecuente
0fa7d8c6-299a-4036-b550-f57a86fd6d68,09dc59ef-348a-4d2d-8a15-8fe2a44c1af8,misma_empresa
75bfe467-3b16-4435-a5b2-1353d9f9b5e4,1364dc0c-ba3d-43a3-9a02-a458e1977e7a,amistad
5d887e9e-f6a9-41dc-9f43-747b93dd2458,cd8e1bfe-397f-44ab-bfe2-d6640e6dbe98,comparte_direccion
99620068-99d7-4351-9b01-2b4c0af9299a,5bcae0b9-b19d-4485-8647-a1d76f822f45,referido
30dc7e98-9210-445e-b859-959c556132f7,ba86066e-09fa-45c2-9bff-f38ff74a91c8,comparte_direccion
eb39ccdf-537f-45b9-b190-f8dbd30c72fc,51ffbd77-f951-4d60-bf46-e08f08e8f4b1,comparte_direccion
2ae7ef2c-cabc-4976-87e1-1f2e0bc2fa54,773e7b87-4797-4ee4-86fd-35aed2661a85,transaccion
6e5d4c58-eb22-4e2f-b6cc-f577ad0b28ac,2dff3ef3-4f01-4dee-9820-d72c49ff8816,misma_empresa
0962e737-a570-4df9-ba2d-d146f37fcf45,77b15be6-08c7-48d4-811e-a31bdea88662,comparte_direccion
387229aa-561f-4547-85ed-30fe3edadf28,8091c0d9-4d96-4356-a610-db5bb8effab1,comparte_direccion
1aa199f4-7ad3-46da-a2ff-6d81c0ba472f,0c701e7a-4998-4db9-a55b-701589340361,contacto_frecuente
2bb73719-170f-49dd-a41e-12986e3b9c9a,b7dc6d59-6fcc-497f-aa2b-44fcffc34a39,comparte_direccion
04bc037a-f7e1-417f-a8ba-5e875e07b421,dca0afb2-3d7c-4d00-9aef-aa60bbb45820,referido
99923f5c-e2f7-4c37-9536-1514491f624d,ba2932b2-23dd-4562-97cb-903a2688024a,referido
a7a2f8dc-9e66-4935-a4c6-2ee008a1da3d,c0dd5e67-6e16-449e-b3e7-474e0e3d13cc,misma_empresa
92fdd34e-89b4-42a5-b3a7-4c7667874e6c,8aac948d-9ba5-441f-ace7-1d24c28b647e,transaccion
17d725da-211f-4fca-9066-d7ad87e195f2,fed3e2d4-4545-4922-918a-4dccb926783a,comparte_direccion
350d01e3-159c-46c9-af01-98a67b113654,bf3b4237-5efd-47aa-b9b3-e7c571537107,referido
24f5509a-8f00-4389-a9bb-764334cd544b,7aeb9645-cfd9-4fc2-aa75-b26a451b5e6e,comparte_direccion
8649e7dd-8d43-4432-a310-bb057f0c26f1,524e2c60-9c6a-4dfe-95f4-a5771318e3a3,transaccion
0cb7ba22-0850-4daf-8e4b-21288d28baea,85411fd4-dbb2-4d0f-b880-9dffb372043f,transaccion
d364b2e7-ac53-4062-937a-a3a4156a5284,dbfd7db6-ba73-48fe-beee-464ea219e56c,referido
4faf3cc8-d0e6-41d2-84e5-134c62e81ef9,63b66175-4271-414a-917b-c647f0e0cb83,referido
b4263f4a-46de-419d-afb3-27a684025ddd,d9c9894b-4caa-490c-8bc8-36d3bbaca5e0,referido
81e0634f-c5ef-4bd4-afe8-efc0297ea950,fef22469-9f89-4dff-83f5-60b891355cef,comparte_direccion
999643b3-88d5-4499-b419-627b1b7a0ae6,37582e5d-2e8d-4fb2-a2ac-a7b2a42b4d12,comparte_direccion
801060da-5781-4e38-8c37-ec93f097a504,54e651ba-2d33-4af2-9513-9b57311ca934,amistad
a87ab01b-a5a1-4a5a-a67f-5c92e5b24926,b125ae36-32f6-498d-844e-a1278dbab66d,contacto_frecuente
d5ebc9bf-02b1-4cb5-8a34-f865c2aca1f8,35ee69a7-75a0-497c-a24d-6cf4466cc5ff,amistad
9adadef2-f16c-48da-af74-1d796d44332c,310e6eda-7fb5-4583-af41-e405d43b45b7,misma_empresa
ba41bab4-8fac-41e0-8c3c-260d6efd77b1,b9d2d4d5-75da-4aa9-8568-bae6b7af1ebf,contacto_frecuente
6d904d71-20a4-43e5-b5ca-93031019d0cd,92097aae-f8be-4cd9-a590-ee0b50718927,contacto_frecuente
e437a3e7-7831-4293-8ea5-9d28537631cd,c2d6d51c-c4e6-4fe2-9d59-02a317046c38,misma_empresa
720d44a3-acc5-4d7a-80a5-0ae6a7a75c46,28b36068-164e-412d-a740-fed13717be0a,amistad
aa3740b1-6566-4000-a7ba-c465cb7906e0,cf8e22bd-90ba-40dd-bc96-781efd460d6e,contacto_frecuente
863a182e-c7e3-440a-ab2d-cb44d62c5a62,8bc0c12b-8950-45ee-b559-3660226af13f,comparte_direccion
527ad50f-de10-4cc0-a8a9-ad484a8b50d2,06c9ba8c-cbfd-4b5a-8051-91351aec2178,referido
9aa50e3b-1dcb-4464-9f61-8b6d003a2386,387229aa-561f-4547-85ed-30fe3edadf28,amistad
c2f26efc-c16c-4553-8143-05030b2cf3cc,31ee5906-439d-49d8-af01-e0f1f9adde0e,misma_empresa
e1a6c038-270c-451b-a359-eb3b0374e132,0c7fcbce-593d-4982-af84-87f34af46dba,transaccion
85aaed61-7343-45ab-9059-21fdaae5f351,2afbea4f-d1d5-4689-be61-ec2e1b358678,referido
b6772d52-a461-4343-9259-ab404c67bf93,92097aae-f8be-4cd9-a590-ee0b50718927,contacto_frecuente
3730ea3e-f809-4194-8b2c-f2e86a9b8995,51ffbd77-f951-4d60-bf46-e08f08e8f4b1,comparte_direccion
eab82376-7cc5-46d3-b451-bbc04b9c9058,7e92cf48-e9cf-4c0a-8bed-8d1663aa2fb3,amistad
87d43448-1591-467e-a978-c0925caa5fbf,1c2c3646-87e6-4675-90dd-82eb024c8dee,misma_empresa
9537624a-b9bf-4b03-b61f-d10c23737b19,71dd12ca-baa2-4d7e-93bc-63c9bad1cab3,referido
532bcdd8-b91e-4fca-9b6c-a085215bf3b9,0e559814-b892-4d12-aa4f-233e9be7b817,amistad
010a0a9b-868c-4d16-8475-205108232ee4,85aaed61-7343-45ab-9059-21fdaae5f351,contacto_frecuente
9a6b1437-6a0d-4b74-b408-1a8ad2ca3b09,312caa62-9bc7-4f6e-894d-a9ad50a79f3f,referido
f741d709-e3b9-4bdb-9a38-7a5469c30ccf,9bcc4edc-8672-448e-bdac-0c88131d3f01,transaccion
f8237781-fdac-4cb1-b995-085cd0a88db9,527ad50f-de10-4cc0-a8a9-ad484a8b50d2,amistad
e5bdd48d-b853-47d9-84cc-706a43cbe57a,2dff3ef3-4f01-4dee-9820-d72c49ff8816,transaccion
faa5712f-fffe-4108-b4a7-adfb2e47476d,6cb639a8-98e0-4515-a42d-3ca9f449357a,transaccion
0b17c26a-a18f-445c-8c06-8bda330a3cd3,4aabf8be-2106-4fca-80a9-335bc61cd1bf,amistad
1ca8c4c5-8779-4707-9443-8492a20710d4,56931ee0-b0c8-4a2f-891e-06a871947640,transaccion
d18d1bef-1773-4f8a-9c41-c0d675d31b48,9d3a8314-9964-4267-991e-2001d283a952,contacto_frecuente
c000188e-51f6-4198-a303-5b269fc8c633,9a700a4c-a581-4690-a07e-58404a809dd0,contacto_frecuente
95e6b445-62e2-496a-b928-6f232eb917d8,7e90002f-fca3-4cc5-95a7-2eabf7f251eb,comparte_direccion
70e83771-ce74-4261-8f17-0d893b2469b9,580d9cd4-f66a-4e08-8efc-7480ac7e5af1,amistad
cb776d70-ed20-4ae9-90f4-f3d6f1fd4847,5d887e9e-f6a9-41dc-9f43-747b93dd2458,amistad
ce911d66-d12d-40ea-be28-f8b64dd75e9b,10c265eb-1897-442c-9e19-ed4c7861f761,transaccion
46abaec7-035c-4154-95c5-5a59ed799c94,54e17889-fd0c-4620-a2da-1df96bfcd613,referido
b7dc6d59-6fcc-497f-aa2b-44fcffc34a39,cf31450a-ef29-4f81-aee2-188e63895e7d,contacto_frecuente
fc9ad9bc-e6b6-452e-8858-cfb0da514a02,5b50a20d-e1ea-4884-b5bb-9a3c92198f58,contacto_frecuente
98313e47-6c8a-414d-9a78-0733de160b87,a84384fb-4bab-490f-b133-66c47ef8d593,misma_empresa
7012a826-f089-481c-b7f5-c333e816a366,c67ebe45-f641-4c6a-b6ea-9bbce5bf4d34,referido
90866f05-fe61-4633-b7e6-b336e1605834,8a8a1720-6c5f-48c9-b649-f5244b7115ea,comparte_direccion
7aeb9645-cfd9-4fc2-aa75-b26a451b5e6e,dba95bd7-ba54-42fc-a9bb-2424d0958182,amistad
b424fc25-0497-4ac1-ba1a-33597e541c8e,b52cd94b-6d9a-4166-a2e0-0a46e4d16660,contacto_frecuente
82c1e958-6384-47b8-9598-e92fa0346283,17d725da-211f-4fca-9066-d7ad87e195f2,misma_empresa
f2edd005-db14-4f41-bb5b-e4a3ce481fd5,9adadef2-f16c-48da-af74-1d796d44332c,contacto_frecuente
f374a33f-fa6c-415f-9dd1-8703643c2ad0,65e7bfe9-1a9a-463d-b961-d8d3e63d3e89,transaccion
2ec21ed6-d580-4bbe-bc5c-a6a47f76a59b,e98553c3-9afe-4aab-ada5-85b49f30eaca,misma_empresa
26933967-516d-4853-b015-22a4770606b3,8e4264a6-ca9d-4d43-999a-3a7b1004a2dc,misma_empresa
a001c192-f409-40ac-874b-337c83020f78,e2d76fbd-37cb-4982-b3cb-8ad2448b724b,transaccion
ba41bab4-8fac-41e0-8c3c-260d6efd77b1,e815fac2-44b7-40b8-b9cc-22963f99b05e,misma_empresa
a7b4eece-06d1-4195-a89b-c63a20dbfe07,31c46141-a5a0-4e1d-8509-dd3b710f6b88,contacto_frecuente
05c602ad-a3c7-4c28-8545-f514a8e1af7c,7155a9dd-6daa-4df5-ae54-fc72391fda37,comparte_direccion
d7d9da8a-50c1-4f41-b5ff-eabb2a97e05f,cb776d70-ed20-4ae9-90f4-f3d6f1fd4847,misma_empresa
1df54cf5-436c-4c58-a273-c6184739f64c,cc5b0744-c936-44ea-8c4f-271edc85beb3,amistad
20aef770-e4d1-46e7-932a-5b8a472af0ae,71518758-5b46-4761-a93e-b83c1fb2be03,amistad
098a8f13-fbf5-4926-9ea1-2cbe72f8045b,d4776ed1-2cec-48e6-b499-42bd4c7ffcd3,contacto_frecuente
25bebf6e-7222-40c2-86d9-0e2f2fd45bc0,54a21c26-c2d7-421c-b302-717449e134b3,misma_empresa
2feb00de-0656-4632-87e1-dbb06e44a96c,5cdc53a9-cc18-465c-aaf1-f7156838a0b1,misma_empresa
ca840181-2c1c-41a8-bba8-bb9087c5ac08,2e5fc44b-9bab-441b-a73a-49327115e954,contacto_frecuente
84398493-2266-46d7-8361-eefe35542d64,aa38fb4a-bda0-4a22-a8f8-a57086db37ca,amistad
2c450177-ef8f-4027-9f65-8ea5160afc47,63b79faa-0f61-428b-9997-6870606616db,transaccion
8108fa76-a8cb-4da7-9eaa-ed1914d689b3,1c2a58ac-3da8-4561-b7ee-e7366f6421d9,amistad
640bd510-df72-48b1-9945-d68299fee299,c5dbfaa6-6032-47ec-a01a-61f759da815f,transaccion
519e5c44-99d5-42ae-8a12-7ae8a325c02a,a8edec27-663e-4b5a-93d1-37ed5abafc67,referido
ad7b80ab-bd3f-4ffc-aeb9-2702e9b834d5,58f863f9-11e8-4a92-955f-f481591fb30b,comparte_direccion
e902044c-f338-4579-8442-0dcd34aad037,d8e0d87f-2b92-4744-8599-c07b6693074d,amistad
2e7ef430-5a5e-444d-85d9-157047490387,65f80dbe-d031-436a-bd33-3f0670f4676c,amistad
0693133c-39c8-4c07-8751-acd2a2bf1da1,f4d465f9-64af-46d1-9859-95cc7085d2d4,referido
0d81291c-37f6-4c99-876b-21c5d98c23ff,c7e96c31-b070-4fe1-9477-0b2bbca42737,comparte_direccion
d3d01ad9-2647-421e-b6ac-2676ca77fb36,c140f450-a62c-45e0-aea0-37b4214a83d2,amistad
003b1f43-3079-4987-9dab-29e6b2dfa0dc,bcf0e8bf-c003-4428-be22-c4b9cf542ecf,contacto_frecuente
25bebf6e-7222-40c2-86d9-0e2f2fd45bc0,faa5712f-fffe-4108-b4a7-adfb2e47476d,comparte_direccion
ee526c4a-567e-4e3b-a7ec-93e2351366b9,54caedeb-5f9a-4028-9f09-9ec3ffcff14b,misma_empresa
1ca8c4c5-8779-4707-9443-8492a20710d4,dbfd7db6-ba73-48fe-beee-464ea219e56c,contacto_frecuente
1a2d0a0c-8bc5-4e10-af6b-bb0d6acffb7c,a4938549-498d-4af5-98f4-8685f47878e9,contacto_frecuente
1df54cf5-436c-4c58-a273-c6184739f64c,587ad707-4c16-4965-b5cb-ebfe5f51564e,referido
8c498912-eee4-4a56-9cf1-a58de869cc1e,d3166baf-4f72-4b90-9f1a-903e18abb6e7,transaccion
0f201eae-9388-4dd1-9da4-f1c43a713476,7b4c7335-8ed2-4a69-9e3a-cff007b6df20,transaccion
e886da7a-c7dc-4841-9851-a16a45631d17,cb49eaf1-58eb-4f63-8557-ca7bf7760fb9,comparte_direccion
03099c17-2fae-4f5a-8c24-6d876648f5c4,20aef770-e4d1-46e7-932a-5b8a472af0ae,contacto_frecuente
733c237a-9a1c-42e5-aaa1-3739c90e5ad2,245aab86-b938-49f1-a60d-7c33b8decd54,contacto_frecuente
045c2cc2-9311-438b-b9e3-6e98bbb68128,17ebb835-d690-473f-a006-5b70e75c4313,referido
ba6e834a-7173-4864-9ba1-d8b337a570a1,6e5d4c58-eb22-4e2f-b6cc-f577ad0b28ac,amistad
58aaa814-dcef-4016-a827-d84b5f84f64a,616c40bd-6f8f-4b2e-bd4c-131e9c8f25d3,misma_empresa
7921c0a7-11f8-4e19-8309-cc3867906450,4477a23a-9cf1-4416-ae32-125a3067c459,amistad
b783252b-b5fa-433b-9f5e-534be59675a1,113e32e5-33dd-4de4-8816-d1dc9f2606ca,amistad
d99cba24-4655-4165-87f6-2c51103ab92b,049b8d1c-ac01-407c-9e27-2a7d5b97eecd,comparte_direccion
c2f26efc-c16c-4553-8143-05030b2cf3cc,9cc95113-08b4-4755-9514-0f7aa4255fd9,contacto_frecuente
0c6f97ed-f676-49be-9691-8354af1e00b3,bdcfc2d3-5157-4d4b-b0af-7cc425fd8e72,comparte_direccion
659b98e9-f079-42de-bcd3-0dfc089b4039,60c0bac1-b726-441d-adc6-fbfca81023f7,contacto_frecuente
85411fd4-dbb2-4d0f-b880-9dffb372043f,238922fe-1536-4802-b832-5b2af1a99529,referido
21c02ab6-9706-4fc0-ac41-2ac7dec39f60,617fc74b-300a-44cc-a05f-7e7059907d0f,amistad
48cb6651-a0f0-43be-9fff-f7d08e18028b,143ebda5-936a-455b-b7e2-1e2cd537d687,transaccion
9e2aa52d-792d-402e-80e1-37ea2273ece1,e6512fa9-d432-4138-ba9a-a68fd1927071,comparte_direccion
624da621-73a3-43cd-bc37-b65d515d72ac,a1da3be9-5274-4dbf-b5c4-b92faf0024b7,comparte_direccion
8ca921c1-52fb-439a-9167-e20d5e6c9b5e,1c5490e6-9736-44cb-bbb1-dd1a84d802c2,misma_empresa
949130fe-733a-4e1f-bf68-3fe5f401d15a,53ff0ff4-7141-407c-b962-a6d10545fd5f,amistad
5b626305-094f-42ba-bfb9-0c4158d69f81,b58446d5-4ca6-4bc7-b5db-60c9dd4d6579,transaccion
4eca914b-1e46-48d9-b687-c2878dde022b,5fa87ee9-821f-4fce-98fd-8c1938124df7,referido
e9393531-b6e7-4257-9c81-2963762db37d,31220094-d2d3-43dc-acf4-c8d2eff06645,comparte_direccion
d9e57f1e-78fb-44b5-980b-c3a0e800d063,afba9fb6-fc11-4811-a6b6-bc9e8637572c,misma_empresa
045c2cc2-9311-438b-b9e3-6e98bbb68128,b0038f3f-d387-41e9-bd81-7addb29a7da2,misma_empresa
70e83771-ce74-4261-8f17-0d893b2469b9,1d3683be-7485-4bb9-995a-8736c58accec,referido
f2804b11-1e1d-4c9e-97b8-ee6b62b44187,93577691-60dd-4e63-ad90-2c989a194861,referido
3e2098a4-95c4-40e8-bf02-383d8713d7d7,1c1e7293-67e1-4805-a529-14238dc2c989,amistad
e98553c3-9afe-4aab-ada5-85b49f30eaca,1c586b9a-bb1d-4716-b508-00d7dc986042,transaccion
f4b009e9-c797-4a49-adb4-e4dc88a787a1,0c7fcbce-593d-4982-af84-87f34af46dba,contacto_frecuente
d98c5f0f-6fd5-4ab3-807f-0df80099917e,ea61ee00-4a65-43df-8e77-4e8df81663b5,referido
cf8e22bd-90ba-40dd-bc96-781efd460d6e,4da44b58-96af-485d-b753-53cde5c48e9f,contacto_frecuente
c000188e-51f6-4198-a303-5b269fc8c633,383f224f-f2fe-4084-b578-a83e43fece8f,misma_empresa
488e6b4f-686e-4e83-a54c-695a77e821fe,aff3e836-7494-4337-ab69-56b0c1db9e50,referido
32e93bc3-2349-48f9-b5bf-e94fdb13c727,59258863-8ae9-41bc-bef7-0c28dba254c9,transaccion
801060da-5781-4e38-8c37-ec93f097a504,0962e737-a570-4df9-ba2d-d146f37fcf45,comparte_direccion
8a8a1720-6c5f-48c9-b649-f5244b7115ea,bdcfc2d3-5157-4d4b-b0af-7cc425fd8e72,amistad
65612049-7bf3-406f-b438-2af212e37277,102e0377-1be2-413d-b647-d42370995555,misma_empresa
3fba1d7a-b0a3-4c81-955e-5cdd66f01dd1,b7dc6d59-6fcc-497f-aa2b-44fcffc34a39,referido
ebcd11cd-8f59-4f7c-9c5a-d8b3099eee04,6eb8e6c8-b850-452d-a61c-156fd027b1de,transaccion
ea5161d3-d16d-4720-b393-a80c195ce16d,fef22469-9f89-4dff-83f5-60b891355cef,comparte_direccion
b95df859-1ad1-4687-8901-2fdd33eee80b,56ce5fc2-d99a-42db-ac68-8636d6b94dc0,contacto_frecuente
b5a555ce-a158-4a20-8150-ed1d41257b57,e98553c3-9afe-4aab-ada5-85b49f30eaca,referido
01ff4206-9bc0-4691-913d-6f0fada3d037,d7b13de5-0125-4cc8-a7ac-88608cf4ed5e,contacto_frecuente
c7c0f231-1cec-4808-86ae-85947ecfc844,7bd04b12-64c7-45e7-8a01-504e6e82dc52,contacto_frecuente
4e61e6d8-cb2b-48d4-a8a6-0513e46dca43,ab18cb75-7107-4fc4-8d69-b3db2d489b9a,referido
9ae11d6f-1549-4090-886d-aca8e2676cdd,7d35b025-a613-4c0b-a28e-6d5c1481f694,contacto_frecuente
eb39ccdf-537f-45b9-b190-f8dbd30c72fc,84398493-2266-46d7-8361-eefe35542d64,referido
904a15fc-b3a5-45cc-bc12-0fc17f9db396,615447ee-436d-49c7-b733-0a4a4008446a,transaccion
5831cc32-a29e-49db-ac2c-fff07ab54641,387229aa-561f-4547-85ed-30fe3edadf28,referido
f9158bb0-987d-4c1c-9686-20fa8bbd47ab,2fc565fb-f448-4b94-8a52-7492abe701f6,comparte_direccion
265a9bda-38da-455a-9a0f-e3201d84be2a,44ab99d4-a915-4ee1-8794-afef89f82df7,contacto_frecuente
a7969e78-fb33-4a91-84de-4e31d00a9c90,dd9e9110-ef9e-4e20-9678-fb0f69d1d2c0,transaccion
62285e62-cb15-4c11-a920-5e11eef25cd7,91c9c1ff-6ebc-40e6-8d91-1871194570f0,referido
b13a960d-c1e8-4ec9-88ba-8f113f663717,8d85e6b7-8940-478f-bbbf-3a45281b5b16,comparte_direccion
1f408d91-b566-4161-8954-b80a7409ada3,616c40bd-6f8f-4b2e-bd4c-131e9c8f25d3,referido
904a15fc-b3a5-45cc-bc12-0fc17f9db396,59f2032a-b31b-4d45-aa03-61821de03b61,transaccion
ea28254d-5cbf-4803-bb29-26be23f1bd6c,54a21c26-c2d7-421c-b302-717449e134b3,referido
9a700a4c-a581-4690-a07e-58404a809dd0,850dc172-facd-4f69-be2e-803a9b3f8850,misma_empresa
b7dc6d59-6fcc-497f-aa2b-44fcffc34a39,54e17889-fd0c-4620-a2da-1df96bfcd613,contacto_frecuente
4faf3cc8-d0e6-41d2-84e5-134c62e81ef9,cd8e1bfe-397f-44ab-bfe2-d6640e6dbe98,contacto_frecuente
998fce1d-8826-46ef-9c9f-9e4120d2d0a7,4b486e23-680e-476a-9625-9e21581793b9,misma_empresa
e9fd93a1-670b-4731-ae11-8288d7dea21e,10c222bc-aa72-49c2-b5bd-818bbbe79ca5,transaccion
8c498912-eee4-4a56-9cf1-a58de869cc1e,f7df2221-3130-4a51-8be3-f00e16245571,referido
ea4029c2-6c97-47e2-b282-4029c9587f99,bcf0e8bf-c003-4428-be22-c4b9cf542ecf,contacto_frecuente
70205a0d-9f19-4db8-a864-e9e5b8fb7f17,d9c06296-022b-4b00-a558-fbc825ac36c9,comparte_direccion
3341b775-6125-4cd9-91f3-20bee329434c,bfdaa12c-5c27-419f-a7b9-3333358f4c9a,amistad
bcd6ba1c-0976-4fee-a19f-629462655b82,bbf98720-2681-48c7-a1c2-2a66e93d103f,referido
801060da-5781-4e38-8c37-ec93f097a504,f11f9f4c-bb61-49de-bdb5-ec926c3f042b,misma_empresa
e0c417d9-e723-4693-92a6-757b0a97e209,b52cd94b-6d9a-4166-a2e0-0a46e4d16660,misma_empresa
24f5509a-8f00-4389-a9bb-764334cd544b,80e974eb-ea88-4c23-b29b-a815fad2663b,transaccion
1740c5b2-391e-4bb8-be90-d3cfc8137116,e8beb6e0-6898-4eb8-8c05-b18a192b0940,contacto_frecuente
f4b009e9-c797-4a49-adb4-e4dc88a787a1,b95df859-1ad1-4687-8901-2fdd33eee80b,comparte_direccion
51250a9c-22e8-4815-9edb-8d37a91ec643,d60ec45d-e38c-48fc-9c0f-c5b73202ce7e,transaccion
d8694562-8a5e-4d76-840d-41311a6709de,7aeb9645-cfd9-4fc2-aa75-b26a451b5e6e,comparte_direccion
532bcdd8-b91e-4fca-9b6c-a085215bf3b9,0284e861-7988-46a4-966a-4c6aec699cd5,transaccion
773e7b87-4797-4ee4-86fd-35aed2661a85,e4d8f20c-0f2f-4887-bfb2-e5e7a26dd2f7,transaccion
d52459af-0672-4798-b04b-46e1af49ad2f,952de6dc-69a6-4a07-81e8-916771bbe8bc,contacto_frecuente
003b1f43-3079-4987-9dab-29e6b2dfa0dc,fea087d9-b15a-4717-91d2-58645ec51198,referido
cdcd4c27-31c7-4ead-90e2-ccd0f920bb59,23a5af36-d1cf-4cee-94b1-6238d722ff25,amistad
013f7c29-22f7-48cb-b277-07553b4810ca,b12bd591-b6b1-42de-a0a9-84e62228f8c7,referido
54caedeb-5f9a-4028-9f09-9ec3ffcff14b,1056f62e-946e-405e-9033-57d03589cf31,referido
80e974eb-ea88-4c23-b29b-a815fad2663b,3e5a5f6c-2629-47ac-8d8c-bc785bb9a90e,contacto_frecuente
37ab8a53-9fd4-4a2b-bc37-76a27b810f0b,e9fd93a1-670b-4731-ae11-8288d7dea21e,transaccion
64e8e902-baee-4b5a-8073-87dc375e889e,4ab8b987-abc2-42b9-a37d-0de8522b5658,transaccion
cef4a066-83fc-4edd-bdd0-daf4ddec7882,35ee69a7-75a0-497c-a24d-6cf4466cc5ff,contacto_frecuente
53e2a8d4-8030-45e8-879e-55bf23489100,5f5f9b92-73eb-4b81-9178-53d89ebe69ee,amistad
e7bf0999-764c-4685-9a1c-1cc973f76784,bcd6ba1c-0976-4fee-a19f-629462655b82,amistad
28b36068-164e-412d-a740-fed13717be0a,b16f204c-dc02-4b0b-b4bb-b9754a18e886,referido
a9f1b7b7-06d6-49a5-8b0e-f4497ab7aa62,9ae11d6f-1549-4090-886d-aca8e2676cdd,misma_empresa
b125ae36-32f6-498d-844e-a1278dbab66d,488e6b4f-686e-4e83-a54c-695a77e821fe,contacto_frecuente
e30cdfcf-83d0-475e-b563-98c67efce377,ff7b9d0b-7cba-4e52-a244-b15e0dccf36e,amistad
63235ef4-df90-4f87-bb27-43b2cc4339e1,a001c192-f409-40ac-874b-337c83020f78,amistad
981b28ae-7fe3-4dbb-855c-5ecc5031faf1,8883ecee-ba2e-4b13-90dc-bf5a66f8b892,transaccion
0f201eae-9388-4dd1-9da4-f1c43a713476,393069d6-4123-400b-b864-ff1273f3ffbe,comparte_direccion
ad2c25e4-4508-42e0-8b1d-d7e72fd52ba4,e437a3e7-7831-4293-8ea5-9d28537631cd,amistad
e4715a27-bad7-4197-b035-84bec3bea3d1,a9f1b7b7-06d6-49a5-8b0e-f4497ab7aa62,amistad
63b79faa-0f61-428b-9997-6870606616db,c5b70dde-29d0-4a3f-8565-bce1ab7f7a34,transaccion
0195c530-9827-4e9d-baa9-f1abdb792be9,8accdbb4-28f8-4657-9960-f963d3003aa7,contacto_frecuente
adb2430d-6bf2-42f9-8fa7-47f83efba491,9c2424be-65b8-4019-8027-85fc3048e060,referido
18903d6f-c35a-44de-b85e-addce0d12974,c2044a53-bcf5-4f48-8b27-efb24fcb4f11,contacto_frecuente
a3bac31a-0392-4d70-8746-262af01de87e,0e559814-b892-4d12-aa4f-233e9be7b817,misma_empresa
b2287d6c-055a-4cb7-b9eb-16a24e572ba3,bafd4b8d-22eb-4404-8d60-5093dc11eb1a,transaccion
a123c2be-9cde-40c7-b7fb-cdce3fd7bcb7,fed3e2d4-4545-4922-918a-4dccb926783a,amistad
03ba23cc-074f-4425-bbc8-acd939008ae1,1fa3918d-9f77-4f61-b1f5-0f35d6221a74,referido
f2df86a0-9d69-451a-be57-c1385db0919d,59f2032a-b31b-4d45-aa03-61821de03b61,contacto_frecuente
5cf68f49-8609-4b72-811f-a488bc7d332f,640a8720-c80a-4def-8681-4849660dd8be,misma_empresa
d7393063-b7b9-4906-a29f-265fe1ef4e15,4e44d982-1376-4623-846c-7c01ee94f022,referido
c2044a53-bcf5-4f48-8b27-efb24fcb4f11,d3afc898-3096-4ed1-8014-36238ba8bfb0,contacto_frecuente
8bff27e6-0738-4583-a1b8-77df6580c36b,16c81b0f-d0b9-4946-9743-9ce660e52e13,transaccion
b622c915-77e7-4526-85bc-57df82a9a2a9,0962e737-a570-4df9-ba2d-d146f37fcf45,contacto_frecuente
32b57dda-a8b6-4360-a7aa-d72f14c5386e,58f863f9-11e8-4a92-955f-f481591fb30b,contacto_frecuente
92326549-5627-4a78-933e-8164f34207a0,38e46406-9ce1-4f82-b619-6fc813f211a0,contacto_frecuente
6d6dea1e-e900-4139-aab6-57dd368b84a1,e37e1692-7030-4bb9-967d-ea06074b8639,comparte_direccion
56d3250b-e5bd-4ffb-a138-a2edc276d5d6,3b48d6d3-c822-43ad-8025-cdf930cf5179,referido
b956d8e9-48eb-4630-ad14-96f1aae283bd,b848b273-ee8c-4329-806a-3e8aa153b035,transaccion
9d3a8314-9964-4267-991e-2001d283a952,fc5785b5-2ee9-4e5a-8ee6-c6c04e0af3f7,referido
ad5cdfb1-17e1-4e42-84e4-95bf01c01988,3730ea3e-f809-4194-8b2c-f2e86a9b8995,referido
760a4406-02f9-43ad-b51a-c393125104ca,dd9e9110-ef9e-4e20-9678-fb0f69d1d2c0,misma_empresa
9a700a4c-a581-4690-a07e-58404a809dd0,8127d63e-50d4-4c32-8dbc-ef874cd1370e,transaccion
3707b589-dbeb-43de-bebf-9aff364fc284,fd2a05f2-a7ea-4e61-b856-baca78d523c2,amistad
ea5161d3-d16d-4720-b393-a80c195ce16d,7a6de69b-6ae3-44f8-b3b4-a2d43be507e0,transaccion
a0d4052f-1a9d-401a-ab78-7024d97d6dd3,ad760608-5334-40d1-855a-c8900b3467df,contacto_frecuente
8091c0d9-4d96-4356-a610-db5bb8effab1,8e4264a6-ca9d-4d43-999a-3a7b1004a2dc,referido
1bf1b98b-e944-403e-8ce0-41c2204cd754,f6188a41-97a1-4f8e-994e-c0e3dc6a7d36,transaccion
1df54cf5-436c-4c58-a273-c6184739f64c,e5bdd48d-b853-47d9-84cc-706a43cbe57a,comparte_direccion
904a15fc-b3a5-45cc-bc12-0fc17f9db396,e4d8f20c-0f2f-4887-bfb2-e5e7a26dd2f7,amistad
383f224f-f2fe-4084-b578-a83e43fece8f,6c7b93db-fd90-419b-8ffa-99d57b07594f,comparte_direccion
95e6b445-62e2-496a-b928-6f232eb917d8,9c094078-3e30-45ae-a8b0-09684532d278,amistad
187cd6dd-0fb2-477d-90e9-49f98d117417,f7748449-3042-40cd-aaf4-99a404798698,transaccion
8f656e8d-ea19-4ab0-86bb-f540b8de2e4a,9c094078-3e30-45ae-a8b0-09684532d278,referido
e8faddf1-1054-4034-bb3c-98f843799356,54e17889-fd0c-4620-a2da-1df96bfcd613,referido
0fa7d8c6-299a-4036-b550-f57a86fd6d68,7136b3d0-8e93-4c92-9eaf-ac5721b62c8b,amistad
e37e1692-7030-4bb9-967d-ea06074b8639,e9fd93a1-670b-4731-ae11-8288d7dea21e,referido
1a31d360-304d-4ff9-851c-efea343a7c1b,0b96f009-a0d3-4bdb-8d4b-0d80d1ec08e8,referido
48e08623-ed55-4dc3-a910-03586b0c52fb,d3d01ad9-2647-421e-b6ac-2676ca77fb36,comparte_direccion
e815fac2-44b7-40b8-b9cc-22963f99b05e,f6188a41-97a1-4f8e-994e-c0e3dc6a7d36,referido
d8e0d87f-2b92-4744-8599-c07b6693074d,5d887e9e-f6a9-41dc-9f43-747b93dd2458,misma_empresa
58aaa814-dcef-4016-a827-d84b5f84f64a,fd2a05f2-a7ea-4e61-b856-baca78d523c2,misma_empresa
9ae05dee-963d-4ffc-adcc-012239c42d7f,cdcd4c27-31c7-4ead-90e2-ccd0f920bb59,contacto_frecuente
da28240a-164e-4e2f-ba1d-440b2e8af0e8,eb29657d-495b-413b-97b2-11d1d3c12265,comparte_direccion
9882a8c4-11e4-41dd-affa-8e1eb702e40d,4a845e7f-62e5-436c-923d-1e497170f11c,misma_empresa
76ee0c42-8e41-485f-b16e-c479cc35a28e,9c95934f-c04e-400d-856e-7bf4f75ab2b3,amistad
2fc565fb-f448-4b94-8a52-7492abe701f6,f0a1044b-83fe-4dfe-a6a7-c22f90643466,misma_empresa
7b1afa89-ee3b-425f-80d8-594d5e75a388,d7b13de5-0125-4cc8-a7ac-88608cf4ed5e,referido
bcf0e8bf-c003-4428-be22-c4b9cf542ecf,5e591d6a-98b1-41d2-9909-471c04cf1235,misma_empresa
691a34e0-3adb-402d-901a-16a072ed666b,d9e57f1e-78fb-44b5-980b-c3a0e800d063,amistad
5fa87ee9-821f-4fce-98fd-8c1938124df7,9b2b9e9a-6fbf-413a-9294-18f83407fd10,comparte_direccion
db6427d4-8f71-4548-a2ba-637f4e3d3694,187cd6dd-0fb2-477d-90e9-49f98d117417,referido
94e381f3-5c54-4156-a94b-de7e6b65f14b,d674f1de-451a-4dd9-bd26-ba9c8863cf70,comparte_direccion
8a71f7d6-51ef-4122-a4bd-a406f1c76704,4e44d982-1376-4623-846c-7c01ee94f022,misma_empresa
f637d1de-3ca3-4130-84b8-0b0abf2669cc,1f408d91-b566-4161-8954-b80a7409ada3,contacto_frecuente
b54c30c3-7405-4127-b7f4-307282756545,46ea322d-203d-4382-9b5d-c5cb1ad81a71,comparte_direccion
d2038474-93e4-4752-a21a-d3f5c36c86a0,e2d76fbd-37cb-4982-b3cb-8ad2448b724b,comparte_direccion
1d23c2a7-66ab-4741-b787-f2363565f1ea,24e4c83e-44b5-48b3-bca7-b1b759924162,misma_empresa
38e46406-9ce1-4f82-b619-6fc813f211a0,eb863ef8-421f-406e-80bb-57e8d46c2a75,transaccion
2882808f-784d-40f1-a3a6-ed307eb9bb63,f637d1de-3ca3-4130-84b8-0b0abf2669cc,comparte_direccion
07108aca-a36b-4827-8ac9-3ec8ccd564e6,c2044a53-bcf5-4f48-8b27-efb24fcb4f11,transaccion
c053d43f-2c3f-4853-8185-50ff2a553b7a,b2ad8312-41f9-474b-94fb-65147551b92c,amistad
013f7c29-22f7-48cb-b277-07553b4810ca,a703af62-e8f4-4b37-b0d4-4bd29bddb39f,misma_empresa
b57c8365-c116-4214-8331-134d260c9c28,80e974eb-ea88-4c23-b29b-a815fad2663b,referido
e9fd93a1-670b-4731-ae11-8288d7dea21e,ee526c4a-567e-4e3b-a7ec-93e2351366b9,misma_empresa
3deb9639-6438-402c-b40b-583e50a7da11,d98c5f0f-6fd5-4ab3-807f-0df80099917e,comparte_direccion
641c5362-8cd7-408b-a1b1-7e4416ece25c,01ff4206-9bc0-4691-913d-6f0fada3d037,transaccion
f62fed2c-88e7-4c89-abb3-bb97fc91717d,850dc172-facd-4f69-be2e-803a9b3f8850,comparte_direccion
265a9bda-38da-455a-9a0f-e3201d84be2a,e815fac2-44b7-40b8-b9cc-22963f99b05e,comparte_direccion
4792bbdb-f4a9-405f-a054-fd33428c79f5,275e422f-fb16-4a4b-8286-3e010c60b113,transaccion
e902044c-f338-4579-8442-0dcd34aad037,c5b19ce2-3522-4ac2-843a-4f5a5cb83f73,transaccion
4a845e7f-62e5-436c-923d-1e497170f11c,8a71f7d6-51ef-4122-a4bd-a406f1c76704,amistad
45657f7e-42a7-4e2d-a405-3848e4fd087c,5f5f9b92-73eb-4b81-9178-53d89ebe69ee,comparte_direccion
41e23d99-2158-4239-a3c9-f3016ba4290a,2f1c2160-d6f6-4f49-906f-8a1b6f3c6fbc,transaccion
9bcc4edc-8672-448e-bdac-0c88131d3f01,8a8a1720-6c5f-48c9-b649-f5244b7115ea,transaccion
5cf68f49-8609-4b72-811f-a488bc7d332f,6a307cbd-7aad-486f-8c7a-a57570ea2d04,contacto_frecuente
c5b2b845-e3cc-49b1-8eb7-6e986a5cfd0f,871927ba-9887-4ec4-8d75-643700ac3220,misma_empresa
5e591d6a-98b1-41d2-9909-471c04cf1235,649f67a1-9120-4af8-8e41-c3682e8c5dc9,comparte_direccion
2bc6183d-ca98-4175-9c98-599bd01101d9,6befaa47-3619-4112-b7f7-790ec824cc96,referido
2feb00de-0656-4632-87e1-dbb06e44a96c,820962f9-232d-4d2f-b1a0-7fcdfbcd692d,contacto_frecuente
d52459af-0672-4798-b04b-46e1af49ad2f,185f5995-33e7-499a-b8a8-f246ddc3a34c,amistad
d7d9da8a-50c1-4f41-b5ff-eabb2a97e05f,2e5fc44b-9bab-441b-a73a-49327115e954,comparte_direccion
24f5509a-8f00-4389-a9bb-764334cd544b,63b66175-4271-414a-917b-c647f0e0cb83,referido
d9e57f1e-78fb-44b5-980b-c3a0e800d063,dca0afb2-3d7c-4d00-9aef-aa60bbb45820,transaccion
e24fd6c3-7998-4eb9-9571-8ffcc26b3027,f36bae57-bcd5-4f58-ac1f-fc0a729e5c92,misma_empresa
a84384fb-4bab-490f-b133-66c47ef8d593,04bc037a-f7e1-417f-a8ba-5e875e07b421,comparte_direccion
d8e0d87f-2b92-4744-8599-c07b6693074d,b99bd0d5-939b-4321-b0d7-eed3086513a8,contacto_frecuente
d327af68-e29c-443f-a16e-6bfd8137b64e,6cc8215d-da45-465e-b609-b68b7f149060,transaccion
40f8a80f-6ab7-40bb-a3ec-1b21772ec5e7,265a9bda-38da-455a-9a0f-e3201d84be2a,contacto_frecuente
cd12fc8c-27a4-4b3f-a371-d0e607bbec28,3ec4b0e2-d618-4554-bff8-f31a1f75a2e7,amistad
348aa7a3-2cde-4d25-b045-c4e99abc084e,6d904d71-20a4-43e5-b5ca-93031019d0cd,transaccion
4da44b58-96af-485d-b753-53cde5c48e9f,2de3ad01-d83d-485a-a574-509d57075ebd,misma_empresa
98ee7ad0-82c8-4da6-b58a-ac3f3a004f97,f26ff26a-cf37-4d12-933d-db1ba03ec2c5,transaccion
3672fd24-3e0b-4345-8bff-6067e0de2ee8,03a1a118-5931-43b3-b124-8602c5373e1e,misma_empresa
0b96f009-a0d3-4bdb-8d4b-0d80d1ec08e8,d8694562-8a5e-4d76-840d-41311a6709de,amistad
eab82376-7cc5-46d3-b451-bbc04b9c9058,1a39762f-a8d1-4713-8817-f80b2c1dca83,transaccion
0e840bfb-516f-47b4-a528-a6ee6e6dee64,32e93bc3-2349-48f9-b5bf-e94fdb13c727,referido
54caedeb-5f9a-4028-9f09-9ec3ffcff14b,c140f450-a62c-45e0-aea0-37b4214a83d2,referido
411ee90f-2d48-4996-aa2e-3a91aa712d3a,2f1c2160-d6f6-4f49-906f-8a1b6f3c6fbc,comparte_direccion
d84caf9a-d2ed-4b2e-969b-1e5f2662c3ca,d98c5f0f-6fd5-4ab3-807f-0df80099917e,amistad
8187d7d7-9444-47ce-b485-6fec26df05a0,2ae7ef2c-cabc-4976-87e1-1f2e0bc2fa54,misma_empresa
8aac948d-9ba5-441f-ace7-1d24c28b647e,05c602ad-a3c7-4c28-8545-f514a8e1af7c,comparte_direccion
003b1f43-3079-4987-9dab-29e6b2dfa0dc,652d3a00-efd0-4061-9dfc-40efd30c2e0b,comparte_direccion
562fb047-489b-44fd-b5e4-e4feee6aaf8c,a20189a2-4b9c-4086-92b2-590f3f879bf7,misma_empresa
7a6de69b-6ae3-44f8-b3b4-a2d43be507e0,a1da3be9-5274-4dbf-b5c4-b92faf0024b7,comparte_direccion
0f2cd062-f3e1-4c69-a6a1-1ef8cf51cf8f,910c7762-e6f8-4538-b5e0-7f307133a355,transaccion
3c8ef360-3d45-408e-a989-00a414898c93,113e32e5-33dd-4de4-8816-d1dc9f2606ca,comparte_direccion
42d6a4b8-e198-4a09-a435-10b153badfc2,b8addbe7-c97e-466e-80f5-2e5762b73567,amistad
31c46141-a5a0-4e1d-8509-dd3b710f6b88,1351a6af-6bbc-4247-93f7-3293e3931720,referido
cef4a066-83fc-4edd-bdd0-daf4ddec7882,45657f7e-42a7-4e2d-a405-3848e4fd087c,transaccion
d735e706-8995-4ed0-a4aa-0149d2148710,c48fe713-2c2e-4e43-8704-1d9a42f4ebd5,transaccion
7c5e9376-2cd9-4ba0-86a3-1ac573743810,aff3e836-7494-4337-ab69-56b0c1db9e50,amistad
344b1a90-03af-4918-8bf1-7cf81a846d5a,dbfd7db6-ba73-48fe-beee-464ea219e56c,referido
75bfe467-3b16-4435-a5b2-1353d9f9b5e4,659b98e9-f079-42de-bcd3-0dfc089b4039,comparte_direccion
1df54cf5-436c-4c58-a273-c6184739f64c,0cb7ba22-0850-4daf-8e4b-21288d28baea,misma_empresa
de6037ac-f02b-44b7-90b8-cad111ea6882,fd2a05f2-a7ea-4e61-b856-baca78d523c2,amistad
b95df859-1ad1-4687-8901-2fdd33eee80b,70ddf536-eb46-462e-b884-411d49bcba42,amistad
93577691-60dd-4e63-ad90-2c989a194861,02a7d062-ef1f-44e0-bf87-e99ffc7a22c5,misma_empresa
e7ff10b0-3d0d-4fe1-b50c-89caf5dc6111,9c95934f-c04e-400d-856e-7bf4f75ab2b3,transaccion
bd9fd80a-1c8e-445e-8e25-0b7e0660febe,0d81291c-37f6-4c99-876b-21c5d98c23ff,comparte_direccion
7a47f978-9feb-48cc-880f-4bc65d9bb301,4da44b58-96af-485d-b753-53cde5c48e9f,transaccion
f532ef03-7895-4d46-8876-197af2810e71,b2287d6c-055a-4cb7-b9eb-16a24e572ba3,amistad
c2bb9797-b4a2-40ec-8e71-8797a5ebf0fd,65e7bfe9-1a9a-463d-b961-d8d3e63d3e89,amistad
16c81b0f-d0b9-4946-9743-9ce660e52e13,5fa87ee9-821f-4fce-98fd-8c1938124df7,amistad
d0873b37-bcd6-468b-b9f2-d345b9988903,800b6100-d080-45a3-a56a-2529a7498026,transaccion
9220e932-48bb-44dc-9cd8-b2e9e1c6b4bf,8a5c8a55-425f-4e59-bf50-13cb76dc79d1,contacto_frecuente
87d43448-1591-467e-a978-c0925caa5fbf,82f780ee-f21f-472e-9eff-0470255ce6cd,comparte_direccion
ff637bdf-bae7-4104-b717-a8b894211b81,d9c9894b-4caa-490c-8bc8-36d3bbaca5e0,misma_empresa
6cb639a8-98e0-4515-a42d-3ca9f449357a,d84caf9a-d2ed-4b2e-969b-1e5f2662c3ca,contacto_frecuente
c053d43f-2c3f-4853-8185-50ff2a553b7a,daf0dc66-0e11-47a0-a363-35d07c2d7441,transaccion
6faf74fa-1f5b-4873-ae82-df38fa793026,e6c3d883-ea17-46b2-ba1d-ddae4db4c4be,amistad
e815fac2-44b7-40b8-b9cc-22963f99b05e,53ff0ff4-7141-407c-b962-a6d10545fd5f,referido
0fa7d8c6-299a-4036-b550-f57a86fd6d68,f4ad231a-8e20-4278-8797-4d9fbeb9fd0d,amistad
38cf5f97-03cc-4991-b50a-f9f2db8b7f5f,7c5e9376-2cd9-4ba0-86a3-1ac573743810,misma_empresa
1d23c2a7-66ab-4741-b787-f2363565f1ea,165ef624-53ce-4d55-aaaf-dc9f928e9c67,misma_empresa
c7e96c31-b070-4fe1-9477-0b2bbca42737,2bb73719-170f-49dd-a41e-12986e3b9c9a,contacto_frecuente
2e7ef430-5a5e-444d-85d9-157047490387,33c8e6c8-efbd-429a-a0e9-6c22b0e1084a,comparte_direccion
0c7fcbce-593d-4982-af84-87f34af46dba,51db518d-e8df-4cc3-bcee-509e1f3ce620,contacto_frecuente
b956d8e9-48eb-4630-ad14-96f1aae283bd,720d44a3-acc5-4d7a-80a5-0ae6a7a75c46,referido
760a4406-02f9-43ad-b51a-c393125104ca,f6757c99-b134-4e26-ade6-2598ef3a3ac4,referido
2d6830b3-48b7-4951-8504-1e22e84afa76,f6355e61-ad36-4780-b0b5-a5b39a52f70b,referido
94087ac1-474d-49c3-97c5-3386547647dd,071bc922-7abb-4e9f-8a54-b21b6aecb45c,comparte_direccion
cff4aeb5-7126-402f-aaa7-53edc2efd2cb,ff637bdf-bae7-4104-b717-a8b894211b81,misma_empresa
413c05b5-141a-4161-a703-6e164955fcdf,562fb047-489b-44fd-b5e4-e4feee6aaf8c,referido
4a542bc0-9f4d-42e3-81f8-3845f0fa2a92,28b36068-164e-412d-a740-fed13717be0a,misma_empresa
e5bdd48d-b853-47d9-84cc-706a43cbe57a,f4aa5729-4b96-4bc5-a1d0-f785bc374e8a,comparte_direccion
0b96f009-a0d3-4bdb-8d4b-0d80d1ec08e8,48cb6651-a0f0-43be-9fff-f7d08e18028b,transaccion
dfa8b8cc-f736-43e4-80af-4f7bdfd59f18,bcf0e8bf-c003-4428-be22-c4b9cf542ecf,comparte_direccion
944c1a0e-4ea8-4255-9dd8-f32bbcf3e16a,3b8bb06a-9018-4025-ae17-9d4588a5ff39,misma_empresa
3d296608-c565-4e0b-b6a1-c39253ca36d4,e9393531-b6e7-4257-9c81-2963762db37d,amistad
10c56617-03bc-4c17-8120-045b1e3a74dc,617fc74b-300a-44cc-a05f-7e7059907d0f,referido
9845eac5-a9e7-421d-a55e-654aff9e7e3f,5b4ceb3b-4476-4b43-b11c-1b1757eed029,referido
6d2fdbbd-2c72-4f88-9e12-04ebc37dd677,61188f95-44e8-4789-87d8-d2adab64ddc2,contacto_frecuente
daf0dc66-0e11-47a0-a363-35d07c2d7441,7155a9dd-6daa-4df5-ae54-fc72391fda37,referido
049b8d1c-ac01-407c-9e27-2a7d5b97eecd,5b4ceb3b-4476-4b43-b11c-1b1757eed029,contacto_frecuente
041754ff-af57-41e6-97a3-019a0e7b62b5,bdcfc2d3-5157-4d4b-b0af-7cc425fd8e72,amistad
b000ba8d-e7b5-4a78-98eb-255c371ac015,1505a18a-f26f-4d2d-93bf-89a3daaf3b33,amistad
4da44b58-96af-485d-b753-53cde5c48e9f,e90efead-76c8-4414-a43b-6b0b10c6a3b4,transaccion
b52cd94b-6d9a-4166-a2e0-0a46e4d16660,532bcdd8-b91e-4fca-9b6c-a085215bf3b9,contacto_frecuente
0f2cd062-f3e1-4c69-a6a1-1ef8cf51cf8f,5b4ceb3b-4476-4b43-b11c-1b1757eed029,referido
ba86066e-09fa-45c2-9bff-f38ff74a91c8,ed7de801-46d1-453a-9cf3-660b5f10d7dd,comparte_direccion
fbed0ad9-d785-4fb9-80bc-3d3b9f790e73,773e7b87-4797-4ee4-86fd-35aed2661a85,contacto_frecuente
3b3dffa4-f439-4038-8747-fad1d92147bd,9ab5b617-dbbd-4fd5-86d3-cb02b4c87b9f,contacto_frecuente
e1b4b750-1c9d-4312-a99a-a26284ee7399,d7d9da8a-50c1-4f41-b5ff-eabb2a97e05f,misma_empresa
8bff27e6-0738-4583-a1b8-77df6580c36b,b99bd0d5-939b-4321-b0d7-eed3086513a8,misma_empresa
1c2a58ac-3da8-4561-b7ee-e7366f6421d9,944c1a0e-4ea8-4255-9dd8-f32bbcf3e16a,referido
65e7bfe9-1a9a-463d-b961-d8d3e63d3e89,8a8a1720-6c5f-48c9-b649-f5244b7115ea,amistad
37ab8a53-9fd4-4a2b-bc37-76a27b810f0b,312caa62-9bc7-4f6e-894d-a9ad50a79f3f,comparte_direccion
43d0e28a-7103-4d4f-8bbb-366043310791,603ef579-68c3-4674-8546-87634cdd0f18,misma_empresa
f1c22941-3821-4190-bf69-b4185060254c,7012a826-f089-481c-b7f5-c333e816a366,referido
e4d8f20c-0f2f-4887-bfb2-e5e7a26dd2f7,ad2c25e4-4508-42e0-8b1d-d7e72fd52ba4,referido
5cf68f49-8609-4b72-811f-a488bc7d332f,d2038474-93e4-4752-a21a-d3f5c36c86a0,referido
92097aae-f8be-4cd9-a590-ee0b50718927,2d6830b3-48b7-4951-8504-1e22e84afa76,referido
2ec21ed6-d580-4bbe-bc5c-a6a47f76a59b,bd4cbb1a-1a0b-40b4-bccf-54eab4a2e80f,amistad
c228f2a7-e58c-45cf-8795-89effe30fbbc,48cb6651-a0f0-43be-9fff-f7d08e18028b,comparte_direccion
24edac0c-a22d-4d51-b0f2-ce0dec9752bc,519e5c44-99d5-42ae-8a12-7ae8a325c02a,transaccion
24e394ce-e36b-4ba7-a008-010f55277d0b,7d0cb50a-a01f-4435-9935-d7e9dfbea353,transaccion
c140f450-a62c-45e0-aea0-37b4214a83d2,62eae3fc-a8a6-41b2-9293-af4b89a68fa9,referido
a4286b76-0d8e-4c70-a52a-a4f125d5ee96,c48fe713-2c2e-4e43-8704-1d9a42f4ebd5,referido
ae93209c-fc3d-40d1-9c4d-efd57392f1e6,0645c48d-58cb-4cb8-bc55-00a5c228e59c,comparte_direccion
652d3a00-efd0-4061-9dfc-40efd30c2e0b,5e34c618-4523-44b4-a235-0e81e13ee687,contacto_frecuente
4460c604-8543-42c5-a418-e1a8186ba38e,e8beb6e0-6898-4eb8-8c05-b18a192b0940,transaccion
aff3e836-7494-4337-ab69-56b0c1db9e50,2882808f-784d-40f1-a3a6-ed307eb9bb63,amistad
527ad50f-de10-4cc0-a8a9-ad484a8b50d2,e98553c3-9afe-4aab-ada5-85b49f30eaca,misma_empresa
92fdec8d-3a43-4599-9b73-ac4cdc4745e6,2ae7ef2c-cabc-4976-87e1-1f2e0bc2fa54,amistad
a8aa84da-7956-4ead-ad86-d030b9fb13c1,0b17c26a-a18f-445c-8c06-8bda330a3cd3,contacto_frecuente
0fa7d8c6-299a-4036-b550-f57a86fd6d68,193733cf-5939-49a0-8ad7-4e53ce0d2a18,misma_empresa
0d81291c-37f6-4c99-876b-21c5d98c23ff,b54c30c3-7405-4127-b7f4-307282756545,amistad
505d4eee-612e-4b83-a225-daa0cd0f2fbd,95e6b445-62e2-496a-b928-6f232eb917d8,comparte_direccion
ca7c6303-c94b-4cdd-9472-0b4946252c7f,0718b6fc-1099-4725-934a-3970a519273d,comparte_direccion
dca0afb2-3d7c-4d00-9aef-aa60bbb45820,aa0e2749-6f91-4e6e-ac6c-05ede3633011,referido
1a31d360-304d-4ff9-851c-efea343a7c1b,ff7b9d0b-7cba-4e52-a244-b15e0dccf36e,comparte_direccion
ff628551-60d0-427c-8553-993443632639,19ca1b41-f6dd-40fb-8112-31f358ee5f8d,misma_empresa
1ce3e67a-b4ac-43c1-b97e-3921ef628e52,1d27b61a-8109-4c17-b2b7-90c10af79316,contacto_frecuente
ee6964e9-597b-42e1-b754-1654d9a85396,f6f89bb8-9b00-4f92-a25c-58246e305f58,amistad
3d296608-c565-4e0b-b6a1-c39253ca36d4,82b80349-c3cf-4909-96f8-9eb8029634c2,comparte_direccion
12a79437-171a-4999-b7c5-c44512acb657,eb29657d-495b-413b-97b2-11d1d3c12265,referido
4460c604-8543-42c5-a418-e1a8186ba38e,765f2b3b-63d7-47d2-bc28-813df8a5f8ce,referido
b811b7ab-af5b-452c-af6b-a42ca0815a80,58aaa814-dcef-4016-a827-d84b5f84f64a,misma_empresa
03a1a118-5931-43b3-b124-8602c5373e1e,aff3e836-7494-4337-ab69-56b0c1db9e50,comparte_direccion
f4d465f9-64af-46d1-9859-95cc7085d2d4,102e0377-1be2-413d-b647-d42370995555,transaccion
2f1555ad-b804-45b8-b361-6fca21377015,071bc922-7abb-4e9f-8a54-b21b6aecb45c,misma_empresa
7155a9dd-6daa-4df5-ae54-fc72391fda37,e7bf0999-764c-4685-9a1c-1cc973f76784,referido
2f3cf68e-59b1-4783-b2eb-dcf085e1f3b0,9f779d85-c1e2-48c6-b85b-4c5185f7df01,misma_empresa
498a6ea5-2274-4c8e-8080-4ee67af8c73a,53535263-b8bd-4569-b0a8-f135d0d3327a,transaccion
82fbfd56-a6ed-4faa-a561-3c7142b30f7b,13fd968f-af04-42ce-9ec0-bd292ea3ed2b,contacto_frecuente
87558b4a-c4f2-4165-9cfa-73fdf45fe1d8,93577691-60dd-4e63-ad90-2c989a194861,amistad
7c5e9376-2cd9-4ba0-86a3-1ac573743810,01ff4206-9bc0-4691-913d-6f0fada3d037,referido
143ebda5-936a-455b-b7e2-1e2cd537d687,3ec4b0e2-d618-4554-bff8-f31a1f75a2e7,contacto_frecuente
eb39ccdf-537f-45b9-b190-f8dbd30c72fc,10b9d03e-97fe-4b7b-b616-ca573341d839,referido
556b9e70-731f-43fe-8918-500d396e8b1f,1a2d0a0c-8bc5-4e10-af6b-bb0d6acffb7c,referido
55df59ba-048b-449f-8c0c-c27e82a73947,31c46141-a5a0-4e1d-8509-dd3b710f6b88,transaccion
7921c0a7-11f8-4e19-8309-cc3867906450,f2804b11-1e1d-4c9e-97b8-ee6b62b44187,comparte_direccion
f49e2c1b-7616-471e-a275-46d9d619132f,8bc0c12b-8950-45ee-b559-3660226af13f,transaccion
d4ec4d2a-7def-4902-9994-67955c16950d,cb94d157-7e9b-4117-8b00-2fc427ac25a1,referido
e1a6c038-270c-451b-a359-eb3b0374e132,3e2098a4-95c4-40e8-bf02-383d8713d7d7,comparte_direccion
b848b273-ee8c-4329-806a-3e8aa153b035,2c4c20c2-1fc6-4f08-9c2b-8c3e7681e1ff,referido
8f1071af-8da3-4815-8f35-82e80f5ea78f,60c2797e-9e6d-4086-8481-d68e50feaa6f,referido
46abaec7-035c-4154-95c5-5a59ed799c94,6dd5f7b2-0c76-4acf-90ee-cedd3b774906,referido
3e5fb39c-77a6-45eb-9f53-971ff79b3364,8dd0b782-eb10-4845-b063-7d1d42dace0a,transaccion
2ad6a13f-7b2a-4416-b70f-ed8f41788fa9,9a6b1437-6a0d-4b74-b408-1a8ad2ca3b09,amistad
1a39762f-a8d1-4713-8817-f80b2c1dca83,7db153d2-4843-426c-93fd-4674edfad53e,amistad
f019154b-78b3-4593-8389-628dbe437d47,348aa7a3-2cde-4d25-b045-c4e99abc084e,referido
1af863c7-71b5-4c6f-9862-9d546019c676,0f201eae-9388-4dd1-9da4-f1c43a713476,transaccion
3ed126c6-163a-497c-944b-20e67c13f371,8bff27e6-0738-4583-a1b8-77df6580c36b,amistad
05c45f1e-db64-4d12-8dc4-5299467dd814,dadbf864-64ea-4e42-a75c-ef5486eaf3c3,misma_empresa
7c5e9376-2cd9-4ba0-86a3-1ac573743810,c7c0f231-1cec-4808-86ae-85947ecfc844,misma_empresa
69424c13-47e8-4aac-b7ae-a81fb973dd57,1351a6af-6bbc-4247-93f7-3293e3931720,contacto_frecuente
59f2032a-b31b-4d45-aa03-61821de03b61,950413aa-7f2e-4977-86f8-531651356e1b,amistad
ea61ee00-4a65-43df-8e77-4e8df81663b5,99ca5e84-5130-46b8-acfa-990fb6e00879,comparte_direccion
5b26c537-d817-43f9-a250-061798dcfdc6,bfdf7197-7c3c-4c87-817d-71a92ed74922,transaccion
d763c227-b38c-4634-b5d2-0e4f284ad160,f5b57355-a8f0-428c-80c7-fea664f9135e,contacto_frecuente
1740c5b2-391e-4bb8-be90-d3cfc8137116,43d0e28a-7103-4d4f-8bbb-366043310791,misma_empresa
152674b3-b388-4c07-af3c-a3413549e137,b2287d6c-055a-4cb7-b9eb-16a24e572ba3,misma_empresa
3b8bb06a-9018-4025-ae17-9d4588a5ff39,2576f4b8-edc3-4567-9ad3-7bc995af4fec,referido
0b96f009-a0d3-4bdb-8d4b-0d80d1ec08e8,e463b774-026e-4182-a6c4-14cdb58d663f,transaccion
04bc037a-f7e1-417f-a8ba-5e875e07b421,bf3b4237-5efd-47aa-b9b3-e7c571537107,contacto_frecuente
ef3f0ffd-f8bc-4dcc-a8a5-e62d41ec3069,7b4c7335-8ed2-4a69-9e3a-cff007b6df20,amistad
8f656e8d-ea19-4ab0-86bb-f540b8de2e4a,ab114b43-4121-45c9-b157-beec115e3cd4,comparte_direccion
bb306c9d-8a3e-479c-bf78-994f7a020ec7,9aa50e3b-1dcb-4464-9f61-8b6d003a2386,comparte_direccion
9ba336a0-0e2c-4be2-91bb-e1264ccf8b8d,16835996-59f9-44fe-b708-52ad5ceaff0d,misma_empresa
a7a2f8dc-9e66-4935-a4c6-2ee008a1da3d,8187d7d7-9444-47ce-b485-6fec26df05a0,referido
a4aa28e0-8fb6-4608-80fa-dffa93c4a84e,24f5509a-8f00-4389-a9bb-764334cd544b,transaccion
60c0bac1-b726-441d-adc6-fbfca81023f7,5ee06658-ba0a-427f-861a-6b50ff69fa2a,comparte_direccion
4d2b2c04-fbae-4a7b-855c-613d60d27ca6,cb82433f-b1f7-441e-9aff-5ed5cca02a77,contacto_frecuente
157820b6-a642-479a-8cc9-355ce4f29288,dadbf864-64ea-4e42-a75c-ef5486eaf3c3,transaccion
b7dc6d59-6fcc-497f-aa2b-44fcffc34a39,bfdf7197-7c3c-4c87-817d-71a92ed74922,comparte_direccion
41a118c9-c3ef-4a12-9f59-a21c51051179,1329f0d1-8479-4298-bb64-5ca718f8d91e,transaccion
5b4ceb3b-4476-4b43-b11c-1b1757eed029,e5d6e924-be98-4209-938e-3537ff21be63,transaccion
2d6830b3-48b7-4951-8504-1e22e84afa76,773e7b87-4797-4ee4-86fd-35aed2661a85,misma_empresa
6e994046-7007-4968-91a0-d65543cc1154,82c1e958-6384-47b8-9598-e92fa0346283,comparte_direccion
ff637bdf-bae7-4104-b717-a8b894211b81,eb39ccdf-537f-45b9-b190-f8dbd30c72fc,amistad
519e5c44-99d5-42ae-8a12-7ae8a325c02a,244f328c-b268-4985-90ce-b111e3f03b84,referido
49968ea6-2c29-4fb4-ab80-4bda23e7d1b9,92fdd34e-89b4-42a5-b3a7-4c7667874e6c,transaccion
f6188a41-97a1-4f8e-994e-c0e3dc6a7d36,9d3a8314-9964-4267-991e-2001d283a952,transaccion
237fd167-7a56-49fb-b04a-f864444e0c86,62285e62-cb15-4c11-a920-5e11eef25cd7,comparte_direccion
97dfac66-f0d9-496b-a87a-5f2bd916afc7,0fa7d8c6-299a-4036-b550-f57a86fd6d68,misma_empresa
385528e4-aaf0-4bcf-8d98-514dd14ed73d,102e0377-1be2-413d-b647-d42370995555,referido
385528e4-aaf0-4bcf-8d98-514dd14ed73d,70205a0d-9f19-4db8-a864-e9e5b8fb7f17,contacto_frecuente
4a845e7f-62e5-436c-923d-1e497170f11c,60991e8b-d285-45e1-acab-68df792b1346,transaccion
48cb6651-a0f0-43be-9fff-f7d08e18028b,5cdc53a9-cc18-465c-aaf1-f7156838a0b1,transaccion
5423c68d-096c-4082-854b-156b3e4ac6bd,045c2cc2-9311-438b-b9e3-6e98bbb68128,amistad
56d3250b-e5bd-4ffb-a138-a2edc276d5d6,a8aa84da-7956-4ead-ad86-d030b9fb13c1,contacto_frecuente
b62edd63-76ed-45bb-8acd-7c377339ff93,7136b3d0-8e93-4c92-9eaf-ac5721b62c8b,transaccion
0693133c-39c8-4c07-8751-acd2a2bf1da1,51ffbd77-f951-4d60-bf46-e08f08e8f4b1,referido
1aa199f4-7ad3-46da-a2ff-6d81c0ba472f,e1b4b750-1c9d-4312-a99a-a26284ee7399,transaccion
ca5d5276-dcb6-4cc1-a461-69cf88686689,0b9e7de7-6d16-42c9-9a42-86a05fc1d81f,comparte_direccion
ab82b02e-17ec-4492-94d0-0d737d394956,7b4c7335-8ed2-4a69-9e3a-cff007b6df20,contacto_frecuente
cc38ba46-2b59-4399-8af7-d817b5875a4d,383f224f-f2fe-4084-b578-a83e43fece8f,amistad
2ec21ed6-d580-4bbe-bc5c-a6a47f76a59b,c228f2a7-e58c-45cf-8795-89effe30fbbc,transaccion
63ccbaf7-8766-41f6-80e3-c8b638cebac0,d9e57f1e-78fb-44b5-980b-c3a0e800d063,comparte_direccion
049b8d1c-ac01-407c-9e27-2a7d5b97eecd,439bf853-2fef-460e-8625-9390eb68a7b1,misma_empresa
709ce600-7053-45dc-b802-5d4a1d1fb8f3,cb4228f2-4cf2-4a8d-8894-1278178a0319,comparte_direccion
81ac2b86-5921-4d72-be7e-77ed66c6ac7f,18903d6f-c35a-44de-b85e-addce0d12974,misma_empresa
4ab8b987-abc2-42b9-a37d-0de8522b5658,5b26c537-d817-43f9-a250-061798dcfdc6,misma_empresa
f6a4eab5-693e-46a1-9f44-97cd6ab853fe,3e2daee9-c4a7-401c-85a3-4823ab5dad77,amistad
d6225b36-cf2f-4461-8b60-22117a868d8b,75bfe467-3b16-4435-a5b2-1353d9f9b5e4,amistad
f6355e61-ad36-4780-b0b5-a5b39a52f70b,f2804b11-1e1d-4c9e-97b8-ee6b62b44187,referido
fc9ad9bc-e6b6-452e-8858-cfb0da514a02,22253f11-30da-4342-95a3-fa1cd5ae9a2a,misma_empresa
e4d8f20c-0f2f-4887-bfb2-e5e7a26dd2f7,b8abdc4f-84f0-44d5-82e9-380c43a9045f,comparte_direccion
910c7762-e6f8-4538-b5e0-7f307133a355,6412d87d-2bc1-49db-b819-51737942a422,transaccion
0b96f009-a0d3-4bdb-8d4b-0d80d1ec08e8,ec6883a8-2553-448f-b13f-3679bed6dfd8,amistad
ce911d66-d12d-40ea-be28-f8b64dd75e9b,fea087d9-b15a-4717-91d2-58645ec51198,referido
49a1d8ca-c247-42d9-b944-9cdc595e328c,cf8e22bd-90ba-40dd-bc96-781efd460d6e,misma_empresa
532bcdd8-b91e-4fca-9b6c-a085215bf3b9,2e7ef430-5a5e-444d-85d9-157047490387,contacto_frecuente
62eae3fc-a8a6-41b2-9293-af4b89a68fa9,456e4351-16f3-45ae-afcd-46019d4f52e8,contacto_frecuente
ea31508d-e6a9-4019-bc96-a5f53b3a3dc7,d84caf9a-d2ed-4b2e-969b-1e5f2662c3ca,amistad
532cde7d-165c-4272-abd0-2efbb57a9205,99ca5e84-5130-46b8-acfa-990fb6e00879,contacto_frecuente
275e422f-fb16-4a4b-8286-3e010c60b113,071bc922-7abb-4e9f-8a54-b21b6aecb45c,comparte_direccion
f6188a41-97a1-4f8e-994e-c0e3dc6a7d36,50e85943-bb0f-4f44-bd7c-4484c55a3c5b,contacto_frecuente
c52a3bab-6a92-4ad6-8831-07ad9a6acb0d,ed7de801-46d1-453a-9cf3-660b5f10d7dd,misma_empresa
daf0dc66-0e11-47a0-a363-35d07c2d7441,20e4ccb5-8aba-455c-861c-0a231d4aded3,referido
a84384fb-4bab-490f-b133-66c47ef8d593,7d0cb50a-a01f-4435-9935-d7e9dfbea353,transaccion
8f656e8d-ea19-4ab0-86bb-f540b8de2e4a,ab18cb75-7107-4fc4-8d69-b3db2d489b9a,misma_empresa
16835996-59f9-44fe-b708-52ad5ceaff0d,949130fe-733a-4e1f-bf68-3fe5f401d15a,misma_empresa
a2f279f1-3899-4630-8438-15086b3b4274,c2bb9797-b4a2-40ec-8e71-8797a5ebf0fd,transaccion
d2038474-93e4-4752-a21a-d3f5c36c86a0,393069d6-4123-400b-b864-ff1273f3ffbe,comparte_direccion
a668a70e-e4b8-42bd-a8e1-e9a2b1e24b68,0389a4ea-a00a-4d6c-8f58-03636bca5e81,amistad
ea5161d3-d16d-4720-b393-a80c195ce16d,90866f05-fe61-4633-b7e6-b336e1605834,contacto_frecuente
2e7ef430-5a5e-444d-85d9-157047490387,b6ac0231-599e-4f19-a294-b1eb4c325ba8,referido
5cf68f49-8609-4b72-811f-a488bc7d332f,a668a70e-e4b8-42bd-a8e1-e9a2b1e24b68,comparte_direccion
ca7c6303-c94b-4cdd-9472-0b4946252c7f,5b626305-094f-42ba-bfb9-0c4158d69f81,comparte_direccion
8bc0c12b-8950-45ee-b559-3660226af13f,d568c99a-6e3b-4b0a-af18-aa65f9deaa9c,amistad
2e7ef430-5a5e-444d-85d9-157047490387,25c35e64-68dc-4c5a-b311-27c84851610e,amistad
d2b1ffdf-19f4-457b-866e-2d0250ee7b36,8516ec31-9809-41d2-b8bc-c358146a9c93,comparte_direccion
fc5785b5-2ee9-4e5a-8ee6-c6c04e0af3f7,46ea322d-203d-4382-9b5d-c5cb1ad81a71,contacto_frecuente
55948a2d-8f7d-47f8-ac9b-763d3b810442,77be5f41-ee83-41b5-8f60-02bb13627dac,amistad
a123c2be-9cde-40c7-b7fb-cdce3fd7bcb7,8f656e8d-ea19-4ab0-86bb-f540b8de2e4a,referido
6e9ae962-4085-4119-ac3a-f7cc41ab6cfb,fef22469-9f89-4dff-83f5-60b891355cef,amistad
54a21c26-c2d7-421c-b302-717449e134b3,92fdd34e-89b4-42a5-b3a7-4c7667874e6c,amistad
ad760608-5334-40d1-855a-c8900b3467df,b62edd63-76ed-45bb-8acd-7c377339ff93,referido
5e96c8a9-fead-4241-a752-1f172501ec8e,3bb9c377-89c7-4cc9-89d0-f456985f81dd,contacto_frecuente
f637d1de-3ca3-4130-84b8-0b0abf2669cc,aa38fb4a-bda0-4a22-a8f8-a57086db37ca,amistad
2fc565fb-f448-4b94-8a52-7492abe701f6,d568c99a-6e3b-4b0a-af18-aa65f9deaa9c,misma_empresa
ba41bab4-8fac-41e0-8c3c-260d6efd77b1,476719c9-ff9b-4934-b625-db231230f391,misma_empresa
a4938549-498d-4af5-98f4-8685f47878e9,58e3d3d8-1d28-456d-91a8-880db1db02b2,contacto_frecuente
7c5e9376-2cd9-4ba0-86a3-1ac573743810,dadbf864-64ea-4e42-a75c-ef5486eaf3c3,referido
b424fc25-0497-4ac1-ba1a-33597e541c8e,8f84556e-b789-4a07-9a85-71c40ca18fb4,misma_empresa
87558b4a-c4f2-4165-9cfa-73fdf45fe1d8,82a80399-a933-4dbd-984b-5d2079d03b99,comparte_direccion
f0a1044b-83fe-4dfe-a6a7-c22f90643466,4fe969a7-fef0-479e-ae85-a657fbe1765c,misma_empresa
07a110fc-6c4d-42be-b517-8fa04f23c6f7,1c2a58ac-3da8-4561-b7ee-e7366f6421d9,comparte_direccion
d9c06296-022b-4b00-a558-fbc825ac36c9,b57c8365-c116-4214-8331-134d260c9c28,referido
08773578-febb-4955-93c3-e276d6c115ac,7136b3d0-8e93-4c92-9eaf-ac5721b62c8b,transaccion
d0873b37-bcd6-468b-b9f2-d345b9988903,7921c0a7-11f8-4e19-8309-cc3867906450,contacto_frecuente
b95df859-1ad1-4687-8901-2fdd33eee80b,f2edd005-db14-4f41-bb5b-e4a3ce481fd5,misma_empresa
2a19ef04-0905-48b7-8f62-369b11dea175,d84caf9a-d2ed-4b2e-969b-1e5f2662c3ca,transaccion
615447ee-436d-49c7-b733-0a4a4008446a,a05a8ce1-56ce-4e52-841a-702ae6ef5a8f,referido
616c40bd-6f8f-4b2e-bd4c-131e9c8f25d3,59258863-8ae9-41bc-bef7-0c28dba254c9,amistad
5ee06658-ba0a-427f-861a-6b50ff69fa2a,8f4632f7-56da-40c4-8959-272ef3786a58,amistad
8a71f7d6-51ef-4122-a4bd-a406f1c76704,06d9793e-e491-4c5d-9c15-c903704da0ab,contacto_frecuente
4460c604-8543-42c5-a418-e1a8186ba38e,98ee7ad0-82c8-4da6-b58a-ac3f3a004f97,comparte_direccion
238922fe-1536-4802-b832-5b2af1a99529,0c6f97ed-f676-49be-9691-8354af1e00b3,misma_empresa
dda2cbbb-e384-44a1-901b-d029c6f29f20,cd9875d4-394b-4003-a9f0-a3201bf3cbbc,referido
4a542bc0-9f4d-42e3-81f8-3845f0fa2a92,53535263-b8bd-4569-b0a8-f135d0d3327a,amistad
f76fa74b-3096-4b23-a527-c41be56f138d,7f87f3f1-1abf-44ee-94c4-eb0d13653bdf,misma_empresa
2a19ef04-0905-48b7-8f62-369b11dea175,59f2032a-b31b-4d45-aa03-61821de03b61,referido
950413aa-7f2e-4977-86f8-531651356e1b,87558b4a-c4f2-4165-9cfa-73fdf45fe1d8,contacto_frecuente
edcea9c3-b9db-4fd1-80c2-e6de7025150d,d327af68-e29c-443f-a16e-6bfd8137b64e,misma_empresa
4262a2e1-bd88-4ff8-bc62-619ea9a39ef1,13fd968f-af04-42ce-9ec0-bd292ea3ed2b,transaccion
d5ebc9bf-02b1-4cb5-8a34-f865c2aca1f8,2c450177-ef8f-4027-9f65-8ea5160afc47,referido
702123ab-b820-4e1d-9f40-23b3e176cfdf,ed3c9bf0-7fbe-4a8c-8705-618038deb150,transaccion
471a9217-a902-4387-b59a-7f373410a321,ddc25524-6ef6-4a69-bd00-dd6ac33bfd83,amistad
d4776ed1-2cec-48e6-b499-42bd4c7ffcd3,a4aa28e0-8fb6-4608-80fa-dffa93c4a84e,transaccion
265a9bda-38da-455a-9a0f-e3201d84be2a,238922fe-1536-4802-b832-5b2af1a99529,contacto_frecuente
0b96f009-a0d3-4bdb-8d4b-0d80d1ec08e8,c3e35526-e18e-446d-bd45-f61aa22390f2,misma_empresa
07c2ece3-e943-47a3-8883-023cb8f539c9,231d969b-85f7-4ca0-bd1f-80e76d3fefb7,comparte_direccion
fed3e2d4-4545-4922-918a-4dccb926783a,b848b273-ee8c-4329-806a-3e8aa153b035,contacto_frecuente
4eeead7e-8041-4c36-af48-46e1f03708ff,b000ba8d-e7b5-4a78-98eb-255c371ac015,contacto_frecuente
cc3952c9-3928-42dd-9018-b55acd6716a1,3b48d6d3-c822-43ad-8025-cdf930cf5179,amistad
12ea1be2-f10f-434c-826b-334fa99a4b78,13fd968f-af04-42ce-9ec0-bd292ea3ed2b,contacto_frecuente
d327af68-e29c-443f-a16e-6bfd8137b64e,c228f2a7-e58c-45cf-8795-89effe30fbbc,comparte_direccion
c3914e7d-f6db-488e-be22-8799f8b5ed54,b2287d6c-055a-4cb7-b9eb-16a24e572ba3,comparte_direccion
021e4732-b710-4bed-8824-84d4679a3967,8091c0d9-4d96-4356-a610-db5bb8effab1,misma_empresa
32b57dda-a8b6-4360-a7aa-d72f14c5386e,cb94d157-7e9b-4117-8b00-2fc427ac25a1,misma_empresa
b54c30c3-7405-4127-b7f4-307282756545,c52a3bab-6a92-4ad6-8831-07ad9a6acb0d,misma_empresa
9a700a4c-a581-4690-a07e-58404a809dd0,2ba8f084-0f73-4018-8017-103b3dcdd80f,amistad
c9a27b8d-574c-4ad3-9923-2517b7849f0c,c0dd5e67-6e16-449e-b3e7-474e0e3d13cc,contacto_frecuente
2ae7ef2c-cabc-4976-87e1-1f2e0bc2fa54,9c094078-3e30-45ae-a8b0-09684532d278,transaccion
0d81291c-37f6-4c99-876b-21c5d98c23ff,b6ac0231-599e-4f19-a294-b1eb4c325ba8,comparte_direccion
6412d87d-2bc1-49db-b819-51737942a422,a8aa84da-7956-4ead-ad86-d030b9fb13c1,transaccion
ee6964e9-597b-42e1-b754-1654d9a85396,312caa62-9bc7-4f6e-894d-a9ad50a79f3f,contacto_frecuente
42d6a4b8-e198-4a09-a435-10b153badfc2,3672fd24-3e0b-4345-8bff-6067e0de2ee8,referido
e886da7a-c7dc-4841-9851-a16a45631d17,5d887e9e-f6a9-41dc-9f43-747b93dd2458,referido
8a8a1720-6c5f-48c9-b649-f5244b7115ea,1c2a58ac-3da8-4561-b7ee-e7366f6421d9,comparte_direccion
2e25e697-4422-47ce-8994-933634fb354d,7e90002f-fca3-4cc5-95a7-2eabf7f251eb,contacto_frecuente
86097c10-7044-4774-baea-92e51514a416,a8aa84da-7956-4ead-ad86-d030b9fb13c1,transaccion
3e2098a4-95c4-40e8-bf02-383d8713d7d7,bbf98720-2681-48c7-a1c2-2a66e93d103f,comparte_direccion
b92b6a15-892f-420a-a224-deb97f874f52,5b4ceb3b-4476-4b43-b11c-1b1757eed029,misma_empresa
2e7ef430-5a5e-444d-85d9-157047490387,21e9bd50-19c2-425a-9cd9-3f7b25a41d3b,misma_empresa
14b0068b-cf5f-41c0-9afc-0662c757010f,b52cd94b-6d9a-4166-a2e0-0a46e4d16660,amistad
e0cbbb63-0b17-4d9d-908b-ea258cde3eca,8c498912-eee4-4a56-9cf1-a58de869cc1e,referido
32b57dda-a8b6-4360-a7aa-d72f14c5386e,b783252b-b5fa-433b-9f5e-534be59675a1,transaccion
c67ebe45-f641-4c6a-b6ea-9bbce5bf4d34,69b1e83a-c432-485e-8d4c-90e05eb8083b,contacto_frecuente
63b79faa-0f61-428b-9997-6870606616db,0693133c-39c8-4c07-8751-acd2a2bf1da1,misma_empresa
1d3683be-7485-4bb9-995a-8736c58accec,b848b273-ee8c-4329-806a-3e8aa153b035,amistad
2a19ef04-0905-48b7-8f62-369b11dea175,ce911d66-d12d-40ea-be28-f8b64dd75e9b,referido
17d725da-211f-4fca-9066-d7ad87e195f2,058654bc-07b7-48d6-aca1-732f8d2aca74,misma_empresa
733c237a-9a1c-42e5-aaa1-3739c90e5ad2,2f1c2160-d6f6-4f49-906f-8a1b6f3c6fbc,amistad
1364dc0c-ba3d-43a3-9a02-a458e1977e7a,56d3250b-e5bd-4ffb-a138-a2edc276d5d6,transaccion
9220e932-48bb-44dc-9cd8-b2e9e1c6b4bf,603ef579-68c3-4674-8546-87634cdd0f18,contacto_frecuente
cb776d70-ed20-4ae9-90f4-f3d6f1fd4847,871927ba-9887-4ec4-8d75-643700ac3220,comparte_direccion
65e7bfe9-1a9a-463d-b961-d8d3e63d3e89,37582e5d-2e8d-4fb2-a2ac-a7b2a42b4d12,referido
157820b6-a642-479a-8cc9-355ce4f29288,85411fd4-dbb2-4d0f-b880-9dffb372043f,comparte_direccion
60991e8b-d285-45e1-acab-68df792b1346,94087ac1-474d-49c3-97c5-3386547647dd,transaccion
17ebb835-d690-473f-a006-5b70e75c4313,cb4228f2-4cf2-4a8d-8894-1278178a0319,misma_empresa
45657f7e-42a7-4e2d-a405-3848e4fd087c,0e559814-b892-4d12-aa4f-233e9be7b817,amistad
3bb84bfc-aa8a-4e85-90cb-39c5cbb73b97,3091ddc4-c879-4992-a0aa-9251571cc83e,referido
2b62fddd-9649-4cd9-b515-72c9c1fdb787,123afcdf-3a33-466e-a8e5-e96369663759,contacto_frecuente
b62edd63-76ed-45bb-8acd-7c377339ff93,bfdaa12c-5c27-419f-a7b9-3333358f4c9a,transaccion
58f863f9-11e8-4a92-955f-f481591fb30b,c5dbfaa6-6032-47ec-a01a-61f759da815f,contacto_frecuente
edce34bc-0bad-4fbf-963b-afb7d62d347c,0b887a93-4100-46d2-85e2-24197f6bad3a,amistad
e902044c-f338-4579-8442-0dcd34aad037,59258863-8ae9-41bc-bef7-0c28dba254c9,comparte_direccion
dac828dc-921f-4aa4-845e-fa101a6c996d,27048d1b-dafb-42fe-bffc-508792efb6af,comparte_direccion
239f1a11-2ac3-45bf-b583-f399184bcd0b,041754ff-af57-41e6-97a3-019a0e7b62b5,amistad
b424fc25-0497-4ac1-ba1a-33597e541c8e,8a71f7d6-51ef-4122-a4bd-a406f1c76704,transaccion
124f28e9-ba39-430a-9ae6-415573151d7c,d8bf4e13-e024-489a-ab78-803ed5ba3c38,comparte_direccion
7012a826-f089-481c-b7f5-c333e816a366,ea5161d3-d16d-4720-b393-a80c195ce16d,misma_empresa
b238dd98-88c6-4479-885d-3424f92522a2,0e048687-cec9-4374-83e8-0b9c504484ce,comparte_direccion
cf31450a-ef29-4f81-aee2-188e63895e7d,b58446d5-4ca6-4bc7-b5db-60c9dd4d6579,transaccion
8961e653-5e37-4c02-9232-6d4f7514b541,65e7bfe9-1a9a-463d-b961-d8d3e63d3e89,referido
19ca1b41-f6dd-40fb-8112-31f358ee5f8d,2f1c2160-d6f6-4f49-906f-8a1b6f3c6fbc,contacto_frecuente
5b462404-5629-4510-80cb-50e02e46ff64,2384fe79-d536-4c78-9458-33ec929a59df,amistad
a9f1b7b7-06d6-49a5-8b0e-f4497ab7aa62,d0e93ed6-9f51-45c6-bb8c-838332a72fbb,referido
163d776c-4ada-48e9-8dff-5d1f3da3ddaa,9c094078-3e30-45ae-a8b0-09684532d278,transaccion
5e34c618-4523-44b4-a235-0e81e13ee687,db243078-0e0d-4f66-a8e2-aa4992aac81d,contacto_frecuente
0fa7d8c6-299a-4036-b550-f57a86fd6d68,89188dd5-1de2-4399-a39b-01b33e19122b,transaccion
23a5af36-d1cf-4cee-94b1-6238d722ff25,ea31508d-e6a9-4019-bc96-a5f53b3a3dc7,misma_empresa
2e7ef430-5a5e-444d-85d9-157047490387,27048d1b-dafb-42fe-bffc-508792efb6af,comparte_direccion
fbed0ad9-d785-4fb9-80bc-3d3b9f790e73,a001c192-f409-40ac-874b-337c83020f78,contacto_frecuente
a8ccf291-d94f-4738-b943-66a50d0fdac2,949130fe-733a-4e1f-bf68-3fe5f401d15a,comparte_direccion
a4efd51f-820a-4e07-a4a0-e9bb59f83327,a5014585-5f70-400d-ac46-f9a32e3daf04,transaccion
c5b19ce2-3522-4ac2-843a-4f5a5cb83f73,b6772d52-a461-4343-9259-ab404c67bf93,contacto_frecuente
a123c2be-9cde-40c7-b7fb-cdce3fd7bcb7,3672fd24-3e0b-4345-8bff-6067e0de2ee8,amistad
003b1f43-3079-4987-9dab-29e6b2dfa0dc,76bc4650-a237-40a8-a81b-19f227b0838d,referido
76ee0c42-8e41-485f-b16e-c479cc35a28e,e30cdfcf-83d0-475e-b563-98c67efce377,amistad
2c450177-ef8f-4027-9f65-8ea5160afc47,532cde7d-165c-4272-abd0-2efbb57a9205,transaccion
d735e706-8995-4ed0-a4aa-0149d2148710,d60ec45d-e38c-48fc-9c0f-c5b73202ce7e,referido
21071296-684d-4a4e-b2e6-8ceb81cb68a5,26d13d5b-830e-4df3-840b-c1a2c9b778e1,transaccion
2383d08c-6bc5-4248-9416-ef39fb14b256,e9fd93a1-670b-4731-ae11-8288d7dea21e,contacto_frecuente
c2044a53-bcf5-4f48-8b27-efb24fcb4f11,0b96f009-a0d3-4bdb-8d4b-0d80d1ec08e8,transaccion
238922fe-1536-4802-b832-5b2af1a99529,d763c227-b38c-4634-b5d2-0e4f284ad160,referido
99ba47f9-251e-42c4-a85a-914728c90f33,c0dd5e67-6e16-449e-b3e7-474e0e3d13cc,amistad
5d887e9e-f6a9-41dc-9f43-747b93dd2458,1aa199f4-7ad3-46da-a2ff-6d81c0ba472f,contacto_frecuente
bfc19b95-18e3-44bf-a727-8a5e6ca4f8f3,dbfd7db6-ba73-48fe-beee-464ea219e56c,contacto_frecuente
5b26c537-d817-43f9-a250-061798dcfdc6,92fdd34e-89b4-42a5-b3a7-4c7667874e6c,transaccion
04070e63-d543-4102-bc23-93950a7c48bf,f4ad231a-8e20-4278-8797-4d9fbeb9fd0d,referido
29cfb490-7ed3-47b5-9b60-2cb3112dfbf6,aa3740b1-6566-4000-a7ba-c465cb7906e0,transaccion
fccfc31d-57db-4100-804c-5cf0c0b11274,ae93209c-fc3d-40d1-9c4d-efd57392f1e6,contacto_frecuente
4ab8b987-abc2-42b9-a37d-0de8522b5658,f78a1f11-1359-402f-a184-0f3f6a201644,comparte_direccion
2e5fc44b-9bab-441b-a73a-49327115e954,b3beff8f-b3d4-4c7a-9ff7-e3b32e20caf0,amistad
e6c3d883-ea17-46b2-ba1d-ddae4db4c4be,e5d6e924-be98-4209-938e-3537ff21be63,referido
c140f450-a62c-45e0-aea0-37b4214a83d2,f0992e0d-103d-473b-9e55-28fd49245b1d,amistad
31c46141-a5a0-4e1d-8509-dd3b710f6b88,1f75a232-d60b-4801-be8c-60933508a87d,referido
476719c9-ff9b-4934-b625-db231230f391,a267d493-38c7-4220-b819-7ecd8bd4d5c6,contacto_frecuente
4b486e23-680e-476a-9625-9e21581793b9,3672fd24-3e0b-4345-8bff-6067e0de2ee8,contacto_frecuente
41a118c9-c3ef-4a12-9f59-a21c51051179,8f84556e-b789-4a07-9a85-71c40ca18fb4,contacto_frecuente
2ba8f084-0f73-4018-8017-103b3dcdd80f,058654bc-07b7-48d6-aca1-732f8d2aca74,misma_empresa
56d3250b-e5bd-4ffb-a138-a2edc276d5d6,244f328c-b268-4985-90ce-b111e3f03b84,contacto_frecuente
4843be8b-2758-42c8-a35a-e41ca1e5b030,31ee5906-439d-49d8-af01-e0f1f9adde0e,transaccion
3e9499f9-2993-4487-93f9-b38fd18061ba,1ca8a12f-1ce1-4618-9c3e-d439fe35d147,amistad
f4ad231a-8e20-4278-8797-4d9fbeb9fd0d,fd8cd495-2626-453c-92f9-11adecab3e7d,comparte_direccion
53535263-b8bd-4569-b0a8-f135d0d3327a,0f889f7b-1e9f-411e-a52a-a7113fbec77f,transaccion
498a6ea5-2274-4c8e-8080-4ee67af8c73a,ded6f761-43e0-4b38-bf3e-a4e042b67b1f,misma_empresa
19ca1b41-f6dd-40fb-8112-31f358ee5f8d,e8beb6e0-6898-4eb8-8c05-b18a192b0940,comparte_direccion
ea61ee00-4a65-43df-8e77-4e8df81663b5,125ce11a-f271-4f3a-af0d-60dbf756553b,amistad
76ee0c42-8e41-485f-b16e-c479cc35a28e,904a15fc-b3a5-45cc-bc12-0fc17f9db396,comparte_direccion
f0992e0d-103d-473b-9e55-28fd49245b1d,cc3952c9-3928-42dd-9018-b55acd6716a1,misma_empresa
8bc0c12b-8950-45ee-b559-3660226af13f,4da44b58-96af-485d-b753-53cde5c48e9f,amistad
b1772e92-f68d-497a-be83-3a9fe4477fb4,bfb9f944-fcd1-42e4-83fb-f9f708888000,transaccion
fef22469-9f89-4dff-83f5-60b891355cef,b000ba8d-e7b5-4a78-98eb-255c371ac015,referido
f8237781-fdac-4cb1-b995-085cd0a88db9,1d4cdcb8-c4c6-4134-af5a-4b5b72528d5c,referido
741ead04-5ca8-4bc6-a785-23bddc40619e,1fb2877f-aefa-4733-a797-94079e061199,comparte_direccion
910c7762-e6f8-4538-b5e0-7f307133a355,152674b3-b388-4c07-af3c-a3413549e137,misma_empresa
2d5893bb-250e-4228-8ab0-1fd6ae9d310b,800b6100-d080-45a3-a56a-2529a7498026,misma_empresa
7012a826-f089-481c-b7f5-c333e816a366,4aabf8be-2106-4fca-80a9-335bc61cd1bf,transaccion
2576f4b8-edc3-4567-9ad3-7bc995af4fec,a87ab01b-a5a1-4a5a-a67f-5c92e5b24926,amistad
562fb047-489b-44fd-b5e4-e4feee6aaf8c,383f224f-f2fe-4084-b578-a83e43fece8f,misma_empresa
7f03938a-7536-4ba1-be9d-0b35e660fba7,07aa2fde-4748-45aa-8438-f2d0e4bca985,referido
822360c4-ab08-4ce4-bb83-d2fad38cc173,01ff4206-9bc0-4691-913d-6f0fada3d037,referido
3fba1d7a-b0a3-4c81-955e-5cdd66f01dd1,51ffbd77-f951-4d60-bf46-e08f08e8f4b1,misma_empresa
1a216d41-45bf-4292-b4b5-06e424d9d400,17d725da-211f-4fca-9066-d7ad87e195f2,referido
ae93209c-fc3d-40d1-9c4d-efd57392f1e6,edce34bc-0bad-4fbf-963b-afb7d62d347c,transaccion
34583817-a513-4359-a672-63f3f1de3475,3d25576b-d67c-40b6-9b5d-3b3d2f0ccc1d,contacto_frecuente
19987eea-3a0a-4954-90ac-7eb2d588acc2,9a700a4c-a581-4690-a07e-58404a809dd0,misma_empresa
1e26133c-e89c-4a8b-968f-d7ad7e8edd81,dfa8b8cc-f736-43e4-80af-4f7bdfd59f18,misma_empresa
b943c47b-7db8-4946-94ca-809d40b05d34,a7969e78-fb33-4a91-84de-4e31d00a9c90,comparte_direccion
3e9499f9-2993-4487-93f9-b38fd18061ba,a8aa84da-7956-4ead-ad86-d030b9fb13c1,transaccion
1ce3e67a-b4ac-43c1-b97e-3921ef628e52,63ccbaf7-8766-41f6-80e3-c8b638cebac0,misma_empresa
4a845e7f-62e5-436c-923d-1e497170f11c,cd9875d4-394b-4003-a9f0-a3201bf3cbbc,comparte_direccion
b6ac0231-599e-4f19-a294-b1eb4c325ba8,113e32e5-33dd-4de4-8816-d1dc9f2606ca,referido
45657f7e-42a7-4e2d-a405-3848e4fd087c,a09e61eb-7f41-422e-9de9-fc353f850711,misma_empresa
b54c30c3-7405-4127-b7f4-307282756545,18903d6f-c35a-44de-b85e-addce0d12974,comparte_direccion
3b3dffa4-f439-4038-8747-fad1d92147bd,0718b6fc-1099-4725-934a-3970a519273d,comparte_direccion
c52a3bab-6a92-4ad6-8831-07ad9a6acb0d,98146c85-d5e8-4ef7-8da1-259302422c9f,referido
76cfcf6f-f669-4a7c-b706-620d9fdcf463,81b3986c-bc57-4720-8f95-17dd0ff56905,amistad
850dc172-facd-4f69-be2e-803a9b3f8850,33839114-2d08-4a60-8865-5d5c6268754b,amistad
26933967-516d-4853-b015-22a4770606b3,d2038474-93e4-4752-a21a-d3f5c36c86a0,referido
b622c915-77e7-4526-85bc-57df82a9a2a9,5bcae0b9-b19d-4485-8647-a1d76f822f45,comparte_direccion
265a9bda-38da-455a-9a0f-e3201d84be2a,f0a1044b-83fe-4dfe-a6a7-c22f90643466,amistad
99ca5e84-5130-46b8-acfa-990fb6e00879,b424fc25-0497-4ac1-ba1a-33597e541c8e,contacto_frecuente
641c5362-8cd7-408b-a1b1-7e4416ece25c,70d27c6a-198d-4193-8d85-25f555607ec9,amistad
fd2a05f2-a7ea-4e61-b856-baca78d523c2,71c62e9e-a9c2-4fb5-a339-53582e8b3659,transaccion
d01381cc-ca84-4ed9-8dd5-3ede9cd2b267,944c1a0e-4ea8-4255-9dd8-f32bbcf3e16a,transaccion
56d3250b-e5bd-4ffb-a138-a2edc276d5d6,c556ecaf-cf63-44dc-b184-dab0c1ef95ef,amistad
bfc19b95-18e3-44bf-a727-8a5e6ca4f8f3,10b9d03e-97fe-4b7b-b616-ca573341d839,misma_empresa
238922fe-1536-4802-b832-5b2af1a99529,3e5fb39c-77a6-45eb-9f53-971ff79b3364,transaccion
e2fd0bb9-e63e-45b2-822d-5c61d141a2ba,9d86f192-e4db-4e00-968a-d81c0054c6bd,transaccion
99ca5e84-5130-46b8-acfa-990fb6e00879,8ca921c1-52fb-439a-9167-e20d5e6c9b5e,amistad
bdcfc2d3-5157-4d4b-b0af-7cc425fd8e72,d84caf9a-d2ed-4b2e-969b-1e5f2662c3ca,comparte_direccion
08773578-febb-4955-93c3-e276d6c115ac,013f7c29-22f7-48cb-b277-07553b4810ca,contacto_frecuente
63b79faa-0f61-428b-9997-6870606616db,9ae05dee-963d-4ffc-adcc-012239c42d7f,amistad
0e048687-cec9-4374-83e8-0b9c504484ce,d8bf4e13-e024-489a-ab78-803ed5ba3c38,contacto_frecuente
610f6f6e-4bb7-444c-bc21-37bcba1439d4,8a71f7d6-51ef-4122-a4bd-a406f1c76704,misma_empresa
bd9fd80a-1c8e-445e-8e25-0b7e0660febe,b13a960d-c1e8-4ec9-88ba-8f113f663717,amistad
a4286b76-0d8e-4c70-a52a-a4f125d5ee96,9d3a8314-9964-4267-991e-2001d283a952,contacto_frecuente
9dea30a5-53ec-4da2-abcd-e4090c773cd5,eb39ccdf-537f-45b9-b190-f8dbd30c72fc,misma_empresa
22b56252-89ce-435a-86f0-c00aafa1130a,bb2c8a19-b6f9-4b9b-8e47-0d445abdec3a,comparte_direccion
8a5c8a55-425f-4e59-bf50-13cb76dc79d1,cc38ba46-2b59-4399-8af7-d817b5875a4d,misma_empresa
fea087d9-b15a-4717-91d2-58645ec51198,0e559814-b892-4d12-aa4f-233e9be7b817,transaccion
30dc7e98-9210-445e-b859-959c556132f7,fea087d9-b15a-4717-91d2-58645ec51198,misma_empresa
77be5f41-ee83-41b5-8f60-02bb13627dac,ee6964e9-597b-42e1-b754-1654d9a85396,transaccion
d0e93ed6-9f51-45c6-bb8c-838332a72fbb,944c1a0e-4ea8-4255-9dd8-f32bbcf3e16a,amistad
25c35e64-68dc-4c5a-b311-27c84851610e,77b15be6-08c7-48d4-811e-a31bdea88662,comparte_direccion
bd337004-4809-4595-b138-e2a6c776d648,a7969e78-fb33-4a91-84de-4e31d00a9c90,transaccion
46ea322d-203d-4382-9b5d-c5cb1ad81a71,48cb6651-a0f0-43be-9fff-f7d08e18028b,comparte_direccion
ff7b9d0b-7cba-4e52-a244-b15e0dccf36e,70d27c6a-198d-4193-8d85-25f555607ec9,amistad
9c094078-3e30-45ae-a8b0-09684532d278,1ce3e67a-b4ac-43c1-b97e-3921ef628e52,comparte_direccion
2bc6183d-ca98-4175-9c98-599bd01101d9,ea28254d-5cbf-4803-bb29-26be23f1bd6c,referido
aa38fb4a-bda0-4a22-a8f8-a57086db37ca,910c7762-e6f8-4538-b5e0-7f307133a355,transaccion
30dc7e98-9210-445e-b859-959c556132f7,850dc172-facd-4f69-be2e-803a9b3f8850,comparte_direccion
cf8e22bd-90ba-40dd-bc96-781efd460d6e,70ddf536-eb46-462e-b884-411d49bcba42,amistad
822360c4-ab08-4ce4-bb83-d2fad38cc173,7c5e9376-2cd9-4ba0-86a3-1ac573743810,misma_empresa
b424fc25-0497-4ac1-ba1a-33597e541c8e,580d9cd4-f66a-4e08-8efc-7480ac7e5af1,contacto_frecuente
2d5893bb-250e-4228-8ab0-1fd6ae9d310b,03550533-2229-43ce-8a97-2767e9e572ae,misma_empresa
556b9e70-731f-43fe-8918-500d396e8b1f,f4b009e9-c797-4a49-adb4-e4dc88a787a1,referido
3f7fb10b-dff2-4525-948b-4ee063c1af5b,d2038474-93e4-4752-a21a-d3f5c36c86a0,contacto_frecuente
5b50a20d-e1ea-4884-b5bb-9a3c92198f58,e9fd93a1-670b-4731-ae11-8288d7dea21e,transaccion
16835996-59f9-44fe-b708-52ad5ceaff0d,e51b3123-7850-4d39-9a88-ab27f635e20e,misma_empresa
28b5fdff-1c6a-4c1f-bcb6-061a3aa73eb5,165ef624-53ce-4d55-aaaf-dc9f928e9c67,amistad
709243e3-a26e-4bcd-a46f-94f4a4e965a2,ab15c283-3b34-45d6-b183-944cb1e31bd9,transaccion
1c1e7293-67e1-4805-a529-14238dc2c989,e90efead-76c8-4414-a43b-6b0b10c6a3b4,transaccion
dcd40a1c-f423-46db-bfea-2f1cd43b2be4,6e5d4c58-eb22-4e2f-b6cc-f577ad0b28ac,referido
3e9499f9-2993-4487-93f9-b38fd18061ba,e0cbbb63-0b17-4d9d-908b-ea258cde3eca,amistad
f78a1f11-1359-402f-a184-0f3f6a201644,f374a33f-fa6c-415f-9dd1-8703643c2ad0,comparte_direccion
84398493-2266-46d7-8361-eefe35542d64,17d725da-211f-4fca-9066-d7ad87e195f2,misma_empresa
a123c2be-9cde-40c7-b7fb-cdce3fd7bcb7,90866f05-fe61-4633-b7e6-b336e1605834,amistad
63235ef4-df90-4f87-bb27-43b2cc4339e1,f2df86a0-9d69-451a-be57-c1385db0919d,amistad
5d887e9e-f6a9-41dc-9f43-747b93dd2458,6d2fdbbd-2c72-4f88-9e12-04ebc37dd677,misma_empresa
c7e96c31-b070-4fe1-9477-0b2bbca42737,0eb42f5f-2055-4b7a-8e3e-fe76a2cbca17,referido
4a395e60-0891-4592-9999-41104b51a073,8108fa76-a8cb-4da7-9eaa-ed1914d689b3,referido
7fbc2391-899a-42ce-9142-37b829462cc8,981b28ae-7fe3-4dbb-855c-5ecc5031faf1,transaccion
03ba23cc-074f-4425-bbc8-acd939008ae1,c5b70dde-29d0-4a3f-8565-bce1ab7f7a34,transaccion
32b57dda-a8b6-4360-a7aa-d72f14c5386e,702c1773-bd87-4514-a6ce-0bd62eec60e1,referido
51250a9c-22e8-4815-9edb-8d37a91ec643,0e840bfb-516f-47b4-a528-a6ee6e6dee64,referido
4b486e23-680e-476a-9625-9e21581793b9,05c45f1e-db64-4d12-8dc4-5299467dd814,comparte_direccion
7b4c7335-8ed2-4a69-9e3a-cff007b6df20,1229807f-6088-4947-a9d5-3a8122e784fa,referido
69424c13-47e8-4aac-b7ae-a81fb973dd57,4014f591-d697-4036-a492-76e6b461b110,amistad
7921c0a7-11f8-4e19-8309-cc3867906450,045c2cc2-9311-438b-b9e3-6e98bbb68128,comparte_direccion
8f84556e-b789-4a07-9a85-71c40ca18fb4,2e25e697-4422-47ce-8994-933634fb354d,contacto_frecuente
e5d6e924-be98-4209-938e-3537ff21be63,6cb639a8-98e0-4515-a42d-3ca9f449357a,misma_empresa
393069d6-4123-400b-b864-ff1273f3ffbe,e295e292-c5f2-4936-b8d8-078c6118c247,referido
05c45f1e-db64-4d12-8dc4-5299467dd814,5fa87ee9-821f-4fce-98fd-8c1938124df7,contacto_frecuente
06c9ba8c-cbfd-4b5a-8051-91351aec2178,102e0377-1be2-413d-b647-d42370995555,misma_empresa
471a9217-a902-4387-b59a-7f373410a321,41e23d99-2158-4239-a3c9-f3016ba4290a,referido
e7ff10b0-3d0d-4fe1-b50c-89caf5dc6111,9a6b1437-6a0d-4b74-b408-1a8ad2ca3b09,amistad
24edac0c-a22d-4d51-b0f2-ce0dec9752bc,fd2c1c21-1293-4a48-b3c0-3f82d1c5b0c0,misma_empresa
344b1a90-03af-4918-8bf1-7cf81a846d5a,4b486e23-680e-476a-9625-9e21581793b9,amistad
cc5b0744-c936-44ea-8c4f-271edc85beb3,532cde7d-165c-4272-abd0-2efbb57a9205,amistad
a5014585-5f70-400d-ac46-f9a32e3daf04,71dd12ca-baa2-4d7e-93bc-63c9bad1cab3,referido
271298e9-de5c-4d1d-a040-fe6803f5b89f,348aa7a3-2cde-4d25-b045-c4e99abc084e,referido
da28240a-164e-4e2f-ba1d-440b2e8af0e8,da4af556-bfca-49f8-b820-8c3b4e4c4e21,contacto_frecuente
e9fd93a1-670b-4731-ae11-8288d7dea21e,8f84556e-b789-4a07-9a85-71c40ca18fb4,comparte_direccion
7921c0a7-11f8-4e19-8309-cc3867906450,7a6de69b-6ae3-44f8-b3b4-a2d43be507e0,transaccion
5b462404-5629-4510-80cb-50e02e46ff64,562fb047-489b-44fd-b5e4-e4feee6aaf8c,amistad
ad5cdfb1-17e1-4e42-84e4-95bf01c01988,e6c3d883-ea17-46b2-ba1d-ddae4db4c4be,contacto_frecuente
99620068-99d7-4351-9b01-2b4c0af9299a,ebcd11cd-8f59-4f7c-9c5a-d8b3099eee04,amistad
58f863f9-11e8-4a92-955f-f481591fb30b,55df59ba-048b-449f-8c0c-c27e82a73947,contacto_frecuente
244f328c-b268-4985-90ce-b111e3f03b84,b7827d0c-058c-45e5-aafa-ef3df318918d,misma_empresa
078f51be-b29f-4ff6-a836-73e2196c76b2,2c4c20c2-1fc6-4f08-9c2b-8c3e7681e1ff,misma_empresa
d674f1de-451a-4dd9-bd26-ba9c8863cf70,1bf1b98b-e944-403e-8ce0-41c2204cd754,transaccion
8a407daf-bab8-4c1d-a4ae-52ea01964b10,a8aa84da-7956-4ead-ad86-d030b9fb13c1,contacto_frecuente
df9fc63c-2c47-4ee0-b1c8-319c63dc3dd9,06c9ba8c-cbfd-4b5a-8051-91351aec2178,comparte_direccion
741ead04-5ca8-4bc6-a785-23bddc40619e,b0455250-4656-439f-aca2-34b622bbb824,comparte_direccion
63b01a3a-a3f4-4ca7-a727-c2054b2e7f9c,46ea322d-203d-4382-9b5d-c5cb1ad81a71,transaccion
12ea1be2-f10f-434c-826b-334fa99a4b78,93577691-60dd-4e63-ad90-2c989a194861,amistad
c140f450-a62c-45e0-aea0-37b4214a83d2,58e3d3d8-1d28-456d-91a8-880db1db02b2,contacto_frecuente
bd337004-4809-4595-b138-e2a6c776d648,52647fd3-4ab1-430d-9622-fd61b57084b9,contacto_frecuente
b92b6a15-892f-420a-a224-deb97f874f52,134b725f-fc1d-4ab2-9a21-738d0f5ce9e3,transaccion
7155a9dd-6daa-4df5-ae54-fc72391fda37,f4b009e9-c797-4a49-adb4-e4dc88a787a1,comparte_direccion
06d9793e-e491-4c5d-9c15-c903704da0ab,27048d1b-dafb-42fe-bffc-508792efb6af,contacto_frecuente
f2edd005-db14-4f41-bb5b-e4a3ce481fd5,eaa8faea-738b-4b88-9fb6-b9a29a50fc88,transaccion
54caedeb-5f9a-4028-9f09-9ec3ffcff14b,8091c0d9-4d96-4356-a610-db5bb8effab1,contacto_frecuente
160d4ba7-7927-4d54-9a12-5b4b7f20c438,8a5c8a55-425f-4e59-bf50-13cb76dc79d1,comparte_direccion
8f656e8d-ea19-4ab0-86bb-f540b8de2e4a,19987eea-3a0a-4954-90ac-7eb2d588acc2,referido
47edb2f3-def4-42f6-85bb-adc25deed8e9,6a03cad3-6999-436e-aa55-f70b99efbb9a,referido
524e2c60-9c6a-4dfe-95f4-a5771318e3a3,b6ea10cd-0191-4374-a260-c8ea5711e25f,transaccion
9ab5b617-dbbd-4fd5-86d3-cb02b4c87b9f,aa38fb4a-bda0-4a22-a8f8-a57086db37ca,contacto_frecuente
760a4406-02f9-43ad-b51a-c393125104ca,7a92d9bb-f8e3-4a46-8322-c661c09975f9,comparte_direccion
078f51be-b29f-4ff6-a836-73e2196c76b2,63b01a3a-a3f4-4ca7-a727-c2054b2e7f9c,amistad
ea28254d-5cbf-4803-bb29-26be23f1bd6c,65f0e069-f738-413f-84a3-e4992d943bc9,misma_empresa
de647a50-0d15-4657-b166-438ff36b1e70,312caa62-9bc7-4f6e-894d-a9ad50a79f3f,comparte_direccion
3861e8f3-e5f7-43e6-89c5-e730bf2da719,3c531a0a-b4bc-461f-bfe9-6531ac3c3ffd,referido
b8abdc4f-84f0-44d5-82e9-380c43a9045f,a9f1b7b7-06d6-49a5-8b0e-f4497ab7aa62,comparte_direccion
3672fd24-3e0b-4345-8bff-6067e0de2ee8,e5144bbf-ca7b-417e-bfcb-3bdc89bd1a7a,comparte_direccion
7155a9dd-6daa-4df5-ae54-fc72391fda37,809cb42e-c1d2-4d61-8d36-5e60e3bb9695,transaccion
d0e93ed6-9f51-45c6-bb8c-838332a72fbb,733c237a-9a1c-42e5-aaa1-3739c90e5ad2,referido
7155a9dd-6daa-4df5-ae54-fc72391fda37,49968ea6-2c29-4fb4-ab80-4bda23e7d1b9,misma_empresa
4fae0bba-4a98-4626-b265-5a09313cc9fe,237fd167-7a56-49fb-b04a-f864444e0c86,referido
5581cd66-e36b-4896-b846-698b5d20706e,f14a8ff2-3817-4526-a568-28e75864d1b8,transaccion
87d43448-1591-467e-a978-c0925caa5fbf,7b4c7335-8ed2-4a69-9e3a-cff007b6df20,comparte_direccion
0284e861-7988-46a4-966a-4c6aec699cd5,b8addbe7-c97e-466e-80f5-2e5762b73567,misma_empresa
cb49eaf1-58eb-4f63-8557-ca7bf7760fb9,d7393063-b7b9-4906-a29f-265fe1ef4e15,referido
1a31d360-304d-4ff9-851c-efea343a7c1b,e5d6e924-be98-4209-938e-3537ff21be63,transaccion
53535263-b8bd-4569-b0a8-f135d0d3327a,b0455250-4656-439f-aca2-34b622bbb824,referido
7aeb9645-cfd9-4fc2-aa75-b26a451b5e6e,413c05b5-141a-4161-a703-6e164955fcdf,amistad
9f779d85-c1e2-48c6-b85b-4c5185f7df01,5581cd66-e36b-4896-b846-698b5d20706e,referido
3df4fe2d-a784-4b7e-9e8a-ab637c52c30e,580d9cd4-f66a-4e08-8efc-7480ac7e5af1,referido
82a80399-a933-4dbd-984b-5d2079d03b99,8f84556e-b789-4a07-9a85-71c40ca18fb4,comparte_direccion
6cb639a8-98e0-4515-a42d-3ca9f449357a,5a809d1e-2dae-424c-877c-6ffe8479d9ff,transaccion
c4e4c61a-ed9f-4e33-bd2c-87cacdd75491,63235ef4-df90-4f87-bb27-43b2cc4339e1,transaccion
97dfac66-f0d9-496b-a87a-5f2bd916afc7,cf162700-ea00-4aff-8af2-bfa621cb237d,misma_empresa
123afcdf-3a33-466e-a8e5-e96369663759,de6037ac-f02b-44b7-90b8-cad111ea6882,amistad
77be5f41-ee83-41b5-8f60-02bb13627dac,e385071d-507b-4474-8f02-d0867de0b9d2,misma_empresa
49a1d8ca-c247-42d9-b944-9cdc595e328c,48e08623-ed55-4dc3-a910-03586b0c52fb,amistad
a668a70e-e4b8-42bd-a8e1-e9a2b1e24b68,07aa2fde-4748-45aa-8438-f2d0e4bca985,misma_empresa
ca5d5276-dcb6-4cc1-a461-69cf88686689,fd2a05f2-a7ea-4e61-b856-baca78d523c2,misma_empresa
f11f9f4c-bb61-49de-bdb5-ec926c3f042b,23a5af36-d1cf-4cee-94b1-6238d722ff25,referido
a267d493-38c7-4220-b819-7ecd8bd4d5c6,098a8f13-fbf5-4926-9ea1-2cbe72f8045b,misma_empresa
8c498912-eee4-4a56-9cf1-a58de869cc1e,ae93209c-fc3d-40d1-9c4d-efd57392f1e6,transaccion
5e96c8a9-fead-4241-a752-1f172501ec8e,d7d9da8a-50c1-4f41-b5ff-eabb2a97e05f,transaccion
5ddd0479-cd64-44ec-b67b-f76675bafb24,bdcfc2d3-5157-4d4b-b0af-7cc425fd8e72,contacto_frecuente
21071296-684d-4a4e-b2e6-8ceb81cb68a5,df955aa5-bd53-40b9-9f68-b6390f6f21bb,comparte_direccion
e8beb6e0-6898-4eb8-8c05-b18a192b0940,de6037ac-f02b-44b7-90b8-cad111ea6882,referido
f5b57355-a8f0-428c-80c7-fea664f9135e,46651e45-7d83-4e93-9e6e-ce6f983a8c84,transaccion
45f19d4c-7cb8-4413-9722-721b095e76d6,134b725f-fc1d-4ab2-9a21-738d0f5ce9e3,misma_empresa
265a9bda-38da-455a-9a0f-e3201d84be2a,0eb42f5f-2055-4b7a-8e3e-fe76a2cbca17,contacto_frecuente
70205a0d-9f19-4db8-a864-e9e5b8fb7f17,bbf98720-2681-48c7-a1c2-2a66e93d103f,amistad
134b725f-fc1d-4ab2-9a21-738d0f5ce9e3,81b3986c-bc57-4720-8f95-17dd0ff56905,transaccion
9e2aa52d-792d-402e-80e1-37ea2273ece1,7fbc2391-899a-42ce-9142-37b829462cc8,comparte_direccion
b411720d-4c41-40f9-b0b0-53ad1abf6584,a703af62-e8f4-4b37-b0d4-4bd29bddb39f,amistad
03ba23cc-074f-4425-bbc8-acd939008ae1,19a8e84e-9993-42ea-a8e6-57267c2f3907,amistad
1a216d41-45bf-4292-b4b5-06e424d9d400,88988207-3464-406e-a021-159fb44f95c8,comparte_direccion
702c1773-bd87-4514-a6ce-0bd62eec60e1,b424fc25-0497-4ac1-ba1a-33597e541c8e,transaccion
2ec21ed6-d580-4bbe-bc5c-a6a47f76a59b,601fa4eb-21c7-46fd-bcb8-ed772de91dc4,transaccion
7e1ee659-be1f-4f7a-9e50-f567edc2d7af,85ad8d89-fd3f-4ef3-b6c2-484196c63cf4,comparte_direccion
505d4eee-612e-4b83-a225-daa0cd0f2fbd,05c602ad-a3c7-4c28-8545-f514a8e1af7c,referido
0a3866d4-eb35-4d4f-ab34-7a41be7b4925,0b887a93-4100-46d2-85e2-24197f6bad3a,misma_empresa
96ee84b3-0dbd-403a-a9e5-e2d97418d118,d8e0d87f-2b92-4744-8599-c07b6693074d,referido
152674b3-b388-4c07-af3c-a3413549e137,40f8a80f-6ab7-40bb-a3ec-1b21772ec5e7,transaccion
ad7b80ab-bd3f-4ffc-aeb9-2702e9b834d5,265a9bda-38da-455a-9a0f-e3201d84be2a,contacto_frecuente
ad7b80ab-bd3f-4ffc-aeb9-2702e9b834d5,7c5e9376-2cd9-4ba0-86a3-1ac573743810,amistad
76cfcf6f-f669-4a7c-b706-620d9fdcf463,4a395e60-0891-4592-9999-41104b51a073,comparte_direccion
81e0634f-c5ef-4bd4-afe8-efc0297ea950,fa7aa1cd-4718-4fd2-8de6-82ed2e3290af,transaccion
5e591d6a-98b1-41d2-9909-471c04cf1235,edcea9c3-b9db-4fd1-80c2-e6de7025150d,referido
d5ebc9bf-02b1-4cb5-8a34-f865c2aca1f8,904a15fc-b3a5-45cc-bc12-0fc17f9db396,contacto_frecuente
cff4aeb5-7126-402f-aaa7-53edc2efd2cb,60c2797e-9e6d-4086-8481-d68e50feaa6f,amistad
949130fe-733a-4e1f-bf68-3fe5f401d15a,cd8e1bfe-397f-44ab-bfe2-d6640e6dbe98,referido
f26ff26a-cf37-4d12-933d-db1ba03ec2c5,f6a4eab5-693e-46a1-9f44-97cd6ab853fe,amistad
df9fc63c-2c47-4ee0-b1c8-319c63dc3dd9,6befaa47-3619-4112-b7f7-790ec824cc96,misma_empresa
071bc922-7abb-4e9f-8a54-b21b6aecb45c,e99463d4-2a5a-4479-a32b-89b60f2b244a,referido
c7c0f231-1cec-4808-86ae-85947ecfc844,c52a3bab-6a92-4ad6-8831-07ad9a6acb0d,transaccion
b16f204c-dc02-4b0b-b4bb-b9754a18e886,ad381aff-759b-4964-86c9-0d66855b8f13,transaccion
e815fac2-44b7-40b8-b9cc-22963f99b05e,f6a4eab5-693e-46a1-9f44-97cd6ab853fe,transaccion
010a0a9b-868c-4d16-8475-205108232ee4,c7c0f231-1cec-4808-86ae-85947ecfc844,comparte_direccion
a3bac31a-0392-4d70-8746-262af01de87e,82f780ee-f21f-472e-9eff-0470255ce6cd,referido
65cc42f6-1b47-463a-968f-26e287f601e7,4a845e7f-62e5-436c-923d-1e497170f11c,comparte_direccion
4fe969a7-fef0-479e-ae85-a657fbe1765c,dfcee29a-0e6d-4f38-9f97-8bb672fc40f1,referido
e6512fa9-d432-4138-ba9a-a68fd1927071,2bfb9c0c-611c-4360-81fc-0f0c7de42f43,contacto_frecuente
b7827d0c-058c-45e5-aafa-ef3df318918d,2d6830b3-48b7-4951-8504-1e22e84afa76,transaccion
d01381cc-ca84-4ed9-8dd5-3ede9cd2b267,2d6830b3-48b7-4951-8504-1e22e84afa76,comparte_direccion
f0992e0d-103d-473b-9e55-28fd49245b1d,9845eac5-a9e7-421d-a55e-654aff9e7e3f,comparte_direccion
0fa7d8c6-299a-4036-b550-f57a86fd6d68,4014f591-d697-4036-a492-76e6b461b110,misma_empresa
92097aae-f8be-4cd9-a590-ee0b50718927,8649e7dd-8d43-4432-a310-bb057f0c26f1,amistad
271298e9-de5c-4d1d-a040-fe6803f5b89f,bc9fa845-fc82-4c0b-b739-4f2dfa512dc0,comparte_direccion
de6037ac-f02b-44b7-90b8-cad111ea6882,d7393063-b7b9-4906-a29f-265fe1ef4e15,transaccion
5831cc32-a29e-49db-ac2c-fff07ab54641,e8beb6e0-6898-4eb8-8c05-b18a192b0940,misma_empresa
10c222bc-aa72-49c2-b5bd-818bbbe79ca5,049b8d1c-ac01-407c-9e27-2a7d5b97eecd,referido
5cf68f49-8609-4b72-811f-a488bc7d332f,49a1d8ca-c247-42d9-b944-9cdc595e328c,misma_empresa
b7dc6d59-6fcc-497f-aa2b-44fcffc34a39,b0038f3f-d387-41e9-bd81-7addb29a7da2,comparte_direccion
e4d8f20c-0f2f-4887-bfb2-e5e7a26dd2f7,ad760608-5334-40d1-855a-c8900b3467df,comparte_direccion
d2b1ffdf-19f4-457b-866e-2d0250ee7b36,c3914e7d-f6db-488e-be22-8799f8b5ed54,transaccion
2dff3ef3-4f01-4dee-9820-d72c49ff8816,013f7c29-22f7-48cb-b277-07553b4810ca,referido
850dc172-facd-4f69-be2e-803a9b3f8850,81b3986c-bc57-4720-8f95-17dd0ff56905,misma_empresa
649f67a1-9120-4af8-8e41-c3682e8c5dc9,71c62e9e-a9c2-4fb5-a339-53582e8b3659,referido
71c62e9e-a9c2-4fb5-a339-53582e8b3659,045c2cc2-9311-438b-b9e3-6e98bbb68128,misma_empresa
5cf68f49-8609-4b72-811f-a488bc7d332f,10c265eb-1897-442c-9e19-ed4c7861f761,contacto_frecuente
5ee06658-ba0a-427f-861a-6b50ff69fa2a,b412face-7f39-49fd-ba95-997601ac7606,transaccion
b9d2d4d5-75da-4aa9-8568-bae6b7af1ebf,a267d493-38c7-4220-b819-7ecd8bd4d5c6,misma_empresa
e98553c3-9afe-4aab-ada5-85b49f30eaca,765f2b3b-63d7-47d2-bc28-813df8a5f8ce,transaccion
342d405b-1f8b-433d-85db-66b887502fe4,078f51be-b29f-4ff6-a836-73e2196c76b2,misma_empresa
46ea322d-203d-4382-9b5d-c5cb1ad81a71,7bd6aa49-dc41-4a2d-adf3-0d95532ed8f1,misma_empresa
5831cc32-a29e-49db-ac2c-fff07ab54641,0e840bfb-516f-47b4-a528-a6ee6e6dee64,amistad
48cb6651-a0f0-43be-9fff-f7d08e18028b,698227f0-ce6f-4595-a3c7-f126b07bfa18,transaccion
de647a50-0d15-4657-b166-438ff36b1e70,c48fe713-2c2e-4e43-8704-1d9a42f4ebd5,misma_empresa
8127d63e-50d4-4c32-8dbc-ef874cd1370e,6cb639a8-98e0-4515-a42d-3ca9f449357a,amistad
4460c604-8543-42c5-a418-e1a8186ba38e,ea4029c2-6c97-47e2-b282-4029c9587f99,contacto_frecuente
1d27b61a-8109-4c17-b2b7-90c10af79316,bbd45d90-c7a8-49ea-81a5-d5ce915ffe1b,contacto_frecuente
7e90002f-fca3-4cc5-95a7-2eabf7f251eb,4843be8b-2758-42c8-a35a-e41ca1e5b030,transaccion
73d1736f-1cd9-4f66-9771-32bceb576f48,db243078-0e0d-4f66-a8e2-aa4992aac81d,transaccion
8127d63e-50d4-4c32-8dbc-ef874cd1370e,4198a58e-9e6e-49ef-a79d-78f21da5d641,amistad
659b98e9-f079-42de-bcd3-0dfc089b4039,0284e861-7988-46a4-966a-4c6aec699cd5,referido
e99463d4-2a5a-4479-a32b-89b60f2b244a,ef3f0ffd-f8bc-4dcc-a8a5-e62d41ec3069,amistad
0f56eaab-ab7a-4398-ad47-54b8d22a84a2,38cf5f97-03cc-4991-b50a-f9f2db8b7f5f,referido
7a6de69b-6ae3-44f8-b3b4-a2d43be507e0,003b1f43-3079-4987-9dab-29e6b2dfa0dc,amistad
c0dd5e67-6e16-449e-b3e7-474e0e3d13cc,63235ef4-df90-4f87-bb27-43b2cc4339e1,amistad
e902044c-f338-4579-8442-0dcd34aad037,698227f0-ce6f-4595-a3c7-f126b07bfa18,misma_empresa
a9f1b7b7-06d6-49a5-8b0e-f4497ab7aa62,312caa62-9bc7-4f6e-894d-a9ad50a79f3f,contacto_frecuente
02a7d062-ef1f-44e0-bf87-e99ffc7a22c5,8961e653-5e37-4c02-9232-6d4f7514b541,misma_empresa
9e2aa52d-792d-402e-80e1-37ea2273ece1,c48fe713-2c2e-4e43-8704-1d9a42f4ebd5,referido
157820b6-a642-479a-8cc9-355ce4f29288,7012a826-f089-481c-b7f5-c333e816a366,transaccion
ea5161d3-d16d-4720-b393-a80c195ce16d,2f3cf68e-59b1-4783-b2eb-dcf085e1f3b0,amistad
1ca8a12f-1ce1-4618-9c3e-d439fe35d147,587ad707-4c16-4965-b5cb-ebfe5f51564e,referido
f6757c99-b134-4e26-ade6-2598ef3a3ac4,8a407daf-bab8-4c1d-a4ae-52ea01964b10,referido
34f74617-6b2f-4103-a7c2-1cf92b221cc5,0c6f97ed-f676-49be-9691-8354af1e00b3,referido
77be5f41-ee83-41b5-8f60-02bb13627dac,1c2c3646-87e6-4675-90dd-82eb024c8dee,transaccion
1a2d0a0c-8bc5-4e10-af6b-bb0d6acffb7c,eb29657d-495b-413b-97b2-11d1d3c12265,amistad
a05a8ce1-56ce-4e52-841a-702ae6ef5a8f,855a3dc5-dc9d-4774-b2bb-31ea368ae584,misma_empresa
8accdbb4-28f8-4657-9960-f963d3003aa7,43d0e28a-7103-4d4f-8bbb-366043310791,transaccion
c2f26efc-c16c-4553-8143-05030b2cf3cc,7f87f3f1-1abf-44ee-94c4-eb0d13653bdf,comparte_direccion
9ab5b617-dbbd-4fd5-86d3-cb02b4c87b9f,1a39762f-a8d1-4713-8817-f80b2c1dca83,transaccion
2f3cf68e-59b1-4783-b2eb-dcf085e1f3b0,617fc74b-300a-44cc-a05f-7e7059907d0f,amistad
ea5161d3-d16d-4720-b393-a80c195ce16d,119e2eb7-9f77-4087-bc54-3ebf36e3a0d3,contacto_frecuente
078f51be-b29f-4ff6-a836-73e2196c76b2,e9fd93a1-670b-4731-ae11-8288d7dea21e,comparte_direccion
01ff4206-9bc0-4691-913d-6f0fada3d037,d84caf9a-d2ed-4b2e-969b-1e5f2662c3ca,contacto_frecuente
2b62fddd-9649-4cd9-b515-72c9c1fdb787,431576a5-aef8-43ca-810a-6ec2cd286e79,amistad
152674b3-b388-4c07-af3c-a3413549e137,54caedeb-5f9a-4028-9f09-9ec3ffcff14b,referido
a9f1b7b7-06d6-49a5-8b0e-f4497ab7aa62,49968ea6-2c29-4fb4-ab80-4bda23e7d1b9,contacto_frecuente
c48fe713-2c2e-4e43-8704-1d9a42f4ebd5,0b887a93-4100-46d2-85e2-24197f6bad3a,comparte_direccion
5552dafe-cab7-409c-ad18-c38682719e27,cc5b0744-c936-44ea-8c4f-271edc85beb3,comparte_direccion
26d13d5b-830e-4df3-840b-c1a2c9b778e1,617fc74b-300a-44cc-a05f-7e7059907d0f,contacto_frecuente
b811b7ab-af5b-452c-af6b-a42ca0815a80,3e2daee9-c4a7-401c-85a3-4823ab5dad77,comparte_direccion
c5dbfaa6-6032-47ec-a01a-61f759da815f,5cbbaa2b-a3ca-4385-9628-0a19c8c07419,comparte_direccion
0693133c-39c8-4c07-8751-acd2a2bf1da1,19ca1b41-f6dd-40fb-8112-31f358ee5f8d,contacto_frecuente
e662107a-cc8c-47f3-bbe8-596834d74c86,9ae11d6f-1549-4090-886d-aca8e2676cdd,contacto_frecuente
cb776d70-ed20-4ae9-90f4-f3d6f1fd4847,3e2098a4-95c4-40e8-bf02-383d8713d7d7,referido
01ff4206-9bc0-4691-913d-6f0fada3d037,bcf0e8bf-c003-4428-be22-c4b9cf542ecf,misma_empresa
b000ba8d-e7b5-4a78-98eb-255c371ac015,cb4228f2-4cf2-4a8d-8894-1278178a0319,referido
d5defbc7-908e-41b2-bb49-341be428125d,ec6883a8-2553-448f-b13f-3679bed6dfd8,amistad
bd337004-4809-4595-b138-e2a6c776d648,733c237a-9a1c-42e5-aaa1-3739c90e5ad2,amistad
0c7fcbce-593d-4982-af84-87f34af46dba,e8beb6e0-6898-4eb8-8c05-b18a192b0940,referido
7c90009b-19c9-426f-8476-6181bc47913c,28b36068-164e-412d-a740-fed13717be0a,referido
d3166baf-4f72-4b90-9f1a-903e18abb6e7,6cc8215d-da45-465e-b609-b68b7f149060,referido
3707b589-dbeb-43de-bebf-9aff364fc284,8a71f7d6-51ef-4122-a4bd-a406f1c76704,comparte_direccion
da28240a-164e-4e2f-ba1d-440b2e8af0e8,1351a6af-6bbc-4247-93f7-3293e3931720,amistad
e0cbbb63-0b17-4d9d-908b-ea258cde3eca,bfc19b95-18e3-44bf-a727-8a5e6ca4f8f3,misma_empresa
cf0e5901-2c6c-43fc-b2ea-a565df2765a4,dd9e9110-ef9e-4e20-9678-fb0f69d1d2c0,misma_empresa
99ebdcb0-95b2-4a45-8e68-368d8bdd0bb2,c5b19ce2-3522-4ac2-843a-4f5a5cb83f73,referido
3e5a5f6c-2629-47ac-8d8c-bc785bb9a90e,54e651ba-2d33-4af2-9513-9b57311ca934,comparte_direccion
c556ecaf-cf63-44dc-b184-dab0c1ef95ef,1bf1b98b-e944-403e-8ce0-41c2204cd754,amistad
f0a1044b-83fe-4dfe-a6a7-c22f90643466,a4aa28e0-8fb6-4608-80fa-dffa93c4a84e,comparte_direccion
944c1a0e-4ea8-4255-9dd8-f32bbcf3e16a,231d969b-85f7-4ca0-bd1f-80e76d3fefb7,amistad
2bc6183d-ca98-4175-9c98-599bd01101d9,22253f11-30da-4342-95a3-fa1cd5ae9a2a,contacto_frecuente
258378cd-8fd7-4730-8a73-fab143a1f80e,25905c28-1633-4d30-9e9a-516617c91b8c,transaccion
5d887e9e-f6a9-41dc-9f43-747b93dd2458,b92b6a15-892f-420a-a224-deb97f874f52,misma_empresa
7f408f8c-f1b0-4a76-94c5-b40127a93f3d,d5ebc9bf-02b1-4cb5-8a34-f865c2aca1f8,comparte_direccion
049b8d1c-ac01-407c-9e27-2a7d5b97eecd,de647a50-0d15-4657-b166-438ff36b1e70,comparte_direccion
49968ea6-2c29-4fb4-ab80-4bda23e7d1b9,0f889f7b-1e9f-411e-a52a-a7113fbec77f,contacto_frecuente
801060da-5781-4e38-8c37-ec93f097a504,e7bf0999-764c-4685-9a1c-1cc973f76784,transaccion
471a9217-a902-4387-b59a-7f373410a321,1056f62e-946e-405e-9033-57d03589cf31,transaccion
cd12fc8c-27a4-4b3f-a371-d0e607bbec28,944c1a0e-4ea8-4255-9dd8-f32bbcf3e16a,comparte_direccion
bdcfc2d3-5157-4d4b-b0af-7cc425fd8e72,bafd4b8d-22eb-4404-8d60-5093dc11eb1a,amistad
616c40bd-6f8f-4b2e-bd4c-131e9c8f25d3,4792bbdb-f4a9-405f-a054-fd33428c79f5,transaccion
0389a4ea-a00a-4d6c-8f58-03636bca5e81,a4286b76-0d8e-4c70-a52a-a4f125d5ee96,comparte_direccion
5581cd66-e36b-4896-b846-698b5d20706e,ff7b9d0b-7cba-4e52-a244-b15e0dccf36e,transaccion
6064874b-e576-45c7-8720-706d8383cdaf,4198a58e-9e6e-49ef-a79d-78f21da5d641,contacto_frecuente
0645c48d-58cb-4cb8-bc55-00a5c228e59c,81e0634f-c5ef-4bd4-afe8-efc0297ea950,transaccion
84398493-2266-46d7-8361-eefe35542d64,431576a5-aef8-43ca-810a-6ec2cd286e79,transaccion
0cb7ba22-0850-4daf-8e4b-21288d28baea,87d43448-1591-467e-a978-c0925caa5fbf,misma_empresa
498a6ea5-2274-4c8e-8080-4ee67af8c73a,045c2cc2-9311-438b-b9e3-6e98bbb68128,misma_empresa
413c05b5-141a-4161-a703-6e164955fcdf,2e7ef430-5a5e-444d-85d9-157047490387,misma_empresa
4d2b2c04-fbae-4a7b-855c-613d60d27ca6,1bda1b85-9f99-4446-ac56-db2b4c0d4c88,transaccion
4b486e23-680e-476a-9625-9e21581793b9,bea2817b-3c04-4e3d-ae83-f55219ca7e15,misma_empresa
3df4fe2d-a784-4b7e-9e8a-ab637c52c30e,0c21f237-9de2-4b2f-b9da-bbdfd7fe9277,referido
ed7de801-46d1-453a-9cf3-660b5f10d7dd,4632ef87-4494-478b-9ac3-998b59a7c214,contacto_frecuente
bbc372f6-b53e-46cb-87a1-ae3c9bb37ce6,e9fd93a1-670b-4731-ae11-8288d7dea21e,comparte_direccion
60c2797e-9e6d-4086-8481-d68e50feaa6f,0cb7ba22-0850-4daf-8e4b-21288d28baea,misma_empresa
cd8e1bfe-397f-44ab-bfe2-d6640e6dbe98,201e2dcb-eb4f-4c3d-bb2e-2ff9a8bd6e23,transaccion
7155a9dd-6daa-4df5-ae54-fc72391fda37,3deb9639-6438-402c-b40b-583e50a7da11,contacto_frecuente
973b185c-a20d-43d9-98b5-89839147798f,07c2ece3-e943-47a3-8883-023cb8f539c9,amistad
81ac2b86-5921-4d72-be7e-77ed66c6ac7f,8122e001-06e9-498e-a569-d27f81e1562d,comparte_direccion
297552a9-cdfc-43e8-b0ec-ff4f422b1326,2d5893bb-250e-4228-8ab0-1fd6ae9d310b,contacto_frecuente
1958aa70-580b-41ef-9785-1963b5fe2abe,7d0cb50a-a01f-4435-9935-d7e9dfbea353,contacto_frecuente
5fa87ee9-821f-4fce-98fd-8c1938124df7,b125ae36-32f6-498d-844e-a1278dbab66d,comparte_direccion
a4aa28e0-8fb6-4608-80fa-dffa93c4a84e,416cf26b-7eb2-4140-86d1-eb9dc4cc2947,misma_empresa
8e4264a6-ca9d-4d43-999a-3a7b1004a2dc,265a9bda-38da-455a-9a0f-e3201d84be2a,referido
03099c17-2fae-4f5a-8c24-6d876648f5c4,51ffbd77-f951-4d60-bf46-e08f08e8f4b1,comparte_direccion
498a6ea5-2274-4c8e-8080-4ee67af8c73a,1ca8a12f-1ce1-4618-9c3e-d439fe35d147,transaccion
b238dd98-88c6-4479-885d-3424f92522a2,871bf040-aeb5-4884-a49d-0619aed29750,amistad
383f224f-f2fe-4084-b578-a83e43fece8f,2ba8f084-0f73-4018-8017-103b3dcdd80f,comparte_direccion
b943c47b-7db8-4946-94ca-809d40b05d34,85411fd4-dbb2-4d0f-b880-9dffb372043f,contacto_frecuente
238922fe-1536-4802-b832-5b2af1a99529,59f2032a-b31b-4d45-aa03-61821de03b61,contacto_frecuente
7db153d2-4843-426c-93fd-4674edfad53e,c67ebe45-f641-4c6a-b6ea-9bbce5bf4d34,transaccion
03ba23cc-074f-4425-bbc8-acd939008ae1,bafd4b8d-22eb-4404-8d60-5093dc11eb1a,comparte_direccion
ed3c9bf0-7fbe-4a8c-8705-618038deb150,33839114-2d08-4a60-8865-5d5c6268754b,comparte_direccion
ba6e834a-7173-4864-9ba1-d8b337a570a1,aa0e2749-6f91-4e6e-ac6c-05ede3633011,comparte_direccion
12c43d15-39a2-4f56-b6d6-dc2b89ebe0e8,de647a50-0d15-4657-b166-438ff36b1e70,amistad
580d9cd4-f66a-4e08-8efc-7480ac7e5af1,1d27b61a-8109-4c17-b2b7-90c10af79316,referido
d4ec4d2a-7def-4902-9994-67955c16950d,2f1c2160-d6f6-4f49-906f-8a1b6f3c6fbc,transaccion
cd9875d4-394b-4003-a9f0-a3201bf3cbbc,439bf853-2fef-460e-8625-9390eb68a7b1,comparte_direccion
0204e360-a5a5-4297-8c8f-06722bd413f4,0645c48d-58cb-4cb8-bc55-00a5c228e59c,comparte_direccion
f6188a41-97a1-4f8e-994e-c0e3dc6a7d36,9bcc4edc-8672-448e-bdac-0c88131d3f01,transaccion
42d6a4b8-e198-4a09-a435-10b153badfc2,6a307cbd-7aad-486f-8c7a-a57570ea2d04,transaccion
71c62e9e-a9c2-4fb5-a339-53582e8b3659,30655379-4025-4647-950a-2b1e17a7b278,amistad
fccfc31d-57db-4100-804c-5cf0c0b11274,d9e57f1e-78fb-44b5-980b-c3a0e800d063,referido
06c9ba8c-cbfd-4b5a-8051-91351aec2178,aa38fb4a-bda0-4a22-a8f8-a57086db37ca,misma_empresa
476719c9-ff9b-4934-b625-db231230f391,31ee5906-439d-49d8-af01-e0f1f9adde0e,referido
63235ef4-df90-4f87-bb27-43b2cc4339e1,28b5fdff-1c6a-4c1f-bcb6-061a3aa73eb5,transaccion
a4aa28e0-8fb6-4608-80fa-dffa93c4a84e,dda2cbbb-e384-44a1-901b-d029c6f29f20,comparte_direccion
9cc95113-08b4-4755-9514-0f7aa4255fd9,1fa3918d-9f77-4f61-b1f5-0f35d6221a74,misma_empresa
1af863c7-71b5-4c6f-9862-9d546019c676,40f8a80f-6ab7-40bb-a3ec-1b21772ec5e7,contacto_frecuente
5b4ceb3b-4476-4b43-b11c-1b1757eed029,3b8bb06a-9018-4025-ae17-9d4588a5ff39,amistad
471a9217-a902-4387-b59a-7f373410a321,5831cc32-a29e-49db-ac2c-fff07ab54641,comparte_direccion
92097aae-f8be-4cd9-a590-ee0b50718927,a05a8ce1-56ce-4e52-841a-702ae6ef5a8f,misma_empresa
d9c06296-022b-4b00-a558-fbc825ac36c9,9e2aa52d-792d-402e-80e1-37ea2273ece1,referido
a5d02515-acc8-473a-b472-eca4a89f60e0,0645c48d-58cb-4cb8-bc55-00a5c228e59c,referido
ea28254d-5cbf-4803-bb29-26be23f1bd6c,8f84556e-b789-4a07-9a85-71c40ca18fb4,amistad
dfcee29a-0e6d-4f38-9f97-8bb672fc40f1,ea28254d-5cbf-4803-bb29-26be23f1bd6c,misma_empresa
bafd4b8d-22eb-4404-8d60-5093dc11eb1a,0823c0d8-8635-4c40-a0dd-8124cd6e5e68,misma_empresa
13fd968f-af04-42ce-9ec0-bd292ea3ed2b,4460c604-8543-42c5-a418-e1a8186ba38e,misma_empresa
93577691-60dd-4e63-ad90-2c989a194861,bcd6ba1c-0976-4fee-a19f-629462655b82,comparte_direccion
0d81291c-37f6-4c99-876b-21c5d98c23ff,fd8cd495-2626-453c-92f9-11adecab3e7d,amistad
cdcd4c27-31c7-4ead-90e2-ccd0f920bb59,505d4eee-612e-4b83-a225-daa0cd0f2fbd,transaccion
80e974eb-ea88-4c23-b29b-a815fad2663b,77b15be6-08c7-48d4-811e-a31bdea88662,contacto_frecuente
d7393063-b7b9-4906-a29f-265fe1ef4e15,b5dd23e5-8fce-4308-86c8-cb9958f25947,transaccion
4843be8b-2758-42c8-a35a-e41ca1e5b030,a8edec27-663e-4b5a-93d1-37ed5abafc67,misma_empresa
d9c9894b-4caa-490c-8bc8-36d3bbaca5e0,34fbeb54-ca1a-4b3a-ad7c-bb1941eb8749,amistad
1c1e7293-67e1-4805-a529-14238dc2c989,81b3986c-bc57-4720-8f95-17dd0ff56905,misma_empresa
d327af68-e29c-443f-a16e-6bfd8137b64e,bb306c9d-8a3e-479c-bf78-994f7a020ec7,comparte_direccion
f374a33f-fa6c-415f-9dd1-8703643c2ad0,003b1f43-3079-4987-9dab-29e6b2dfa0dc,amistad
2de3ad01-d83d-485a-a574-509d57075ebd,b6ac0231-599e-4f19-a294-b1eb4c325ba8,amistad
43d2a245-e8a8-4eec-9349-78071985e419,84398493-2266-46d7-8361-eefe35542d64,transaccion
41e23d99-2158-4239-a3c9-f3016ba4290a,f019154b-78b3-4593-8389-628dbe437d47,misma_empresa
e90efead-76c8-4414-a43b-6b0b10c6a3b4,949130fe-733a-4e1f-bf68-3fe5f401d15a,amistad
a123c2be-9cde-40c7-b7fb-cdce3fd7bcb7,89188dd5-1de2-4399-a39b-01b33e19122b,referido
aa38fb4a-bda0-4a22-a8f8-a57086db37ca,94647db7-f68c-45d4-9529-30afdb6c18c0,comparte_direccion
1c5490e6-9736-44cb-bbb1-dd1a84d802c2,0962e737-a570-4df9-ba2d-d146f37fcf45,referido
f4d465f9-64af-46d1-9859-95cc7085d2d4,fd8cd495-2626-453c-92f9-11adecab3e7d,referido
a4938549-498d-4af5-98f4-8685f47878e9,078f51be-b29f-4ff6-a836-73e2196c76b2,comparte_direccion
e815fac2-44b7-40b8-b9cc-22963f99b05e,624da621-73a3-43cd-bc37-b65d515d72ac,referido
049b8d1c-ac01-407c-9e27-2a7d5b97eecd,8f84556e-b789-4a07-9a85-71c40ca18fb4,referido
1c1e7293-67e1-4805-a529-14238dc2c989,809cb42e-c1d2-4d61-8d36-5e60e3bb9695,contacto_frecuente
ae93209c-fc3d-40d1-9c4d-efd57392f1e6,f4aa5729-4b96-4bc5-a1d0-f785bc374e8a,referido
da4af556-bfca-49f8-b820-8c3b4e4c4e21,37d01a09-546e-4c79-99f5-013f72429c19,referido
8f84556e-b789-4a07-9a85-71c40ca18fb4,7db153d2-4843-426c-93fd-4674edfad53e,contacto_frecuente
94e381f3-5c54-4156-a94b-de7e6b65f14b,f62fed2c-88e7-4c89-abb3-bb97fc91717d,referido
3bea23ee-2ca2-405d-a01c-259405580790,350d01e3-159c-46c9-af01-98a67b113654,comparte_direccion
2feb00de-0656-4632-87e1-dbb06e44a96c,38e46406-9ce1-4f82-b619-6fc813f211a0,contacto_frecuente
071bc922-7abb-4e9f-8a54-b21b6aecb45c,bbf98720-2681-48c7-a1c2-2a66e93d103f,amistad
8a8a1720-6c5f-48c9-b649-f5244b7115ea,ca1d4e5a-10a9-4d5c-ae15-34fe48db6d7e,amistad
a1da3be9-5274-4dbf-b5c4-b92faf0024b7,312caa62-9bc7-4f6e-894d-a9ad50a79f3f,amistad
c572f0ca-0e2d-4815-a87d-eeaa4efa62d1,b194000b-af0b-41f5-97e0-3013ac8e0d9b,misma_empresa
bfc19b95-18e3-44bf-a727-8a5e6ca4f8f3,1c1e7293-67e1-4805-a529-14238dc2c989,comparte_direccion
71dd12ca-baa2-4d7e-93bc-63c9bad1cab3,3672fd24-3e0b-4345-8bff-6067e0de2ee8,comparte_direccion
59f2032a-b31b-4d45-aa03-61821de03b61,44ab99d4-a915-4ee1-8794-afef89f82df7,comparte_direccion
4faf3cc8-d0e6-41d2-84e5-134c62e81ef9,92fdd34e-89b4-42a5-b3a7-4c7667874e6c,misma_empresa
6e994046-7007-4968-91a0-d65543cc1154,25c35e64-68dc-4c5a-b311-27c84851610e,referido
cc38ba46-2b59-4399-8af7-d817b5875a4d,4a542bc0-9f4d-42e3-81f8-3845f0fa2a92,amistad
77b15be6-08c7-48d4-811e-a31bdea88662,d9c06296-022b-4b00-a558-fbc825ac36c9,transaccion
7136b3d0-8e93-4c92-9eaf-ac5721b62c8b,d745b93e-6ce6-4a7e-b68d-fdfbb64d7572,transaccion
f7df2221-3130-4a51-8be3-f00e16245571,e2fd0bb9-e63e-45b2-822d-5c61d141a2ba,contacto_frecuente
013f7c29-22f7-48cb-b277-07553b4810ca,6a33ea50-9241-425e-a347-d51963464086,amistad
e437a3e7-7831-4293-8ea5-9d28537631cd,b95df859-1ad1-4687-8901-2fdd33eee80b,comparte_direccion
192ad96d-f055-4849-a912-6cd88f1b421d,ff628551-60d0-427c-8553-993443632639,amistad
2fc565fb-f448-4b94-8a52-7492abe701f6,49a1d8ca-c247-42d9-b944-9cdc595e328c,contacto_frecuente
232a2854-7f97-4f2f-8ee9-3224a472ae87,640a8720-c80a-4def-8681-4849660dd8be,contacto_frecuente
7f03938a-7536-4ba1-be9d-0b35e660fba7,cf162700-ea00-4aff-8af2-bfa621cb237d,amistad
f1c22941-3821-4190-bf69-b4185060254c,71dd12ca-baa2-4d7e-93bc-63c9bad1cab3,misma_empresa
e37e1692-7030-4bb9-967d-ea06074b8639,ea5161d3-d16d-4720-b393-a80c195ce16d,contacto_frecuente
a4efd51f-820a-4e07-a4a0-e9bb59f83327,3d25576b-d67c-40b6-9b5d-3b3d2f0ccc1d,referido
f4ad231a-8e20-4278-8797-4d9fbeb9fd0d,c0dd5e67-6e16-449e-b3e7-474e0e3d13cc,contacto_frecuente
db6427d4-8f71-4548-a2ba-637f4e3d3694,1c586b9a-bb1d-4716-b508-00d7dc986042,referido
1dcf5fc5-39a6-4441-a7f9-02b4f4c7ece1,c48fe713-2c2e-4e43-8704-1d9a42f4ebd5,comparte_direccion
aff3e836-7494-4337-ab69-56b0c1db9e50,238922fe-1536-4802-b832-5b2af1a99529,contacto_frecuente
76bc4650-a237-40a8-a81b-19f227b0838d,24edac0c-a22d-4d51-b0f2-ce0dec9752bc,misma_empresa
e2d76fbd-37cb-4982-b3cb-8ad2448b724b,a84384fb-4bab-490f-b133-66c47ef8d593,transaccion
ce092563-1e16-49ce-86df-556f47f91da1,54e651ba-2d33-4af2-9513-9b57311ca934,contacto_frecuente
ebcd11cd-8f59-4f7c-9c5a-d8b3099eee04,19987eea-3a0a-4954-90ac-7eb2d588acc2,transaccion
d0873b37-bcd6-468b-b9f2-d345b9988903,7234dd8f-9277-494e-8364-b4dd30be5aff,referido
77b15be6-08c7-48d4-811e-a31bdea88662,fafd61d3-8ea7-4c5f-9729-9e578323dc40,transaccion
8d85e6b7-8940-478f-bbbf-3a45281b5b16,391c05b7-c95b-4a52-826f-89b646153683,comparte_direccion
21071296-684d-4a4e-b2e6-8ceb81cb68a5,7bd04b12-64c7-45e7-8a01-504e6e82dc52,contacto_frecuente
06d9793e-e491-4c5d-9c15-c903704da0ab,1f3ebe41-907e-4667-a2c9-d2976518561e,comparte_direccion
ad2c25e4-4508-42e0-8b1d-d7e72fd52ba4,a8aa84da-7956-4ead-ad86-d030b9fb13c1,amistad
4fae0bba-4a98-4626-b265-5a09313cc9fe,90866f05-fe61-4633-b7e6-b336e1605834,misma_empresa
cd8e1bfe-397f-44ab-bfe2-d6640e6dbe98,a7969e78-fb33-4a91-84de-4e31d00a9c90,comparte_direccion
f4d465f9-64af-46d1-9859-95cc7085d2d4,0d81291c-37f6-4c99-876b-21c5d98c23ff,comparte_direccion
7136b3d0-8e93-4c92-9eaf-ac5721b62c8b,3b8bb06a-9018-4025-ae17-9d4588a5ff39,misma_empresa
fccfc31d-57db-4100-804c-5cf0c0b11274,47edb2f3-def4-42f6-85bb-adc25deed8e9,contacto_frecuente
70ddf536-eb46-462e-b884-411d49bcba42,4460c604-8543-42c5-a418-e1a8186ba38e,transaccion
ca1d4e5a-10a9-4d5c-ae15-34fe48db6d7e,d01381cc-ca84-4ed9-8dd5-3ede9cd2b267,amistad
348aa7a3-2cde-4d25-b045-c4e99abc084e,70205a0d-9f19-4db8-a864-e9e5b8fb7f17,referido
74cf43b4-be9a-4607-8fbb-69525244403e,071bc922-7abb-4e9f-8a54-b21b6aecb45c,misma_empresa
18377f54-c4a9-4abd-8b99-705636fd4bf6,c5b2b845-e3cc-49b1-8eb7-6e986a5cfd0f,referido
6d2fdbbd-2c72-4f88-9e12-04ebc37dd677,fb7d8095-c6c2-4168-9525-4974647ab55f,comparte_direccion
1dcf5fc5-39a6-4441-a7f9-02b4f4c7ece1,532cde7d-165c-4272-abd0-2efbb57a9205,contacto_frecuente
ba2932b2-23dd-4562-97cb-903a2688024a,82c1e958-6384-47b8-9598-e92fa0346283,transaccion
5b462404-5629-4510-80cb-50e02e46ff64,3e2098a4-95c4-40e8-bf02-383d8713d7d7,comparte_direccion
192ad96d-f055-4849-a912-6cd88f1b421d,5e96c8a9-fead-4241-a752-1f172501ec8e,amistad
92326549-5627-4a78-933e-8164f34207a0,f0a1044b-83fe-4dfe-a6a7-c22f90643466,referido
ff7b9d0b-7cba-4e52-a244-b15e0dccf36e,610f6f6e-4bb7-444c-bc21-37bcba1439d4,contacto_frecuente
7a6de69b-6ae3-44f8-b3b4-a2d43be507e0,5e96c8a9-fead-4241-a752-1f172501ec8e,comparte_direccion
691a34e0-3adb-402d-901a-16a072ed666b,1c2a58ac-3da8-4561-b7ee-e7366f6421d9,comparte_direccion
bd337004-4809-4595-b138-e2a6c776d648,32e93bc3-2349-48f9-b5bf-e94fdb13c727,contacto_frecuente
231d969b-85f7-4ca0-bd1f-80e76d3fefb7,fafd61d3-8ea7-4c5f-9729-9e578323dc40,comparte_direccion
c5b19ce2-3522-4ac2-843a-4f5a5cb83f73,ca7c6303-c94b-4cdd-9472-0b4946252c7f,comparte_direccion
7f408f8c-f1b0-4a76-94c5-b40127a93f3d,1cd83bde-047f-4ae4-8a25-4f43f96a1e76,contacto_frecuente
3e9499f9-2993-4487-93f9-b38fd18061ba,de6037ac-f02b-44b7-90b8-cad111ea6882,referido
192ad96d-f055-4849-a912-6cd88f1b421d,4b486e23-680e-476a-9625-9e21581793b9,contacto_frecuente
5581cd66-e36b-4896-b846-698b5d20706e,a291a0dc-4cdd-46a1-b826-dfa5db4a31fe,misma_empresa
904a15fc-b3a5-45cc-bc12-0fc17f9db396,eaa984e9-a667-415e-96c6-b926fd625343,contacto_frecuente
0b96f009-a0d3-4bdb-8d4b-0d80d1ec08e8,2a9e354d-cbf6-4458-9ba5-045e492105ba,transaccion
e886da7a-c7dc-4841-9851-a16a45631d17,d6225b36-cf2f-4461-8b60-22117a868d8b,amistad
cf0e5901-2c6c-43fc-b2ea-a565df2765a4,1bacff05-6002-44bb-8f70-7dbc7ab6802f,referido
ba441694-8117-404a-9f6c-817ca1122715,e406ce15-ca27-435a-a4bf-1478059758d0,transaccion
a668a70e-e4b8-42bd-a8e1-e9a2b1e24b68,860a95ed-d9c3-4c52-b45b-d1600ef7511e,contacto_frecuente
d674f1de-451a-4dd9-bd26-ba9c8863cf70,1bda1b85-9f99-4446-ac56-db2b4c0d4c88,misma_empresa
0c21f237-9de2-4b2f-b9da-bbdfd7fe9277,4889e883-6b41-48a2-af8e-04195cc23246,amistad
f76fa74b-3096-4b23-a527-c41be56f138d,9dea30a5-53ec-4da2-abcd-e4090c773cd5,amistad
03ba23cc-074f-4425-bbc8-acd939008ae1,e385071d-507b-4474-8f02-d0867de0b9d2,transaccion
cb94d157-7e9b-4117-8b00-2fc427ac25a1,94e381f3-5c54-4156-a94b-de7e6b65f14b,misma_empresa
ded6f761-43e0-4b38-bf3e-a4e042b67b1f,519e5c44-99d5-42ae-8a12-7ae8a325c02a,contacto_frecuente
0c701e7a-4998-4db9-a55b-701589340361,0cb7ba22-0850-4daf-8e4b-21288d28baea,comparte_direccion
cd8e1bfe-397f-44ab-bfe2-d6640e6dbe98,ab15c283-3b34-45d6-b183-944cb1e31bd9,amistad
22253f11-30da-4342-95a3-fa1cd5ae9a2a,f6f89bb8-9b00-4f92-a25c-58246e305f58,transaccion
3ffad48d-8e2c-4809-95a3-c9a9dcabc999,1df54cf5-436c-4c58-a273-c6184739f64c,misma_empresa
10c222bc-aa72-49c2-b5bd-818bbbe79ca5,a5d02515-acc8-473a-b472-eca4a89f60e0,contacto_frecuente
f019154b-78b3-4593-8389-628dbe437d47,0e048687-cec9-4374-83e8-0b9c504484ce,transaccion
e463b774-026e-4182-a6c4-14cdb58d663f,f019154b-78b3-4593-8389-628dbe437d47,amistad
860a95ed-d9c3-4c52-b45b-d1600ef7511e,8a71f7d6-51ef-4122-a4bd-a406f1c76704,contacto_frecuente
f2edd005-db14-4f41-bb5b-e4a3ce481fd5,53e2a8d4-8030-45e8-879e-55bf23489100,misma_empresa
1d23c2a7-66ab-4741-b787-f2363565f1ea,eaa8faea-738b-4b88-9fb6-b9a29a50fc88,referido
82b80349-c3cf-4909-96f8-9eb8029634c2,d3afc898-3096-4ed1-8014-36238ba8bfb0,amistad
31c46141-a5a0-4e1d-8509-dd3b710f6b88,03099c17-2fae-4f5a-8c24-6d876648f5c4,misma_empresa
c3e35526-e18e-446d-bd45-f61aa22390f2,1c5490e6-9736-44cb-bbb1-dd1a84d802c2,amistad
b848b273-ee8c-4329-806a-3e8aa153b035,6cb639a8-98e0-4515-a42d-3ca9f449357a,amistad
33c8e6c8-efbd-429a-a0e9-6c22b0e1084a,b13a960d-c1e8-4ec9-88ba-8f113f663717,referido
ca7c6303-c94b-4cdd-9472-0b4946252c7f,8a5c8a55-425f-4e59-bf50-13cb76dc79d1,amistad
624da621-73a3-43cd-bc37-b65d515d72ac,058654bc-07b7-48d6-aca1-732f8d2aca74,amistad
40f8a80f-6ab7-40bb-a3ec-1b21772ec5e7,dee3a3bf-c35c-456c-9b83-8d775b444909,transaccion
160d4ba7-7927-4d54-9a12-5b4b7f20c438,99620068-99d7-4351-9b01-2b4c0af9299a,amistad
d0e93ed6-9f51-45c6-bb8c-838332a72fbb,3b3dffa4-f439-4038-8747-fad1d92147bd,transaccion
f637d1de-3ca3-4130-84b8-0b0abf2669cc,10c265eb-1897-442c-9e19-ed4c7861f761,amistad
d60ec45d-e38c-48fc-9c0f-c5b73202ce7e,b6772d52-a461-4343-9259-ab404c67bf93,amistad
b6772d52-a461-4343-9259-ab404c67bf93,ad2c25e4-4508-42e0-8b1d-d7e72fd52ba4,contacto_frecuente
46ea322d-203d-4382-9b5d-c5cb1ad81a71,8bc0c12b-8950-45ee-b559-3660226af13f,referido
f6f89bb8-9b00-4f92-a25c-58246e305f58,fed3e2d4-4545-4922-918a-4dccb926783a,misma_empresa
cf162700-ea00-4aff-8af2-bfa621cb237d,18903d6f-c35a-44de-b85e-addce0d12974,transaccion
5e591d6a-98b1-41d2-9909-471c04cf1235,2576f4b8-edc3-4567-9ad3-7bc995af4fec,amistad
078f51be-b29f-4ff6-a836-73e2196c76b2,b8addbe7-c97e-466e-80f5-2e5762b73567,comparte_direccion
bb306c9d-8a3e-479c-bf78-994f7a020ec7,1740c5b2-391e-4bb8-be90-d3cfc8137116,comparte_direccion
0e048687-cec9-4374-83e8-0b9c504484ce,8516ec31-9809-41d2-b8bc-c358146a9c93,referido
19ca1b41-f6dd-40fb-8112-31f358ee5f8d,488e6b4f-686e-4e83-a54c-695a77e821fe,amistad
bbd45d90-c7a8-49ea-81a5-d5ce915ffe1b,04bc037a-f7e1-417f-a8ba-5e875e07b421,comparte_direccion
1bf1b98b-e944-403e-8ce0-41c2204cd754,1df54cf5-436c-4c58-a273-c6184739f64c,amistad
021e4732-b710-4bed-8824-84d4679a3967,071bc922-7abb-4e9f-8a54-b21b6aecb45c,transaccion
12c43d15-39a2-4f56-b6d6-dc2b89ebe0e8,95e6b445-62e2-496a-b928-6f232eb917d8,misma_empresa
2bfb9c0c-611c-4360-81fc-0f0c7de42f43,e32b2da3-ef97-4df7-b9bc-c571df36298c,comparte_direccion
a87ab01b-a5a1-4a5a-a67f-5c92e5b24926,1f75a232-d60b-4801-be8c-60933508a87d,transaccion
5423c68d-096c-4082-854b-156b3e4ac6bd,157820b6-a642-479a-8cc9-355ce4f29288,transaccion
e51b3123-7850-4d39-9a88-ab27f635e20e,237fd167-7a56-49fb-b04a-f864444e0c86,comparte_direccion
3e9499f9-2993-4487-93f9-b38fd18061ba,603ef579-68c3-4674-8546-87634cdd0f18,misma_empresa
90866f05-fe61-4633-b7e6-b336e1605834,102e0377-1be2-413d-b647-d42370995555,contacto_frecuente
3341b775-6125-4cd9-91f3-20bee329434c,5b50a20d-e1ea-4884-b5bb-9a3c92198f58,transaccion
e815fac2-44b7-40b8-b9cc-22963f99b05e,31220094-d2d3-43dc-acf4-c8d2eff06645,referido
7aeb9645-cfd9-4fc2-aa75-b26a451b5e6e,3707b589-dbeb-43de-bebf-9aff364fc284,referido
5b26c537-d817-43f9-a250-061798dcfdc6,65612049-7bf3-406f-b438-2af212e37277,transaccion
773e7b87-4797-4ee4-86fd-35aed2661a85,08773578-febb-4955-93c3-e276d6c115ac,transaccion
1aa199f4-7ad3-46da-a2ff-6d81c0ba472f,344b1a90-03af-4918-8bf1-7cf81a846d5a,comparte_direccion
ea31508d-e6a9-4019-bc96-a5f53b3a3dc7,702c1773-bd87-4514-a6ce-0bd62eec60e1,contacto_frecuente
10c56617-03bc-4c17-8120-045b1e3a74dc,ca5d5276-dcb6-4cc1-a461-69cf88686689,misma_empresa
b622c915-77e7-4526-85bc-57df82a9a2a9,5e591d6a-98b1-41d2-9909-471c04cf1235,comparte_direccion
d8e0d87f-2b92-4744-8599-c07b6693074d,3d296608-c565-4e0b-b6a1-c39253ca36d4,comparte_direccion
37507bea-512d-4171-84df-0d6370de8e9e,157820b6-a642-479a-8cc9-355ce4f29288,referido
c5b2b845-e3cc-49b1-8eb7-6e986a5cfd0f,4da44b58-96af-485d-b753-53cde5c48e9f,comparte_direccion
8bff27e6-0738-4583-a1b8-77df6580c36b,0c6f97ed-f676-49be-9691-8354af1e00b3,amistad
58aaa814-dcef-4016-a827-d84b5f84f64a,74cf43b4-be9a-4607-8fbb-69525244403e,referido
809cb42e-c1d2-4d61-8d36-5e60e3bb9695,7234dd8f-9277-494e-8364-b4dd30be5aff,misma_empresa
17d725da-211f-4fca-9066-d7ad87e195f2,e32b2da3-ef97-4df7-b9bc-c571df36298c,contacto_frecuente
fc5785b5-2ee9-4e5a-8ee6-c6c04e0af3f7,63b01a3a-a3f4-4ca7-a727-c2054b2e7f9c,misma_empresa
0a3866d4-eb35-4d4f-ab34-7a41be7b4925,81e0634f-c5ef-4bd4-afe8-efc0297ea950,referido
56d3250b-e5bd-4ffb-a138-a2edc276d5d6,aa38fb4a-bda0-4a22-a8f8-a57086db37ca,transaccion
5552dafe-cab7-409c-ad18-c38682719e27,e30cdfcf-83d0-475e-b563-98c67efce377,referido
045c2cc2-9311-438b-b9e3-6e98bbb68128,b8179e2e-0fb7-432c-afec-62c01e4d7878,contacto_frecuente
1ce3e67a-b4ac-43c1-b97e-3921ef628e52,13fd968f-af04-42ce-9ec0-bd292ea3ed2b,referido
99620068-99d7-4351-9b01-2b4c0af9299a,fd2a05f2-a7ea-4e61-b856-baca78d523c2,comparte_direccion
3bea23ee-2ca2-405d-a01c-259405580790,2a9e354d-cbf6-4458-9ba5-045e492105ba,referido
98146c85-d5e8-4ef7-8da1-259302422c9f,a267d493-38c7-4220-b819-7ecd8bd4d5c6,misma_empresa
733c237a-9a1c-42e5-aaa1-3739c90e5ad2,344b1a90-03af-4918-8bf1-7cf81a846d5a,transaccion
2198b107-67ef-4f6f-a632-a6e56c7ad4d2,dd1eaa4b-e617-4bce-8b3b-a2a3e7ab629e,misma_empresa
dfa8b8cc-f736-43e4-80af-4f7bdfd59f18,75bfe467-3b16-4435-a5b2-1353d9f9b5e4,contacto_frecuente
eb29657d-495b-413b-97b2-11d1d3c12265,dd1eaa4b-e617-4bce-8b3b-a2a3e7ab629e,comparte_direccion
b99bd0d5-939b-4321-b0d7-eed3086513a8,610f6f6e-4bb7-444c-bc21-37bcba1439d4,amistad
25905c28-1633-4d30-9e9a-516617c91b8c,51250a9c-22e8-4815-9edb-8d37a91ec643,amistad
4632ef87-4494-478b-9ac3-998b59a7c214,e2fd0bb9-e63e-45b2-822d-5c61d141a2ba,transaccion
a70a24b9-80b3-460f-9575-8e95941016bf,bbf98720-2681-48c7-a1c2-2a66e93d103f,misma_empresa
20aef770-e4d1-46e7-932a-5b8a472af0ae,6d6dea1e-e900-4139-aab6-57dd368b84a1,amistad
f6f89bb8-9b00-4f92-a25c-58246e305f58,e99463d4-2a5a-4479-a32b-89b60f2b244a,amistad
98146c85-d5e8-4ef7-8da1-259302422c9f,49968ea6-2c29-4fb4-ab80-4bda23e7d1b9,transaccion
6f693196-620f-4334-a0c3-9f2f0bbf6863,12c43d15-39a2-4f56-b6d6-dc2b89ebe0e8,amistad
c2bb9797-b4a2-40ec-8e71-8797a5ebf0fd,b6ea10cd-0191-4374-a260-c8ea5711e25f,contacto_frecuente
ad760608-5334-40d1-855a-c8900b3467df,556b9e70-731f-43fe-8918-500d396e8b1f,referido
0fcce3d4-8a8c-49a6-8630-13c4ee45d01f,71c62e9e-a9c2-4fb5-a339-53582e8b3659,referido
ff637bdf-bae7-4104-b717-a8b894211b81,ab82b02e-17ec-4492-94d0-0d737d394956,misma_empresa
2dff3ef3-4f01-4dee-9820-d72c49ff8816,0c21f237-9de2-4b2f-b9da-bbdfd7fe9277,misma_empresa
2c4c20c2-1fc6-4f08-9c2b-8c3e7681e1ff,1329f0d1-8479-4298-bb64-5ca718f8d91e,amistad
25c35e64-68dc-4c5a-b311-27c84851610e,8bff27e6-0738-4583-a1b8-77df6580c36b,misma_empresa
231d969b-85f7-4ca0-bd1f-80e76d3fefb7,da28240a-164e-4e2f-ba1d-440b2e8af0e8,contacto_frecuente
e5bdd48d-b853-47d9-84cc-706a43cbe57a,2afbea4f-d1d5-4689-be61-ec2e1b358678,contacto_frecuente
b6ea10cd-0191-4374-a260-c8ea5711e25f,2bc6183d-ca98-4175-9c98-599bd01101d9,referido
0823c0d8-8635-4c40-a0dd-8124cd6e5e68,74cf43b4-be9a-4607-8fbb-69525244403e,misma_empresa
0645c48d-58cb-4cb8-bc55-00a5c228e59c,3a9ac4d6-6b04-41a6-9adf-f6f6dcefa313,referido
51ffbd77-f951-4d60-bf46-e08f08e8f4b1,079e7304-5c35-4f3b-9192-20deebbad7a1,amistad
1a216d41-45bf-4292-b4b5-06e424d9d400,8d85e6b7-8940-478f-bbbf-3a45281b5b16,referido
1a39762f-a8d1-4713-8817-f80b2c1dca83,ea31508d-e6a9-4019-bc96-a5f53b3a3dc7,transaccion
23a5af36-d1cf-4cee-94b1-6238d722ff25,ad5cdfb1-17e1-4e42-84e4-95bf01c01988,misma_empresa
3ed126c6-163a-497c-944b-20e67c13f371,54e17889-fd0c-4620-a2da-1df96bfcd613,contacto_frecuente
87558b4a-c4f2-4165-9cfa-73fdf45fe1d8,bb306c9d-8a3e-479c-bf78-994f7a020ec7,referido
35ee69a7-75a0-497c-a24d-6cf4466cc5ff,cf31450a-ef29-4f81-aee2-188e63895e7d,contacto_frecuente
99ba47f9-251e-42c4-a85a-914728c90f33,800b6100-d080-45a3-a56a-2529a7498026,comparte_direccion
f2804b11-1e1d-4c9e-97b8-ee6b62b44187,8d85e6b7-8940-478f-bbbf-3a45281b5b16,referido
6cb639a8-98e0-4515-a42d-3ca9f449357a,45657f7e-42a7-4e2d-a405-3848e4fd087c,contacto_frecuente
1d3683be-7485-4bb9-995a-8736c58accec,532bcdd8-b91e-4fca-9b6c-a085215bf3b9,amistad
d9c06296-022b-4b00-a558-fbc825ac36c9,10b9d03e-97fe-4b7b-b616-ca573341d839,comparte_direccion
003b1f43-3079-4987-9dab-29e6b2dfa0dc,4eca914b-1e46-48d9-b687-c2878dde022b,comparte_direccion
65f80dbe-d031-436a-bd33-3f0670f4676c,2a9e354d-cbf6-4458-9ba5-045e492105ba,amistad
ad760608-5334-40d1-855a-c8900b3467df,a2b33527-55d6-4c7e-8dd6-1e5582e00e96,comparte_direccion
0c7fcbce-593d-4982-af84-87f34af46dba,8a71f7d6-51ef-4122-a4bd-a406f1c76704,transaccion
aa3740b1-6566-4000-a7ba-c465cb7906e0,a5014585-5f70-400d-ac46-f9a32e3daf04,comparte_direccion
157820b6-a642-479a-8cc9-355ce4f29288,c3914e7d-f6db-488e-be22-8799f8b5ed54,amistad
31220094-d2d3-43dc-acf4-c8d2eff06645,42d6a4b8-e198-4a09-a435-10b153badfc2,misma_empresa
ef3f0ffd-f8bc-4dcc-a8a5-e62d41ec3069,8d85e6b7-8940-478f-bbbf-3a45281b5b16,misma_empresa
34fbeb54-ca1a-4b3a-ad7c-bb1941eb8749,5bcae0b9-b19d-4485-8647-a1d76f822f45,transaccion
3a9ac4d6-6b04-41a6-9adf-f6f6dcefa313,54e17889-fd0c-4620-a2da-1df96bfcd613,amistad
ad7b80ab-bd3f-4ffc-aeb9-2702e9b834d5,4704851e-2f3a-4f21-b88f-dbb07eb9ca1f,referido
a4aa28e0-8fb6-4608-80fa-dffa93c4a84e,06c9ba8c-cbfd-4b5a-8051-91351aec2178,comparte_direccion
6f96cb0f-98fe-4155-b80d-1cb95dec1eef,28e176f5-d9db-4c3b-8968-460e9335b225,contacto_frecuente
a4efd51f-820a-4e07-a4a0-e9bb59f83327,afba9fb6-fc11-4811-a6b6-bc9e8637572c,misma_empresa
b2ad8312-41f9-474b-94fb-65147551b92c,0c701e7a-4998-4db9-a55b-701589340361,contacto_frecuente
b194000b-af0b-41f5-97e0-3013ac8e0d9b,119e2eb7-9f77-4087-bc54-3ebf36e3a0d3,transaccion
8883ecee-ba2e-4b13-90dc-bf5a66f8b892,4b486e23-680e-476a-9625-9e21581793b9,contacto_frecuente
c2d6d51c-c4e6-4fe2-9d59-02a317046c38,6c7b93db-fd90-419b-8ffa-99d57b07594f,referido
1871005a-b413-4406-bc6a-70a65a578cf5,23a5af36-d1cf-4cee-94b1-6238d722ff25,contacto_frecuente
4e44d982-1376-4623-846c-7c01ee94f022,5b26c537-d817-43f9-a250-061798dcfdc6,misma_empresa
4460c604-8543-42c5-a418-e1a8186ba38e,81ac2b86-5921-4d72-be7e-77ed66c6ac7f,misma_empresa
f2a980b0-4ea9-4361-835b-163f09dcd40e,73d1736f-1cd9-4f66-9771-32bceb576f48,amistad
b3beff8f-b3d4-4c7a-9ff7-e3b32e20caf0,1bda1b85-9f99-4446-ac56-db2b4c0d4c88,transaccion
18377f54-c4a9-4abd-8b99-705636fd4bf6,5b626305-094f-42ba-bfb9-0c4158d69f81,amistad
e1a6c038-270c-451b-a359-eb3b0374e132,23a5af36-d1cf-4cee-94b1-6238d722ff25,amistad
1d4cdcb8-c4c6-4134-af5a-4b5b72528d5c,f5b57355-a8f0-428c-80c7-fea664f9135e,comparte_direccion
4e61e6d8-cb2b-48d4-a8a6-0513e46dca43,f9ee9fa6-6246-4377-a631-90f696cffd44,transaccion
0cb7ba22-0850-4daf-8e4b-21288d28baea,20510cc0-f0dd-47bf-8032-8e2d482a7ca7,amistad
ff7b9d0b-7cba-4e52-a244-b15e0dccf36e,239f1a11-2ac3-45bf-b583-f399184bcd0b,transaccion
1a31d360-304d-4ff9-851c-efea343a7c1b,f637d1de-3ca3-4130-84b8-0b0abf2669cc,transaccion
822360c4-ab08-4ce4-bb83-d2fad38cc173,c0dd5e67-6e16-449e-b3e7-474e0e3d13cc,amistad
e3b4c1b1-ac10-43c0-baff-63d46cea5a03,6cc8215d-da45-465e-b609-b68b7f149060,referido
271298e9-de5c-4d1d-a040-fe6803f5b89f,76bc4650-a237-40a8-a81b-19f227b0838d,misma_empresa
9220e932-48bb-44dc-9cd8-b2e9e1c6b4bf,2de3ad01-d83d-485a-a574-509d57075ebd,amistad
496fa519-0919-43b7-a249-7d9683391d23,456e4351-16f3-45ae-afcd-46019d4f52e8,comparte_direccion
b0455250-4656-439f-aca2-34b622bbb824,904a15fc-b3a5-45cc-bc12-0fc17f9db396,transaccion
160c6836-84ff-4f70-b41d-8c3891230a6c,b943c47b-7db8-4946-94ca-809d40b05d34,comparte_direccion
ad2c25e4-4508-42e0-8b1d-d7e72fd52ba4,3e2098a4-95c4-40e8-bf02-383d8713d7d7,amistad
6064874b-e576-45c7-8720-706d8383cdaf,e5d6e924-be98-4209-938e-3537ff21be63,comparte_direccion
9c094078-3e30-45ae-a8b0-09684532d278,63ccbaf7-8766-41f6-80e3-c8b638cebac0,transaccion
05c45f1e-db64-4d12-8dc4-5299467dd814,10b9d03e-97fe-4b7b-b616-ca573341d839,referido
a267d493-38c7-4220-b819-7ecd8bd4d5c6,f6f89bb8-9b00-4f92-a25c-58246e305f58,comparte_direccion
92fdec8d-3a43-4599-9b73-ac4cdc4745e6,385528e4-aaf0-4bcf-8d98-514dd14ed73d,contacto_frecuente
709ce600-7053-45dc-b802-5d4a1d1fb8f3,f3348b30-1af0-4bca-8428-86825e236af1,transaccion
ee526c4a-567e-4e3b-a7ec-93e2351366b9,45f19d4c-7cb8-4413-9722-721b095e76d6,comparte_direccion
b622c915-77e7-4526-85bc-57df82a9a2a9,a4286b76-0d8e-4c70-a52a-a4f125d5ee96,misma_empresa
fa7aa1cd-4718-4fd2-8de6-82ed2e3290af,0962e737-a570-4df9-ba2d-d146f37fcf45,contacto_frecuente
75bfe467-3b16-4435-a5b2-1353d9f9b5e4,244f328c-b268-4985-90ce-b111e3f03b84,amistad
4fae0bba-4a98-4626-b265-5a09313cc9fe,4cafe361-175f-44a5-8afd-765208b943fb,referido
16c81b0f-d0b9-4946-9743-9ce660e52e13,10b9d03e-97fe-4b7b-b616-ca573341d839,amistad
65612049-7bf3-406f-b438-2af212e37277,90218919-bc6f-4696-99cd-f24771270d75,contacto_frecuente
e6c3d883-ea17-46b2-ba1d-ddae4db4c4be,1df54cf5-436c-4c58-a273-c6184739f64c,contacto_frecuente
e30cdfcf-83d0-475e-b563-98c67efce377,41e23d99-2158-4239-a3c9-f3016ba4290a,referido
53ff0ff4-7141-407c-b962-a6d10545fd5f,9a700a4c-a581-4690-a07e-58404a809dd0,contacto_frecuente
10c56617-03bc-4c17-8120-045b1e3a74dc,f6f89bb8-9b00-4f92-a25c-58246e305f58,referido
53ade42f-21cd-4bde-8bf7-a1d0f8c37ee9,1871005a-b413-4406-bc6a-70a65a578cf5,amistad
a2b33527-55d6-4c7e-8dd6-1e5582e00e96,d3166baf-4f72-4b90-9f1a-903e18abb6e7,transaccion
12ea1be2-f10f-434c-826b-334fa99a4b78,344b1a90-03af-4918-8bf1-7cf81a846d5a,amistad
b12bd591-b6b1-42de-a0a9-84e62228f8c7,a9f1b7b7-06d6-49a5-8b0e-f4497ab7aa62,contacto_frecuente
1c981081-af17-4101-96a3-44cab5e03eb9,556b9e70-731f-43fe-8918-500d396e8b1f,contacto_frecuente
ed3c9bf0-7fbe-4a8c-8705-618038deb150,4fe969a7-fef0-479e-ae85-a657fbe1765c,amistad
afba9fb6-fc11-4811-a6b6-bc9e8637572c,64e8e902-baee-4b5a-8073-87dc375e889e,transaccion
a05a8ce1-56ce-4e52-841a-702ae6ef5a8f,b4263f4a-46de-419d-afb3-27a684025ddd,comparte_direccion
8108fa76-a8cb-4da7-9eaa-ed1914d689b3,b16f204c-dc02-4b0b-b4bb-b9754a18e886,transaccion
b92b6a15-892f-420a-a224-deb97f874f52,4889e883-6b41-48a2-af8e-04195cc23246,referido
9cc95113-08b4-4755-9514-0f7aa4255fd9,431576a5-aef8-43ca-810a-6ec2cd286e79,referido
9f779d85-c1e2-48c6-b85b-4c5185f7df01,4b486e23-680e-476a-9625-9e21581793b9,comparte_direccion
26933967-516d-4853-b015-22a4770606b3,70ddf536-eb46-462e-b884-411d49bcba42,contacto_frecuente
63ccbaf7-8766-41f6-80e3-c8b638cebac0,512312b6-4c6e-4026-adbd-a7b5adebc251,misma_empresa
21c02ab6-9706-4fc0-ac41-2ac7dec39f60,d84caf9a-d2ed-4b2e-969b-1e5f2662c3ca,amistad
bd4cbb1a-1a0b-40b4-bccf-54eab4a2e80f,0a3866d4-eb35-4d4f-ab34-7a41be7b4925,referido
24e394ce-e36b-4ba7-a008-010f55277d0b,b956d8e9-48eb-4630-ad14-96f1aae283bd,misma_empresa
08773578-febb-4955-93c3-e276d6c115ac,5b462404-5629-4510-80cb-50e02e46ff64,comparte_direccion
1fb2877f-aefa-4733-a797-94079e061199,7155a9dd-6daa-4df5-ae54-fc72391fda37,referido
ea28254d-5cbf-4803-bb29-26be23f1bd6c,5831cc32-a29e-49db-ac2c-fff07ab54641,transaccion
bc0b824b-e19b-4845-8b39-8eda2c54a6a3,d763c227-b38c-4634-b5d2-0e4f284ad160,comparte_direccion
60c2797e-9e6d-4086-8481-d68e50feaa6f,3e5fb39c-77a6-45eb-9f53-971ff79b3364,contacto_frecuente
3b3dffa4-f439-4038-8747-fad1d92147bd,b622c915-77e7-4526-85bc-57df82a9a2a9,comparte_direccion
587ad707-4c16-4965-b5cb-ebfe5f51564e,8127d63e-50d4-4c32-8dbc-ef874cd1370e,comparte_direccion
123afcdf-3a33-466e-a8e5-e96369663759,7bd6aa49-dc41-4a2d-adf3-0d95532ed8f1,misma_empresa
43d0e28a-7103-4d4f-8bbb-366043310791,ad5cdfb1-17e1-4e42-84e4-95bf01c01988,amistad
5b4ceb3b-4476-4b43-b11c-1b1757eed029,456e4351-16f3-45ae-afcd-46019d4f52e8,comparte_direccion
6befaa47-3619-4112-b7f7-790ec824cc96,709243e3-a26e-4bcd-a46f-94f4a4e965a2,misma_empresa
476719c9-ff9b-4934-b625-db231230f391,a4efd51f-820a-4e07-a4a0-e9bb59f83327,amistad
99620068-99d7-4351-9b01-2b4c0af9299a,76ee0c42-8e41-485f-b16e-c479cc35a28e,amistad
fef22469-9f89-4dff-83f5-60b891355cef,2d6830b3-48b7-4951-8504-1e22e84afa76,referido
edcea9c3-b9db-4fd1-80c2-e6de7025150d,b238dd98-88c6-4479-885d-3424f92522a2,transaccion
012bbd1d-e848-46bd-b9c2-a0e8593f11b5,edce34bc-0bad-4fbf-963b-afb7d62d347c,referido
3861e8f3-e5f7-43e6-89c5-e730bf2da719,c3e35526-e18e-446d-bd45-f61aa22390f2,comparte_direccion
fd8cd495-2626-453c-92f9-11adecab3e7d,62eae3fc-a8a6-41b2-9293-af4b89a68fa9,misma_empresa
48e08623-ed55-4dc3-a910-03586b0c52fb,0bf2efa4-e1a0-4cf2-9a3b-db11cb9e028b,comparte_direccion
d2038474-93e4-4752-a21a-d3f5c36c86a0,998fce1d-8826-46ef-9c9f-9e4120d2d0a7,transaccion
b238dd98-88c6-4479-885d-3424f92522a2,81b3986c-bc57-4720-8f95-17dd0ff56905,contacto_frecuente
3f7fb10b-dff2-4525-948b-4ee063c1af5b,f6a4eab5-693e-46a1-9f44-97cd6ab853fe,misma_empresa
cd9875d4-394b-4003-a9f0-a3201bf3cbbc,43d0e28a-7103-4d4f-8bbb-366043310791,comparte_direccion
7b116c41-3547-40ea-a935-cec6488396b4,31ee5906-439d-49d8-af01-e0f1f9adde0e,comparte_direccion
cc575403-d29d-4406-895b-0f434579b1fe,a9f1b7b7-06d6-49a5-8b0e-f4497ab7aa62,contacto_frecuente
9a6b1437-6a0d-4b74-b408-1a8ad2ca3b09,70ddf536-eb46-462e-b884-411d49bcba42,referido
113e32e5-33dd-4de4-8816-d1dc9f2606ca,60991e8b-d285-45e1-acab-68df792b1346,referido
6dd5f7b2-0c76-4acf-90ee-cedd3b774906,0204e360-a5a5-4297-8c8f-06722bd413f4,contacto_frecuente
03550533-2229-43ce-8a97-2767e9e572ae,134b725f-fc1d-4ab2-9a21-738d0f5ce9e3,amistad
4460c604-8543-42c5-a418-e1a8186ba38e,05c45f1e-db64-4d12-8dc4-5299467dd814,amistad
325a9d8d-cc0d-4b22-949d-be37ecee0e1c,0d81291c-37f6-4c99-876b-21c5d98c23ff,misma_empresa
2383d08c-6bc5-4248-9416-ef39fb14b256,7fbc2391-899a-42ce-9142-37b829462cc8,referido
7b116c41-3547-40ea-a935-cec6488396b4,3b48d6d3-c822-43ad-8025-cdf930cf5179,transaccion
eab82376-7cc5-46d3-b451-bbc04b9c9058,ea31508d-e6a9-4019-bc96-a5f53b3a3dc7,misma_empresa
3bb9c377-89c7-4cc9-89d0-f456985f81dd,dda2cbbb-e384-44a1-901b-d029c6f29f20,referido
1d27b61a-8109-4c17-b2b7-90c10af79316,65f80dbe-d031-436a-bd33-3f0670f4676c,contacto_frecuente
231d969b-85f7-4ca0-bd1f-80e76d3fefb7,003b1f43-3079-4987-9dab-29e6b2dfa0dc,amistad
c556ecaf-cf63-44dc-b184-dab0c1ef95ef,28b5fdff-1c6a-4c1f-bcb6-061a3aa73eb5,comparte_direccion
532cde7d-165c-4272-abd0-2efbb57a9205,1505a18a-f26f-4d2d-93bf-89a3daaf3b33,referido
232a2854-7f97-4f2f-8ee9-3224a472ae87,e5bdd48d-b853-47d9-84cc-706a43cbe57a,referido
1cd83bde-047f-4ae4-8a25-4f43f96a1e76,49968ea6-2c29-4fb4-ab80-4bda23e7d1b9,comparte_direccion
81b3986c-bc57-4720-8f95-17dd0ff56905,4da44b58-96af-485d-b753-53cde5c48e9f,referido
2f3cf68e-59b1-4783-b2eb-dcf085e1f3b0,bb306c9d-8a3e-479c-bf78-994f7a020ec7,referido
65bbc211-25bd-4025-a094-fef9244a26ee,a20189a2-4b9c-4086-92b2-590f3f879bf7,comparte_direccion
8516ec31-9809-41d2-b8bc-c358146a9c93,b194000b-af0b-41f5-97e0-3013ac8e0d9b,transaccion
910c7762-e6f8-4538-b5e0-7f307133a355,cd9875d4-394b-4003-a9f0-a3201bf3cbbc,transaccion
904a15fc-b3a5-45cc-bc12-0fc17f9db396,ca5d5276-dcb6-4cc1-a461-69cf88686689,amistad
5581cd66-e36b-4896-b846-698b5d20706e,70ddf536-eb46-462e-b884-411d49bcba42,amistad
f6188a41-97a1-4f8e-994e-c0e3dc6a7d36,d8e0d87f-2b92-4744-8599-c07b6693074d,comparte_direccion
105b050f-7247-4376-956e-63fb606bf239,cc3952c9-3928-42dd-9018-b55acd6716a1,transaccion
0b17c26a-a18f-445c-8c06-8bda330a3cd3,95e6b445-62e2-496a-b928-6f232eb917d8,contacto_frecuente
874c7304-91b8-420d-ab9e-6818807e4435,5b462404-5629-4510-80cb-50e02e46ff64,comparte_direccion
25905c28-1633-4d30-9e9a-516617c91b8c,92fdec8d-3a43-4599-9b73-ac4cdc4745e6,contacto_frecuente
cf0e5901-2c6c-43fc-b2ea-a565df2765a4,64e8e902-baee-4b5a-8073-87dc375e889e,contacto_frecuente
db6427d4-8f71-4548-a2ba-637f4e3d3694,a2f279f1-3899-4630-8438-15086b3b4274,transaccion
99620068-99d7-4351-9b01-2b4c0af9299a,0389a4ea-a00a-4d6c-8f58-03636bca5e81,referido
b8179e2e-0fb7-432c-afec-62c01e4d7878,daf0dc66-0e11-47a0-a363-35d07c2d7441,amistad
be61371a-e46a-4813-8467-c78c099a3a86,98146c85-d5e8-4ef7-8da1-259302422c9f,transaccion
4b417620-cd6d-4da9-b5d7-9c60143c9aa6,6c7b93db-fd90-419b-8ffa-99d57b07594f,contacto_frecuente
8187d7d7-9444-47ce-b485-6fec26df05a0,496fa519-0919-43b7-a249-7d9683391d23,comparte_direccion
d8ef0b7a-be21-430b-992a-cf9ed5743ed3,3730ea3e-f809-4194-8b2c-f2e86a9b8995,transaccion
152674b3-b388-4c07-af3c-a3413549e137,7f03938a-7536-4ba1-be9d-0b35e660fba7,comparte_direccion
86a52eb8-99da-4c36-8ea6-b52f399f22a1,30dc7e98-9210-445e-b859-959c556132f7,comparte_direccion
03e65d25-dbb1-4cd0-b4c4-ac38b31612b5,d84caf9a-d2ed-4b2e-969b-1e5f2662c3ca,misma_empresa
a0d4052f-1a9d-401a-ab78-7024d97d6dd3,9ab5b617-dbbd-4fd5-86d3-cb02b4c87b9f,referido
fff7ab41-6932-43c3-8eef-366386fe950e,b9d2d4d5-75da-4aa9-8568-bae6b7af1ebf,contacto_frecuente
387229aa-561f-4547-85ed-30fe3edadf28,cc5b0744-c936-44ea-8c4f-271edc85beb3,amistad
3ed126c6-163a-497c-944b-20e67c13f371,8e6fe5bf-e73a-4ebe-af93-b3856f50e6c4,amistad
b95df859-1ad1-4687-8901-2fdd33eee80b,6f693196-620f-4334-a0c3-9f2f0bbf6863,misma_empresa
9aa50e3b-1dcb-4464-9f61-8b6d003a2386,ba441694-8117-404a-9f6c-817ca1122715,comparte_direccion
ad5cdfb1-17e1-4e42-84e4-95bf01c01988,bd337004-4809-4595-b138-e2a6c776d648,transaccion
6c7b93db-fd90-419b-8ffa-99d57b07594f,16835996-59f9-44fe-b708-52ad5ceaff0d,contacto_frecuente
b0449f5b-e65f-4884-b3e8-1628a2982028,65cc42f6-1b47-463a-968f-26e287f601e7,comparte_direccion
04bc037a-f7e1-417f-a8ba-5e875e07b421,f11f9f4c-bb61-49de-bdb5-ec926c3f042b,misma_empresa
ba86066e-09fa-45c2-9bff-f38ff74a91c8,2383d08c-6bc5-4248-9416-ef39fb14b256,amistad
58aaa814-dcef-4016-a827-d84b5f84f64a,c5b09f94-abac-49e2-9627-4e7d4c60675d,transaccion
d674f1de-451a-4dd9-bd26-ba9c8863cf70,2882808f-784d-40f1-a3a6-ed307eb9bb63,misma_empresa
ff637bdf-bae7-4104-b717-a8b894211b81,ca1d4e5a-10a9-4d5c-ae15-34fe48db6d7e,contacto_frecuente
2c450177-ef8f-4027-9f65-8ea5160afc47,3091ddc4-c879-4992-a0aa-9251571cc83e,referido
9aa50e3b-1dcb-4464-9f61-8b6d003a2386,dece9a97-8f76-4358-b7c9-5889a2d9c41e,contacto_frecuente
ff628551-60d0-427c-8553-993443632639,160d4ba7-7927-4d54-9a12-5b4b7f20c438,transaccion
98146c85-d5e8-4ef7-8da1-259302422c9f,f7748449-3042-40cd-aaf4-99a404798698,transaccion
9dea30a5-53ec-4da2-abcd-e4090c773cd5,6412d87d-2bc1-49db-b819-51737942a422,misma_empresa
daea4c0d-39a1-45dd-b3e5-1fa3f3e8f078,85411fd4-dbb2-4d0f-b880-9dffb372043f,contacto_frecuente
47edb2f3-def4-42f6-85bb-adc25deed8e9,abdedeb1-06f4-4f5b-b7dd-672591cb981e,contacto_frecuente
709243e3-a26e-4bcd-a46f-94f4a4e965a2,b6ac0231-599e-4f19-a294-b1eb4c325ba8,misma_empresa
1a2d0a0c-8bc5-4e10-af6b-bb0d6acffb7c,9a700a4c-a581-4690-a07e-58404a809dd0,comparte_direccion
119e2eb7-9f77-4087-bc54-3ebf36e3a0d3,0718b6fc-1099-4725-934a-3970a519273d,comparte_direccion
e4715a27-bad7-4197-b035-84bec3bea3d1,b194000b-af0b-41f5-97e0-3013ac8e0d9b,transaccion
3ef06c93-f669-4a7b-b373-e7b606737c96,3deb9639-6438-402c-b40b-583e50a7da11,comparte_direccion
7e9a71fe-53a7-486d-a80e-27c56b305c37,65612049-7bf3-406f-b438-2af212e37277,referido
640bd510-df72-48b1-9945-d68299fee299,2de3ad01-d83d-485a-a574-509d57075ebd,referido
46ea322d-203d-4382-9b5d-c5cb1ad81a71,4477a23a-9cf1-4416-ae32-125a3067c459,misma_empresa
b9d2d4d5-75da-4aa9-8568-bae6b7af1ebf,bc0b824b-e19b-4845-8b39-8eda2c54a6a3,transaccion
b5dd23e5-8fce-4308-86c8-cb9958f25947,a0d4052f-1a9d-401a-ab78-7024d97d6dd3,misma_empresa
9adadef2-f16c-48da-af74-1d796d44332c,ff637bdf-bae7-4104-b717-a8b894211b81,comparte_direccion
9882a8c4-11e4-41dd-affa-8e1eb702e40d,871927ba-9887-4ec4-8d75-643700ac3220,contacto_frecuente
abdedeb1-06f4-4f5b-b7dd-672591cb981e,17d725da-211f-4fca-9066-d7ad87e195f2,transaccion
07c2ece3-e943-47a3-8883-023cb8f539c9,c5dbfaa6-6032-47ec-a01a-61f759da815f,contacto_frecuente
daf0dc66-0e11-47a0-a363-35d07c2d7441,f532ef03-7895-4d46-8876-197af2810e71,misma_empresa
237fd167-7a56-49fb-b04a-f864444e0c86,8a5c8a55-425f-4e59-bf50-13cb76dc79d1,misma_empresa
8108fa76-a8cb-4da7-9eaa-ed1914d689b3,daf0dc66-0e11-47a0-a363-35d07c2d7441,referido
0f889f7b-1e9f-411e-a52a-a7113fbec77f,387229aa-561f-4547-85ed-30fe3edadf28,misma_empresa
238922fe-1536-4802-b832-5b2af1a99529,4a845e7f-62e5-436c-923d-1e497170f11c,amistad
1c5490e6-9736-44cb-bbb1-dd1a84d802c2,a49e4be0-56c9-46c4-8899-15457b46a8e0,comparte_direccion
163d776c-4ada-48e9-8dff-5d1f3da3ddaa,f019154b-78b3-4593-8389-628dbe437d47,contacto_frecuente
e295e292-c5f2-4936-b8d8-078c6118c247,cb49eaf1-58eb-4f63-8557-ca7bf7760fb9,comparte_direccion
de6037ac-f02b-44b7-90b8-cad111ea6882,25c35e64-68dc-4c5a-b311-27c84851610e,amistad
40f8a80f-6ab7-40bb-a3ec-1b21772ec5e7,b2ad8312-41f9-474b-94fb-65147551b92c,transaccion
1d23c2a7-66ab-4741-b787-f2363565f1ea,55948a2d-8f7d-47f8-ac9b-763d3b810442,contacto_frecuente
cb94d157-7e9b-4117-8b00-2fc427ac25a1,b4263f4a-46de-419d-afb3-27a684025ddd,amistad
3bb84bfc-aa8a-4e85-90cb-39c5cbb73b97,99ca5e84-5130-46b8-acfa-990fb6e00879,misma_empresa
c5b09f94-abac-49e2-9627-4e7d4c60675d,7a92d9bb-f8e3-4a46-8322-c661c09975f9,misma_empresa
8122e001-06e9-498e-a569-d27f81e1562d,bd4cbb1a-1a0b-40b4-bccf-54eab4a2e80f,referido
54e17889-fd0c-4620-a2da-1df96bfcd613,f2edd005-db14-4f41-bb5b-e4a3ce481fd5,amistad
d327af68-e29c-443f-a16e-6bfd8137b64e,30dc7e98-9210-445e-b859-959c556132f7,misma_empresa
471a9217-a902-4387-b59a-7f373410a321,faa5712f-fffe-4108-b4a7-adfb2e47476d,comparte_direccion
da916067-396f-4934-b4d0-4d2bfe744464,d0873b37-bcd6-468b-b9f2-d345b9988903,comparte_direccion
2f3cf68e-59b1-4783-b2eb-dcf085e1f3b0,760a4406-02f9-43ad-b51a-c393125104ca,referido
17c72c13-6d06-49d4-863a-d184bfef2d18,297552a9-cdfc-43e8-b0ec-ff4f422b1326,misma_empresa
51ffbd77-f951-4d60-bf46-e08f08e8f4b1,1dcf5fc5-39a6-4441-a7f9-02b4f4c7ece1,misma_empresa
0195c530-9827-4e9d-baa9-f1abdb792be9,981b28ae-7fe3-4dbb-855c-5ecc5031faf1,comparte_direccion
63b79faa-0f61-428b-9997-6870606616db,b2287d6c-055a-4cb7-b9eb-16a24e572ba3,contacto_frecuente
f6188a41-97a1-4f8e-994e-c0e3dc6a7d36,d8bf4e13-e024-489a-ab78-803ed5ba3c38,transaccion
55df59ba-048b-449f-8c0c-c27e82a73947,102e0377-1be2-413d-b647-d42370995555,amistad
350d01e3-159c-46c9-af01-98a67b113654,d3afc898-3096-4ed1-8014-36238ba8bfb0,comparte_direccion
ea61ee00-4a65-43df-8e77-4e8df81663b5,3a9ac4d6-6b04-41a6-9adf-f6f6dcefa313,referido
f5b57355-a8f0-428c-80c7-fea664f9135e,bfdaa12c-5c27-419f-a7b9-3333358f4c9a,contacto_frecuente
1e26133c-e89c-4a8b-968f-d7ad7e8edd81,e886da7a-c7dc-4841-9851-a16a45631d17,comparte_direccion
8108fa76-a8cb-4da7-9eaa-ed1914d689b3,a123c2be-9cde-40c7-b7fb-cdce3fd7bcb7,contacto_frecuente
ab82b02e-17ec-4492-94d0-0d737d394956,1178f79a-d7dc-4eb7-95bc-c0b9eee4ea19,amistad
2bb73719-170f-49dd-a41e-12986e3b9c9a,a668a70e-e4b8-42bd-a8e1-e9a2b1e24b68,comparte_direccion
b92b6a15-892f-420a-a224-deb97f874f52,51db518d-e8df-4cc3-bcee-509e1f3ce620,amistad
65bbc211-25bd-4025-a094-fef9244a26ee,51ffbd77-f951-4d60-bf46-e08f08e8f4b1,transaccion
2b62fddd-9649-4cd9-b515-72c9c1fdb787,20e4ccb5-8aba-455c-861c-0a231d4aded3,referido
97dfac66-f0d9-496b-a87a-5f2bd916afc7,7012a826-f089-481c-b7f5-c333e816a366,contacto_frecuente
720d44a3-acc5-4d7a-80a5-0ae6a7a75c46,5552dafe-cab7-409c-ad18-c38682719e27,amistad
265a9bda-38da-455a-9a0f-e3201d84be2a,7f408f8c-f1b0-4a76-94c5-b40127a93f3d,amistad
0195c530-9827-4e9d-baa9-f1abdb792be9,db6427d4-8f71-4548-a2ba-637f4e3d3694,transaccion
e9393531-b6e7-4257-9c81-2963762db37d,d5defbc7-908e-41b2-bb49-341be428125d,amistad
b5dd23e5-8fce-4308-86c8-cb9958f25947,25c35e64-68dc-4c5a-b311-27c84851610e,referido
04bc037a-f7e1-417f-a8ba-5e875e07b421,e8faddf1-1054-4034-bb3c-98f843799356,contacto_frecuente
143ebda5-936a-455b-b7e2-1e2cd537d687,aa0e2749-6f91-4e6e-ac6c-05ede3633011,misma_empresa
d21d4ecc-95e0-4905-a181-f0900903ed5c,7b1afa89-ee3b-425f-80d8-594d5e75a388,misma_empresa
e37e1692-7030-4bb9-967d-ea06074b8639,92fdd34e-89b4-42a5-b3a7-4c7667874e6c,comparte_direccion
556b9e70-731f-43fe-8918-500d396e8b1f,8e6fe5bf-e73a-4ebe-af93-b3856f50e6c4,comparte_direccion
e6c3d883-ea17-46b2-ba1d-ddae4db4c4be,2ec21ed6-d580-4bbe-bc5c-a6a47f76a59b,transaccion
59258863-8ae9-41bc-bef7-0c28dba254c9,4ab8b987-abc2-42b9-a37d-0de8522b5658,contacto_frecuente
f6757c99-b134-4e26-ade6-2598ef3a3ac4,54caedeb-5f9a-4028-9f09-9ec3ffcff14b,transaccion
20510cc0-f0dd-47bf-8032-8e2d482a7ca7,9220e932-48bb-44dc-9cd8-b2e9e1c6b4bf,misma_empresa
6f693196-620f-4334-a0c3-9f2f0bbf6863,94647db7-f68c-45d4-9529-30afdb6c18c0,contacto_frecuente
6eb8e6c8-b850-452d-a61c-156fd027b1de,35ee69a7-75a0-497c-a24d-6cf4466cc5ff,referido
15952e0a-c60d-4a1b-8899-fbe2a71c5333,b7827d0c-058c-45e5-aafa-ef3df318918d,amistad
17ebb835-d690-473f-a006-5b70e75c4313,6e9ae962-4085-4119-ac3a-f7cc41ab6cfb,comparte_direccion
312caa62-9bc7-4f6e-894d-a9ad50a79f3f,ad760608-5334-40d1-855a-c8900b3467df,transaccion
7d35b025-a613-4c0b-a28e-6d5c1481f694,952de6dc-69a6-4a07-81e8-916771bbe8bc,referido
65e7bfe9-1a9a-463d-b961-d8d3e63d3e89,f5b57355-a8f0-428c-80c7-fea664f9135e,comparte_direccion
e1b4b750-1c9d-4312-a99a-a26284ee7399,bbf98720-2681-48c7-a1c2-2a66e93d103f,contacto_frecuente
b8addbe7-c97e-466e-80f5-2e5762b73567,87d43448-1591-467e-a978-c0925caa5fbf,contacto_frecuente
20510cc0-f0dd-47bf-8032-8e2d482a7ca7,56d3250b-e5bd-4ffb-a138-a2edc276d5d6,contacto_frecuente
73d1736f-1cd9-4f66-9771-32bceb576f48,eb863ef8-421f-406e-80bb-57e8d46c2a75,misma_empresa
5711eb6a-5ba2-4bdb-a346-151754d789f0,19987eea-3a0a-4954-90ac-7eb2d588acc2,comparte_direccion
43d2a245-e8a8-4eec-9349-78071985e419,50e85943-bb0f-4f44-bd7c-4484c55a3c5b,contacto_frecuente
9882a8c4-11e4-41dd-affa-8e1eb702e40d,b848b273-ee8c-4329-806a-3e8aa153b035,contacto_frecuente
8a71f7d6-51ef-4122-a4bd-a406f1c76704,51ffbd77-f951-4d60-bf46-e08f08e8f4b1,transaccion
b13a960d-c1e8-4ec9-88ba-8f113f663717,d52459af-0672-4798-b04b-46e1af49ad2f,misma_empresa
c52a3bab-6a92-4ad6-8831-07ad9a6acb0d,ce092563-1e16-49ce-86df-556f47f91da1,referido
2ad6a13f-7b2a-4416-b70f-ed8f41788fa9,1a216d41-45bf-4292-b4b5-06e424d9d400,contacto_frecuente
5cdc53a9-cc18-465c-aaf1-f7156838a0b1,720d44a3-acc5-4d7a-80a5-0ae6a7a75c46,referido
6faf74fa-1f5b-4873-ae82-df38fa793026,3ec4b0e2-d618-4554-bff8-f31a1f75a2e7,misma_empresa
8122e001-06e9-498e-a569-d27f81e1562d,ec6883a8-2553-448f-b13f-3679bed6dfd8,referido
10c265eb-1897-442c-9e19-ed4c7861f761,e0f2a85a-f8c2-42c3-9b08-fd98a35ea6ba,misma_empresa
7b1afa89-ee3b-425f-80d8-594d5e75a388,2feb00de-0656-4632-87e1-dbb06e44a96c,contacto_frecuente
576ab723-ff09-426a-ac01-5f3121f5b01b,bb306c9d-8a3e-479c-bf78-994f7a020ec7,referido
2b62fddd-9649-4cd9-b515-72c9c1fdb787,edce34bc-0bad-4fbf-963b-afb7d62d347c,comparte_direccion
9e57c65c-2dc4-4ce2-8d2d-327bcb12efe2,944c1a0e-4ea8-4255-9dd8-f32bbcf3e16a,amistad
18377f54-c4a9-4abd-8b99-705636fd4bf6,afba9fb6-fc11-4811-a6b6-bc9e8637572c,referido
6daaf891-af4f-4348-a882-c963676c72bd,9adadef2-f16c-48da-af74-1d796d44332c,transaccion
1d3683be-7485-4bb9-995a-8736c58accec,105b050f-7247-4376-956e-63fb606bf239,transaccion
d4776ed1-2cec-48e6-b499-42bd4c7ffcd3,8f84556e-b789-4a07-9a85-71c40ca18fb4,amistad
0204e360-a5a5-4297-8c8f-06722bd413f4,587ad707-4c16-4965-b5cb-ebfe5f51564e,transaccion
098a8f13-fbf5-4926-9ea1-2cbe72f8045b,1af863c7-71b5-4c6f-9862-9d546019c676,referido
dadbf864-64ea-4e42-a75c-ef5486eaf3c3,1c981081-af17-4101-96a3-44cab5e03eb9,comparte_direccion
fc5785b5-2ee9-4e5a-8ee6-c6c04e0af3f7,4fae0bba-4a98-4626-b265-5a09313cc9fe,amistad
2f1555ad-b804-45b8-b361-6fca21377015,f49e2c1b-7616-471e-a275-46d9d619132f,transaccion
5cf68f49-8609-4b72-811f-a488bc7d332f,f6355e61-ad36-4780-b0b5-a5b39a52f70b,contacto_frecuente
e1a6c038-270c-451b-a359-eb3b0374e132,46ea322d-203d-4382-9b5d-c5cb1ad81a71,transaccion
f09c2390-5108-42fb-b5e0-aba600b3bffa,04070e63-d543-4102-bc23-93950a7c48bf,transaccion
b238dd98-88c6-4479-885d-3424f92522a2,3cb04b81-c3b6-47e0-b0f3-4b0e8ee16c01,amistad
afba9fb6-fc11-4811-a6b6-bc9e8637572c,17c72c13-6d06-49d4-863a-d184bfef2d18,misma_empresa
641c5362-8cd7-408b-a1b1-7e4416ece25c,385528e4-aaf0-4bcf-8d98-514dd14ed73d,transaccion
70ddf536-eb46-462e-b884-411d49bcba42,a4938549-498d-4af5-98f4-8685f47878e9,comparte_direccion
aa3740b1-6566-4000-a7ba-c465cb7906e0,94647db7-f68c-45d4-9529-30afdb6c18c0,referido
3b8bb06a-9018-4025-ae17-9d4588a5ff39,013f7c29-22f7-48cb-b277-07553b4810ca,comparte_direccion
f49e2c1b-7616-471e-a275-46d9d619132f,fea087d9-b15a-4717-91d2-58645ec51198,comparte_direccion
2bc6183d-ca98-4175-9c98-599bd01101d9,1740c5b2-391e-4bb8-be90-d3cfc8137116,referido
32b57dda-a8b6-4360-a7aa-d72f14c5386e,7e92cf48-e9cf-4c0a-8bed-8d1663aa2fb3,misma_empresa
1d23c2a7-66ab-4741-b787-f2363565f1ea,6fd1f463-7808-4a1e-8181-6227818aacd9,transaccion
d674f1de-451a-4dd9-bd26-ba9c8863cf70,cb82433f-b1f7-441e-9aff-5ed5cca02a77,referido
d2038474-93e4-4752-a21a-d3f5c36c86a0,297552a9-cdfc-43e8-b0ec-ff4f422b1326,comparte_direccion
43d2a245-e8a8-4eec-9349-78071985e419,98ee7ad0-82c8-4da6-b58a-ac3f3a004f97,transaccion
afba9fb6-fc11-4811-a6b6-bc9e8637572c,7d0cb50a-a01f-4435-9935-d7e9dfbea353,amistad
a703af62-e8f4-4b37-b0d4-4bd29bddb39f,7e92cf48-e9cf-4c0a-8bed-8d1663aa2fb3,contacto_frecuente
1a39762f-a8d1-4713-8817-f80b2c1dca83,24e4c83e-44b5-48b3-bca7-b1b759924162,comparte_direccion
aff3e836-7494-4337-ab69-56b0c1db9e50,e1b4b750-1c9d-4312-a99a-a26284ee7399,referido
85ad8d89-fd3f-4ef3-b6c2-484196c63cf4,ff7b9d0b-7cba-4e52-a244-b15e0dccf36e,amistad
105b050f-7247-4376-956e-63fb606bf239,f11f9f4c-bb61-49de-bdb5-ec926c3f042b,amistad
a7a2f8dc-9e66-4935-a4c6-2ee008a1da3d,3b3dffa4-f439-4038-8747-fad1d92147bd,misma_empresa
113e32e5-33dd-4de4-8816-d1dc9f2606ca,d0e93ed6-9f51-45c6-bb8c-838332a72fbb,misma_empresa
d8bdce16-ece2-4873-ad54-de5228e95675,9ab5b617-dbbd-4fd5-86d3-cb02b4c87b9f,contacto_frecuente
7a47f978-9feb-48cc-880f-4bc65d9bb301,53e2a8d4-8030-45e8-879e-55bf23489100,contacto_frecuente
348aa7a3-2cde-4d25-b045-c4e99abc084e,19a8e84e-9993-42ea-a8e6-57267c2f3907,referido
f2804b11-1e1d-4c9e-97b8-ee6b62b44187,641c5362-8cd7-408b-a1b1-7e4416ece25c,comparte_direccion
079e7304-5c35-4f3b-9192-20deebbad7a1,fef22469-9f89-4dff-83f5-60b891355cef,comparte_direccion
9a700a4c-a581-4690-a07e-58404a809dd0,0c7fcbce-593d-4982-af84-87f34af46dba,amistad
f76fa74b-3096-4b23-a527-c41be56f138d,e5144bbf-ca7b-417e-bfcb-3bdc89bd1a7a,contacto_frecuente
be61371a-e46a-4813-8467-c78c099a3a86,54e651ba-2d33-4af2-9513-9b57311ca934,comparte_direccion
e51b3123-7850-4d39-9a88-ab27f635e20e,9ba336a0-0e2c-4be2-91bb-e1264ccf8b8d,misma_empresa
98146c85-d5e8-4ef7-8da1-259302422c9f,237fd167-7a56-49fb-b04a-f864444e0c86,referido
3861e8f3-e5f7-43e6-89c5-e730bf2da719,0fa7d8c6-299a-4036-b550-f57a86fd6d68,comparte_direccion
eb29657d-495b-413b-97b2-11d1d3c12265,09dc59ef-348a-4d2d-8a15-8fe2a44c1af8,amistad
0e048687-cec9-4374-83e8-0b9c504484ce,20510cc0-f0dd-47bf-8032-8e2d482a7ca7,amistad
e5bdd48d-b853-47d9-84cc-706a43cbe57a,9cc95113-08b4-4755-9514-0f7aa4255fd9,amistad
f09c2390-5108-42fb-b5e0-aba600b3bffa,d674f1de-451a-4dd9-bd26-ba9c8863cf70,contacto_frecuente
4889e883-6b41-48a2-af8e-04195cc23246,03a1a118-5931-43b3-b124-8602c5373e1e,comparte_direccion
25905c28-1633-4d30-9e9a-516617c91b8c,d735e706-8995-4ed0-a4aa-0149d2148710,transaccion
bfdf7197-7c3c-4c87-817d-71a92ed74922,4d2b2c04-fbae-4a7b-855c-613d60d27ca6,amistad
7e92cf48-e9cf-4c0a-8bed-8d1663aa2fb3,cc5b0744-c936-44ea-8c4f-271edc85beb3,misma_empresa
2198b107-67ef-4f6f-a632-a6e56c7ad4d2,0718b6fc-1099-4725-934a-3970a519273d,misma_empresa
e0cbbb63-0b17-4d9d-908b-ea258cde3eca,03ba23cc-074f-4425-bbc8-acd939008ae1,referido
624da621-73a3-43cd-bc37-b65d515d72ac,b58446d5-4ca6-4bc7-b5db-60c9dd4d6579,contacto_frecuente
6a33ea50-9241-425e-a347-d51963464086,2bfb9c0c-611c-4360-81fc-0f0c7de42f43,comparte_direccion
82f780ee-f21f-472e-9eff-0470255ce6cd,1a216d41-45bf-4292-b4b5-06e424d9d400,referido
610f6f6e-4bb7-444c-bc21-37bcba1439d4,c7e96c31-b070-4fe1-9477-0b2bbca42737,misma_empresa
d60ec45d-e38c-48fc-9c0f-c5b73202ce7e,3bb84bfc-aa8a-4e85-90cb-39c5cbb73b97,misma_empresa
bc0b824b-e19b-4845-8b39-8eda2c54a6a3,e3b4c1b1-ac10-43c0-baff-63d46cea5a03,referido
1f408d91-b566-4161-8954-b80a7409ada3,6f96cb0f-98fe-4155-b80d-1cb95dec1eef,misma_empresa
f0a1044b-83fe-4dfe-a6a7-c22f90643466,a5014585-5f70-400d-ac46-f9a32e3daf04,contacto_frecuente
ea4029c2-6c97-47e2-b282-4029c9587f99,7f408f8c-f1b0-4a76-94c5-b40127a93f3d,contacto_frecuente
0f201eae-9388-4dd1-9da4-f1c43a713476,0284e861-7988-46a4-966a-4c6aec699cd5,amistad
a05a8ce1-56ce-4e52-841a-702ae6ef5a8f,5f5f9b92-73eb-4b81-9178-53d89ebe69ee,amistad
1c1e7293-67e1-4805-a529-14238dc2c989,46ea322d-203d-4382-9b5d-c5cb1ad81a71,transaccion
07a110fc-6c4d-42be-b517-8fa04f23c6f7,601fa4eb-21c7-46fd-bcb8-ed772de91dc4,transaccion
601fa4eb-21c7-46fd-bcb8-ed772de91dc4,4e61e6d8-cb2b-48d4-a8a6-0513e46dca43,misma_empresa
ad5cdfb1-17e1-4e42-84e4-95bf01c01988,d3afc898-3096-4ed1-8014-36238ba8bfb0,amistad
9ab5b617-dbbd-4fd5-86d3-cb02b4c87b9f,cf0e5901-2c6c-43fc-b2ea-a565df2765a4,transaccion
30dc7e98-9210-445e-b859-959c556132f7,649f67a1-9120-4af8-8e41-c3682e8c5dc9,transaccion
5423c68d-096c-4082-854b-156b3e4ac6bd,476719c9-ff9b-4934-b625-db231230f391,misma_empresa
93577691-60dd-4e63-ad90-2c989a194861,74cf43b4-be9a-4607-8fbb-69525244403e,contacto_frecuente
e9fd93a1-670b-4731-ae11-8288d7dea21e,5b26c537-d817-43f9-a250-061798dcfdc6,comparte_direccion
5e591d6a-98b1-41d2-9909-471c04cf1235,952de6dc-69a6-4a07-81e8-916771bbe8bc,contacto_frecuente
70205a0d-9f19-4db8-a864-e9e5b8fb7f17,e902044c-f338-4579-8442-0dcd34aad037,misma_empresa
bcf0e8bf-c003-4428-be22-c4b9cf542ecf,e32b2da3-ef97-4df7-b9bc-c571df36298c,comparte_direccion
35ee69a7-75a0-497c-a24d-6cf4466cc5ff,8a71f7d6-51ef-4122-a4bd-a406f1c76704,comparte_direccion
00e92c01-c812-446d-a7aa-380703aec337,e7ff10b0-3d0d-4fe1-b50c-89caf5dc6111,comparte_direccion
19ca1b41-f6dd-40fb-8112-31f358ee5f8d,ba2932b2-23dd-4562-97cb-903a2688024a,referido
27048d1b-dafb-42fe-bffc-508792efb6af,7234dd8f-9277-494e-8364-b4dd30be5aff,referido
d735e706-8995-4ed0-a4aa-0149d2148710,2882808f-784d-40f1-a3a6-ed307eb9bb63,transaccion
1bf1b98b-e944-403e-8ce0-41c2204cd754,9c094078-3e30-45ae-a8b0-09684532d278,contacto_frecuente
28b5fdff-1c6a-4c1f-bcb6-061a3aa73eb5,08773578-febb-4955-93c3-e276d6c115ac,comparte_direccion
f637d1de-3ca3-4130-84b8-0b0abf2669cc,6f96cb0f-98fe-4155-b80d-1cb95dec1eef,transaccion
63ccbaf7-8766-41f6-80e3-c8b638cebac0,cf162700-ea00-4aff-8af2-bfa621cb237d,misma_empresa
d3166baf-4f72-4b90-9f1a-903e18abb6e7,8187d7d7-9444-47ce-b485-6fec26df05a0,amistad
b6ac0231-599e-4f19-a294-b1eb4c325ba8,1cd83bde-047f-4ae4-8a25-4f43f96a1e76,contacto_frecuente
3e5fb39c-77a6-45eb-9f53-971ff79b3364,e90efead-76c8-4414-a43b-6b0b10c6a3b4,amistad
271298e9-de5c-4d1d-a040-fe6803f5b89f,21071296-684d-4a4e-b2e6-8ceb81cb68a5,contacto_frecuente
385528e4-aaf0-4bcf-8d98-514dd14ed73d,ca840181-2c1c-41a8-bba8-bb9087c5ac08,transaccion
65f0e069-f738-413f-84a3-e4992d943bc9,b8179e2e-0fb7-432c-afec-62c01e4d7878,misma_empresa
e437a3e7-7831-4293-8ea5-9d28537631cd,22253f11-30da-4342-95a3-fa1cd5ae9a2a,referido
dca0afb2-3d7c-4d00-9aef-aa60bbb45820,03ba23cc-074f-4425-bbc8-acd939008ae1,transaccion
0b17c26a-a18f-445c-8c06-8bda330a3cd3,e0cbbb63-0b17-4d9d-908b-ea258cde3eca,amistad
d3166baf-4f72-4b90-9f1a-903e18abb6e7,3091ddc4-c879-4992-a0aa-9251571cc83e,comparte_direccion
601fa4eb-21c7-46fd-bcb8-ed772de91dc4,9d3a8314-9964-4267-991e-2001d283a952,comparte_direccion
7bd04b12-64c7-45e7-8a01-504e6e82dc52,ddc25524-6ef6-4a69-bd00-dd6ac33bfd83,referido
d2b1ffdf-19f4-457b-866e-2d0250ee7b36,edce34bc-0bad-4fbf-963b-afb7d62d347c,contacto_frecuente
a5014585-5f70-400d-ac46-f9a32e3daf04,d9e57f1e-78fb-44b5-980b-c3a0e800d063,comparte_direccion
17c72c13-6d06-49d4-863a-d184bfef2d18,413c05b5-141a-4161-a703-6e164955fcdf,amistad
874c7304-91b8-420d-ab9e-6818807e4435,55df59ba-048b-449f-8c0c-c27e82a73947,misma_empresa
659b98e9-f079-42de-bcd3-0dfc089b4039,daf0dc66-0e11-47a0-a363-35d07c2d7441,transaccion
b16f204c-dc02-4b0b-b4bb-b9754a18e886,112ecb07-0088-4269-b171-0f412ae64525,amistad
55df59ba-048b-449f-8c0c-c27e82a73947,eb39ccdf-537f-45b9-b190-f8dbd30c72fc,contacto_frecuente
34fbeb54-ca1a-4b3a-ad7c-bb1941eb8749,519e5c44-99d5-42ae-8a12-7ae8a325c02a,comparte_direccion
1c2a58ac-3da8-4561-b7ee-e7366f6421d9,23a5af36-d1cf-4cee-94b1-6238d722ff25,transaccion
55948a2d-8f7d-47f8-ac9b-763d3b810442,49968ea6-2c29-4fb4-ab80-4bda23e7d1b9,misma_empresa
d0e93ed6-9f51-45c6-bb8c-838332a72fbb,9537624a-b9bf-4b03-b61f-d10c23737b19,referido
2198b107-67ef-4f6f-a632-a6e56c7ad4d2,3ef06c93-f669-4a7b-b373-e7b606737c96,contacto_frecuente
512312b6-4c6e-4026-adbd-a7b5adebc251,387229aa-561f-4547-85ed-30fe3edadf28,amistad
88988207-3464-406e-a021-159fb44f95c8,640bd510-df72-48b1-9945-d68299fee299,transaccion
021e4732-b710-4bed-8824-84d4679a3967,ddc25524-6ef6-4a69-bd00-dd6ac33bfd83,referido
4460c604-8543-42c5-a418-e1a8186ba38e,cc575403-d29d-4406-895b-0f434579b1fe,contacto_frecuente
60c0bac1-b726-441d-adc6-fbfca81023f7,9a6b1437-6a0d-4b74-b408-1a8ad2ca3b09,contacto_frecuente
76821c24-583b-4739-8f2e-f3133e7d1bbc,19987eea-3a0a-4954-90ac-7eb2d588acc2,comparte_direccion
5711eb6a-5ba2-4bdb-a346-151754d789f0,1364dc0c-ba3d-43a3-9a02-a458e1977e7a,transaccion
9ae05dee-963d-4ffc-adcc-012239c42d7f,999643b3-88d5-4499-b419-627b1b7a0ae6,misma_empresa
3bea23ee-2ca2-405d-a01c-259405580790,dece9a97-8f76-4358-b7c9-5889a2d9c41e,transaccion
8bc0c12b-8950-45ee-b559-3660226af13f,58f863f9-11e8-4a92-955f-f481591fb30b,contacto_frecuente
99ca5e84-5130-46b8-acfa-990fb6e00879,61188f95-44e8-4789-87d8-d2adab64ddc2,transaccion
65612049-7bf3-406f-b438-2af212e37277,2c450177-ef8f-4027-9f65-8ea5160afc47,comparte_direccion
cdcd4c27-31c7-4ead-90e2-ccd0f920bb59,6642820b-efc2-4198-ae16-7d0a5352d0b0,misma_empresa
db243078-0e0d-4f66-a8e2-aa4992aac81d,9ae05dee-963d-4ffc-adcc-012239c42d7f,transaccion
659b98e9-f079-42de-bcd3-0dfc089b4039,29cfb490-7ed3-47b5-9b60-2cb3112dfbf6,transaccion
45657f7e-42a7-4e2d-a405-3848e4fd087c,24f5509a-8f00-4389-a9bb-764334cd544b,referido
daf0dc66-0e11-47a0-a363-35d07c2d7441,ed7de801-46d1-453a-9cf3-660b5f10d7dd,contacto_frecuente
1df54cf5-436c-4c58-a273-c6184739f64c,0195c530-9827-4e9d-baa9-f1abdb792be9,misma_empresa
eb863ef8-421f-406e-80bb-57e8d46c2a75,aa3740b1-6566-4000-a7ba-c465cb7906e0,amistad
0eb42f5f-2055-4b7a-8e3e-fe76a2cbca17,33839114-2d08-4a60-8865-5d5c6268754b,transaccion
0b887a93-4100-46d2-85e2-24197f6bad3a,d99cba24-4655-4165-87f6-2c51103ab92b,comparte_direccion
d52459af-0672-4798-b04b-46e1af49ad2f,85aaed61-7343-45ab-9059-21fdaae5f351,comparte_direccion
21c02ab6-9706-4fc0-ac41-2ac7dec39f60,c2d6d51c-c4e6-4fe2-9d59-02a317046c38,contacto_frecuente
65e7bfe9-1a9a-463d-b961-d8d3e63d3e89,e662107a-cc8c-47f3-bbe8-596834d74c86,comparte_direccion
bc9fa845-fc82-4c0b-b739-4f2dfa512dc0,0fa7d8c6-299a-4036-b550-f57a86fd6d68,amistad
31ee5906-439d-49d8-af01-e0f1f9adde0e,75bfe467-3b16-4435-a5b2-1353d9f9b5e4,misma_empresa
fd2a05f2-a7ea-4e61-b856-baca78d523c2,37d01a09-546e-4c79-99f5-013f72429c19,referido
32e93bc3-2349-48f9-b5bf-e94fdb13c727,7c5e9376-2cd9-4ba0-86a3-1ac573743810,comparte_direccion
580d9cd4-f66a-4e08-8efc-7480ac7e5af1,2576f4b8-edc3-4567-9ad3-7bc995af4fec,amistad
2576f4b8-edc3-4567-9ad3-7bc995af4fec,3ec4b0e2-d618-4554-bff8-f31a1f75a2e7,misma_empresa
43d2a245-e8a8-4eec-9349-78071985e419,65cc42f6-1b47-463a-968f-26e287f601e7,contacto_frecuente
97cd5944-b2d7-48d0-804b-b8183bb45884,65e7bfe9-1a9a-463d-b961-d8d3e63d3e89,misma_empresa
125ce11a-f271-4f3a-af0d-60dbf756553b,387229aa-561f-4547-85ed-30fe3edadf28,misma_empresa
8f1071af-8da3-4815-8f35-82e80f5ea78f,2882808f-784d-40f1-a3a6-ed307eb9bb63,misma_empresa
42d6a4b8-e198-4a09-a435-10b153badfc2,40f8a80f-6ab7-40bb-a3ec-1b21772ec5e7,comparte_direccion
2a9e354d-cbf6-4458-9ba5-045e492105ba,4da44b58-96af-485d-b753-53cde5c48e9f,amistad
bdcfc2d3-5157-4d4b-b0af-7cc425fd8e72,cb776d70-ed20-4ae9-90f4-f3d6f1fd4847,comparte_direccion
ce092563-1e16-49ce-86df-556f47f91da1,27048d1b-dafb-42fe-bffc-508792efb6af,misma_empresa
413c05b5-141a-4161-a703-6e164955fcdf,1c2a58ac-3da8-4561-b7ee-e7366f6421d9,comparte_direccion
5e591d6a-98b1-41d2-9909-471c04cf1235,b783252b-b5fa-433b-9f5e-534be59675a1,comparte_direccion
98ee7ad0-82c8-4da6-b58a-ac3f3a004f97,fc5785b5-2ee9-4e5a-8ee6-c6c04e0af3f7,misma_empresa
77be5f41-ee83-41b5-8f60-02bb13627dac,720d44a3-acc5-4d7a-80a5-0ae6a7a75c46,amistad
07a110fc-6c4d-42be-b517-8fa04f23c6f7,03ba23cc-074f-4425-bbc8-acd939008ae1,amistad
b6ac0231-599e-4f19-a294-b1eb4c325ba8,0c7fcbce-593d-4982-af84-87f34af46dba,referido
f7df2221-3130-4a51-8be3-f00e16245571,d01381cc-ca84-4ed9-8dd5-3ede9cd2b267,misma_empresa
098a8f13-fbf5-4926-9ea1-2cbe72f8045b,3ec4b0e2-d618-4554-bff8-f31a1f75a2e7,comparte_direccion
0f889f7b-1e9f-411e-a52a-a7113fbec77f,1056f62e-946e-405e-9033-57d03589cf31,contacto_frecuente
45446001-d01b-4758-9e21-e7945825b9aa,85411fd4-dbb2-4d0f-b880-9dffb372043f,amistad
275e422f-fb16-4a4b-8286-3e010c60b113,5cf68f49-8609-4b72-811f-a488bc7d332f,amistad
e1b4b750-1c9d-4312-a99a-a26284ee7399,da28240a-164e-4e2f-ba1d-440b2e8af0e8,comparte_direccion
5d887e9e-f6a9-41dc-9f43-747b93dd2458,3b3dffa4-f439-4038-8747-fad1d92147bd,referido
691a34e0-3adb-402d-901a-16a072ed666b,f76fa74b-3096-4b23-a527-c41be56f138d,referido
041754ff-af57-41e6-97a3-019a0e7b62b5,4889e883-6b41-48a2-af8e-04195cc23246,amistad
071bc922-7abb-4e9f-8a54-b21b6aecb45c,63b01a3a-a3f4-4ca7-a727-c2054b2e7f9c,comparte_direccion
2afbea4f-d1d5-4689-be61-ec2e1b358678,9e57c65c-2dc4-4ce2-8d2d-327bcb12efe2,amistad
7136b3d0-8e93-4c92-9eaf-ac5721b62c8b,e815fac2-44b7-40b8-b9cc-22963f99b05e,amistad
97cd5944-b2d7-48d0-804b-b8183bb45884,b0449f5b-e65f-4884-b3e8-1628a2982028,transaccion
85411fd4-dbb2-4d0f-b880-9dffb372043f,da916067-396f-4934-b4d0-4d2bfe744464,amistad
5581cd66-e36b-4896-b846-698b5d20706e,7c5e9376-2cd9-4ba0-86a3-1ac573743810,comparte_direccion
617fc74b-300a-44cc-a05f-7e7059907d0f,2812615b-d2a8-4a94-bc33-d2dbd49df4b0,amistad
1a2d0a0c-8bc5-4e10-af6b-bb0d6acffb7c,07108aca-a36b-4827-8ac9-3ec8ccd564e6,contacto_frecuente
d4776ed1-2cec-48e6-b499-42bd4c7ffcd3,bb306c9d-8a3e-479c-bf78-994f7a020ec7,referido
52647fd3-4ab1-430d-9622-fd61b57084b9,7fbc2391-899a-42ce-9142-37b829462cc8,referido
973b185c-a20d-43d9-98b5-89839147798f,b943c47b-7db8-4946-94ca-809d40b05d34,contacto_frecuente
3df4fe2d-a784-4b7e-9e8a-ab637c52c30e,02a7d062-ef1f-44e0-bf87-e99ffc7a22c5,amistad
30b3c9d5-9557-4044-a4cf-a7d6965666e3,2a19ef04-0905-48b7-8f62-369b11dea175,contacto_frecuente
e4715a27-bad7-4197-b035-84bec3bea3d1,26ed4942-6432-4311-bc0c-9baca5a31a06,referido
7921c0a7-11f8-4e19-8309-cc3867906450,b68f590a-6191-40c8-96f0-f0261688d54c,contacto_frecuente
b95df859-1ad1-4687-8901-2fdd33eee80b,9a700a4c-a581-4690-a07e-58404a809dd0,comparte_direccion
3c8ef360-3d45-408e-a989-00a414898c93,b8abdc4f-84f0-44d5-82e9-380c43a9045f,misma_empresa
1c586b9a-bb1d-4716-b508-00d7dc986042,81e0634f-c5ef-4bd4-afe8-efc0297ea950,referido
b848b273-ee8c-4329-806a-3e8aa153b035,98313e47-6c8a-414d-9a78-0733de160b87,amistad
70ddf536-eb46-462e-b884-411d49bcba42,97dfac66-f0d9-496b-a87a-5f2bd916afc7,comparte_direccion
6b580060-9d0e-413f-b234-e7bcf4a2f5c0,da4af556-bfca-49f8-b820-8c3b4e4c4e21,misma_empresa
b95df859-1ad1-4687-8901-2fdd33eee80b,5808b677-4bb0-41e1-979d-4d7dbaee6e15,misma_empresa
310e6eda-7fb5-4583-af41-e405d43b45b7,d8694562-8a5e-4d76-840d-41311a6709de,amistad
e385071d-507b-4474-8f02-d0867de0b9d2,bfc19b95-18e3-44bf-a727-8a5e6ca4f8f3,contacto_frecuente
21c02ab6-9706-4fc0-ac41-2ac7dec39f60,1ca8c4c5-8779-4707-9443-8492a20710d4,amistad
350d01e3-159c-46c9-af01-98a67b113654,53e2a8d4-8030-45e8-879e-55bf23489100,amistad
22b56252-89ce-435a-86f0-c00aafa1130a,8d85e6b7-8940-478f-bbbf-3a45281b5b16,referido
8dd0b782-eb10-4845-b063-7d1d42dace0a,91c9c1ff-6ebc-40e6-8d91-1871194570f0,referido
50e85943-bb0f-4f44-bd7c-4484c55a3c5b,800b6100-d080-45a3-a56a-2529a7498026,contacto_frecuente
c7e96c31-b070-4fe1-9477-0b2bbca42737,4889e883-6b41-48a2-af8e-04195cc23246,misma_empresa
ff7b9d0b-7cba-4e52-a244-b15e0dccf36e,aa38fb4a-bda0-4a22-a8f8-a57086db37ca,misma_empresa
90866f05-fe61-4633-b7e6-b336e1605834,6cb639a8-98e0-4515-a42d-3ca9f449357a,contacto_frecuente
2e25e697-4422-47ce-8994-933634fb354d,64e8e902-baee-4b5a-8073-87dc375e889e,comparte_direccion
e2e723e3-c74d-4eef-8f35-62ebb1890cd2,9a6b1437-6a0d-4b74-b408-1a8ad2ca3b09,comparte_direccion
adb2430d-6bf2-42f9-8fa7-47f83efba491,9845eac5-a9e7-421d-a55e-654aff9e7e3f,transaccion
82a80399-a933-4dbd-984b-5d2079d03b99,54e17889-fd0c-4620-a2da-1df96bfcd613,contacto_frecuente
4477a23a-9cf1-4416-ae32-125a3067c459,344b1a90-03af-4918-8bf1-7cf81a846d5a,referido
944c1a0e-4ea8-4255-9dd8-f32bbcf3e16a,07108aca-a36b-4827-8ac9-3ec8ccd564e6,transaccion
6daaf891-af4f-4348-a882-c963676c72bd,2e25e697-4422-47ce-8994-933634fb354d,misma_empresa
527bcd19-af99-4aaa-a728-4236b3f5e43c,59f2032a-b31b-4d45-aa03-61821de03b61,amistad
ab15c283-3b34-45d6-b183-944cb1e31bd9,ff637bdf-bae7-4104-b717-a8b894211b81,misma_empresa
70ddf536-eb46-462e-b884-411d49bcba42,65cc42f6-1b47-463a-968f-26e287f601e7,comparte_direccion
245aab86-b938-49f1-a60d-7c33b8decd54,4da44b58-96af-485d-b753-53cde5c48e9f,misma_empresa
7bd04b12-64c7-45e7-8a01-504e6e82dc52,0f56eaab-ab7a-4398-ad47-54b8d22a84a2,amistad
a1da3be9-5274-4dbf-b5c4-b92faf0024b7,b8179e2e-0fb7-432c-afec-62c01e4d7878,comparte_direccion
e8faddf1-1054-4034-bb3c-98f843799356,5cf68f49-8609-4b72-811f-a488bc7d332f,contacto_frecuente
471a9217-a902-4387-b59a-7f373410a321,8127d63e-50d4-4c32-8dbc-ef874cd1370e,comparte_direccion
7e9a71fe-53a7-486d-a80e-27c56b305c37,3c8ef360-3d45-408e-a989-00a414898c93,comparte_direccion
e5144bbf-ca7b-417e-bfcb-3bdc89bd1a7a,fef22469-9f89-4dff-83f5-60b891355cef,transaccion
ea5161d3-d16d-4720-b393-a80c195ce16d,b412face-7f39-49fd-ba95-997601ac7606,misma_empresa
2ec21ed6-d580-4bbe-bc5c-a6a47f76a59b,9f779d85-c1e2-48c6-b85b-4c5185f7df01,comparte_direccion
6d4ef96b-319b-4277-8849-c1508521db50,bfb9f944-fcd1-42e4-83fb-f9f708888000,transaccion
7e92cf48-e9cf-4c0a-8bed-8d1663aa2fb3,94647db7-f68c-45d4-9529-30afdb6c18c0,comparte_direccion
0e559814-b892-4d12-aa4f-233e9be7b817,f78a1f11-1359-402f-a184-0f3f6a201644,amistad
99620068-99d7-4351-9b01-2b4c0af9299a,a7b4eece-06d1-4195-a89b-c63a20dbfe07,amistad
1d23c2a7-66ab-4741-b787-f2363565f1ea,bd4cbb1a-1a0b-40b4-bccf-54eab4a2e80f,contacto_frecuente
385528e4-aaf0-4bcf-8d98-514dd14ed73d,98313e47-6c8a-414d-9a78-0733de160b87,contacto_frecuente
dba95bd7-ba54-42fc-a9bb-2424d0958182,87d43448-1591-467e-a978-c0925caa5fbf,comparte_direccion
c556ecaf-cf63-44dc-b184-dab0c1ef95ef,25c35e64-68dc-4c5a-b311-27c84851610e,comparte_direccion
b5a555ce-a158-4a20-8150-ed1d41257b57,ba86066e-09fa-45c2-9bff-f38ff74a91c8,contacto_frecuente
312caa62-9bc7-4f6e-894d-a9ad50a79f3f,4198a58e-9e6e-49ef-a79d-78f21da5d641,referido
3deb9639-6438-402c-b40b-583e50a7da11,3fba1d7a-b0a3-4c81-955e-5cdd66f01dd1,comparte_direccion
8bff27e6-0738-4583-a1b8-77df6580c36b,ab18cb75-7107-4fc4-8d69-b3db2d489b9a,referido
d98c5f0f-6fd5-4ab3-807f-0df80099917e,5e34c618-4523-44b4-a235-0e81e13ee687,contacto_frecuente
cff4aeb5-7126-402f-aaa7-53edc2efd2cb,cef4a066-83fc-4edd-bdd0-daf4ddec7882,misma_empresa
fea087d9-b15a-4717-91d2-58645ec51198,14b0068b-cf5f-41c0-9afc-0662c757010f,comparte_direccion
1a39762f-a8d1-4713-8817-f80b2c1dca83,6d4ef96b-319b-4277-8849-c1508521db50,contacto_frecuente
b5dd23e5-8fce-4308-86c8-cb9958f25947,96ee84b3-0dbd-403a-a9e5-e2d97418d118,contacto_frecuente
9c95934f-c04e-400d-856e-7bf4f75ab2b3,8f1071af-8da3-4815-8f35-82e80f5ea78f,amistad
d745b93e-6ce6-4a7e-b68d-fdfbb64d7572,cb4228f2-4cf2-4a8d-8894-1278178a0319,amistad
91c9c1ff-6ebc-40e6-8d91-1871194570f0,51250a9c-22e8-4815-9edb-8d37a91ec643,comparte_direccion
1364dc0c-ba3d-43a3-9a02-a458e1977e7a,54caedeb-5f9a-4028-9f09-9ec3ffcff14b,referido
65612049-7bf3-406f-b438-2af212e37277,76821c24-583b-4739-8f2e-f3133e7d1bbc,comparte_direccion
9537624a-b9bf-4b03-b61f-d10c23737b19,c2bb9797-b4a2-40ec-8e71-8797a5ebf0fd,contacto_frecuente
546ada4b-e3fe-4bd1-94af-5b0b23c5f104,a05a8ce1-56ce-4e52-841a-702ae6ef5a8f,contacto_frecuente
f09c2390-5108-42fb-b5e0-aba600b3bffa,24edac0c-a22d-4d51-b0f2-ce0dec9752bc,referido
4704851e-2f3a-4f21-b88f-dbb07eb9ca1f,26933967-516d-4853-b015-22a4770606b3,transaccion
edce34bc-0bad-4fbf-963b-afb7d62d347c,e886da7a-c7dc-4841-9851-a16a45631d17,amistad
8aac948d-9ba5-441f-ace7-1d24c28b647e,99ebdcb0-95b2-4a45-8e68-368d8bdd0bb2,referido
576ab723-ff09-426a-ac01-5f3121f5b01b,2a9e354d-cbf6-4458-9ba5-045e492105ba,misma_empresa
46ea322d-203d-4382-9b5d-c5cb1ad81a71,df955aa5-bd53-40b9-9f68-b6390f6f21bb,transaccion
439bf853-2fef-460e-8625-9390eb68a7b1,ba41bab4-8fac-41e0-8c3c-260d6efd77b1,contacto_frecuente
85411fd4-dbb2-4d0f-b880-9dffb372043f,0b17c26a-a18f-445c-8c06-8bda330a3cd3,amistad
0f889f7b-1e9f-411e-a52a-a7113fbec77f,9b2b9e9a-6fbf-413a-9294-18f83407fd10,referido
4460c604-8543-42c5-a418-e1a8186ba38e,f6355e61-ad36-4780-b0b5-a5b39a52f70b,misma_empresa
bea2817b-3c04-4e3d-ae83-f55219ca7e15,2f1555ad-b804-45b8-b361-6fca21377015,referido
dba95bd7-ba54-42fc-a9bb-2424d0958182,491d1332-8d6f-430a-9da0-43bd590f796b,referido
37ab8a53-9fd4-4a2b-bc37-76a27b810f0b,ce911d66-d12d-40ea-be28-f8b64dd75e9b,comparte_direccion
e0cbbb63-0b17-4d9d-908b-ea258cde3eca,82c1e958-6384-47b8-9598-e92fa0346283,referido
8f84556e-b789-4a07-9a85-71c40ca18fb4,6faf74fa-1f5b-4873-ae82-df38fa793026,transaccion
e7bf0999-764c-4685-9a1c-1cc973f76784,dfa8b8cc-f736-43e4-80af-4f7bdfd59f18,referido
a8edec27-663e-4b5a-93d1-37ed5abafc67,d9e57f1e-78fb-44b5-980b-c3a0e800d063,misma_empresa
bfb9f944-fcd1-42e4-83fb-f9f708888000,d0e93ed6-9f51-45c6-bb8c-838332a72fbb,contacto_frecuente
c3e35526-e18e-446d-bd45-f61aa22390f2,dece9a97-8f76-4358-b7c9-5889a2d9c41e,referido
8e4264a6-ca9d-4d43-999a-3a7b1004a2dc,2383d08c-6bc5-4248-9416-ef39fb14b256,transaccion
106f5155-168f-40ef-9c85-069e06eb24e4,aa3740b1-6566-4000-a7ba-c465cb7906e0,amistad
46651e45-7d83-4e93-9e6e-ce6f983a8c84,63b79faa-0f61-428b-9997-6870606616db,contacto_frecuente
1d27b61a-8109-4c17-b2b7-90c10af79316,d8694562-8a5e-4d76-840d-41311a6709de,misma_empresa
c48fe713-2c2e-4e43-8704-1d9a42f4ebd5,910c7762-e6f8-4538-b5e0-7f307133a355,comparte_direccion
cf0e5901-2c6c-43fc-b2ea-a565df2765a4,8f656e8d-ea19-4ab0-86bb-f540b8de2e4a,amistad
4704851e-2f3a-4f21-b88f-dbb07eb9ca1f,5cf68f49-8609-4b72-811f-a488bc7d332f,referido
2576f4b8-edc3-4567-9ad3-7bc995af4fec,70d27c6a-198d-4193-8d85-25f555607ec9,transaccion
97dfac66-f0d9-496b-a87a-5f2bd916afc7,bea2817b-3c04-4e3d-ae83-f55219ca7e15,transaccion
44ab99d4-a915-4ee1-8794-afef89f82df7,85ad8d89-fd3f-4ef3-b6c2-484196c63cf4,misma_empresa
daf0dc66-0e11-47a0-a363-35d07c2d7441,ea5161d3-d16d-4720-b393-a80c195ce16d,referido
54a21c26-c2d7-421c-b302-717449e134b3,d8694562-8a5e-4d76-840d-41311a6709de,misma_empresa
cdcd4c27-31c7-4ead-90e2-ccd0f920bb59,52f31c60-5bdd-435b-9dc8-4bdf26ef5dcc,amistad
0cb7ba22-0850-4daf-8e4b-21288d28baea,5552dafe-cab7-409c-ad18-c38682719e27,amistad
b58446d5-4ca6-4bc7-b5db-60c9dd4d6579,82fbfd56-a6ed-4faa-a561-3c7142b30f7b,comparte_direccion
2ae7ef2c-cabc-4976-87e1-1f2e0bc2fa54,8c498912-eee4-4a56-9cf1-a58de869cc1e,transaccion
ad7b80ab-bd3f-4ffc-aeb9-2702e9b834d5,3730ea3e-f809-4194-8b2c-f2e86a9b8995,amistad
a4286b76-0d8e-4c70-a52a-a4f125d5ee96,ec43d27c-27d6-4903-a76e-68de252e9b91,transaccion
31ee5906-439d-49d8-af01-e0f1f9adde0e,cb776d70-ed20-4ae9-90f4-f3d6f1fd4847,misma_empresa
a4efd51f-820a-4e07-a4a0-e9bb59f83327,871927ba-9887-4ec4-8d75-643700ac3220,comparte_direccion
b412face-7f39-49fd-ba95-997601ac7606,b6ea10cd-0191-4374-a260-c8ea5711e25f,amistad
1f75a232-d60b-4801-be8c-60933508a87d,33be4505-2135-48e1-a010-d5d0efa0777e,amistad
ca840181-2c1c-41a8-bba8-bb9087c5ac08,013f7c29-22f7-48cb-b277-07553b4810ca,contacto_frecuente
231d969b-85f7-4ca0-bd1f-80e76d3fefb7,77be5f41-ee83-41b5-8f60-02bb13627dac,amistad
0fcce3d4-8a8c-49a6-8630-13c4ee45d01f,86a52eb8-99da-4c36-8ea6-b52f399f22a1,comparte_direccion
112ecb07-0088-4269-b171-0f412ae64525,c3e35526-e18e-446d-bd45-f61aa22390f2,comparte_direccion
5cdc53a9-cc18-465c-aaf1-f7156838a0b1,90218919-bc6f-4696-99cd-f24771270d75,referido
e3b4c1b1-ac10-43c0-baff-63d46cea5a03,b6ea10cd-0191-4374-a260-c8ea5711e25f,transaccion
eb863ef8-421f-406e-80bb-57e8d46c2a75,de647a50-0d15-4657-b166-438ff36b1e70,contacto_frecuente
2f1c2160-d6f6-4f49-906f-8a1b6f3c6fbc,7d35b025-a613-4c0b-a28e-6d5c1481f694,referido
b5dd23e5-8fce-4308-86c8-cb9958f25947,afba9fb6-fc11-4811-a6b6-bc9e8637572c,transaccion
92326549-5627-4a78-933e-8164f34207a0,cb776d70-ed20-4ae9-90f4-f3d6f1fd4847,amistad
bc9fa845-fc82-4c0b-b739-4f2dfa512dc0,9220e932-48bb-44dc-9cd8-b2e9e1c6b4bf,comparte_direccion
049b8d1c-ac01-407c-9e27-2a7d5b97eecd,9aa50e3b-1dcb-4464-9f61-8b6d003a2386,transaccion
4aabf8be-2106-4fca-80a9-335bc61cd1bf,f2804b11-1e1d-4c9e-97b8-ee6b62b44187,transaccion
4a542bc0-9f4d-42e3-81f8-3845f0fa2a92,ad7b80ab-bd3f-4ffc-aeb9-2702e9b834d5,transaccion
163d776c-4ada-48e9-8dff-5d1f3da3ddaa,ea31508d-e6a9-4019-bc96-a5f53b3a3dc7,misma_empresa
d568c99a-6e3b-4b0a-af18-aa65f9deaa9c,496fa519-0919-43b7-a249-7d9683391d23,amistad
4da44b58-96af-485d-b753-53cde5c48e9f,1178f79a-d7dc-4eb7-95bc-c0b9eee4ea19,contacto_frecuente
8961e653-5e37-4c02-9232-6d4f7514b541,c3e35526-e18e-446d-bd45-f61aa22390f2,referido
720d44a3-acc5-4d7a-80a5-0ae6a7a75c46,4ab8b987-abc2-42b9-a37d-0de8522b5658,referido
bc0b824b-e19b-4845-8b39-8eda2c54a6a3,e4d8f20c-0f2f-4887-bfb2-e5e7a26dd2f7,comparte_direccion
c5b70dde-29d0-4a3f-8565-bce1ab7f7a34,b58446d5-4ca6-4bc7-b5db-60c9dd4d6579,referido
b0449f5b-e65f-4884-b3e8-1628a2982028,c48fe713-2c2e-4e43-8704-1d9a42f4ebd5,contacto_frecuente
eb881766-3a8b-4a73-9721-1a0be5ea5fb3,640bd510-df72-48b1-9945-d68299fee299,misma_empresa
b6ac0231-599e-4f19-a294-b1eb4c325ba8,bd9fd80a-1c8e-445e-8e25-0b7e0660febe,referido
07a110fc-6c4d-42be-b517-8fa04f23c6f7,49968ea6-2c29-4fb4-ab80-4bda23e7d1b9,amistad
160c6836-84ff-4f70-b41d-8c3891230a6c,f6f89bb8-9b00-4f92-a25c-58246e305f58,transaccion
ee3fdf85-288f-40a0-8185-0979882a0e86,10c56617-03bc-4c17-8120-045b1e3a74dc,referido
1df54cf5-436c-4c58-a273-c6184739f64c,d8bf4e13-e024-489a-ab78-803ed5ba3c38,misma_empresa
45446001-d01b-4758-9e21-e7945825b9aa,1958aa70-580b-41ef-9785-1963b5fe2abe,misma_empresa
143ebda5-936a-455b-b7e2-1e2cd537d687,e9393531-b6e7-4257-9c81-2963762db37d,misma_empresa
fff7ab41-6932-43c3-8eef-366386fe950e,90218919-bc6f-4696-99cd-f24771270d75,referido
3d25576b-d67c-40b6-9b5d-3b3d2f0ccc1d,51ffbd77-f951-4d60-bf46-e08f08e8f4b1,misma_empresa
3e5fb39c-77a6-45eb-9f53-971ff79b3364,e5bdd48d-b853-47d9-84cc-706a43cbe57a,contacto_frecuente
34f74617-6b2f-4103-a7c2-1cf92b221cc5,b0455250-4656-439f-aca2-34b622bbb824,contacto_frecuente
709ce600-7053-45dc-b802-5d4a1d1fb8f3,20e4ccb5-8aba-455c-861c-0a231d4aded3,transaccion
3e2daee9-c4a7-401c-85a3-4823ab5dad77,ad2c25e4-4508-42e0-8b1d-d7e72fd52ba4,amistad
a1da3be9-5274-4dbf-b5c4-b92faf0024b7,03a1a118-5931-43b3-b124-8602c5373e1e,misma_empresa
b0455250-4656-439f-aca2-34b622bbb824,e4d8f20c-0f2f-4887-bfb2-e5e7a26dd2f7,contacto_frecuente
855a3dc5-dc9d-4774-b2bb-31ea368ae584,1871005a-b413-4406-bc6a-70a65a578cf5,amistad
e902044c-f338-4579-8442-0dcd34aad037,5b626305-094f-42ba-bfb9-0c4158d69f81,comparte_direccion
4fae0bba-4a98-4626-b265-5a09313cc9fe,9346ba69-a72c-46a1-83e4-4cecbd85556f,contacto_frecuente
350d01e3-159c-46c9-af01-98a67b113654,40f8a80f-6ab7-40bb-a3ec-1b21772ec5e7,comparte_direccion
431576a5-aef8-43ca-810a-6ec2cd286e79,0fa7d8c6-299a-4036-b550-f57a86fd6d68,contacto_frecuente
c7e0af24-4b69-4c32-add8-b01563fd4a7f,5a809d1e-2dae-424c-877c-6ffe8479d9ff,amistad
6e994046-7007-4968-91a0-d65543cc1154,0b887a93-4100-46d2-85e2-24197f6bad3a,contacto_frecuente
fea087d9-b15a-4717-91d2-58645ec51198,741ead04-5ca8-4bc6-a785-23bddc40619e,referido
f6355e61-ad36-4780-b0b5-a5b39a52f70b,1df54cf5-436c-4c58-a273-c6184739f64c,misma_empresa
33839114-2d08-4a60-8865-5d5c6268754b,82b80349-c3cf-4909-96f8-9eb8029634c2,amistad
950413aa-7f2e-4977-86f8-531651356e1b,3bb9c377-89c7-4cc9-89d0-f456985f81dd,transaccion
079e7304-5c35-4f3b-9192-20deebbad7a1,9220e932-48bb-44dc-9cd8-b2e9e1c6b4bf,amistad
7db153d2-4843-426c-93fd-4674edfad53e,b8abdc4f-84f0-44d5-82e9-380c43a9045f,contacto_frecuente
9cc95113-08b4-4755-9514-0f7aa4255fd9,4477a23a-9cf1-4416-ae32-125a3067c459,transaccion
f637d1de-3ca3-4130-84b8-0b0abf2669cc,58aaa814-dcef-4016-a827-d84b5f84f64a,comparte_direccion
2812615b-d2a8-4a94-bc33-d2dbd49df4b0,9ab5b617-dbbd-4fd5-86d3-cb02b4c87b9f,transaccion
ba6e834a-7173-4864-9ba1-d8b337a570a1,97dfac66-f0d9-496b-a87a-5f2bd916afc7,contacto_frecuente
078f51be-b29f-4ff6-a836-73e2196c76b2,81ac2b86-5921-4d72-be7e-77ed66c6ac7f,transaccion
4a395e60-0891-4592-9999-41104b51a073,6a03cad3-6999-436e-aa55-f70b99efbb9a,misma_empresa
51250a9c-22e8-4815-9edb-8d37a91ec643,37ab8a53-9fd4-4a2b-bc37-76a27b810f0b,misma_empresa
05c602ad-a3c7-4c28-8545-f514a8e1af7c,fa7aa1cd-4718-4fd2-8de6-82ed2e3290af,contacto_frecuente
bfdaa12c-5c27-419f-a7b9-3333358f4c9a,03550533-2229-43ce-8a97-2767e9e572ae,misma_empresa
c0dd5e67-6e16-449e-b3e7-474e0e3d13cc,7fbc2391-899a-42ce-9142-37b829462cc8,contacto_frecuente
3f7fb10b-dff2-4525-948b-4ee063c1af5b,4889e883-6b41-48a2-af8e-04195cc23246,referido
eb39ccdf-537f-45b9-b190-f8dbd30c72fc,079e7304-5c35-4f3b-9192-20deebbad7a1,transaccion
238922fe-1536-4802-b832-5b2af1a99529,ea31508d-e6a9-4019-bc96-a5f53b3a3dc7,amistad
84398493-2266-46d7-8361-eefe35542d64,1c2a58ac-3da8-4561-b7ee-e7366f6421d9,comparte_direccion
9a700a4c-a581-4690-a07e-58404a809dd0,54a21c26-c2d7-421c-b302-717449e134b3,amistad
3c531a0a-b4bc-461f-bfe9-6531ac3c3ffd,6642820b-efc2-4198-ae16-7d0a5352d0b0,contacto_frecuente
4a845e7f-62e5-436c-923d-1e497170f11c,ca7c6303-c94b-4cdd-9472-0b4946252c7f,contacto_frecuente
92326549-5627-4a78-933e-8164f34207a0,e463b774-026e-4182-a6c4-14cdb58d663f,amistad
33c8e6c8-efbd-429a-a0e9-6c22b0e1084a,84398493-2266-46d7-8361-eefe35542d64,misma_empresa
3672fd24-3e0b-4345-8bff-6067e0de2ee8,9537624a-b9bf-4b03-b61f-d10c23737b19,transaccion
491d1332-8d6f-430a-9da0-43bd590f796b,c2044a53-bcf5-4f48-8b27-efb24fcb4f11,amistad
4e61e6d8-cb2b-48d4-a8a6-0513e46dca43,c5dbfaa6-6032-47ec-a01a-61f759da815f,amistad
498a6ea5-2274-4c8e-8080-4ee67af8c73a,d8589696-d20d-4e2a-8e92-7bf44ed6d491,amistad
0e559814-b892-4d12-aa4f-233e9be7b817,47edb2f3-def4-42f6-85bb-adc25deed8e9,transaccion
071bc922-7abb-4e9f-8a54-b21b6aecb45c,d378329b-8337-4145-9717-2e6e6b569aa7,transaccion
4ab8b987-abc2-42b9-a37d-0de8522b5658,0d81291c-37f6-4c99-876b-21c5d98c23ff,referido
ca840181-2c1c-41a8-bba8-bb9087c5ac08,801060da-5781-4e38-8c37-ec93f097a504,amistad
244f328c-b268-4985-90ce-b111e3f03b84,709243e3-a26e-4bcd-a46f-94f4a4e965a2,amistad
f1c22941-3821-4190-bf69-b4185060254c,f4d465f9-64af-46d1-9859-95cc7085d2d4,amistad
0c6f97ed-f676-49be-9691-8354af1e00b3,f6a4eab5-693e-46a1-9f44-97cd6ab853fe,amistad
152674b3-b388-4c07-af3c-a3413549e137,245aab86-b938-49f1-a60d-7c33b8decd54,comparte_direccion
26d13d5b-830e-4df3-840b-c1a2c9b778e1,348aa7a3-2cde-4d25-b045-c4e99abc084e,contacto_frecuente
9adadef2-f16c-48da-af74-1d796d44332c,7d0cb50a-a01f-4435-9935-d7e9dfbea353,comparte_direccion
fef22469-9f89-4dff-83f5-60b891355cef,ed3c9bf0-7fbe-4a8c-8705-618038deb150,referido
a05a8ce1-56ce-4e52-841a-702ae6ef5a8f,1bf1b98b-e944-403e-8ce0-41c2204cd754,misma_empresa
85aaed61-7343-45ab-9059-21fdaae5f351,33839114-2d08-4a60-8865-5d5c6268754b,transaccion
7a47f978-9feb-48cc-880f-4bc65d9bb301,691a34e0-3adb-402d-901a-16a072ed666b,amistad
ab15c283-3b34-45d6-b183-944cb1e31bd9,da916067-396f-4934-b4d0-4d2bfe744464,contacto_frecuente
a2f279f1-3899-4630-8438-15086b3b4274,640a8720-c80a-4def-8681-4849660dd8be,transaccion
e7bf0999-764c-4685-9a1c-1cc973f76784,7a92d9bb-f8e3-4a46-8322-c661c09975f9,referido
ad7b80ab-bd3f-4ffc-aeb9-2702e9b834d5,152674b3-b388-4c07-af3c-a3413549e137,referido
6d904d71-20a4-43e5-b5ca-93031019d0cd,237fd167-7a56-49fb-b04a-f864444e0c86,contacto_frecuente
5581cd66-e36b-4896-b846-698b5d20706e,b956d8e9-48eb-4630-ad14-96f1aae283bd,amistad
07aa2fde-4748-45aa-8438-f2d0e4bca985,55df59ba-048b-449f-8c0c-c27e82a73947,comparte_direccion
5b462404-5629-4510-80cb-50e02e46ff64,6d4ef96b-319b-4277-8849-c1508521db50,misma_empresa
cf0e5901-2c6c-43fc-b2ea-a565df2765a4,05c45f1e-db64-4d12-8dc4-5299467dd814,misma_empresa
60c2797e-9e6d-4086-8481-d68e50feaa6f,105b050f-7247-4376-956e-63fb606bf239,referido
16835996-59f9-44fe-b708-52ad5ceaff0d,f11f9f4c-bb61-49de-bdb5-ec926c3f042b,transaccion
c7e0af24-4b69-4c32-add8-b01563fd4a7f,2812615b-d2a8-4a94-bc33-d2dbd49df4b0,transaccion
32e93bc3-2349-48f9-b5bf-e94fdb13c727,27048d1b-dafb-42fe-bffc-508792efb6af,comparte_direccion
aff3e836-7494-4337-ab69-56b0c1db9e50,20e4ccb5-8aba-455c-861c-0a231d4aded3,misma_empresa
820962f9-232d-4d2f-b1a0-7fcdfbcd692d,df955aa5-bd53-40b9-9f68-b6390f6f21bb,comparte_direccion
34fbeb54-ca1a-4b3a-ad7c-bb1941eb8749,b622c915-77e7-4526-85bc-57df82a9a2a9,comparte_direccion
f6188a41-97a1-4f8e-994e-c0e3dc6a7d36,7c90009b-19c9-426f-8476-6181bc47913c,transaccion
93577691-60dd-4e63-ad90-2c989a194861,91c9c1ff-6ebc-40e6-8d91-1871194570f0,misma_empresa
cb4228f2-4cf2-4a8d-8894-1278178a0319,3a9ac4d6-6b04-41a6-9adf-f6f6dcefa313,amistad
393069d6-4123-400b-b864-ff1273f3ffbe,6f693196-620f-4334-a0c3-9f2f0bbf6863,referido
3bb84bfc-aa8a-4e85-90cb-39c5cbb73b97,97dfac66-f0d9-496b-a87a-5f2bd916afc7,misma_empresa
6b580060-9d0e-413f-b234-e7bcf4a2f5c0,ea5161d3-d16d-4720-b393-a80c195ce16d,transaccion
b0038f3f-d387-41e9-bd81-7addb29a7da2,6e9ae962-4085-4119-ac3a-f7cc41ab6cfb,referido
4632ef87-4494-478b-9ac3-998b59a7c214,e1a6c038-270c-451b-a359-eb3b0374e132,misma_empresa
124f28e9-ba39-430a-9ae6-415573151d7c,7f03938a-7536-4ba1-be9d-0b35e660fba7,contacto_frecuente
bbd45d90-c7a8-49ea-81a5-d5ce915ffe1b,22b56252-89ce-435a-86f0-c00aafa1130a,comparte_direccion
4014f591-d697-4036-a492-76e6b461b110,51ffbd77-f951-4d60-bf46-e08f08e8f4b1,amistad
1dcf5fc5-39a6-4441-a7f9-02b4f4c7ece1,0bf2efa4-e1a0-4cf2-9a3b-db11cb9e028b,misma_empresa
049b8d1c-ac01-407c-9e27-2a7d5b97eecd,cf31450a-ef29-4f81-aee2-188e63895e7d,contacto_frecuente
f7df2221-3130-4a51-8be3-f00e16245571,2bc6183d-ca98-4175-9c98-599bd01101d9,comparte_direccion
a001c192-f409-40ac-874b-337c83020f78,098a8f13-fbf5-4926-9ea1-2cbe72f8045b,amistad
049b8d1c-ac01-407c-9e27-2a7d5b97eecd,640bd510-df72-48b1-9945-d68299fee299,comparte_direccion
41a118c9-c3ef-4a12-9f59-a21c51051179,a267d493-38c7-4220-b819-7ecd8bd4d5c6,amistad
dd9e9110-ef9e-4e20-9678-fb0f69d1d2c0,17c72c13-6d06-49d4-863a-d184bfef2d18,amistad
65bbc211-25bd-4025-a094-fef9244a26ee,b7dc6d59-6fcc-497f-aa2b-44fcffc34a39,transaccion
94647db7-f68c-45d4-9529-30afdb6c18c0,cb94d157-7e9b-4117-8b00-2fc427ac25a1,transaccion
1a216d41-45bf-4292-b4b5-06e424d9d400,49a1d8ca-c247-42d9-b944-9cdc595e328c,referido
556b9e70-731f-43fe-8918-500d396e8b1f,5b26c537-d817-43f9-a250-061798dcfdc6,transaccion
0718b6fc-1099-4725-934a-3970a519273d,82f780ee-f21f-472e-9eff-0470255ce6cd,misma_empresa
7e1ee659-be1f-4f7a-9e50-f567edc2d7af,81e0634f-c5ef-4bd4-afe8-efc0297ea950,misma_empresa
1c2c3646-87e6-4675-90dd-82eb024c8dee,bfb9f944-fcd1-42e4-83fb-f9f708888000,referido
28e176f5-d9db-4c3b-8968-460e9335b225,26ed4942-6432-4311-bc0c-9baca5a31a06,referido
4792bbdb-f4a9-405f-a054-fd33428c79f5,b1772e92-f68d-497a-be83-3a9fe4477fb4,referido
b125ae36-32f6-498d-844e-a1278dbab66d,f5b57355-a8f0-428c-80c7-fea664f9135e,comparte_direccion
a668a70e-e4b8-42bd-a8e1-e9a2b1e24b68,496fa519-0919-43b7-a249-7d9683391d23,misma_empresa
51250a9c-22e8-4815-9edb-8d37a91ec643,698227f0-ce6f-4595-a3c7-f126b07bfa18,referido
1c1e7293-67e1-4805-a529-14238dc2c989,b000ba8d-e7b5-4a78-98eb-255c371ac015,referido
a20189a2-4b9c-4086-92b2-590f3f879bf7,ba41bab4-8fac-41e0-8c3c-260d6efd77b1,comparte_direccion
e99463d4-2a5a-4479-a32b-89b60f2b244a,0195c530-9827-4e9d-baa9-f1abdb792be9,contacto_frecuente
8a71f7d6-51ef-4122-a4bd-a406f1c76704,d735e706-8995-4ed0-a4aa-0149d2148710,referido
d3166baf-4f72-4b90-9f1a-903e18abb6e7,fbed0ad9-d785-4fb9-80bc-3d3b9f790e73,transaccion
b811b7ab-af5b-452c-af6b-a42ca0815a80,76ee0c42-8e41-485f-b16e-c479cc35a28e,transaccion
7bd04b12-64c7-45e7-8a01-504e6e82dc52,9220e932-48bb-44dc-9cd8-b2e9e1c6b4bf,misma_empresa
0cb7ba22-0850-4daf-8e4b-21288d28baea,09dc59ef-348a-4d2d-8a15-8fe2a44c1af8,comparte_direccion
dee3a3bf-c35c-456c-9b83-8d775b444909,b7dc6d59-6fcc-497f-aa2b-44fcffc34a39,contacto_frecuente
f3348b30-1af0-4bca-8428-86825e236af1,640a8720-c80a-4def-8681-4849660dd8be,contacto_frecuente
fd8cd495-2626-453c-92f9-11adecab3e7d,fa7aa1cd-4718-4fd2-8de6-82ed2e3290af,misma_empresa
193733cf-5939-49a0-8ad7-4e53ce0d2a18,70ddf536-eb46-462e-b884-411d49bcba42,contacto_frecuente
a5014585-5f70-400d-ac46-f9a32e3daf04,8a71f7d6-51ef-4122-a4bd-a406f1c76704,contacto_frecuente
60991e8b-d285-45e1-acab-68df792b1346,431576a5-aef8-43ca-810a-6ec2cd286e79,amistad
c7e96c31-b070-4fe1-9477-0b2bbca42737,54e651ba-2d33-4af2-9513-9b57311ca934,referido
49a1d8ca-c247-42d9-b944-9cdc595e328c,6a03cad3-6999-436e-aa55-f70b99efbb9a,contacto_frecuente
e5d6e924-be98-4209-938e-3537ff21be63,325a9d8d-cc0d-4b22-949d-be37ecee0e1c,comparte_direccion
eb863ef8-421f-406e-80bb-57e8d46c2a75,ae93209c-fc3d-40d1-9c4d-efd57392f1e6,transaccion
9ae05dee-963d-4ffc-adcc-012239c42d7f,c7e0af24-4b69-4c32-add8-b01563fd4a7f,amistad
f09c2390-5108-42fb-b5e0-aba600b3bffa,65612049-7bf3-406f-b438-2af212e37277,referido
fff7ab41-6932-43c3-8eef-366386fe950e,6b580060-9d0e-413f-b234-e7bcf4a2f5c0,contacto_frecuente
94feb316-c300-4cdb-b0ab-6bd300747e49,01ff4206-9bc0-4691-913d-6f0fada3d037,misma_empresa
7921c0a7-11f8-4e19-8309-cc3867906450,0bf2efa4-e1a0-4cf2-9a3b-db11cb9e028b,misma_empresa
952de6dc-69a6-4a07-81e8-916771bbe8bc,58aaa814-dcef-4016-a827-d84b5f84f64a,amistad
56d3250b-e5bd-4ffb-a138-a2edc276d5d6,1bacff05-6002-44bb-8f70-7dbc7ab6802f,amistad
77be5f41-ee83-41b5-8f60-02bb13627dac,d9c9894b-4caa-490c-8bc8-36d3bbaca5e0,misma_empresa
82b80349-c3cf-4909-96f8-9eb8029634c2,b424fc25-0497-4ac1-ba1a-33597e541c8e,amistad
615447ee-436d-49c7-b733-0a4a4008446a,fea087d9-b15a-4717-91d2-58645ec51198,amistad
b848b273-ee8c-4329-806a-3e8aa153b035,d8ef0b7a-be21-430b-992a-cf9ed5743ed3,amistad
a50c2d68-9d10-4c41-b97d-8806a8006f62,d5defbc7-908e-41b2-bb49-341be428125d,contacto_frecuente
1bda1b85-9f99-4446-ac56-db2b4c0d4c88,ed7de801-46d1-453a-9cf3-660b5f10d7dd,amistad
3b48d6d3-c822-43ad-8025-cdf930cf5179,7e92cf48-e9cf-4c0a-8bed-8d1663aa2fb3,referido
eaa8faea-738b-4b88-9fb6-b9a29a50fc88,b58446d5-4ca6-4bc7-b5db-60c9dd4d6579,misma_empresa
9ae11d6f-1549-4090-886d-aca8e2676cdd,d0e93ed6-9f51-45c6-bb8c-838332a72fbb,misma_empresa
19ca1b41-f6dd-40fb-8112-31f358ee5f8d,078f51be-b29f-4ff6-a836-73e2196c76b2,comparte_direccion
53535263-b8bd-4569-b0a8-f135d0d3327a,f5b57355-a8f0-428c-80c7-fea664f9135e,transaccion
b5dd23e5-8fce-4308-86c8-cb9958f25947,5a809d1e-2dae-424c-877c-6ffe8479d9ff,comparte_direccion
d327af68-e29c-443f-a16e-6bfd8137b64e,76cfcf6f-f669-4a7c-b706-620d9fdcf463,contacto_frecuente
7a47f978-9feb-48cc-880f-4bc65d9bb301,1ce3e67a-b4ac-43c1-b97e-3921ef628e52,misma_empresa
60991e8b-d285-45e1-acab-68df792b1346,b0038f3f-d387-41e9-bd81-7addb29a7da2,misma_empresa
640bd510-df72-48b1-9945-d68299fee299,eaa984e9-a667-415e-96c6-b926fd625343,comparte_direccion
a8ccf291-d94f-4738-b943-66a50d0fdac2,22253f11-30da-4342-95a3-fa1cd5ae9a2a,transaccion
dd1eaa4b-e617-4bce-8b3b-a2a3e7ab629e,7e92cf48-e9cf-4c0a-8bed-8d1663aa2fb3,referido
556b9e70-731f-43fe-8918-500d396e8b1f,8e6fe5bf-e73a-4ebe-af93-b3856f50e6c4,contacto_frecuente
d9c06296-022b-4b00-a558-fbc825ac36c9,43d2a245-e8a8-4eec-9349-78071985e419,contacto_frecuente
c5dbfaa6-6032-47ec-a01a-61f759da815f,82b80349-c3cf-4909-96f8-9eb8029634c2,referido
1a39762f-a8d1-4713-8817-f80b2c1dca83,741ead04-5ca8-4bc6-a785-23bddc40619e,misma_empresa
2e7ef430-5a5e-444d-85d9-157047490387,12c43d15-39a2-4f56-b6d6-dc2b89ebe0e8,misma_empresa
81e0634f-c5ef-4bd4-afe8-efc0297ea950,2e5fc44b-9bab-441b-a73a-49327115e954,transaccion
1ca8a12f-1ce1-4618-9c3e-d439fe35d147,25905c28-1633-4d30-9e9a-516617c91b8c,contacto_frecuente
45446001-d01b-4758-9e21-e7945825b9aa,f8237781-fdac-4cb1-b995-085cd0a88db9,comparte_direccion
3ef06c93-f669-4a7b-b373-e7b606737c96,06c9ba8c-cbfd-4b5a-8051-91351aec2178,amistad
45f19d4c-7cb8-4413-9722-721b095e76d6,ba41bab4-8fac-41e0-8c3c-260d6efd77b1,amistad
b0449f5b-e65f-4884-b3e8-1628a2982028,2afbea4f-d1d5-4689-be61-ec2e1b358678,amistad
344b1a90-03af-4918-8bf1-7cf81a846d5a,a49e4be0-56c9-46c4-8899-15457b46a8e0,amistad
51250a9c-22e8-4815-9edb-8d37a91ec643,daf0dc66-0e11-47a0-a363-35d07c2d7441,misma_empresa
e37e1692-7030-4bb9-967d-ea06074b8639,265a9bda-38da-455a-9a0f-e3201d84be2a,amistad
b811b7ab-af5b-452c-af6b-a42ca0815a80,21e9bd50-19c2-425a-9cd9-3f7b25a41d3b,misma_empresa
2d5893bb-250e-4228-8ab0-1fd6ae9d310b,576ab723-ff09-426a-ac01-5f3121f5b01b,misma_empresa
cf8e22bd-90ba-40dd-bc96-781efd460d6e,950413aa-7f2e-4977-86f8-531651356e1b,amistad
691a34e0-3adb-402d-901a-16a072ed666b,52f31c60-5bdd-435b-9dc8-4bdf26ef5dcc,transaccion
76ee0c42-8e41-485f-b16e-c479cc35a28e,09dc59ef-348a-4d2d-8a15-8fe2a44c1af8,amistad
1505a18a-f26f-4d2d-93bf-89a3daaf3b33,81e0634f-c5ef-4bd4-afe8-efc0297ea950,referido
8d85e6b7-8940-478f-bbbf-3a45281b5b16,9537624a-b9bf-4b03-b61f-d10c23737b19,comparte_direccion
a50c2d68-9d10-4c41-b97d-8806a8006f62,69b1e83a-c432-485e-8d4c-90e05eb8083b,contacto_frecuente
079e7304-5c35-4f3b-9192-20deebbad7a1,4843be8b-2758-42c8-a35a-e41ca1e5b030,referido
b58446d5-4ca6-4bc7-b5db-60c9dd4d6579,23a5af36-d1cf-4cee-94b1-6238d722ff25,referido
0f889f7b-1e9f-411e-a52a-a7113fbec77f,bbc372f6-b53e-46cb-87a1-ae3c9bb37ce6,misma_empresa
949130fe-733a-4e1f-bf68-3fe5f401d15a,65612049-7bf3-406f-b438-2af212e37277,comparte_direccion
383f224f-f2fe-4084-b578-a83e43fece8f,c228f2a7-e58c-45cf-8795-89effe30fbbc,amistad
9ab5b617-dbbd-4fd5-86d3-cb02b4c87b9f,580d9cd4-f66a-4e08-8efc-7480ac7e5af1,misma_empresa
f4ad231a-8e20-4278-8797-4d9fbeb9fd0d,65bbc211-25bd-4025-a094-fef9244a26ee,comparte_direccion
f2edd005-db14-4f41-bb5b-e4a3ce481fd5,70205a0d-9f19-4db8-a864-e9e5b8fb7f17,contacto_frecuente
1c2c3646-87e6-4675-90dd-82eb024c8dee,df955aa5-bd53-40b9-9f68-b6390f6f21bb,amistad
4e61e6d8-cb2b-48d4-a8a6-0513e46dca43,05c602ad-a3c7-4c28-8545-f514a8e1af7c,transaccion
df955aa5-bd53-40b9-9f68-b6390f6f21bb,8accdbb4-28f8-4657-9960-f963d3003aa7,referido
6e5d4c58-eb22-4e2f-b6cc-f577ad0b28ac,10c56617-03bc-4c17-8120-045b1e3a74dc,amistad
3bea23ee-2ca2-405d-a01c-259405580790,d3d01ad9-2647-421e-b6ac-2676ca77fb36,transaccion
55c806f2-cc2b-458f-ae4e-dbbf1a39db66,bc9fa845-fc82-4c0b-b739-4f2dfa512dc0,misma_empresa
949130fe-733a-4e1f-bf68-3fe5f401d15a,9c95934f-c04e-400d-856e-7bf4f75ab2b3,misma_empresa
258378cd-8fd7-4730-8a73-fab143a1f80e,949130fe-733a-4e1f-bf68-3fe5f401d15a,contacto_frecuente
d364b2e7-ac53-4062-937a-a3a4156a5284,393069d6-4123-400b-b864-ff1273f3ffbe,amistad
71c62e9e-a9c2-4fb5-a339-53582e8b3659,1ca8c4c5-8779-4707-9443-8492a20710d4,misma_empresa
ed7de801-46d1-453a-9cf3-660b5f10d7dd,0bf2efa4-e1a0-4cf2-9a3b-db11cb9e028b,misma_empresa
6a307cbd-7aad-486f-8c7a-a57570ea2d04,3e9499f9-2993-4487-93f9-b38fd18061ba,contacto_frecuente
532cde7d-165c-4272-abd0-2efbb57a9205,b412face-7f39-49fd-ba95-997601ac7606,referido
488e6b4f-686e-4e83-a54c-695a77e821fe,3c8ef360-3d45-408e-a989-00a414898c93,misma_empresa
0c701e7a-4998-4db9-a55b-701589340361,532cde7d-165c-4272-abd0-2efbb57a9205,amistad
45657f7e-42a7-4e2d-a405-3848e4fd087c,1c1e7293-67e1-4805-a529-14238dc2c989,referido
33839114-2d08-4a60-8865-5d5c6268754b,bb306c9d-8a3e-479c-bf78-994f7a020ec7,contacto_frecuente
2bc6183d-ca98-4175-9c98-599bd01101d9,7c5e9376-2cd9-4ba0-86a3-1ac573743810,comparte_direccion
a84384fb-4bab-490f-b133-66c47ef8d593,6e9ae962-4085-4119-ac3a-f7cc41ab6cfb,misma_empresa
a3bac31a-0392-4d70-8746-262af01de87e,71c62e9e-a9c2-4fb5-a339-53582e8b3659,comparte_direccion
9e2aa52d-792d-402e-80e1-37ea2273ece1,3091ddc4-c879-4992-a0aa-9251571cc83e,comparte_direccion
ca7c6303-c94b-4cdd-9472-0b4946252c7f,123afcdf-3a33-466e-a8e5-e96369663759,transaccion
69424c13-47e8-4aac-b7ae-a81fb973dd57,505d4eee-612e-4b83-a225-daa0cd0f2fbd,referido
fc9ad9bc-e6b6-452e-8858-cfb0da514a02,640bd510-df72-48b1-9945-d68299fee299,contacto_frecuente
38cf5f97-03cc-4991-b50a-f9f2db8b7f5f,f11f9f4c-bb61-49de-bdb5-ec926c3f042b,transaccion
e2fd0bb9-e63e-45b2-822d-5c61d141a2ba,b16f204c-dc02-4b0b-b4bb-b9754a18e886,amistad
8127d63e-50d4-4c32-8dbc-ef874cd1370e,5b26c537-d817-43f9-a250-061798dcfdc6,contacto_frecuente
ca840181-2c1c-41a8-bba8-bb9087c5ac08,b9d2d4d5-75da-4aa9-8568-bae6b7af1ebf,referido
2ae7ef2c-cabc-4976-87e1-1f2e0bc2fa54,527ad50f-de10-4cc0-a8a9-ad484a8b50d2,amistad
275e422f-fb16-4a4b-8286-3e010c60b113,aa3740b1-6566-4000-a7ba-c465cb7906e0,amistad
bf3b4237-5efd-47aa-b9b3-e7c571537107,9ab5b617-dbbd-4fd5-86d3-cb02b4c87b9f,amistad
698227f0-ce6f-4595-a3c7-f126b07bfa18,b412face-7f39-49fd-ba95-997601ac7606,referido
63235ef4-df90-4f87-bb27-43b2cc4339e1,de647a50-0d15-4657-b166-438ff36b1e70,contacto_frecuente
31ee5906-439d-49d8-af01-e0f1f9adde0e,94087ac1-474d-49c3-97c5-3386547647dd,contacto_frecuente
7136b3d0-8e93-4c92-9eaf-ac5721b62c8b,1aa199f4-7ad3-46da-a2ff-6d81c0ba472f,misma_empresa
079e7304-5c35-4f3b-9192-20deebbad7a1,310e6eda-7fb5-4583-af41-e405d43b45b7,misma_empresa
9882a8c4-11e4-41dd-affa-8e1eb702e40d,49968ea6-2c29-4fb4-ab80-4bda23e7d1b9,comparte_direccion
527bcd19-af99-4aaa-a728-4236b3f5e43c,4262a2e1-bd88-4ff8-bc62-619ea9a39ef1,referido
46abaec7-035c-4154-95c5-5a59ed799c94,33be4505-2135-48e1-a010-d5d0efa0777e,comparte_direccion
50e85943-bb0f-4f44-bd7c-4484c55a3c5b,cd8e1bfe-397f-44ab-bfe2-d6640e6dbe98,amistad
91c9c1ff-6ebc-40e6-8d91-1871194570f0,daf0dc66-0e11-47a0-a363-35d07c2d7441,comparte_direccion
7234dd8f-9277-494e-8364-b4dd30be5aff,ad5cdfb1-17e1-4e42-84e4-95bf01c01988,misma_empresa
4262a2e1-bd88-4ff8-bc62-619ea9a39ef1,b238dd98-88c6-4479-885d-3424f92522a2,referido
cb4228f2-4cf2-4a8d-8894-1278178a0319,95e6b445-62e2-496a-b928-6f232eb917d8,contacto_frecuente
6b580060-9d0e-413f-b234-e7bcf4a2f5c0,1d4cdcb8-c4c6-4134-af5a-4b5b72528d5c,contacto_frecuente
1178f79a-d7dc-4eb7-95bc-c0b9eee4ea19,8e6fe5bf-e73a-4ebe-af93-b3856f50e6c4,transaccion
b2287d6c-055a-4cb7-b9eb-16a24e572ba3,709243e3-a26e-4bcd-a46f-94f4a4e965a2,amistad
187cd6dd-0fb2-477d-90e9-49f98d117417,bfc19b95-18e3-44bf-a727-8a5e6ca4f8f3,amistad
d327af68-e29c-443f-a16e-6bfd8137b64e,54caedeb-5f9a-4028-9f09-9ec3ffcff14b,contacto_frecuente
df9fc63c-2c47-4ee0-b1c8-319c63dc3dd9,393069d6-4123-400b-b864-ff1273f3ffbe,referido
e51b3123-7850-4d39-9a88-ab27f635e20e,17c72c13-6d06-49d4-863a-d184bfef2d18,referido
cf31450a-ef29-4f81-aee2-188e63895e7d,fccfc31d-57db-4100-804c-5cf0c0b11274,misma_empresa
5b50a20d-e1ea-4884-b5bb-9a3c92198f58,d745b93e-6ce6-4a7e-b68d-fdfbb64d7572,comparte_direccion
71518758-5b46-4761-a93e-b83c1fb2be03,3341b775-6125-4cd9-91f3-20bee329434c,transaccion
5fa87ee9-821f-4fce-98fd-8c1938124df7,77be5f41-ee83-41b5-8f60-02bb13627dac,referido
187cd6dd-0fb2-477d-90e9-49f98d117417,71dd12ca-baa2-4d7e-93bc-63c9bad1cab3,comparte_direccion
3b8bb06a-9018-4025-ae17-9d4588a5ff39,1bacff05-6002-44bb-8f70-7dbc7ab6802f,misma_empresa
22b56252-89ce-435a-86f0-c00aafa1130a,bd9fd80a-1c8e-445e-8e25-0b7e0660febe,misma_empresa
7e9a71fe-53a7-486d-a80e-27c56b305c37,cb776d70-ed20-4ae9-90f4-f3d6f1fd4847,misma_empresa
bea2817b-3c04-4e3d-ae83-f55219ca7e15,4cafe361-175f-44a5-8afd-765208b943fb,referido
91c9c1ff-6ebc-40e6-8d91-1871194570f0,0f201eae-9388-4dd1-9da4-f1c43a713476,comparte_direccion
8d85e6b7-8940-478f-bbbf-3a45281b5b16,ded6f761-43e0-4b38-bf3e-a4e042b67b1f,misma_empresa
3bb84bfc-aa8a-4e85-90cb-39c5cbb73b97,3ec4b0e2-d618-4554-bff8-f31a1f75a2e7,referido
5ee06658-ba0a-427f-861a-6b50ff69fa2a,25905c28-1633-4d30-9e9a-516617c91b8c,amistad
348aa7a3-2cde-4d25-b045-c4e99abc084e,c2d6d51c-c4e6-4fe2-9d59-02a317046c38,referido
18377f54-c4a9-4abd-8b99-705636fd4bf6,63b79faa-0f61-428b-9997-6870606616db,transaccion
2c4c20c2-1fc6-4f08-9c2b-8c3e7681e1ff,26ed4942-6432-4311-bc0c-9baca5a31a06,amistad
822360c4-ab08-4ce4-bb83-d2fad38cc173,45657f7e-42a7-4e2d-a405-3848e4fd087c,referido
2f1c2160-d6f6-4f49-906f-8a1b6f3c6fbc,098a8f13-fbf5-4926-9ea1-2cbe72f8045b,transaccion
71dd12ca-baa2-4d7e-93bc-63c9bad1cab3,6a307cbd-7aad-486f-8c7a-a57570ea2d04,amistad
f62fed2c-88e7-4c89-abb3-bb97fc91717d,e24fd6c3-7998-4eb9-9571-8ffcc26b3027,contacto_frecuente
de647a50-0d15-4657-b166-438ff36b1e70,99ca5e84-5130-46b8-acfa-990fb6e00879,amistad
63b01a3a-a3f4-4ca7-a727-c2054b2e7f9c,2e25e697-4422-47ce-8994-933634fb354d,contacto_frecuente
f2edd005-db14-4f41-bb5b-e4a3ce481fd5,b1772e92-f68d-497a-be83-3a9fe4477fb4,misma_empresa
b8179e2e-0fb7-432c-afec-62c01e4d7878,7e1ee659-be1f-4f7a-9e50-f567edc2d7af,misma_empresa
e1a6c038-270c-451b-a359-eb3b0374e132,cb94d157-7e9b-4117-8b00-2fc427ac25a1,contacto_frecuente
8f1071af-8da3-4815-8f35-82e80f5ea78f,0e840bfb-516f-47b4-a528-a6ee6e6dee64,contacto_frecuente
33c8e6c8-efbd-429a-a0e9-6c22b0e1084a,4d2b2c04-fbae-4a7b-855c-613d60d27ca6,referido
d84caf9a-d2ed-4b2e-969b-1e5f2662c3ca,ea28254d-5cbf-4803-bb29-26be23f1bd6c,contacto_frecuente
31c46141-a5a0-4e1d-8509-dd3b710f6b88,505d4eee-612e-4b83-a225-daa0cd0f2fbd,amistad
10c222bc-aa72-49c2-b5bd-818bbbe79ca5,c3e35526-e18e-446d-bd45-f61aa22390f2,contacto_frecuente
1056f62e-946e-405e-9033-57d03589cf31,53ade42f-21cd-4bde-8bf7-a1d0f8c37ee9,contacto_frecuente
71518758-5b46-4761-a93e-b83c1fb2be03,ded6f761-43e0-4b38-bf3e-a4e042b67b1f,contacto_frecuente
416cf26b-7eb2-4140-86d1-eb9dc4cc2947,a8ccf291-d94f-4738-b943-66a50d0fdac2,referido
5e96c8a9-fead-4241-a752-1f172501ec8e,53535263-b8bd-4569-b0a8-f135d0d3327a,transaccion
a2b33527-55d6-4c7e-8dd6-1e5582e00e96,0cb7ba22-0850-4daf-8e4b-21288d28baea,contacto_frecuente
9ba336a0-0e2c-4be2-91bb-e1264ccf8b8d,556b9e70-731f-43fe-8918-500d396e8b1f,referido
709243e3-a26e-4bcd-a46f-94f4a4e965a2,33c8e6c8-efbd-429a-a0e9-6c22b0e1084a,misma_empresa
cff4aeb5-7126-402f-aaa7-53edc2efd2cb,98313e47-6c8a-414d-9a78-0733de160b87,amistad
71dd12ca-baa2-4d7e-93bc-63c9bad1cab3,7e1ee659-be1f-4f7a-9e50-f567edc2d7af,misma_empresa
952de6dc-69a6-4a07-81e8-916771bbe8bc,5b50a20d-e1ea-4884-b5bb-9a3c92198f58,referido
709243e3-a26e-4bcd-a46f-94f4a4e965a2,52647fd3-4ab1-430d-9622-fd61b57084b9,comparte_direccion
659b98e9-f079-42de-bcd3-0dfc089b4039,db6427d4-8f71-4548-a2ba-637f4e3d3694,comparte_direccion
3e5fb39c-77a6-45eb-9f53-971ff79b3364,d7b13de5-0125-4cc8-a7ac-88608cf4ed5e,contacto_frecuente
527bcd19-af99-4aaa-a728-4236b3f5e43c,c52a3bab-6a92-4ad6-8831-07ad9a6acb0d,contacto_frecuente
c5dbfaa6-6032-47ec-a01a-61f759da815f,7921c0a7-11f8-4e19-8309-cc3867906450,amistad
48e08623-ed55-4dc3-a910-03586b0c52fb,b12bd591-b6b1-42de-a0a9-84e62228f8c7,transaccion
76ee0c42-8e41-485f-b16e-c479cc35a28e,0823c0d8-8635-4c40-a0dd-8124cd6e5e68,comparte_direccion
546ada4b-e3fe-4bd1-94af-5b0b23c5f104,6a03cad3-6999-436e-aa55-f70b99efbb9a,transaccion
874c7304-91b8-420d-ab9e-6818807e4435,1a39762f-a8d1-4713-8817-f80b2c1dca83,contacto_frecuente
30b3c9d5-9557-4044-a4cf-a7d6965666e3,26d13d5b-830e-4df3-840b-c1a2c9b778e1,misma_empresa
3091ddc4-c879-4992-a0aa-9251571cc83e,641c5362-8cd7-408b-a1b1-7e4416ece25c,amistad
871927ba-9887-4ec4-8d75-643700ac3220,b238dd98-88c6-4479-885d-3424f92522a2,transaccion
30dc7e98-9210-445e-b859-959c556132f7,86a52eb8-99da-4c36-8ea6-b52f399f22a1,referido
f6757c99-b134-4e26-ade6-2598ef3a3ac4,2812615b-d2a8-4a94-bc33-d2dbd49df4b0,transaccion
01ff4206-9bc0-4691-913d-6f0fada3d037,70ddf536-eb46-462e-b884-411d49bcba42,misma_empresa
105b050f-7247-4376-956e-63fb606bf239,ed3c9bf0-7fbe-4a8c-8705-618038deb150,amistad
4460c604-8543-42c5-a418-e1a8186ba38e,0718b6fc-1099-4725-934a-3970a519273d,transaccion
9ae05dee-963d-4ffc-adcc-012239c42d7f,e32b2da3-ef97-4df7-b9bc-c571df36298c,referido
344b1a90-03af-4918-8bf1-7cf81a846d5a,8649e7dd-8d43-4432-a310-bb057f0c26f1,transaccion
bd4cbb1a-1a0b-40b4-bccf-54eab4a2e80f,2bfb9c0c-611c-4360-81fc-0f0c7de42f43,contacto_frecuente
0284e861-7988-46a4-966a-4c6aec699cd5,22253f11-30da-4342-95a3-fa1cd5ae9a2a,contacto_frecuente
ff637bdf-bae7-4104-b717-a8b894211b81,c572f0ca-0e2d-4815-a87d-eeaa4efa62d1,amistad
03e65d25-dbb1-4cd0-b4c4-ac38b31612b5,edce34bc-0bad-4fbf-963b-afb7d62d347c,amistad
da28240a-164e-4e2f-ba1d-440b2e8af0e8,41e23d99-2158-4239-a3c9-f3016ba4290a,misma_empresa
239f1a11-2ac3-45bf-b583-f399184bcd0b,db6427d4-8f71-4548-a2ba-637f4e3d3694,contacto_frecuente
69b1e83a-c432-485e-8d4c-90e05eb8083b,105b050f-7247-4376-956e-63fb606bf239,contacto_frecuente
bd4cbb1a-1a0b-40b4-bccf-54eab4a2e80f,99620068-99d7-4351-9b01-2b4c0af9299a,contacto_frecuente
d7b13de5-0125-4cc8-a7ac-88608cf4ed5e,daf0dc66-0e11-47a0-a363-35d07c2d7441,amistad
41e23d99-2158-4239-a3c9-f3016ba4290a,c2d6d51c-c4e6-4fe2-9d59-02a317046c38,misma_empresa
ddc25524-6ef6-4a69-bd00-dd6ac33bfd83,dfa8b8cc-f736-43e4-80af-4f7bdfd59f18,misma_empresa
b6ac0231-599e-4f19-a294-b1eb4c325ba8,06c9ba8c-cbfd-4b5a-8051-91351aec2178,contacto_frecuente
d3afc898-3096-4ed1-8014-36238ba8bfb0,113e32e5-33dd-4de4-8816-d1dc9f2606ca,amistad
809cb42e-c1d2-4d61-8d36-5e60e3bb9695,bbf98720-2681-48c7-a1c2-2a66e93d103f,transaccion
35ee69a7-75a0-497c-a24d-6cf4466cc5ff,f7df2221-3130-4a51-8be3-f00e16245571,misma_empresa
d0873b37-bcd6-468b-b9f2-d345b9988903,348aa7a3-2cde-4d25-b045-c4e99abc084e,comparte_direccion
cd9875d4-394b-4003-a9f0-a3201bf3cbbc,d21d4ecc-95e0-4905-a181-f0900903ed5c,misma_empresa
22b56252-89ce-435a-86f0-c00aafa1130a,6f96cb0f-98fe-4155-b80d-1cb95dec1eef,contacto_frecuente
a001c192-f409-40ac-874b-337c83020f78,d7393063-b7b9-4906-a29f-265fe1ef4e15,transaccion
102e0377-1be2-413d-b647-d42370995555,d8bf4e13-e024-489a-ab78-803ed5ba3c38,contacto_frecuente
53535263-b8bd-4569-b0a8-f135d0d3327a,4792bbdb-f4a9-405f-a054-fd33428c79f5,transaccion
820962f9-232d-4d2f-b1a0-7fcdfbcd692d,ab15c283-3b34-45d6-b183-944cb1e31bd9,amistad
6befaa47-3619-4112-b7f7-790ec824cc96,5b50a20d-e1ea-4884-b5bb-9a3c92198f58,misma_empresa
3e5fb39c-77a6-45eb-9f53-971ff79b3364,38e46406-9ce1-4f82-b619-6fc813f211a0,referido
85411fd4-dbb2-4d0f-b880-9dffb372043f,855a3dc5-dc9d-4774-b2bb-31ea368ae584,contacto_frecuente
820962f9-232d-4d2f-b1a0-7fcdfbcd692d,393069d6-4123-400b-b864-ff1273f3ffbe,contacto_frecuente
411ee90f-2d48-4996-aa2e-3a91aa712d3a,da916067-396f-4934-b4d0-4d2bfe744464,transaccion
06d9793e-e491-4c5d-9c15-c903704da0ab,cf8e22bd-90ba-40dd-bc96-781efd460d6e,transaccion
c572f0ca-0e2d-4815-a87d-eeaa4efa62d1,3cb04b81-c3b6-47e0-b0f3-4b0e8ee16c01,misma_empresa
691a34e0-3adb-402d-901a-16a072ed666b,f78a1f11-1359-402f-a184-0f3f6a201644,comparte_direccion
999643b3-88d5-4499-b419-627b1b7a0ae6,28b5fdff-1c6a-4c1f-bcb6-061a3aa73eb5,contacto_frecuente
a20189a2-4b9c-4086-92b2-590f3f879bf7,f49e2c1b-7616-471e-a275-46d9d619132f,misma_empresa
b7827d0c-058c-45e5-aafa-ef3df318918d,63b79faa-0f61-428b-9997-6870606616db,comparte_direccion
d4ec4d2a-7def-4902-9994-67955c16950d,65bbc211-25bd-4025-a094-fef9244a26ee,contacto_frecuente
1c1e7293-67e1-4805-a529-14238dc2c989,da916067-396f-4934-b4d0-4d2bfe744464,transaccion
93577691-60dd-4e63-ad90-2c989a194861,c228f2a7-e58c-45cf-8795-89effe30fbbc,referido
143ebda5-936a-455b-b7e2-1e2cd537d687,dece9a97-8f76-4358-b7c9-5889a2d9c41e,comparte_direccion
2e7ef430-5a5e-444d-85d9-157047490387,ae93209c-fc3d-40d1-9c4d-efd57392f1e6,amistad
7aeb9645-cfd9-4fc2-aa75-b26a451b5e6e,26933967-516d-4853-b015-22a4770606b3,amistad
e51b3123-7850-4d39-9a88-ab27f635e20e,12a79437-171a-4999-b7c5-c44512acb657,comparte_direccion
90218919-bc6f-4696-99cd-f24771270d75,65cc42f6-1b47-463a-968f-26e287f601e7,comparte_direccion
ef3f0ffd-f8bc-4dcc-a8a5-e62d41ec3069,07a110fc-6c4d-42be-b517-8fa04f23c6f7,referido
b238dd98-88c6-4479-885d-3424f92522a2,b9d2d4d5-75da-4aa9-8568-bae6b7af1ebf,contacto_frecuente
53ade42f-21cd-4bde-8bf7-a1d0f8c37ee9,0389a4ea-a00a-4d6c-8f58-03636bca5e81,transaccion
ea4029c2-6c97-47e2-b282-4029c9587f99,3bea23ee-2ca2-405d-a01c-259405580790,misma_empresa
fef22469-9f89-4dff-83f5-60b891355cef,e98553c3-9afe-4aab-ada5-85b49f30eaca,referido
65f80dbe-d031-436a-bd33-3f0670f4676c,ff637bdf-bae7-4104-b717-a8b894211b81,amistad
8f656e8d-ea19-4ab0-86bb-f540b8de2e4a,c053d43f-2c3f-4853-8185-50ff2a553b7a,referido
165ef624-53ce-4d55-aaaf-dc9f928e9c67,46abaec7-035c-4154-95c5-5a59ed799c94,transaccion
ef3f0ffd-f8bc-4dcc-a8a5-e62d41ec3069,7012a826-f089-481c-b7f5-c333e816a366,referido
10c222bc-aa72-49c2-b5bd-818bbbe79ca5,5ee06658-ba0a-427f-861a-6b50ff69fa2a,transaccion
69424c13-47e8-4aac-b7ae-a81fb973dd57,c52a3bab-6a92-4ad6-8831-07ad9a6acb0d,transaccion
2ec21ed6-d580-4bbe-bc5c-a6a47f76a59b,8f1071af-8da3-4815-8f35-82e80f5ea78f,misma_empresa
bafd4b8d-22eb-4404-8d60-5093dc11eb1a,c7c0f231-1cec-4808-86ae-85947ecfc844,comparte_direccion
244f328c-b268-4985-90ce-b111e3f03b84,021e4732-b710-4bed-8824-84d4679a3967,referido
a05a8ce1-56ce-4e52-841a-702ae6ef5a8f,ff7b9d0b-7cba-4e52-a244-b15e0dccf36e,amistad
9c094078-3e30-45ae-a8b0-09684532d278,b92b6a15-892f-420a-a224-deb97f874f52,misma_empresa
cc3952c9-3928-42dd-9018-b55acd6716a1,641c5362-8cd7-408b-a1b1-7e4416ece25c,misma_empresa
d5defbc7-908e-41b2-bb49-341be428125d,25c35e64-68dc-4c5a-b311-27c84851610e,transaccion
f76fa74b-3096-4b23-a527-c41be56f138d,daea4c0d-39a1-45dd-b3e5-1fa3f3e8f078,misma_empresa
5423c68d-096c-4082-854b-156b3e4ac6bd,098a8f13-fbf5-4926-9ea1-2cbe72f8045b,referido
d0873b37-bcd6-468b-b9f2-d345b9988903,a703af62-e8f4-4b37-b0d4-4bd29bddb39f,referido
16c81b0f-d0b9-4946-9743-9ce660e52e13,f019154b-78b3-4593-8389-628dbe437d47,comparte_direccion
855a3dc5-dc9d-4774-b2bb-31ea368ae584,bea2817b-3c04-4e3d-ae83-f55219ca7e15,transaccion
720d44a3-acc5-4d7a-80a5-0ae6a7a75c46,31220094-d2d3-43dc-acf4-c8d2eff06645,referido
1ca8a12f-1ce1-4618-9c3e-d439fe35d147,134b725f-fc1d-4ab2-9a21-738d0f5ce9e3,contacto_frecuente
350d01e3-159c-46c9-af01-98a67b113654,d3166baf-4f72-4b90-9f1a-903e18abb6e7,transaccion
3df4fe2d-a784-4b7e-9e8a-ab637c52c30e,e32b2da3-ef97-4df7-b9bc-c571df36298c,misma_empresa
50e85943-bb0f-4f44-bd7c-4484c55a3c5b,4fae0bba-4a98-4626-b265-5a09313cc9fe,contacto_frecuente
fb7d8095-c6c2-4168-9525-4974647ab55f,48cb6651-a0f0-43be-9fff-f7d08e18028b,referido
82b80349-c3cf-4909-96f8-9eb8029634c2,a4938549-498d-4af5-98f4-8685f47878e9,referido
eb29657d-495b-413b-97b2-11d1d3c12265,18377f54-c4a9-4abd-8b99-705636fd4bf6,transaccion
31c46141-a5a0-4e1d-8509-dd3b710f6b88,1871005a-b413-4406-bc6a-70a65a578cf5,contacto_frecuente
dda2cbbb-e384-44a1-901b-d029c6f29f20,ea5161d3-d16d-4720-b393-a80c195ce16d,contacto_frecuente
76ee0c42-8e41-485f-b16e-c479cc35a28e,e9fd93a1-670b-4731-ae11-8288d7dea21e,amistad
99ca5e84-5130-46b8-acfa-990fb6e00879,2e25e697-4422-47ce-8994-933634fb354d,contacto_frecuente
f78a1f11-1359-402f-a184-0f3f6a201644,43d0e28a-7103-4d4f-8bbb-366043310791,misma_empresa
1cd83bde-047f-4ae4-8a25-4f43f96a1e76,5423c68d-096c-4082-854b-156b3e4ac6bd,referido
f6757c99-b134-4e26-ade6-2598ef3a3ac4,3d25576b-d67c-40b6-9b5d-3b3d2f0ccc1d,comparte_direccion
0693133c-39c8-4c07-8751-acd2a2bf1da1,4d2b2c04-fbae-4a7b-855c-613d60d27ca6,transaccion
71dd12ca-baa2-4d7e-93bc-63c9bad1cab3,773e7b87-4797-4ee4-86fd-35aed2661a85,misma_empresa
54e651ba-2d33-4af2-9513-9b57311ca934,70d27c6a-198d-4193-8d85-25f555607ec9,transaccion
431576a5-aef8-43ca-810a-6ec2cd286e79,24f5509a-8f00-4389-a9bb-764334cd544b,misma_empresa
63b66175-4271-414a-917b-c647f0e0cb83,22253f11-30da-4342-95a3-fa1cd5ae9a2a,comparte_direccion
a291a0dc-4cdd-46a1-b826-dfa5db4a31fe,b783252b-b5fa-433b-9f5e-534be59675a1,referido
4fe969a7-fef0-479e-ae85-a657fbe1765c,8122e001-06e9-498e-a569-d27f81e1562d,comparte_direccion
1f3ebe41-907e-4667-a2c9-d2976518561e,1c981081-af17-4101-96a3-44cab5e03eb9,misma_empresa
d8694562-8a5e-4d76-840d-41311a6709de,9a6b1437-6a0d-4b74-b408-1a8ad2ca3b09,misma_empresa
99620068-99d7-4351-9b01-2b4c0af9299a,a267d493-38c7-4220-b819-7ecd8bd4d5c6,misma_empresa
38cf5f97-03cc-4991-b50a-f9f2db8b7f5f,8e4264a6-ca9d-4d43-999a-3a7b1004a2dc,referido
cb776d70-ed20-4ae9-90f4-f3d6f1fd4847,0c21f237-9de2-4b2f-b9da-bbdfd7fe9277,comparte_direccion
51ffbd77-f951-4d60-bf46-e08f08e8f4b1,702c1773-bd87-4514-a6ce-0bd62eec60e1,contacto_frecuente
44ab99d4-a915-4ee1-8794-afef89f82df7,37d01a09-546e-4c79-99f5-013f72429c19,contacto_frecuente
ea28254d-5cbf-4803-bb29-26be23f1bd6c,238922fe-1536-4802-b832-5b2af1a99529,comparte_direccion
bfdf7197-7c3c-4c87-817d-71a92ed74922,65cc42f6-1b47-463a-968f-26e287f601e7,referido
1fa3918d-9f77-4f61-b1f5-0f35d6221a74,fccfc31d-57db-4100-804c-5cf0c0b11274,misma_empresa
30b3c9d5-9557-4044-a4cf-a7d6965666e3,dece9a97-8f76-4358-b7c9-5889a2d9c41e,contacto_frecuente
3d296608-c565-4e0b-b6a1-c39253ca36d4,6e5d4c58-eb22-4e2f-b6cc-f577ad0b28ac,contacto_frecuente
820962f9-232d-4d2f-b1a0-7fcdfbcd692d,83cb13b9-d81b-4410-a5db-8ee0b642fa1a,contacto_frecuente
8bff27e6-0738-4583-a1b8-77df6580c36b,8bc0c12b-8950-45ee-b559-3660226af13f,referido
0e048687-cec9-4374-83e8-0b9c504484ce,64e8e902-baee-4b5a-8073-87dc375e889e,amistad
0b887a93-4100-46d2-85e2-24197f6bad3a,37d01a09-546e-4c79-99f5-013f72429c19,contacto_frecuente
0b9e7de7-6d16-42c9-9a42-86a05fc1d81f,45446001-d01b-4758-9e21-e7945825b9aa,transaccion
431576a5-aef8-43ca-810a-6ec2cd286e79,258378cd-8fd7-4730-8a73-fab143a1f80e,comparte_direccion
26933967-516d-4853-b015-22a4770606b3,04bc037a-f7e1-417f-a8ba-5e875e07b421,misma_empresa
fd2a05f2-a7ea-4e61-b856-baca78d523c2,e0cbbb63-0b17-4d9d-908b-ea258cde3eca,comparte_direccion
505d4eee-612e-4b83-a225-daa0cd0f2fbd,4b417620-cd6d-4da9-b5d7-9c60143c9aa6,transaccion
82a80399-a933-4dbd-984b-5d2079d03b99,0389a4ea-a00a-4d6c-8f58-03636bca5e81,contacto_frecuente
3ffad48d-8e2c-4809-95a3-c9a9dcabc999,99620068-99d7-4351-9b01-2b4c0af9299a,transaccion
fb7d8095-c6c2-4168-9525-4974647ab55f,9d3a8314-9964-4267-991e-2001d283a952,referido
2ec21ed6-d580-4bbe-bc5c-a6a47f76a59b,1fa3918d-9f77-4f61-b1f5-0f35d6221a74,misma_empresa
3bea23ee-2ca2-405d-a01c-259405580790,4a542bc0-9f4d-42e3-81f8-3845f0fa2a92,misma_empresa
cf31450a-ef29-4f81-aee2-188e63895e7d,d9c06296-022b-4b00-a558-fbc825ac36c9,referido
c2044a53-bcf5-4f48-8b27-efb24fcb4f11,659b98e9-f079-42de-bcd3-0dfc089b4039,contacto_frecuente
52647fd3-4ab1-430d-9622-fd61b57084b9,6d904d71-20a4-43e5-b5ca-93031019d0cd,referido
9845eac5-a9e7-421d-a55e-654aff9e7e3f,93577691-60dd-4e63-ad90-2c989a194861,comparte_direccion
801060da-5781-4e38-8c37-ec93f097a504,70d27c6a-198d-4193-8d85-25f555607ec9,transaccion
26d13d5b-830e-4df3-840b-c1a2c9b778e1,d2b1ffdf-19f4-457b-866e-2d0250ee7b36,comparte_direccion
03550533-2229-43ce-8a97-2767e9e572ae,21c02ab6-9706-4fc0-ac41-2ac7dec39f60,contacto_frecuente
871bf040-aeb5-4884-a49d-0619aed29750,119e2eb7-9f77-4087-bc54-3ebf36e3a0d3,misma_empresa
698227f0-ce6f-4595-a3c7-f126b07bfa18,c2f26efc-c16c-4553-8143-05030b2cf3cc,contacto_frecuente
65e7bfe9-1a9a-463d-b961-d8d3e63d3e89,1bda1b85-9f99-4446-ac56-db2b4c0d4c88,misma_empresa
7bd04b12-64c7-45e7-8a01-504e6e82dc52,33839114-2d08-4a60-8865-5d5c6268754b,amistad
e37e1692-7030-4bb9-967d-ea06074b8639,f0992e0d-103d-473b-9e55-28fd49245b1d,referido
f14a8ff2-3817-4526-a568-28e75864d1b8,863a182e-c7e3-440a-ab2d-cb44d62c5a62,contacto_frecuente
8aac948d-9ba5-441f-ace7-1d24c28b647e,f9ee9fa6-6246-4377-a631-90f696cffd44,amistad
a5d02515-acc8-473a-b472-eca4a89f60e0,f4ad231a-8e20-4278-8797-4d9fbeb9fd0d,referido
dee3a3bf-c35c-456c-9b83-8d775b444909,b811b7ab-af5b-452c-af6b-a42ca0815a80,contacto_frecuente
f4b009e9-c797-4a49-adb4-e4dc88a787a1,1351a6af-6bbc-4247-93f7-3293e3931720,contacto_frecuente
981b28ae-7fe3-4dbb-855c-5ecc5031faf1,4d2b2c04-fbae-4a7b-855c-613d60d27ca6,contacto_frecuente
7d0cb50a-a01f-4435-9935-d7e9dfbea353,34583817-a513-4359-a672-63f3f1de3475,referido
1bf1b98b-e944-403e-8ce0-41c2204cd754,0718b6fc-1099-4725-934a-3970a519273d,contacto_frecuente
62285e62-cb15-4c11-a920-5e11eef25cd7,e5bdd48d-b853-47d9-84cc-706a43cbe57a,referido
d01381cc-ca84-4ed9-8dd5-3ede9cd2b267,37582e5d-2e8d-4fb2-a2ac-a7b2a42b4d12,contacto_frecuente
fff7ab41-6932-43c3-8eef-366386fe950e,124f28e9-ba39-430a-9ae6-415573151d7c,contacto_frecuente
41a118c9-c3ef-4a12-9f59-a21c51051179,e0c417d9-e723-4693-92a6-757b0a97e209,comparte_direccion
b7827d0c-058c-45e5-aafa-ef3df318918d,e815fac2-44b7-40b8-b9cc-22963f99b05e,amistad
498a6ea5-2274-4c8e-8080-4ee67af8c73a,1056f62e-946e-405e-9033-57d03589cf31,transaccion
f36bae57-bcd5-4f58-ac1f-fc0a729e5c92,7b4c7335-8ed2-4a69-9e3a-cff007b6df20,misma_empresa
0f56eaab-ab7a-4398-ad47-54b8d22a84a2,c556ecaf-cf63-44dc-b184-dab0c1ef95ef,transaccion
afba9fb6-fc11-4811-a6b6-bc9e8637572c,1bda1b85-9f99-4446-ac56-db2b4c0d4c88,comparte_direccion
bbf98720-2681-48c7-a1c2-2a66e93d103f,2ae7ef2c-cabc-4976-87e1-1f2e0bc2fa54,amistad
71518758-5b46-4761-a93e-b83c1fb2be03,85aaed61-7343-45ab-9059-21fdaae5f351,referido
daea4c0d-39a1-45dd-b3e5-1fa3f3e8f078,2bc6183d-ca98-4175-9c98-599bd01101d9,contacto_frecuente
86a52eb8-99da-4c36-8ea6-b52f399f22a1,3b3dffa4-f439-4038-8747-fad1d92147bd,amistad
b2ad8312-41f9-474b-94fb-65147551b92c,90866f05-fe61-4633-b7e6-b336e1605834,referido
ed7de801-46d1-453a-9cf3-660b5f10d7dd,daf0dc66-0e11-47a0-a363-35d07c2d7441,misma_empresa
7e90002f-fca3-4cc5-95a7-2eabf7f251eb,391c05b7-c95b-4a52-826f-89b646153683,contacto_frecuente
74cf43b4-be9a-4607-8fbb-69525244403e,b2ad8312-41f9-474b-94fb-65147551b92c,amistad
9537624a-b9bf-4b03-b61f-d10c23737b19,b8abdc4f-84f0-44d5-82e9-380c43a9045f,transaccion
a84384fb-4bab-490f-b133-66c47ef8d593,cef4a066-83fc-4edd-bdd0-daf4ddec7882,referido
34fbeb54-ca1a-4b3a-ad7c-bb1941eb8749,38e46406-9ce1-4f82-b619-6fc813f211a0,referido
1f75a232-d60b-4801-be8c-60933508a87d,4632ef87-4494-478b-9ac3-998b59a7c214,transaccion
9adadef2-f16c-48da-af74-1d796d44332c,f26ff26a-cf37-4d12-933d-db1ba03ec2c5,transaccion
b62edd63-76ed-45bb-8acd-7c377339ff93,82c1e958-6384-47b8-9598-e92fa0346283,referido
41e23d99-2158-4239-a3c9-f3016ba4290a,393069d6-4123-400b-b864-ff1273f3ffbe,transaccion
87d43448-1591-467e-a978-c0925caa5fbf,02a7d062-ef1f-44e0-bf87-e99ffc7a22c5,misma_empresa
04070e63-d543-4102-bc23-93950a7c48bf,4262a2e1-bd88-4ff8-bc62-619ea9a39ef1,amistad
a001c192-f409-40ac-874b-337c83020f78,65f80dbe-d031-436a-bd33-3f0670f4676c,comparte_direccion
90866f05-fe61-4633-b7e6-b336e1605834,c7e0af24-4b69-4c32-add8-b01563fd4a7f,referido
7fbc2391-899a-42ce-9142-37b829462cc8,dda2cbbb-e384-44a1-901b-d029c6f29f20,contacto_frecuente
532bcdd8-b91e-4fca-9b6c-a085215bf3b9,6fd1f463-7808-4a1e-8181-6227818aacd9,comparte_direccion
6f693196-620f-4334-a0c3-9f2f0bbf6863,8aac948d-9ba5-441f-ace7-1d24c28b647e,transaccion
3e5fb39c-77a6-45eb-9f53-971ff79b3364,9a700a4c-a581-4690-a07e-58404a809dd0,amistad
d8bf4e13-e024-489a-ab78-803ed5ba3c38,7e9a71fe-53a7-486d-a80e-27c56b305c37,misma_empresa
ba6e834a-7173-4864-9ba1-d8b337a570a1,5e591d6a-98b1-41d2-9909-471c04cf1235,amistad
03a1a118-5931-43b3-b124-8602c5373e1e,3c531a0a-b4bc-461f-bfe9-6531ac3c3ffd,comparte_direccion
524e2c60-9c6a-4dfe-95f4-a5771318e3a3,587ad707-4c16-4965-b5cb-ebfe5f51564e,contacto_frecuente
4632ef87-4494-478b-9ac3-998b59a7c214,bfc19b95-18e3-44bf-a727-8a5e6ca4f8f3,contacto_frecuente
f7df2221-3130-4a51-8be3-f00e16245571,6a307cbd-7aad-486f-8c7a-a57570ea2d04,comparte_direccion
1cd83bde-047f-4ae4-8a25-4f43f96a1e76,aff3e836-7494-4337-ab69-56b0c1db9e50,misma_empresa
45b617da-0d23-4ada-8844-033b84adc06c,c52a3bab-6a92-4ad6-8831-07ad9a6acb0d,comparte_direccion
58e3d3d8-1d28-456d-91a8-880db1db02b2,87d43448-1591-467e-a978-c0925caa5fbf,misma_empresa
d8589696-d20d-4e2a-8e92-7bf44ed6d491,e295e292-c5f2-4936-b8d8-078c6118c247,referido
b4263f4a-46de-419d-afb3-27a684025ddd,d98c5f0f-6fd5-4ab3-807f-0df80099917e,amistad
10c265eb-1897-442c-9e19-ed4c7861f761,b0038f3f-d387-41e9-bd81-7addb29a7da2,referido
f532ef03-7895-4d46-8876-197af2810e71,dcd40a1c-f423-46db-bfea-2f1cd43b2be4,referido
63ccbaf7-8766-41f6-80e3-c8b638cebac0,ba6e834a-7173-4864-9ba1-d8b337a570a1,transaccion
7f03938a-7536-4ba1-be9d-0b35e660fba7,1c2c3646-87e6-4675-90dd-82eb024c8dee,transaccion
45657f7e-42a7-4e2d-a405-3848e4fd087c,1c586b9a-bb1d-4716-b508-00d7dc986042,misma_empresa
b68f590a-6191-40c8-96f0-f0261688d54c,8f656e8d-ea19-4ab0-86bb-f540b8de2e4a,amistad
06d9793e-e491-4c5d-9c15-c903704da0ab,bbc372f6-b53e-46cb-87a1-ae3c9bb37ce6,comparte_direccion
56d3250b-e5bd-4ffb-a138-a2edc276d5d6,cf31450a-ef29-4f81-aee2-188e63895e7d,comparte_direccion
e9fd93a1-670b-4731-ae11-8288d7dea21e,bbf98720-2681-48c7-a1c2-2a66e93d103f,transaccion
e2e723e3-c74d-4eef-8f35-62ebb1890cd2,e4d8f20c-0f2f-4887-bfb2-e5e7a26dd2f7,transaccion
6d6dea1e-e900-4139-aab6-57dd368b84a1,f4b009e9-c797-4a49-adb4-e4dc88a787a1,comparte_direccion
15952e0a-c60d-4a1b-8899-fbe2a71c5333,58f863f9-11e8-4a92-955f-f481591fb30b,amistad
5e96c8a9-fead-4241-a752-1f172501ec8e,71c62e9e-a9c2-4fb5-a339-53582e8b3659,amistad
cef4a066-83fc-4edd-bdd0-daf4ddec7882,ff7b9d0b-7cba-4e52-a244-b15e0dccf36e,contacto_frecuente
10c265eb-1897-442c-9e19-ed4c7861f761,659b98e9-f079-42de-bcd3-0dfc089b4039,amistad
4632ef87-4494-478b-9ac3-998b59a7c214,3e5a5f6c-2629-47ac-8d8c-bc785bb9a90e,comparte_direccion
87558b4a-c4f2-4165-9cfa-73fdf45fe1d8,48e08623-ed55-4dc3-a910-03586b0c52fb,transaccion
ff7b9d0b-7cba-4e52-a244-b15e0dccf36e,7012a826-f089-481c-b7f5-c333e816a366,referido
b000ba8d-e7b5-4a78-98eb-255c371ac015,b13a960d-c1e8-4ec9-88ba-8f113f663717,amistad
b52cd94b-6d9a-4166-a2e0-0a46e4d16660,83cb13b9-d81b-4410-a5db-8ee0b642fa1a,amistad
b848b273-ee8c-4329-806a-3e8aa153b035,0284e861-7988-46a4-966a-4c6aec699cd5,misma_empresa
325a9d8d-cc0d-4b22-949d-be37ecee0e1c,b194000b-af0b-41f5-97e0-3013ac8e0d9b,transaccion
999643b3-88d5-4499-b419-627b1b7a0ae6,aa0e2749-6f91-4e6e-ac6c-05ede3633011,amistad
a09e61eb-7f41-422e-9de9-fc353f850711,10c56617-03bc-4c17-8120-045b1e3a74dc,misma_empresa
cf162700-ea00-4aff-8af2-bfa621cb237d,c0dd5e67-6e16-449e-b3e7-474e0e3d13cc,referido
5cdc53a9-cc18-465c-aaf1-f7156838a0b1,7f03938a-7536-4ba1-be9d-0b35e660fba7,amistad
1d23c2a7-66ab-4741-b787-f2363565f1ea,7b4c7335-8ed2-4a69-9e3a-cff007b6df20,amistad
dac828dc-921f-4aa4-845e-fa101a6c996d,17c72c13-6d06-49d4-863a-d184bfef2d18,misma_empresa
56ce5fc2-d99a-42db-ac68-8636d6b94dc0,0f2cd062-f3e1-4c69-a6a1-1ef8cf51cf8f,transaccion
b68f590a-6191-40c8-96f0-f0261688d54c,eaa984e9-a667-415e-96c6-b926fd625343,transaccion
143ebda5-936a-455b-b7e2-1e2cd537d687,d674f1de-451a-4dd9-bd26-ba9c8863cf70,contacto_frecuente
de647a50-0d15-4657-b166-438ff36b1e70,ca1d4e5a-10a9-4d5c-ae15-34fe48db6d7e,referido
7012a826-f089-481c-b7f5-c333e816a366,06d9793e-e491-4c5d-9c15-c903704da0ab,amistad
b68f590a-6191-40c8-96f0-f0261688d54c,1d23c2a7-66ab-4741-b787-f2363565f1ea,contacto_frecuente
dd9e9110-ef9e-4e20-9678-fb0f69d1d2c0,049b8d1c-ac01-407c-9e27-2a7d5b97eecd,misma_empresa
58f863f9-11e8-4a92-955f-f481591fb30b,05c45f1e-db64-4d12-8dc4-5299467dd814,amistad
4e44d982-1376-4623-846c-7c01ee94f022,4faf3cc8-d0e6-41d2-84e5-134c62e81ef9,referido
a4286b76-0d8e-4c70-a52a-a4f125d5ee96,45446001-d01b-4758-9e21-e7945825b9aa,referido
a49e4be0-56c9-46c4-8899-15457b46a8e0,4198a58e-9e6e-49ef-a79d-78f21da5d641,transaccion
4843be8b-2758-42c8-a35a-e41ca1e5b030,26d13d5b-830e-4df3-840b-c1a2c9b778e1,comparte_direccion
134b725f-fc1d-4ab2-9a21-738d0f5ce9e3,f6188a41-97a1-4f8e-994e-c0e3dc6a7d36,comparte_direccion
c5b70dde-29d0-4a3f-8565-bce1ab7f7a34,83cb13b9-d81b-4410-a5db-8ee0b642fa1a,amistad
325a9d8d-cc0d-4b22-949d-be37ecee0e1c,91c9c1ff-6ebc-40e6-8d91-1871194570f0,transaccion
dadbf864-64ea-4e42-a75c-ef5486eaf3c3,da4af556-bfca-49f8-b820-8c3b4e4c4e21,transaccion
f26ff26a-cf37-4d12-933d-db1ba03ec2c5,94feb316-c300-4cdb-b0ab-6bd300747e49,contacto_frecuente
2feb00de-0656-4632-87e1-dbb06e44a96c,105b050f-7247-4376-956e-63fb606bf239,referido
ea28254d-5cbf-4803-bb29-26be23f1bd6c,ea5161d3-d16d-4720-b393-a80c195ce16d,amistad
d9c06296-022b-4b00-a558-fbc825ac36c9,16835996-59f9-44fe-b708-52ad5ceaff0d,contacto_frecuente
244f328c-b268-4985-90ce-b111e3f03b84,1c1e7293-67e1-4805-a529-14238dc2c989,comparte_direccion
3ec4b0e2-d618-4554-bff8-f31a1f75a2e7,65cc42f6-1b47-463a-968f-26e287f601e7,contacto_frecuente
1fb2877f-aefa-4733-a797-94079e061199,7e90002f-fca3-4cc5-95a7-2eabf7f251eb,misma_empresa
65f80dbe-d031-436a-bd33-3f0670f4676c,cc3952c9-3928-42dd-9018-b55acd6716a1,transaccion
40f8a80f-6ab7-40bb-a3ec-1b21772ec5e7,cd9875d4-394b-4003-a9f0-a3201bf3cbbc,comparte_direccion
1fb2877f-aefa-4733-a797-94079e061199,50e85943-bb0f-4f44-bd7c-4484c55a3c5b,contacto_frecuente
580d9cd4-f66a-4e08-8efc-7480ac7e5af1,a7969e78-fb33-4a91-84de-4e31d00a9c90,amistad
a1da3be9-5274-4dbf-b5c4-b92faf0024b7,312caa62-9bc7-4f6e-894d-a9ad50a79f3f,amistad
ce092563-1e16-49ce-86df-556f47f91da1,1c2c3646-87e6-4675-90dd-82eb024c8dee,contacto_frecuente
8accdbb4-28f8-4657-9960-f963d3003aa7,4eca914b-1e46-48d9-b687-c2878dde022b,contacto_frecuente
18903d6f-c35a-44de-b85e-addce0d12974,e8beb6e0-6898-4eb8-8c05-b18a192b0940,referido
54e651ba-2d33-4af2-9513-9b57311ca934,eb39ccdf-537f-45b9-b190-f8dbd30c72fc,amistad
10c56617-03bc-4c17-8120-045b1e3a74dc,c053d43f-2c3f-4853-8185-50ff2a553b7a,contacto_frecuente
f2df86a0-9d69-451a-be57-c1385db0919d,192ad96d-f055-4849-a912-6cd88f1b421d,misma_empresa
bf3b4237-5efd-47aa-b9b3-e7c571537107,f1c22941-3821-4190-bf69-b4185060254c,transaccion
e385071d-507b-4474-8f02-d0867de0b9d2,9aa50e3b-1dcb-4464-9f61-8b6d003a2386,referido
e5bdd48d-b853-47d9-84cc-706a43cbe57a,20510cc0-f0dd-47bf-8032-8e2d482a7ca7,referido
53ff0ff4-7141-407c-b962-a6d10545fd5f,ca1d4e5a-10a9-4d5c-ae15-34fe48db6d7e,amistad
