Id,Predicted
0,6
1,0
2,2
3,1
4,0
5,0
6,1
7,2
8,0
9,2
10,3
11,0
12,6
13,5
14,3
15,6
16,1
17,2
18,1
19,5
20,3
21,4
22,3
23,4
24,2
25,5
26,3
27,6
28,2
29,3
30,6
31,4
32,6
33,4
34,6
35,0
36,4
37,2
38,0
39,1
40,3
41,0
42,3
43,2
44,1
45,2
46,3
47,3
48,2
49,3
50,1
51,6
52,4
53,0
54,3
55,2
56,2
57,0
58,4
59,0
60,1
61,1
62,4
63,4
64,6
65,5
66,0
67,6
68,3
69,5
70,5
71,4
72,1
73,5
74,3
75,0
76,6
77,3
78,3
79,2
80,2
81,3
82,5
83,1
84,4
85,5
86,6
87,5
88,0
89,6
90,4
91,5
92,3
93,1
94,3
95,1
96,3
97,1
98,2
99,1
100,5
101,4
102,0
103,3
104,1
105,5
106,0
107,3
108,1
109,4
110,3
111,0
112,3
113,0
114,3
115,0
116,0
117,0
118,4
119,5
120,2
121,3
122,3
123,1
124,4
125,2
126,2
127,2
128,3
129,4
130,0
131,1
132,0
133,5
134,0
135,0
136,1
137,6
138,0
139,1
140,0
141,3
142,1
143,2
144,0
145,6
146,1
147,3
148,6
149,4
150,3
151,3
152,4
153,3
154,5
155,5
156,4
157,5
158,1
159,1
160,1
161,0
162,2
163,0
164,5
165,5
166,5
167,2
168,6
169,3
170,1
171,6
172,5
173,6
174,5
175,2
176,3
177,6
178,5
179,2
180,3
181,2
182,3
183,4
184,5
185,2
186,6
187,3
188,3
189,3
190,6
191,3
192,0
193,5
194,3
195,4
196,2
197,6
198,4
199,2
200,5
201,6
202,1
203,3
204,0
205,4
206,4
207,6
208,2
209,0
210,3
211,5
212,6
213,1
214,3
215,2
216,2
217,2
218,4
219,2
220,2
221,4
222,2
223,1
224,4
225,1
226,2
227,3
228,4
229,2
230,4
231,3
232,5
233,4
234,6
235,3
236,4
237,2
238,0
239,3
240,2
241,3
242,4
243,3
244,3
245,1
246,6
247,5
248,4
249,4
250,0
251,2
252,4
253,0
254,5
255,2
256,5
257,6
258,0
259,2
260,3
261,0
262,0
263,0
264,5
265,5
266,1
267,1
268,4
269,2
270,3
271,3
272,4
273,1
274,4
275,1
276,6
277,1
278,3
279,0
280,0
281,4
282,4
283,0
284,5
285,4
286,1
287,5
288,2
289,4
290,4
291,4
292,3
293,1
294,2
295,2
296,2
297,4
298,2
299,6
300,6
301,0
302,2
303,0
304,6
305,2
306,6
307,0
308,4
309,4
310,6
311,6
312,0
313,3
314,6
315,3
316,0
317,1
318,2
319,2
320,3
321,4
322,0
323,6
324,3
325,0
326,4
327,3
328,4
329,4
330,0
331,6
332,3
333,5
334,2
335,2
336,2
337,5
338,5
339,1
340,3
341,5
342,6
343,2
344,2
345,3
346,4
347,0
348,4
349,2
350,2
351,5
352,6
353,2
354,2
355,5
356,6
357,4
358,5
359,0
360,6
361,0
362,4
363,5
364,3
365,1
366,1
367,5
368,2
369,2
370,0
371,2
372,3
373,2
374,5
375,5
376,2
377,3
378,6
379,0
380,6
381,0
382,3
383,6
384,2
385,3
386,1
387,2
388,0
389,6
390,4
391,2
392,0
393,5
394,0
395,2
396,6
397,3
398,5
399,0
400,1
401,0
402,0
403,5
404,5
405,4
406,6
407,4
408,6
409,4
410,0
411,6
412,3
413,4
414,0
415,0
416,5
417,6
418,1
419,1
420,4
421,1
422,0
423,6
424,5
425,3
426,0
427,1
428,1
429,5
430,0
431,4
432,6
433,6
434,6
435,4
436,3
437,1
438,0
439,2
440,1
441,0
442,3
443,2
444,6
445,4
446,0
447,3
448,5
449,3
450,6
451,0
452,6
453,1
454,3
455,4
456,6
457,2
458,2
459,3
460,1
461,3
462,5
463,5
464,6
465,1
466,0
467,4
468,5
469,0
470,0
471,1
472,3
473,2
474,3
475,3
476,0
477,5
478,6
479,5
480,1
481,3
482,6
483,1
484,1
485,3
486,3
487,1
488,0
489,3
490,4
491,2
492,0
493,0
494,1
495,2
496,4
497,5
498,0
499,4
500,4
501,0
502,3
503,5
504,6
505,5
506,4
507,0
508,2
509,2
510,6
511,3
512,6
513,3
514,5
515,3
516,0
517,4
518,6
519,6
520,2
521,0
522,0
523,2
524,0
525,5
526,3
527,3
528,2
529,1
530,0
531,2
532,3
533,0
534,6
535,5
536,1
537,1
538,4
539,0
540,5
541,0
542,2
543,4
544,0
545,5
546,0
547,2
548,4
549,5
550,5
551,5
552,5
553,4
554,0
555,5
556,6
557,2
558,3
559,3
560,2
561,6
562,2
563,0
564,3
565,5
566,4
567,3
568,2
569,1
570,5
571,3
572,4
573,1
574,2
575,0
576,2
577,2
578,2
579,6
580,4
581,3
582,2
583,6
584,2
585,6
586,4
587,6
588,5
589,0
590,5
591,3
592,4
593,0
594,0
595,6
596,3
597,0
598,4
599,1
600,5
601,0
602,3
603,5
604,2
605,3
606,2
607,0
608,0
609,0
610,3
611,2
612,2
613,6
614,6
615,2
616,1
617,1
618,0
619,2
620,5
621,2
622,1
623,0
624,1
625,4
626,0
627,3
628,2
629,4
630,5
631,0
632,6
633,2
634,0
635,6
636,1
637,4
638,6
639,5
640,6
641,1
642,4
643,3
644,1
645,0
646,5
647,6
648,4
649,2
650,1
651,0
652,6
653,4
654,6
655,6
656,3
657,3
658,5
659,4
660,0
661,5
662,0
663,1
664,5
665,2
666,4
667,1
668,1
669,3
670,3
671,1
672,3
673,4
674,5
675,5
676,0
677,4
678,0
679,2
680,5
681,4
682,4
683,6
684,0
685,2
686,5
687,2
688,0
689,4
690,3
691,3
692,5
693,5
694,5
695,5
696,1
697,3
698,5
699,3
700,0
701,2
702,1
703,1
704,1
705,3
706,0
707,0
708,0
709,0
710,1
711,1
712,5
713,1
714,0
715,4
716,0
717,6
718,4
719,5
720,6
721,4
722,0
723,1
724,2
725,3
726,5
727,4
728,0
729,3
730,0
731,1
732,3
733,6
734,3
735,3
736,1
737,0
738,3
739,5
740,1
741,0
742,0
743,6
744,3
745,4
746,0
747,6
748,2
749,3
750,6
751,2
752,6
753,5
754,0
755,0
756,4
757,5
758,0
759,2
760,2
761,4
762,6
763,4
764,3
765,5
766,4
767,2
768,4
769,6
770,0
771,3
772,5
773,2
774,3
775,0
776,0
777,5
778,3
779,1
780,4
781,2
782,0
783,4
784,0
785,0
786,2
787,6
788,2
789,5
790,1
791,4
792,2
793,1
794,5
795,5
796,6
797,3
798,0
799,0
800,3
801,3
802,4
803,3
804,4
805,1
806,6
807,0
808,6
809,5
810,0
811,6
812,3
813,4
814,4
815,5
816,2
817,2
818,3
819,2
820,2
821,4
822,1
823,0
824,3
825,3
826,4
827,2
828,0
829,1
830,5
831,6
832,1
833,2
834,3
835,6
836,3
837,4
838,6
839,5
840,0
841,6
842,1
843,2
844,3
845,3
846,6
847,5
848,4
849,5
850,1
851,2
852,4
853,4
854,1
855,0
856,0
857,6
858,6
859,3
860,0
861,6
862,1
863,1
864,1
865,1
866,5
867,4
868,5
869,3
870,6
871,3
872,6
873,6
874,4
875,0
876,1
877,2
878,6
879,5
880,6
881,4
882,1
883,0
884,3
885,4
886,4
887,0
888,4
889,6
890,0
891,2
892,5
893,0
894,4
895,3
896,5
897,4
898,5
899,4
900,3
901,5
902,0
903,5
904,3
905,1
906,5
907,2
908,1
909,1
910,1
911,0
912,2
913,1
914,5
915,5
916,0
917,2
918,4
919,4
920,0
921,0
922,4
923,6
924,6
925,2
926,0
927,4
928,0
929,5
930,1
931,4
932,4
933,4
934,3
935,4
936,3
937,4
938,0
939,4
940,0
941,6
942,5
943,1
944,0
945,2
946,6
947,0
948,1
949,0
950,6
951,1
952,5
953,6
954,4
955,1
956,6
957,6
958,4
959,6
960,4
961,2
962,2
963,5
964,0
965,5
966,6
967,6
968,4
969,4
970,0
971,0
972,3
973,0
974,0
975,0
976,1
977,1
978,5
979,1
980,4
981,5
982,1
983,0
984,1
985,2
986,5
987,0
988,4
989,3
990,4
991,5
992,0
993,0
994,3
995,0
996,4
997,6
998,4
999,4
1000,0
1001,6
1002,0
1003,3
1004,0
1005,6
1006,0
1007,0
1008,0
1009,5
1010,1
1011,4
1012,0
1013,4
1014,3
1015,6
1016,1
1017,1
1018,4
1019,1
1020,3
1021,4
1022,4
1023,5
1024,0
1025,3
1026,5
1027,3
1028,3
1029,2
1030,1
1031,2
1032,2
1033,0
1034,1
1035,4
1036,6
1037,1
1038,5
1039,5
1040,4
1041,5
1042,1
1043,4
1044,6
1045,3
1046,6
1047,3
1048,0
1049,5
1050,1
1051,4
1052,4
1053,0
1054,3
1055,0
1056,2
1057,4
1058,6
1059,5
1060,2
1061,0
1062,0
1063,3
1064,3
1065,4
1066,5
1067,3
1068,5
1069,3
1070,2
1071,0
1072,4
1073,6
1074,4
1075,1
1076,1
1077,5
1078,6
1079,1
1080,1
1081,1
1082,6
1083,5
1084,5
1085,3
1086,2
1087,6
1088,1
1089,4
1090,2
1091,2
1092,5
1093,6
1094,3
1095,4
1096,0
1097,3
1098,0
1099,6
1100,3
1101,4
1102,6
1103,4
1104,4
1105,1
1106,0
1107,4
1108,3
1109,4
1110,2
1111,2
1112,0
1113,6
1114,6
1115,1
1116,4
1117,0
1118,0
1119,4
1120,3
1121,1
1122,2
1123,0
1124,5
1125,0
1126,0
1127,2
1128,5
1129,3
1130,6
1131,1
1132,3
1133,1
1134,2
1135,2
1136,4
1137,2
1138,5
1139,6
1140,4
1141,1
1142,4
1143,0
1144,6
1145,3
1146,2
1147,5
1148,6
1149,5
1150,3
1151,3
1152,1
1153,5
1154,3
1155,1
1156,4
1157,6
1158,4
1159,6
1160,6
1161,4
1162,3
1163,5
1164,4
1165,0
1166,1
1167,2
1168,0
1169,6
1170,0
1171,6
1172,0
1173,3
1174,6
1175,0
1176,0
1177,4
1178,4
1179,5
1180,0
1181,1
1182,0
1183,0
1184,5
1185,3
1186,0
1187,3
1188,6
1189,3
1190,3
1191,6
1192,4
1193,6
1194,1
1195,0
1196,4
1197,5
1198,6
1199,1
1200,1
1201,2
1202,3
1203,6
1204,1
1205,0
1206,0
1207,4
1208,6
1209,3
1210,6
1211,2
1212,5
1213,5
1214,2
1215,4
1216,4
1217,3
1218,1
1219,2
1220,1
1221,4
1222,0
1223,0
1224,3
1225,2
1226,5
1227,1
1228,4
1229,3
1230,4
1231,1
1232,5
1233,0
1234,3
1235,5
1236,2
1237,6
1238,4
1239,1
1240,5
1241,6
1242,0
1243,1
1244,0
1245,2
1246,6
1247,2
1248,3
1249,3
1250,6
1251,3
1252,6
1253,5
1254,0
1255,6
1256,6
1257,4
1258,4
1259,5
1260,0
1261,4
1262,1
1263,0
1264,6
1265,0
1266,2
1267,3
1268,3
1269,1
1270,5
1271,3
1272,5
1273,3
1274,4
1275,0
1276,2
1277,5
1278,4
1279,0
1280,0
1281,2
1282,5
1283,1
1284,2
1285,0
1286,5
1287,2
1288,1
1289,1
1290,4
1291,3
1292,3
1293,4
1294,3
1295,5
1296,1
1297,5
1298,3
1299,0
1300,6
1301,2
1302,3
1303,6
1304,2
1305,5
1306,0
1307,4
1308,3
1309,6
1310,3
1311,5
1312,4
1313,6
1314,5
1315,3
1316,0
1317,2
1318,4
1319,2
1320,5
1321,5
1322,1
1323,3
1324,4
1325,5
1326,0
1327,2
1328,1
1329,2
1330,5
1331,1
1332,1
1333,1
1334,5
1335,0
1336,2
1337,2
1338,0
1339,5
1340,5
1341,3
1342,3
1343,3
1344,1
1345,1
1346,4
1347,4
1348,1
1349,3
1350,2
1351,6
1352,1
1353,6
1354,4
1355,2
1356,2
1357,6
1358,1
1359,4
1360,2
1361,3
1362,0
1363,4
1364,4
1365,2
1366,2
1367,6
1368,4
1369,3
1370,3
1371,1
1372,2
1373,5
1374,0
1375,3
1376,2
1377,5
1378,4
1379,4
1380,1
1381,6
1382,3
1383,0
1384,5
1385,0
1386,6
1387,5
1388,6
1389,0
1390,1
1391,2
1392,0
1393,4
1394,1
1395,0
1396,1
1397,5
1398,4
1399,2
1400,2
1401,1
1402,0
1403,5
1404,4
1405,0
1406,1
1407,3
1408,4
1409,3
1410,2
1411,5
1412,5
1413,1
1414,1
1415,5
1416,6
1417,2
1418,4
1419,6
1420,1
1421,4
1422,3
1423,0
1424,0
1425,1
1426,3
1427,1
1428,2
1429,6
1430,2
1431,6
1432,5
1433,4
1434,6
1435,1
1436,5
1437,0
1438,4
1439,2
1440,4
1441,5
1442,5
1443,4
1444,3
1445,5
1446,3
1447,1
1448,2
1449,0
1450,0
1451,3
1452,4
1453,1
1454,4
1455,1
1456,6
1457,1
1458,5
1459,0
1460,5
1461,1
1462,0
1463,6
1464,4
1465,1
1466,3
1467,5
1468,3
1469,1
1470,3
1471,5
1472,5
1473,0
1474,6
1475,5
1476,5
1477,1
1478,6
1479,3
1480,1
1481,4
1482,0
1483,6
1484,0
1485,6
1486,0
1487,2
1488,2
1489,2
1490,2
1491,2
1492,0
1493,2
1494,6
1495,4
1496,4
1497,5
1498,4
1499,1
1500,2
1501,6
1502,5
1503,1
1504,2
1505,0
1506,0
1507,6
1508,4
1509,0
1510,2
1511,3
1512,3
1513,1
1514,3
1515,5
1516,2
1517,5
1518,1
1519,4
1520,0
1521,2
1522,6
1523,1
1524,4
1525,5
1526,2
1527,4
1528,0
1529,1
1530,0
1531,4
1532,0
1533,0
1534,2
1535,3
1536,5
1537,4
1538,2
1539,4
1540,4
1541,6
1542,2
1543,2
1544,2
1545,5
1546,4
1547,4
1548,2
1549,4
1550,1
1551,6
1552,5
1553,1
1554,5
1555,5
1556,0
1557,1
1558,6
1559,5
1560,2
1561,5
1562,2
1563,6
1564,3
1565,1
1566,4
1567,1
1568,5
1569,1
1570,1
1571,0
1572,6
1573,4
1574,1
1575,1
1576,4
1577,6
1578,1
1579,6
1580,2
1581,3
1582,2
1583,5
1584,4
1585,4
1586,3
1587,3
1588,4
1589,0
1590,1
1591,5
1592,5
1593,2
1594,5
1595,4
1596,1
1597,0
1598,5
1599,6
1600,4
1601,5
1602,5
1603,0
1604,3
1605,1
1606,6
1607,3
1608,5
1609,2
1610,6
1611,0
1612,5
1613,2
1614,2
1615,5
1616,0
1617,4
1618,5
1619,1
1620,4
1621,4
1622,4
1623,6
1624,6
1625,0
1626,0
1627,6
1628,0
1629,5
1630,2
1631,6
1632,6
1633,2
1634,0
1635,0
1636,3
1637,4
1638,5
1639,5
1640,3
1641,2
1642,2
1643,4
1644,1
1645,3
1646,0
1647,5
1648,3
1649,3
1650,3
1651,2
1652,1
1653,4
1654,6
1655,5
1656,6
1657,4
1658,4
1659,1
1660,1
1661,6
1662,0
1663,2
1664,4
1665,4
1666,5
1667,6
1668,3
1669,0
1670,4
1671,0
1672,3
1673,1
1674,4
1675,4
1676,3
1677,5
1678,3
1679,6
1680,6
1681,2
1682,6
1683,4
1684,1
1685,1
1686,4
1687,0
1688,5
1689,1
1690,4
1691,6
1692,2
1693,6
1694,5
1695,6
1696,1
1697,0
1698,1
1699,6
1700,1
1701,4
1702,2
1703,1
1704,4
1705,4
1706,0
1707,4
1708,3
1709,2
1710,2
1711,0
1712,2
1713,1
1714,5
1715,6
1716,5
1717,5
1718,1
1719,0
1720,0
1721,1
1722,2
1723,4
1724,4
1725,5
1726,2
1727,5
1728,2
1729,2
1730,2
1731,2
1732,5
1733,4
1734,0
1735,0
1736,3
1737,3
1738,4
1739,3
1740,0
1741,3
1742,1
1743,6
1744,0
1745,2
1746,3
1747,2
1748,4
1749,6
1750,1
1751,0
1752,6
1753,2
1754,3
1755,6
1756,6
1757,4
1758,4
1759,5
1760,3
1761,3
1762,4
1763,4
1764,0
1765,0
1766,0
1767,4
1768,4
1769,6
1770,6
1771,1
1772,3
1773,1
1774,4
1775,0
1776,6
1777,6
1778,4
1779,2
1780,6
1781,3
1782,4
1783,0
1784,1
1785,1
1786,0
1787,2
1788,1
1789,1
1790,4
1791,6
1792,4
1793,4
1794,5
1795,3
1796,1
1797,3
1798,4
1799,2
1800,4
1801,4
1802,1
1803,0
1804,6
1805,3
1806,3
1807,3
1808,5
1809,2
1810,0
1811,2
1812,0
1813,0
1814,4
1815,5
1816,4
1817,4
1818,5
1819,4
1820,0
1821,4
1822,2
1823,4
1824,5
1825,1
1826,5
1827,4
1828,5
1829,5
1830,5
1831,5
1832,2
1833,5
1834,5
1835,2
1836,0
1837,5
1838,0
1839,6
1840,1
1841,4
1842,5
1843,4
1844,5
1845,3
1846,2
1847,5
1848,4
1849,4
1850,4
1851,4
1852,4
1853,4
1854,0
1855,1
1856,5
1857,6
1858,6
1859,0
1860,6
1861,5
1862,4
1863,3
1864,6
1865,0
1866,2
1867,6
1868,4
1869,4
1870,2
1871,2
1872,0
1873,5
1874,0
1875,2
1876,5
1877,4
1878,6
1879,6
1880,5
1881,4
1882,6
1883,5
1884,1
1885,2
1886,6
1887,6
1888,1
1889,6
1890,0
1891,5
1892,0
1893,6
1894,3
1895,4
1896,5
1897,0
1898,5
1899,2
1900,6
1901,0
1902,1
1903,4
1904,1
1905,4
1906,0
1907,0
1908,2
1909,1
1910,1
1911,3
1912,1
1913,5
1914,4
1915,0
1916,3
1917,0
1918,5
1919,5
1920,0
1921,5
1922,1
1923,5
1924,4
1925,1
1926,4
1927,6
1928,1
1929,2
1930,5
1931,0
1932,4
1933,1
1934,5
1935,4
1936,0
1937,5
1938,0
1939,0
1940,2
1941,2
1942,5
1943,0
1944,2
1945,2
1946,4
1947,4
1948,6
1949,1
1950,6
1951,4
1952,6
1953,5
1954,3
1955,3
1956,4
1957,5
1958,1
1959,0
1960,1
1961,4
1962,3
1963,0
1964,2
1965,1
1966,4
1967,0
1968,3
1969,1
1970,2
1971,1
1972,5
1973,6
1974,5
1975,3
1976,3
1977,0
1978,4
1979,5
1980,5
1981,0
1982,5
1983,2
1984,4
1985,2
1986,0
1987,0
1988,2
1989,4
1990,6
1991,3
1992,0
1993,4
1994,5
1995,2
1996,6
1997,0
1998,5
1999,5
2000,6
2001,0
2002,6
2003,2
2004,1
2005,1
2006,5
2007,0
2008,2
2009,2
2010,1
2011,0
2012,5
2013,2
2014,0
2015,4
2016,4
2017,0
2018,2
2019,4
2020,4
2021,1
2022,3
2023,5
2024,1
2025,5
2026,0
2027,1
2028,5
2029,5
2030,4
2031,3
2032,0
2033,2
2034,4
2035,5
2036,6
2037,0
2038,3
2039,2
2040,3
2041,4
2042,0
2043,6
2044,6
2045,1
2046,4
2047,2
2048,2
2049,4
2050,2
2051,4
2052,4
2053,6
2054,1
2055,6
2056,0
2057,4
2058,3
2059,4
2060,6
2061,3
2062,1
2063,3
2064,1
2065,2
2066,6
2067,5
2068,5
2069,3
2070,4
2071,2
2072,2
2073,5
2074,1
2075,2
2076,0
2077,0
2078,6
2079,5
2080,4
2081,3
2082,5
2083,4
2084,1
2085,4
2086,0
2087,2
2088,6
2089,4
2090,6
2091,5
2092,6
2093,2
2094,0
2095,2
2096,6
2097,6
2098,0
2099,5
2100,3
2101,2
2102,5
2103,3
2104,0
2105,3
2106,4
2107,3
2108,2
2109,2
2110,4
2111,5
2112,3
2113,1
2114,1
2115,6
2116,3
2117,3
2118,5
2119,2
2120,0
2121,1
2122,1
2123,2
2124,5
2125,1
2126,6
2127,3
2128,2
2129,5
2130,4
2131,4
2132,2
2133,1
2134,4
2135,3
2136,1
2137,1
2138,5
2139,3
2140,5
2141,5
2142,4
2143,0
2144,4
2145,4
2146,1
2147,1
2148,4
2149,4
2150,1
2151,4
2152,0
2153,4
2154,6
2155,0
2156,3
2157,3
2158,0
2159,6
2160,2
2161,2
2162,5
2163,0
2164,1
2165,3
2166,3
2167,0
2168,4
2169,4
2170,3
2171,3
2172,5
2173,6
2174,2
2175,0
2176,0
2177,6
2178,2
2179,3
2180,5
2181,4
2182,1
2183,4
2184,3
2185,1
2186,0
2187,3
2188,0
2189,5
2190,3
2191,3
2192,0
2193,0
2194,2
2195,4
2196,4
2197,3
2198,0
2199,4
2200,3
2201,3
2202,2
2203,4
2204,3
2205,6
2206,2
2207,2
2208,4
2209,4
2210,4
2211,6
2212,3
2213,3
2214,2
2215,6
2216,6
2217,0
2218,3
2219,1
2220,4
2221,1
2222,5
2223,1
2224,4
2225,3
2226,1
2227,1
2228,5
2229,6
2230,1
2231,6
2232,2
2233,3
2234,5
2235,4
2236,6
2237,6
2238,3
2239,6
2240,5
2241,6
2242,1
2243,3
2244,6
2245,6
2246,5
2247,5
2248,0
2249,2
2250,3
2251,6
2252,1
2253,3
2254,1
2255,4
2256,0
2257,2
2258,3
2259,0
2260,5
2261,5
2262,2
2263,0
2264,0
2265,4
2266,3
2267,2
2268,0
2269,0
2270,4
2271,0
2272,2
2273,5
2274,3
2275,0
2276,1
2277,1
2278,1
2279,5
2280,0
2281,2
2282,5
2283,5
2284,0
2285,0
2286,3
2287,3
2288,2
2289,4
2290,2
2291,4
2292,0
2293,2
2294,3
2295,0
2296,0
2297,3
2298,6
2299,2
2300,2
2301,0
2302,2
2303,6
2304,3
2305,6
2306,3
2307,2
2308,5
2309,0
2310,4
2311,2
2312,0
2313,2
2314,5
2315,0
2316,2
2317,4
2318,1
2319,6
2320,3
2321,5
2322,0
2323,6
2324,5
2325,0
2326,3
2327,6
2328,4
2329,3
2330,4
2331,5
2332,2
2333,6
2334,5
2335,3
2336,0
2337,3
2338,3
2339,4
2340,4
2341,3
2342,4
2343,1
2344,3
2345,3
2346,6
2347,1
2348,1
2349,1
2350,0
2351,4
2352,5
2353,4
2354,3
2355,2
2356,0
2357,3
2358,3
2359,4
2360,2
2361,2
2362,4
2363,4
2364,1
2365,0
2366,2
2367,2
2368,5
2369,0
2370,0
2371,4
2372,6
2373,0
2374,5
2375,2
2376,5
2377,5
2378,3
2379,5
2380,6
2381,0
2382,4
2383,5
2384,2
2385,0
2386,0
2387,0
2388,2
2389,4
2390,4
2391,1
2392,3
2393,1
2394,0
2395,0
2396,0
2397,6
2398,4
2399,2
2400,5
2401,0
2402,3
2403,2
2404,5
2405,5
2406,0
2407,6
2408,4
2409,0
2410,3
2411,6
2412,0
2413,1
2414,0
2415,0
2416,4
2417,3
2418,5
2419,1
2420,2
2421,2
2422,5
2423,4
2424,2
2425,4
2426,6
2427,0
2428,4
2429,2
2430,5
2431,0
2432,4
2433,0
2434,6
2435,6
2436,2
2437,3
2438,3
2439,4
2440,6
2441,2
2442,3
2443,2
2444,6
2445,6
2446,2
2447,5
2448,3
2449,2
2450,1
2451,5
2452,5
2453,2
2454,1
2455,6
2456,2
2457,6
2458,4
2459,0
2460,0
2461,3
2462,4
2463,1
2464,4
2465,6
2466,2
2467,1
2468,4
2469,1
2470,2
2471,2
2472,2
2473,5
2474,1
2475,0
2476,5
2477,2
2478,6
2479,4
2480,4
2481,6
2482,1
2483,4
2484,0
2485,2
2486,0
2487,4
2488,0
2489,3
2490,4
2491,0
2492,5
2493,4
2494,2
2495,4
2496,3
2497,4
2498,2
2499,0
2500,1
2501,5
2502,0
2503,5
2504,0
2505,0
2506,1
2507,5
2508,4
2509,6
2510,4
2511,5
2512,3
2513,4
2514,1
2515,5
2516,3
2517,3
2518,6
2519,5
2520,2
2521,4
2522,6
2523,6
2524,4
2525,1
2526,2
2527,4
2528,3
2529,5
2530,0
2531,3
2532,2
2533,4
2534,3
2535,4
2536,6
2537,1
2538,0
2539,1
2540,4
2541,3
2542,4
2543,4
2544,5
2545,3
2546,4
2547,2
2548,6
2549,0
2550,0
2551,0
2552,2
2553,6
2554,1
2555,5
2556,5
2557,6
2558,4
2559,4
2560,4
2561,6
2562,3
2563,2
2564,2
2565,6
2566,6
2567,4
2568,6
2569,2
2570,3
2571,2
2572,5
2573,5
2574,3
2575,3
2576,6
2577,2
2578,3
2579,6
2580,1
2581,4
2582,2
2583,5
2584,4
2585,0
2586,6
2587,4
2588,3
2589,1
2590,3
2591,4
2592,5
2593,4
2594,0
2595,3
2596,0
2597,4
2598,2
2599,0
2600,1
2601,0
2602,2
2603,4
2604,4
2605,5
2606,3
2607,2
2608,0
2609,1
2610,4
2611,4
2612,4
2613,6
2614,6
2615,2
2616,0
2617,4
2618,4
2619,2
2620,2
2621,3
2622,2
2623,3
2624,4
2625,5
2626,4
2627,5
2628,0
2629,6
2630,0
2631,0
2632,3
2633,2
2634,4
2635,3
2636,6
2637,2
2638,4
2639,0
2640,3
2641,5
2642,3
2643,4
2644,5
2645,6
2646,3
2647,0
2648,5
2649,6
2650,0
2651,0
2652,2
2653,0
2654,6
2655,2
2656,3
2657,6
2658,1
2659,5
2660,5
2661,4
2662,5
2663,2
2664,6
2665,5
2666,2
2667,0
2668,5
2669,3
2670,5
2671,2
2672,3
2673,4
2674,4
2675,6
2676,5
2677,2
2678,4
2679,3
2680,2
2681,2
2682,2
2683,6
2684,0
2685,6
2686,6
2687,1
2688,4
2689,3
2690,6
2691,1
2692,0
2693,3
2694,6
2695,6
2696,4
2697,6
2698,0
2699,3
2700,2
2701,4
2702,5
2703,1
2704,1
2705,2
2706,1
2707,0
2708,0
2709,4
2710,5
2711,6
2712,6
2713,5
2714,6
2715,0
2716,4
2717,1
2718,5
2719,5
2720,0
2721,3
2722,1
2723,3
2724,0
2725,0
2726,3
2727,4
2728,3
2729,4
2730,1
2731,6
2732,5
2733,4
2734,2
2735,4
2736,6
2737,2
2738,5
2739,5
2740,2
2741,2
2742,4
2743,1
2744,5
2745,1
2746,3
2747,3
2748,4
2749,1
2750,5
2751,0
2752,0
2753,4
2754,1
2755,3
2756,3
2757,5
2758,3
2759,0
2760,6
2761,4
2762,5
2763,0
2764,0
2765,6
2766,6
2767,0
2768,4
2769,2
2770,0
2771,5
2772,5
2773,6
2774,5
2775,2
2776,5
2777,2
2778,4
2779,5
2780,5
2781,0
2782,4
2783,5
2784,6
2785,0
2786,1
2787,2
2788,5
2789,1
2790,3
2791,2
2792,6
2793,4
2794,0
2795,5
2796,4
2797,4
2798,3
2799,5
2800,3
2801,1
2802,3
2803,4
2804,3
2805,3
2806,6
2807,4
2808,0
2809,1
2810,2
2811,4
2812,0
2813,5
2814,1
2815,0
2816,1
2817,3
2818,4
2819,4
2820,4
2821,6
2822,1
2823,0
2824,0
2825,1
2826,3
2827,3
2828,6
2829,1
2830,4
2831,6
2832,0
2833,5
2834,0
2835,5
2836,5
2837,0
2838,0
2839,4
2840,2
2841,0
2842,6
2843,6
2844,1
2845,2
2846,6
2847,6
2848,1
2849,3
2850,6
2851,6
2852,0
2853,3
2854,5
2855,0
2856,3
2857,3
2858,0
2859,6
2860,1
2861,1
2862,1
2863,4
2864,1
2865,6
2866,1
2867,1
2868,4
2869,1
2870,6
2871,0
2872,5
2873,6
2874,0
2875,4
2876,3
2877,4
2878,1
2879,4
2880,0
2881,1
2882,3
2883,6
2884,6
2885,6
2886,2
2887,2
2888,3
2889,1
2890,6
2891,5
2892,1
2893,3
2894,0
2895,6
2896,0
2897,2
2898,1
2899,2
2900,4
2901,2
2902,1
2903,0
2904,3
2905,5
2906,3
2907,6
2908,2
2909,3
2910,4
2911,4
2912,4
2913,5
2914,4
2915,2
2916,2
2917,4
2918,0
2919,3
2920,3
2921,4
2922,3
2923,4
2924,0
2925,4
2926,2
2927,2
2928,3
2929,0
2930,4
2931,3
2932,4
2933,6
2934,4
2935,3
2936,4
2937,0
2938,6
2939,1
2940,0
2941,3
2942,3
2943,4
2944,1
2945,3
2946,3
2947,5
2948,4
2949,2
2950,2
2951,5
2952,5
2953,0
2954,5
2955,1
2956,3
2957,0
2958,3
2959,5
2960,2
2961,6
2962,2
2963,2
2964,0
2965,0
2966,6
2967,3
2968,1
2969,3
2970,4
2971,4
2972,5
2973,0
2974,3
2975,1
2976,0
2977,1
2978,6
2979,4
2980,5
2981,0
2982,6
2983,1
2984,3
2985,5
2986,3
2987,4
2988,4
2989,4
2990,0
2991,1
2992,5
2993,0
2994,4
2995,5
2996,0
2997,6
2998,0
2999,2
3000,4
3001,5
3002,4
3003,2
3004,0
3005,0
3006,4
3007,5
3008,4
3009,0
3010,6
3011,5
3012,1
3013,2
3014,4
3015,1
3016,0
3017,5
3018,3
3019,1
3020,4
3021,2
3022,5
3023,6
3024,5
3025,4
3026,0
3027,5
3028,2
3029,1
3030,2
3031,0
3032,3
3033,6
3034,4
3035,5
3036,6
3037,0
3038,3
3039,5
3040,1
3041,2
3042,6
3043,0
3044,4
3045,2
3046,5
3047,6
3048,4
3049,5
3050,0
3051,6
3052,2
3053,0
3054,6
3055,1
3056,2
3057,3
3058,0
3059,0
3060,5
3061,5
3062,6
3063,0
3064,4
3065,1
3066,0
3067,1
3068,5
3069,2
3070,4
3071,6
3072,1
3073,1
3074,5
3075,1
3076,0
3077,6
3078,2
3079,5
3080,5
3081,3
3082,1
3083,0
3084,2
3085,1
3086,5
3087,5
3088,1
3089,0
3090,1
3091,3
3092,2
3093,4
3094,1
3095,6
3096,3
3097,0
3098,3
3099,2
3100,5
3101,3
3102,4
3103,3
3104,5
3105,4
3106,3
3107,5
3108,1
3109,6
3110,0
3111,0
3112,3
3113,1
3114,5
3115,6
3116,4
3117,3
3118,3
3119,4
3120,1
3121,1
3122,1
3123,3
3124,3
3125,0
3126,0
3127,3
3128,5
3129,4
3130,4
3131,6
3132,4
3133,1
3134,4
3135,1
3136,6
3137,5
3138,2
3139,1
3140,4
3141,4
3142,0
3143,5
3144,3
3145,5
3146,4
3147,6
3148,5
3149,3
3150,5
3151,5
3152,3
3153,5
3154,0
3155,2
3156,2
3157,0
3158,3
3159,0
3160,3
3161,1
3162,4
3163,5
3164,0
3165,0
3166,1
3167,0
3168,1
3169,3
3170,6
3171,2
3172,0
3173,3
3174,0
3175,4
3176,1
3177,0
3178,6
3179,6
3180,6
3181,5
3182,5
3183,3
3184,6
3185,0
3186,1
3187,2
3188,3
3189,6
3190,0
3191,4
3192,4
3193,1
3194,3
3195,2
3196,4
3197,2
3198,1
3199,3
3200,3
3201,6
3202,1
3203,3
3204,6
3205,1
3206,4
3207,0
3208,3
3209,3
3210,2
3211,5
3212,6
3213,6
3214,6
3215,0
3216,3
3217,1
3218,6
3219,5
3220,5
3221,5
3222,6
3223,5
3224,4
3225,3
3226,2
3227,3
3228,3
3229,6
3230,2
3231,5
3232,5
3233,2
3234,4
3235,0
3236,4
3237,1
3238,6
3239,5
3240,6
3241,4
3242,3
3243,0
3244,1
3245,1
3246,1
3247,3
3248,6
3249,0
3250,0
3251,3
3252,5
3253,0
3254,2
3255,4
3256,3
3257,5
3258,2
3259,2
3260,3
3261,4
3262,0
3263,6
3264,0
3265,2
3266,0
3267,0
3268,6
3269,2
3270,0
3271,5
3272,1
3273,1
3274,3
3275,4
3276,2
3277,0
3278,3
3279,0
3280,0
3281,0
3282,2
3283,1
3284,4
3285,1
3286,6
3287,5
3288,4
3289,4
3290,5
3291,0
3292,6
3293,6
3294,4
3295,0
3296,4
3297,2
3298,6
3299,5
3300,5
3301,0
3302,0
3303,3
3304,4
3305,3
3306,5
3307,6
3308,3
3309,1
3310,4
3311,0
3312,3
3313,6
3314,2
3315,1
3316,0
3317,1
3318,0
3319,1
3320,2
3321,0
3322,2
3323,2
3324,6
3325,1
3326,6
3327,6
3328,5
3329,0
3330,2
3331,5
3332,3
3333,3
3334,0
3335,5
3336,3
3337,5
3338,2
3339,5
3340,0
3341,1
3342,1
3343,0
3344,4
3345,6
3346,1
3347,4
3348,6
3349,5
3350,6
3351,2
3352,4
3353,4
3354,2
3355,4
3356,1
3357,3
3358,4
3359,4
3360,2
3361,1
3362,4
3363,0
3364,4
3365,0
3366,0
3367,5
3368,6
3369,3
3370,3
3371,2
3372,3
3373,0
3374,3
3375,4
3376,2
3377,5
3378,2
3379,4
3380,3
3381,5
3382,5
3383,0
3384,5
3385,6
3386,0
3387,0
3388,4
3389,2
3390,4
3391,3
3392,5
3393,5
3394,0
3395,2
3396,2
3397,6
3398,5
3399,4
3400,5
3401,3
3402,5
3403,5
3404,1
3405,5
3406,0
3407,0
3408,0
3409,6
3410,3
3411,3
3412,0
3413,1
3414,6
3415,3
3416,2
3417,3
3418,5
3419,0
3420,6
3421,0
3422,0
3423,4
3424,5
3425,5
3426,0
3427,5
3428,0
3429,5
3430,4
3431,1
3432,5
3433,6
3434,1
3435,5
3436,0
3437,0
3438,1
3439,2
3440,5
3441,1
3442,1
3443,1
3444,6
3445,0
3446,3
3447,3
3448,1
3449,6
3450,6
3451,2
3452,1
3453,5
3454,0
3455,0
3456,5
3457,5
3458,4
3459,6
3460,1
3461,2
3462,3
3463,5
3464,0
3465,0
3466,3
3467,5
3468,3
3469,3
3470,4
3471,5
3472,6
3473,1
3474,5
3475,6
3476,0
3477,2
3478,3
3479,1
3480,3
3481,0
3482,5
3483,0
3484,4
3485,6
3486,3
3487,3
3488,5
3489,5
3490,0
3491,5
3492,0
3493,0
3494,2
3495,3
3496,5
3497,0
3498,0
3499,5
3500,3
3501,3
3502,5
3503,5
3504,4
3505,3
3506,3
3507,3
3508,0
3509,2
3510,2
3511,0
3512,0
3513,4
3514,4
3515,1
3516,6
3517,5
3518,1
3519,4
3520,5
3521,6
3522,3
3523,5
3524,4
3525,5
3526,2
3527,3
3528,0
3529,4
3530,5
3531,3
3532,5
3533,5
3534,6
3535,0
3536,0
3537,3
3538,1
3539,2
3540,0
3541,2
3542,4
3543,6
3544,0
3545,0
3546,5
3547,3
3548,5
3549,5
3550,6
3551,4
3552,4
3553,2
3554,4
3555,5
3556,0
3557,6
3558,6
3559,6
3560,3
3561,4
3562,4
3563,4
3564,6
3565,6
3566,0
3567,3
3568,2
3569,4
3570,2
3571,0
3572,5
3573,6
3574,0
3575,2
3576,1
3577,5
3578,6
3579,4
3580,1
3581,3
3582,1
3583,4
3584,4
3585,3
3586,4
3587,0
3588,2
3589,2
3590,0
3591,4
3592,2
3593,1
3594,0
3595,5
3596,3
3597,5
3598,4
3599,6
3600,5
3601,5
3602,3
3603,6
3604,4
3605,2
3606,3
3607,4
3608,3
3609,3
3610,6
3611,3
3612,0
3613,2
3614,0
3615,3
3616,3
3617,0
3618,1
3619,5
3620,6
3621,4
3622,4
3623,5
3624,0
3625,0
3626,6
3627,4
3628,6
3629,1
3630,5
3631,3
3632,3
3633,0
3634,4
3635,0
3636,1
3637,0
3638,6
3639,6
3640,4
3641,3
3642,2
3643,4
3644,4
3645,4
3646,0
3647,6
3648,6
3649,1
3650,3
3651,5
3652,6
3653,0
3654,6
3655,2
3656,5
3657,5
3658,2
3659,5
3660,6
3661,4
3662,5
3663,6
3664,3
3665,2
3666,1
3667,4
3668,1
3669,4
3670,2
3671,4
3672,5
3673,1
3674,2
3675,4
3676,1
3677,0
3678,2
3679,0
3680,2
3681,5
3682,0
3683,5
3684,4
3685,6
3686,3
3687,2
3688,4
3689,0
3690,0
3691,0
3692,5
3693,0
3694,3
3695,0
3696,1
3697,1
3698,6
3699,1
3700,6
3701,4
3702,3
3703,4
3704,4
3705,0
3706,4
3707,0
3708,3
3709,0
3710,4
3711,2
3712,0
3713,0
3714,1
3715,1
3716,1
3717,3
3718,3
3719,1
3720,0
3721,5
3722,6
3723,2
3724,4
3725,2
3726,5
3727,3
3728,6
3729,0
3730,0
3731,5
3732,0
3733,5
3734,2
3735,6
3736,4
3737,5
3738,4
3739,0
3740,1
3741,0
3742,1
3743,3
3744,0
3745,3
3746,0
3747,1
3748,6
3749,6
3750,3
3751,5
3752,0
3753,3
3754,1
3755,6
3756,3
3757,5
3758,2
3759,4
3760,4
3761,0
3762,0
3763,1
3764,1
3765,0
3766,3
3767,3
3768,4
3769,2
3770,4
3771,4
3772,1
3773,3
3774,3
3775,2
3776,1
3777,3
3778,0
3779,0
3780,3
3781,2
3782,1
3783,6
3784,6
3785,1
3786,4
3787,1
3788,5
3789,1
3790,3
3791,5
3792,1
3793,2
3794,2
3795,3
3796,6
3797,5
3798,0
3799,2
3800,2
3801,6
3802,2
3803,5
3804,1
3805,0
3806,0
3807,4
3808,2
3809,3
3810,2
3811,0
3812,0
3813,0
3814,2
3815,5
3816,2
3817,1
3818,1
3819,5
3820,3
3821,1
3822,6
3823,0
3824,4
3825,5
3826,0
3827,0
3828,4
3829,5
3830,6
3831,3
3832,0
3833,0
3834,2
3835,3
3836,1
3837,0
3838,3
3839,1
3840,4
3841,6
3842,0
3843,6
3844,4
3845,4
3846,4
3847,0
3848,0
3849,4
3850,0
3851,0
3852,2
3853,2
3854,6
3855,3
3856,4
3857,2
3858,1
3859,0
3860,4
3861,0
3862,6
3863,6
3864,2
3865,2
3866,5
3867,2
3868,4
3869,6
3870,6
3871,2
3872,2
3873,5
3874,2
3875,1
3876,1
3877,0
3878,5
3879,3
3880,4
3881,0
3882,3
3883,0
3884,2
3885,5
3886,1
3887,1
3888,4
3889,0
3890,1
3891,1
3892,1
3893,3
3894,0
3895,1
3896,5
3897,6
3898,3
3899,4
3900,6
3901,3
3902,1
3903,6
3904,3
3905,3
3906,3
3907,2
3908,1
3909,1
3910,3
3911,0
3912,2
3913,2
3914,0
3915,6
3916,1
3917,4
3918,1
3919,6
3920,4
3921,6
3922,3
3923,4
3924,4
3925,1
3926,1
3927,4
3928,2
3929,3
3930,2
3931,0
3932,6
3933,2
3934,2
3935,3
3936,0
3937,5
3938,0
3939,5
3940,2
3941,1
3942,1
3943,5
3944,5
3945,5
3946,2
3947,1
3948,1
3949,3
3950,0
3951,3
3952,4
3953,4
3954,3
3955,2
3956,1
3957,1
3958,5
3959,5
3960,1
3961,3
3962,6
3963,0
3964,2
3965,3
3966,5
3967,6
3968,4
3969,0
3970,1
3971,0
3972,6
3973,2
3974,5
3975,0
3976,5
3977,3
3978,3
3979,0
3980,3
3981,0
3982,3
3983,1
3984,4
3985,6
3986,4
3987,0
3988,3
3989,3
3990,0
3991,1
3992,3
3993,0
3994,4
3995,5
3996,3
3997,4
3998,0
3999,0
4000,3
4001,1
4002,0
4003,0
4004,2
4005,1
4006,1
4007,0
4008,5
4009,0
4010,1
4011,2
4012,1
4013,6
4014,4
4015,0
4016,0
4017,0
4018,5
4019,0
4020,4
4021,3
4022,6
4023,2
4024,5
4025,3
4026,2
4027,4
4028,3
4029,0
4030,4
4031,5
4032,0
4033,4
4034,5
4035,1
4036,3
4037,3
4038,5
4039,5
4040,0
4041,2
4042,6
4043,3
4044,1
4045,1
4046,2
4047,5
4048,0
4049,6
4050,0
4051,4
4052,3
4053,2
4054,5
4055,6
4056,0
4057,4
4058,0
4059,2
4060,5
4061,0
4062,1
4063,1
4064,4
4065,2
4066,5
4067,5
4068,2
4069,1
4070,6
4071,4
4072,5
4073,1
4074,2
4075,5
4076,6
4077,1
4078,1
4079,5
4080,0
4081,2
4082,6
4083,0
4084,1
4085,6
4086,2
4087,0
4088,4
4089,1
4090,3
4091,1
4092,2
4093,0
4094,6
4095,4
4096,3
4097,5
4098,3
4099,3
4100,0
4101,6
4102,3
4103,4
4104,6
4105,6
4106,5
4107,1
4108,3
4109,4
4110,4
4111,3
4112,6
4113,0
4114,2
4115,0
4116,2
4117,2
4118,0
4119,5
4120,1
4121,3
4122,2
4123,2
4124,2
4125,6
4126,0
4127,3
4128,2
4129,0
4130,0
4131,0
4132,1
4133,0
4134,5
4135,3
4136,6
4137,0
4138,0
4139,2
4140,2
4141,5
4142,6
4143,4
4144,1
4145,5
4146,4
4147,0
4148,1
4149,5
4150,4
4151,0
4152,1
4153,0
4154,0
4155,4
4156,1
4157,2
4158,6
4159,2
4160,4
4161,0
4162,2
4163,0
4164,0
4165,3
4166,4
4167,2
4168,6
4169,1
4170,1
4171,3
4172,5
4173,3
4174,3
4175,6
4176,0
4177,0
4178,0
4179,4
4180,2
4181,2
4182,6
4183,1
4184,4
4185,0
4186,1
4187,3
4188,2
4189,0
4190,1
4191,5
4192,1
4193,5
4194,2
4195,4
4196,1
4197,6
4198,6
4199,5
4200,5
4201,5
4202,3
4203,6
4204,0
4205,2
4206,4
4207,6
4208,3
4209,6
4210,4
4211,4
4212,4
4213,2
4214,5
4215,3
4216,2
4217,1
4218,3
4219,1
4220,5
4221,0
4222,3
4223,0
4224,6
4225,4
4226,6
4227,0
4228,6
4229,4
4230,3
4231,5
4232,0
4233,1
4234,1
4235,0
4236,5
4237,6
4238,4
4239,4
4240,5
4241,5
4242,2
4243,0
4244,2
4245,2
4246,1
4247,2
4248,1
4249,1
4250,2
4251,2
4252,0
4253,1
4254,5
4255,4
4256,1
4257,5
4258,6
4259,3
4260,3
4261,1
4262,0
4263,0
4264,6
4265,2
4266,3
4267,5
4268,1
4269,6
4270,1
4271,3
4272,6
4273,1
4274,3
4275,1
4276,4
4277,5
4278,4
4279,0
4280,0
4281,3
4282,0
4283,3
4284,4
4285,4
4286,0
4287,3
4288,6
4289,1
4290,6
4291,3
4292,6
4293,1
4294,1
4295,3
4296,6
4297,5
4298,0
4299,4
4300,4
4301,1
4302,5
4303,2
4304,4
4305,1
4306,0
4307,5
4308,2
4309,4
4310,6
4311,2
4312,6
4313,0
4314,5
4315,1
4316,3
4317,1
4318,3
4319,5
4320,1
4321,4
4322,6
4323,0
4324,6
4325,3
4326,2
4327,1
4328,4
4329,4
4330,2
4331,1
4332,0
4333,4
4334,4
4335,0
4336,6
4337,0
4338,3
4339,6
4340,5
4341,6
4342,2
4343,4
4344,0
4345,6
4346,6
4347,4
4348,6
4349,4
4350,0
4351,2
4352,1
4353,5
4354,1
4355,3
4356,6
4357,5
4358,4
4359,3
4360,3
4361,4
4362,4
4363,5
4364,3
4365,1
4366,6
4367,5
4368,2
4369,6
4370,0
4371,0
4372,6
4373,3
4374,0
4375,4
4376,5
4377,2
4378,1
4379,4
4380,5
4381,1
4382,6
4383,5
4384,3
4385,5
4386,5
4387,3
4388,6
4389,1
4390,6
4391,0
4392,2
4393,4
4394,0
4395,6
4396,3
4397,1
4398,1
4399,0
4400,5
4401,3
4402,1
4403,3
4404,5
4405,6
4406,2
4407,0
4408,1
4409,3
4410,5
4411,6
4412,5
4413,4
4414,3
4415,3
4416,3
4417,4
4418,5
4419,5
4420,0
4421,5
4422,5
4423,5
4424,6
4425,4
4426,2
4427,6
4428,3
4429,3
4430,6
4431,1
4432,4
4433,1
4434,1
4435,6
4436,3
4437,1
4438,2
4439,2
4440,6
4441,4
4442,5
4443,1
4444,4
4445,4
4446,3
4447,4
4448,3
4449,5
4450,5
4451,0
4452,5
4453,1
4454,1
4455,2
4456,0
4457,3
4458,0
4459,2
4460,3
4461,3
4462,6
4463,4
4464,3
4465,4
4466,3
4467,6
4468,4
4469,4
4470,6
4471,3
4472,5
4473,0
4474,5
4475,1
4476,0
4477,0
4478,1
4479,2
4480,0
4481,3
4482,3
4483,0
4484,3
4485,4
4486,6
4487,5
4488,4
4489,6
4490,3
4491,1
4492,0
4493,4
4494,1
4495,2
4496,2
4497,0
4498,4
4499,0
4500,1
4501,1
4502,1
4503,3
4504,1
4505,5
4506,4
4507,0
4508,5
4509,4
4510,0
4511,5
4512,1
4513,4
4514,0
4515,1
4516,4
4517,5
4518,3
4519,4
4520,4
4521,4
4522,6
4523,1
4524,1
4525,0
4526,2
4527,3
4528,2
4529,2
4530,4
4531,0
4532,0
4533,5
4534,3
4535,2
4536,0
4537,0
4538,2
4539,0
4540,4
4541,3
4542,2
4543,0
4544,4
4545,4
4546,0
4547,1
4548,0
4549,4
4550,3
4551,2
4552,5
4553,2
4554,2
4555,5
4556,0
4557,2
4558,6
4559,2
4560,3
4561,3
4562,1
4563,2
4564,4
4565,6
4566,5
4567,2
4568,1
4569,1
4570,6
4571,1
4572,2
4573,6
4574,0
4575,2
4576,2
4577,3
4578,6
4579,5
4580,6
4581,2
4582,6
4583,4
4584,4
4585,3
4586,2
4587,0
4588,5
4589,6
4590,5
4591,1
4592,5
4593,1
4594,2
4595,2
4596,0
4597,0
4598,3
4599,0
4600,4
4601,1
4602,6
4603,1
4604,0
4605,0
4606,5
4607,4
4608,1
4609,3
4610,5
4611,6
4612,1
4613,5
4614,0
4615,4
4616,1
4617,1
4618,1
4619,5
4620,0
4621,0
4622,0
4623,3
4624,4
4625,4
4626,3
4627,5
4628,4
4629,4
4630,2
4631,4
4632,4
4633,6
4634,1
4635,6
4636,0
4637,1
4638,0
4639,3
4640,2
4641,4
4642,1
4643,6
4644,2
4645,3
4646,6
4647,6
4648,4
4649,2
4650,0
4651,0
4652,4
4653,3
4654,5
4655,6
4656,3
4657,5
4658,0
4659,1
4660,5
4661,4
4662,3
4663,0
4664,4
4665,4
4666,3
4667,1
4668,4
4669,5
4670,0
4671,0
4672,4
4673,4
4674,3
4675,6
4676,2
4677,2
4678,0
4679,0
4680,1
4681,4
4682,3
4683,6
4684,5
4685,4
4686,2
4687,1
4688,2
4689,2
4690,1
4691,3
4692,0
4693,1
4694,3
4695,0
4696,1
4697,4
4698,4
4699,0
4700,0
4701,6
4702,3
4703,2
4704,2
4705,4
4706,3
4707,5
4708,4
4709,5
4710,2
4711,1
4712,3
4713,1
4714,6
4715,2
4716,4
4717,2
4718,5
4719,0
4720,1
4721,6
4722,3
4723,1
4724,5
4725,0
4726,4
4727,6
4728,0
4729,6
4730,6
4731,4
4732,6
4733,2
4734,3
4735,1
4736,6
4737,6
4738,1
4739,1
4740,6
4741,6
4742,2
4743,2
4744,2
4745,0
4746,4
4747,4
4748,3
4749,0
4750,2
4751,3
4752,3
4753,0
4754,5
4755,4
4756,4
4757,1
4758,0
4759,2
4760,3
4761,4
4762,2
4763,3
4764,4
4765,5
4766,1
4767,6
4768,4
4769,3
4770,0
4771,0
4772,0
4773,5
4774,0
4775,5
4776,4
4777,4
4778,2
4779,3
4780,4
4781,3
4782,2
4783,0
4784,5
4785,6
4786,0
4787,5
4788,4
4789,6
4790,3
4791,2
4792,0
4793,6
4794,2
4795,1
4796,5
4797,0
4798,5
4799,6
4800,4
4801,1
4802,2
4803,6
4804,3
4805,4
4806,0
4807,3
4808,2
4809,0
4810,4
4811,1
4812,1
4813,3
4814,3
4815,4
4816,0
4817,5
4818,2
4819,3
4820,6
4821,1
4822,5
4823,1
4824,1
4825,6
4826,5
4827,6
4828,6
4829,4
4830,5
4831,2
4832,1
4833,0
4834,3
4835,2
4836,6
4837,4
4838,2
4839,0
4840,4
4841,5
4842,2
4843,5
4844,5
4845,5
4846,3
4847,4
4848,5
4849,6
4850,2
4851,2
4852,2
4853,1
4854,5
4855,0
4856,0
4857,6
4858,3
4859,1
4860,2
4861,5
4862,2
4863,4
4864,3
4865,5
4866,1
4867,5
4868,0
4869,4
4870,0
4871,5
4872,4
4873,0
4874,5
4875,0
4876,4
4877,1
4878,0
4879,2
4880,3
4881,3
4882,4
4883,6
4884,4
4885,0
4886,1
4887,6
4888,2
4889,1
4890,2
4891,5
4892,3
4893,1
4894,1
4895,3
4896,4
4897,3
4898,0
4899,4
4900,0
4901,4
4902,4
4903,6
4904,3
4905,6
4906,0
4907,4
4908,0
4909,0
4910,3
4911,3
4912,1
4913,5
4914,0
4915,2
4916,0
4917,0
4918,1
4919,2
4920,1
4921,5
4922,2
4923,1
4924,0
4925,2
4926,1
4927,2
4928,6
4929,6
4930,2
4931,6
4932,5
4933,5
4934,5
4935,4
4936,3
4937,3
4938,4
4939,0
4940,6
4941,6
4942,6
4943,5
4944,4
4945,5
4946,6
4947,2
4948,6
4949,5
4950,3
4951,1
4952,6
4953,0
4954,5
4955,2
4956,0
4957,1
4958,5
4959,1
4960,4
4961,3
4962,1
4963,1
4964,1
4965,0
4966,0
4967,6
4968,1
4969,4
4970,2
4971,4
4972,4
4973,6
4974,2
4975,4
4976,5
4977,2
4978,6
4979,3
4980,1
4981,4
4982,1
4983,2
4984,2
4985,6
4986,0
4987,1
4988,3
4989,5
4990,3
4991,2
4992,0
4993,2
4994,4
4995,6
4996,5
4997,1
4998,4
4999,0
5000,5
5001,0
5002,0
5003,1
5004,2
5005,2
5006,2
5007,0
5008,1
5009,3
5010,3
5011,4
5012,5
5013,4
5014,1
5015,2
5016,5
5017,5
5018,0
5019,2
5020,0
5021,5
5022,1
5023,5
5024,1
5025,5
5026,4
5027,0
5028,1
5029,2
5030,4
5031,5
5032,5
5033,2
5034,3
5035,2
5036,0
5037,0
5038,4
5039,6
5040,5
5041,4
5042,1
5043,3
5044,1
5045,4
5046,0
5047,4
5048,5
5049,1
5050,0
5051,0
5052,0
5053,1
5054,2
5055,3
5056,0
5057,6
5058,4
5059,4
5060,1
5061,5
5062,1
5063,0
5064,2
5065,6
5066,1
5067,0
5068,0
5069,1
5070,5
5071,0
5072,5
5073,6
5074,6
5075,3
5076,4
5077,5
5078,1
5079,1
5080,2
5081,5
5082,5
5083,3
5084,2
5085,4
5086,2
5087,5
5088,6
5089,6
5090,5
5091,1
5092,0
5093,5
5094,4
5095,3
5096,6
5097,2
5098,0
5099,4
5100,4
5101,0
5102,0
5103,3
5104,4
5105,2
5106,1
5107,3
5108,0
5109,0
5110,6
5111,2
5112,4
5113,4
5114,1
5115,0
5116,0
5117,0
5118,3
5119,2
5120,6
5121,0
5122,0
5123,0
5124,4
5125,1
5126,0
5127,1
5128,0
5129,4
5130,4
5131,3
5132,6
5133,5
5134,1
5135,0
5136,1
5137,1
5138,3
5139,5
5140,0
5141,5
5142,1
5143,4
5144,3
5145,5
5146,4
5147,4
5148,4
5149,3
5150,1
5151,4
5152,6
5153,5
5154,4
5155,4
5156,5
5157,4
5158,5
5159,4
5160,1
5161,3
5162,3
5163,4
5164,6
5165,5
5166,4
5167,6
5168,1
5169,5
5170,1
5171,4
5172,2
5173,0
5174,1
5175,5
5176,6
5177,0
5178,0
5179,0
5180,4
5181,6
5182,3
5183,4
5184,1
5185,5
5186,3
5187,2
5188,4
5189,4
5190,5
5191,2
5192,4
5193,0
5194,2
5195,5
5196,5
5197,6
5198,1
5199,6
5200,5
5201,0
5202,1
5203,6
5204,0
5205,5
5206,0
5207,0
5208,6
5209,5
5210,2
5211,3
5212,5
5213,4
5214,0
5215,4
5216,3
5217,6
5218,0
5219,5
5220,5
5221,2
5222,1
5223,5
5224,5
5225,5
5226,3
5227,1
5228,2
5229,3
5230,4
5231,1
5232,3
5233,1
5234,1
5235,2
5236,2
5237,0
5238,0
5239,2
5240,4
5241,3
5242,3
5243,2
5244,3
5245,2
5246,3
5247,3
5248,1
5249,0
5250,5
5251,5
5252,4
5253,6
5254,0
5255,0
5256,6
5257,5
5258,2
5259,1
5260,2
5261,0
5262,4
5263,6
5264,4
5265,1
5266,1
5267,0
5268,1
5269,6
5270,0
5271,6
5272,4
5273,3
5274,2
5275,3
5276,3
5277,0
5278,3
5279,2
5280,2
5281,6
5282,6
5283,0
5284,4
5285,4
5286,6
5287,4
5288,1
5289,4
5290,3
5291,0
5292,3
5293,3
5294,2
5295,3
5296,5
5297,4
5298,1
5299,2
5300,6
5301,2
5302,3
5303,3
5304,5
5305,6
5306,3
5307,4
5308,6
5309,4
5310,5
5311,3
5312,5
5313,1
5314,6
5315,6
5316,1
5317,0
5318,3
5319,1
5320,5
5321,4
5322,5
5323,0
5324,5
5325,3
5326,3
5327,0
5328,5
5329,0
5330,6
5331,4
5332,6
5333,3
5334,5
5335,1
5336,4
5337,4
5338,0
5339,2
5340,5
5341,0
5342,2
5343,0
5344,0
5345,2
5346,0
5347,2
5348,0
5349,1
5350,3
5351,4
5352,0
5353,1
5354,2
5355,4
5356,4
5357,2
5358,1
5359,3
5360,2
5361,3
5362,3
5363,6
5364,2
5365,1
5366,0
5367,3
5368,2
5369,0
5370,5
5371,0
5372,2
5373,2
5374,2
5375,6
5376,1
5377,2
5378,5
5379,0
5380,4
5381,1
5382,1
5383,1
5384,5
5385,3
5386,2
5387,0
5388,4
5389,5
5390,6
5391,4
5392,3
5393,3
5394,2
5395,4
5396,2
5397,3
5398,3
5399,3
5400,6
5401,0
5402,1
5403,2
5404,6
5405,6
5406,1
5407,6
5408,3
5409,0
5410,2
5411,5
5412,0
5413,6
5414,4
5415,4
5416,4
5417,0
5418,5
5419,5
5420,6
5421,0
5422,5
5423,5
5424,5
5425,2
5426,1
5427,6
5428,3
5429,5
5430,1
5431,0
5432,4
5433,4
5434,6
5435,1
5436,1
5437,2
5438,2
5439,1
5440,1
5441,0
5442,5
5443,5
5444,3
5445,5
5446,3
5447,5
5448,1
5449,2
5450,2
5451,0
5452,3
5453,4
5454,4
5455,4
5456,3
5457,1
5458,0
5459,4
5460,4
5461,0
5462,4
5463,2
5464,1
5465,5
5466,1
5467,4
5468,1
5469,2
5470,2
5471,2
5472,4
5473,5
5474,0
5475,0
5476,2
5477,4
5478,2
5479,4
5480,3
5481,1
5482,1
5483,0
5484,6
5485,2
5486,4
5487,0
5488,0
5489,5
5490,5
5491,5
5492,0
5493,1
5494,4
5495,5
5496,5
5497,4
5498,3
5499,6
5500,1
5501,0
5502,0
5503,3
5504,2
5505,0
5506,6
5507,4
5508,1
5509,4
5510,0
5511,0
5512,1
5513,4
5514,4
5515,0
5516,4
5517,4
5518,0
5519,2
5520,4
5521,3
5522,0
5523,3
5524,4
5525,2
5526,1
5527,5
5528,1
5529,6
5530,4
5531,6
5532,1
5533,6
5534,6
5535,3
5536,0
5537,2
5538,1
5539,5
5540,3
5541,6
5542,5
5543,3
5544,5
5545,3
5546,1
5547,4
5548,6
5549,1
5550,5
5551,2
5552,5
5553,2
5554,0
5555,0
5556,4
5557,0
5558,4
5559,5
5560,1
5561,4
5562,6
5563,6
5564,5
5565,5
5566,5
5567,2
5568,1
5569,2
5570,2
5571,2
5572,1
5573,2
5574,0
5575,3
5576,6
5577,5
5578,5
5579,4
5580,4
5581,6
5582,1
5583,3
5584,4
5585,0
5586,3
5587,2
5588,2
5589,4
5590,2
5591,0
5592,0
5593,1
5594,6
5595,4
5596,4
5597,1
5598,0
5599,3
5600,3
5601,2
5602,1
5603,2
5604,0
5605,5
5606,6
5607,6
5608,4
5609,4
5610,6
5611,4
5612,0
5613,6
5614,6
5615,1
5616,3
5617,0
5618,1
5619,5
5620,4
5621,5
5622,4
5623,0
5624,1
5625,1
5626,4
5627,6
5628,2
5629,2
5630,5
5631,5
5632,5
5633,5
5634,0
5635,3
5636,0
5637,3
5638,4
5639,2
5640,2
5641,6
5642,2
5643,4
5644,0
5645,3
5646,1
5647,1
5648,0
5649,0
5650,5
5651,5
5652,4
5653,4
5654,2
5655,4
5656,2
5657,6
5658,0
5659,2
5660,0
5661,4
5662,0
5663,4
5664,0
5665,6
5666,4
5667,2
5668,2
5669,6
5670,3
5671,3
5672,4
5673,2
5674,1
5675,1
5676,6
5677,5
5678,5
5679,0
5680,1
5681,2
5682,3
5683,1
5684,0
5685,0
5686,3
5687,4
5688,4
5689,0
5690,3
5691,0
5692,4
5693,1
5694,1
5695,0
5696,4
5697,5
5698,1
5699,0
5700,3
5701,6
5702,5
5703,0
5704,2
5705,5
5706,6
5707,0
5708,3
5709,0
5710,5
5711,1
5712,4
5713,0
5714,3
5715,2
5716,1
5717,2
5718,0
5719,5
5720,5
5721,4
5722,4
5723,4
5724,5
5725,2
5726,4
5727,4
5728,6
5729,0
5730,5
5731,2
5732,4
5733,4
5734,3
5735,0
5736,0
5737,4
5738,0
5739,5
5740,1
5741,5
5742,6
5743,2
5744,2
5745,4
5746,0
5747,0
5748,2
5749,3
5750,0
5751,5
5752,3
5753,3
5754,5
5755,0
5756,4
5757,6
5758,5
5759,3
5760,4
5761,0
5762,2
5763,5
5764,2
5765,6
5766,1
5767,4
5768,3
5769,0
5770,4
5771,0
5772,5
5773,3
5774,1
5775,5
5776,6
5777,4
5778,3
5779,0
5780,2
5781,4
5782,0
5783,5
5784,2
5785,5
5786,5
5787,3
5788,5
5789,4
5790,1
5791,0
5792,4
5793,0
5794,0
5795,4
5796,1
5797,5
5798,4
5799,0
5800,4
5801,2
5802,5
5803,6
5804,2
5805,0
5806,5
5807,5
5808,1
5809,3
5810,4
5811,1
5812,5
5813,2
5814,0
5815,2
5816,2
5817,2
5818,6
5819,5
5820,6
5821,2
5822,3
5823,3
5824,3
5825,5
5826,4
5827,1
5828,6
5829,1
5830,1
5831,6
5832,3
5833,6
5834,4
5835,3
5836,6
5837,3
5838,4
5839,5
5840,4
5841,5
5842,2
5843,1
5844,2
5845,3
5846,4
5847,5
5848,1
5849,4
5850,5
5851,5
5852,4
5853,4
5854,2
5855,5
5856,2
5857,3
5858,5
5859,3
5860,1
5861,4
5862,6
5863,3
5864,3
5865,4
5866,4
5867,6
5868,3
5869,5
5870,4
5871,1
5872,3
5873,4
5874,0
5875,1
5876,6
5877,6
5878,3
5879,1
5880,5
5881,0
5882,2
5883,3
5884,2
5885,4
5886,4
5887,5
5888,6
5889,0
5890,3
5891,5
5892,3
5893,2
5894,6
5895,6
5896,0
5897,2
5898,0
5899,5
5900,0
5901,4
5902,0
5903,1
5904,4
5905,6
5906,4
5907,6
5908,6
5909,3
5910,4
5911,0
5912,0
5913,2
5914,2
5915,1
5916,5
5917,4
5918,0
5919,3
5920,2
5921,0
5922,4
5923,1
5924,4
5925,5
5926,6
5927,4
5928,1
5929,4
5930,0
5931,0
5932,0
5933,3
5934,5
5935,5
5936,5
5937,6
5938,3
5939,0
5940,3
5941,2
5942,6
5943,5
5944,5
5945,2
5946,0
5947,6
5948,5
5949,0
5950,6
5951,4
5952,4
5953,3
5954,2
5955,2
5956,4
5957,3
5958,0
5959,4
5960,0
5961,1
5962,5
5963,2
5964,2
5965,6
5966,5
5967,6
5968,0
5969,5
5970,1
5971,2
5972,3
5973,4
5974,3
5975,5
5976,2
5977,0
5978,0
5979,2
5980,5
5981,2
5982,2
5983,6
5984,5
5985,6
5986,6
5987,3
5988,3
5989,3
5990,0
5991,1
5992,6
5993,6
5994,0
5995,2
5996,3
5997,2
5998,1
5999,2
6000,2
6001,2
6002,2
6003,4
6004,4
6005,0
6006,6
6007,0
6008,1
6009,3
6010,0
6011,1
6012,6
6013,4
6014,2
6015,4
6016,2
6017,3
6018,0
6019,5
6020,1
6021,3
6022,3
6023,1
6024,0
6025,6
6026,3
6027,6
6028,6
6029,3
6030,5
6031,2
6032,0
6033,3
6034,2
6035,5
6036,2
6037,3
6038,0
6039,3
6040,5
6041,6
6042,2
6043,4
6044,0
6045,4
6046,0
6047,0
6048,0
6049,5
6050,3
6051,5
6052,6
6053,3
6054,0
6055,1
6056,0
6057,3
6058,2
6059,6
6060,0
6061,4
6062,4
6063,0
6064,0
6065,5
6066,4
6067,1
6068,0
6069,4
6070,0
6071,0
6072,3
6073,1
6074,4
6075,3
6076,4
6077,2
6078,2
6079,4
6080,1
6081,4
6082,0
6083,5
6084,3
6085,2
6086,6
6087,5
6088,1
6089,3
6090,3
6091,6
6092,6
6093,0
6094,2
6095,3
6096,3
6097,6
6098,3
6099,1
6100,5
6101,0
6102,6
6103,4
6104,6
6105,4
6106,0
6107,3
6108,6
6109,3
6110,0
6111,4
6112,6
6113,3
6114,5
6115,3
6116,1
6117,5
6118,1
6119,1
6120,6
6121,3
6122,4
6123,5
6124,3
6125,2
6126,6
6127,0
6128,1
6129,0
6130,4
6131,5
6132,3
6133,5
6134,1
6135,1
6136,1
6137,3
6138,6
6139,0
6140,2
6141,5
6142,4
6143,4
6144,0
6145,4
6146,3
6147,0
6148,3
6149,2
6150,1
6151,3
6152,6
6153,4
6154,5
6155,4
6156,4
6157,3
6158,3
6159,4
6160,3
6161,0
6162,3
6163,1
6164,4
6165,1
6166,0
6167,4
6168,6
6169,1
6170,5
6171,5
6172,4
6173,4
6174,4
6175,3
6176,5
6177,5
6178,2
6179,0
6180,1
6181,6
6182,6
6183,5
6184,3
6185,3
6186,6
6187,3
6188,0
6189,5
6190,0
6191,4
6192,4
6193,6
6194,6
6195,0
6196,0
6197,4
6198,2
6199,6
6200,2
6201,4
6202,3
6203,5
6204,6
6205,5
6206,3
6207,2
6208,0
6209,0
6210,4
6211,5
6212,3
6213,4
6214,2
6215,1
6216,3
6217,1
6218,4
6219,6
6220,1
6221,6
6222,5
6223,1
6224,5
6225,1
6226,4
6227,2
6228,1
6229,3
6230,3
6231,5
6232,0
6233,1
6234,4
6235,6
6236,6
6237,0
6238,5
6239,5
6240,2
6241,0
6242,2
6243,3
6244,2
6245,0
6246,6
6247,3
6248,1
6249,6
6250,0
6251,0
6252,0
6253,5
6254,0
6255,3
6256,2
6257,3
6258,5
6259,3
6260,1
6261,4
6262,5
6263,3
6264,3
6265,3
6266,1
6267,0
6268,2
6269,1
6270,1
6271,0
6272,1
6273,4
6274,0
6275,5
6276,2
6277,1
6278,2
6279,0
6280,5
6281,0
6282,6
6283,6
6284,1
6285,0
6286,5
6287,2
6288,3
6289,0
6290,4
6291,0
6292,3
6293,6
6294,0
6295,4
6296,6
6297,4
6298,6
6299,5
6300,4
6301,4
6302,0
6303,6
6304,2
6305,1
6306,1
6307,4
6308,3
6309,5
6310,4
6311,2
6312,0
6313,4
6314,6
6315,3
6316,4
6317,2
6318,3
6319,1
6320,1
6321,5
6322,6
6323,2
6324,1
6325,3
6326,3
6327,4
6328,2
6329,3
6330,4
6331,2
6332,0
6333,4
6334,3
6335,2
6336,2
6337,4
6338,5
6339,6
6340,1
6341,3
6342,5
6343,0
6344,3
6345,6
6346,5
6347,1
6348,6
6349,6
6350,4
6351,0
6352,6
6353,2
6354,0
6355,6
6356,5
6357,6
6358,6
6359,2
6360,6
6361,2
6362,1
6363,1
6364,1
6365,2
6366,2
6367,0
6368,3
6369,5
6370,5
6371,2
6372,2
6373,0
6374,5
6375,6
6376,6
6377,5
6378,3
6379,1
6380,5
6381,0
6382,1
6383,4
6384,0
6385,5
6386,4
6387,3
6388,6
6389,3
6390,5
6391,0
6392,2
6393,4
6394,3
6395,4
6396,2
6397,4
6398,4
6399,3
6400,4
6401,2
6402,4
6403,0
6404,4
6405,0
6406,3
6407,3
6408,4
6409,0
6410,1
6411,2
6412,5
6413,1
6414,5
6415,1
6416,2
6417,2
6418,0
6419,4
6420,3
6421,5
6422,6
6423,3
6424,4
6425,2
6426,5
6427,6
6428,6
6429,4
6430,2
6431,4
6432,3
6433,3
6434,3
6435,2
6436,4
6437,6
6438,5
6439,4
6440,0
6441,5
6442,6
6443,5
6444,3
6445,0
6446,2
6447,4
6448,4
6449,1
6450,5
6451,2
6452,6
6453,5
6454,3
6455,5
6456,6
6457,6
6458,1
6459,6
6460,1
6461,6
6462,3
6463,6
6464,4
6465,2
6466,1
6467,4
6468,6
6469,4
6470,0
6471,1
6472,6
6473,6
6474,1
6475,5
6476,2
6477,5
6478,0
6479,2
6480,4
6481,2
6482,5
6483,2
6484,2
6485,1
6486,1
6487,1
6488,1
6489,4
6490,5
6491,0
6492,0
6493,3
6494,6
6495,3
6496,2
6497,0
6498,2
6499,2
6500,6
6501,1
6502,6
6503,4
6504,2
6505,5
6506,2
6507,6
6508,0
6509,1
6510,1
6511,4
6512,3
6513,4
6514,5
6515,3
6516,4
6517,1
6518,2
6519,5
6520,0
6521,5
6522,0
6523,6
6524,4
6525,4
6526,2
6527,2
6528,3
6529,0
6530,0
6531,2
6532,0
6533,5
6534,2
6535,0
6536,4
6537,0
6538,6
6539,5
6540,0
6541,0
6542,6
6543,6
6544,5
6545,6
6546,5
6547,0
6548,5
6549,2
6550,6
6551,0
6552,3
6553,5
6554,4
6555,4
6556,1
6557,0
6558,6
6559,0
6560,1
6561,0
6562,5
6563,0
6564,3
6565,3
6566,3
6567,5
6568,1
6569,5
6570,4
6571,4
6572,6
6573,6
6574,0
6575,4
6576,6
6577,5
6578,0
6579,5
6580,2
6581,3
6582,0
6583,4
6584,6
6585,1
6586,0
6587,2
6588,3
6589,4
6590,5
6591,1
6592,0
6593,2
6594,3
6595,4
6596,2
6597,6
6598,1
6599,6
6600,5
6601,3
6602,5
6603,4
6604,5
6605,4
6606,3
6607,1
6608,0
6609,0
6610,3
6611,6
6612,3
6613,3
6614,5
6615,5
6616,3
6617,4
6618,6
6619,6
6620,3
6621,5
6622,0
6623,6
6624,4
6625,3
6626,5
6627,1
6628,1
6629,0
6630,3
6631,6
6632,4
6633,6
6634,2
6635,1
6636,0
6637,3
6638,0
6639,1
6640,3
6641,4
6642,1
6643,3
6644,6
6645,0
6646,0
6647,0
6648,2
6649,2
6650,5
6651,1
6652,5
6653,3
6654,4
6655,5
6656,4
6657,3
6658,4
6659,3
6660,5
6661,1
6662,4
6663,6
6664,1
6665,4
6666,5
6667,5
6668,0
6669,5
6670,3
6671,0
6672,2
6673,3
6674,5
6675,1
6676,6
6677,5
6678,4
6679,2
6680,2
6681,5
6682,1
6683,2
6684,4
6685,3
6686,3
6687,1
6688,3
6689,5
6690,1
6691,6
6692,5
6693,3
6694,6
6695,5
6696,5
6697,6
6698,0
6699,6
6700,1
6701,0
6702,6
6703,4
6704,1
6705,1
6706,1
6707,5
6708,0
6709,1
6710,0
6711,4
6712,6
6713,4
6714,6
6715,2
6716,0
6717,2
6718,6
6719,4
6720,5
6721,0
6722,1
6723,1
6724,5
6725,6
6726,0
6727,2
6728,1
6729,2
6730,5
6731,3
6732,5
6733,1
6734,0
6735,4
6736,5
6737,1
6738,0
6739,2
6740,5
6741,5
6742,4
6743,3
6744,6
6745,6
6746,6
6747,5
6748,4
6749,2
6750,5
6751,1
6752,3
6753,5
6754,6
6755,2
6756,2
6757,3
6758,5
6759,4
6760,0
6761,4
6762,4
6763,6
6764,6
6765,4
6766,0
6767,1
6768,1
6769,1
6770,1
6771,5
6772,5
6773,6
6774,3
6775,4
6776,1
6777,2
6778,5
6779,0
6780,2
6781,0
6782,3
6783,1
6784,6
6785,5
6786,5
6787,5
6788,4
6789,3
6790,2
6791,2
6792,4
6793,4
6794,3
6795,1
6796,2
6797,5
6798,1
6799,2
6800,4
6801,2
6802,6
6803,2
6804,1
6805,0
6806,3
6807,5
6808,3
6809,2
6810,0
6811,3
6812,3
6813,0
6814,2
6815,0
6816,1
6817,2
6818,0
6819,5
6820,5
6821,3
6822,6
6823,4
6824,3
6825,6
6826,5
6827,2
6828,2
6829,2
6830,5
6831,4
6832,1
6833,4
6834,4
6835,4
6836,1
6837,0
6838,6
6839,0
6840,6
6841,2
6842,1
6843,4
6844,4
6845,0
6846,2
6847,0
6848,6
6849,6
6850,5
6851,3
6852,0
6853,6
6854,2
6855,5
6856,5
6857,5
6858,3
6859,3
6860,3
6861,4
6862,5
6863,3
6864,4
6865,0
6866,2
6867,3
6868,0
6869,5
6870,0
6871,5
6872,2
6873,4
6874,0
6875,1
6876,0
6877,5
6878,0
6879,1
6880,3
6881,1
6882,1
6883,4
6884,6
6885,4
6886,0
6887,3
6888,4
6889,6
6890,2
6891,3
6892,2
6893,3
6894,0
6895,2
6896,5
6897,2
6898,5
6899,0
6900,6
6901,2
6902,3
6903,2
6904,3
6905,1
6906,5
6907,1
6908,3
6909,6
6910,4
6911,3
6912,3
6913,2
6914,6
6915,3
6916,3
6917,1
6918,0
6919,3
6920,0
6921,6
6922,6
6923,3
6924,1
6925,1
6926,3
6927,0
6928,3
6929,4
6930,5
6931,5
6932,0
6933,3
6934,0
6935,3
6936,1
6937,4
6938,3
6939,5
6940,5
6941,3
6942,4
6943,4
6944,5
6945,0
6946,4
6947,3
6948,1
6949,2
6950,1
6951,6
6952,0
6953,4
6954,2
6955,0
6956,5
6957,6
6958,0
6959,3
6960,4
6961,4
6962,6
6963,0
6964,4
6965,2
6966,4
6967,3
6968,6
6969,1
6970,6
6971,1
6972,4
6973,5
6974,3
6975,0
6976,0
6977,5
6978,0
6979,2
6980,6
6981,5
6982,0
6983,3
6984,0
6985,3
6986,1
6987,4
6988,3
6989,5
6990,1
6991,5
6992,4
6993,4
6994,0
6995,6
6996,6
6997,4
6998,3
6999,3
7000,0
7001,2
7002,1
7003,3
7004,2
7005,3
7006,5
7007,6
7008,2
7009,5
7010,0
7011,5
7012,1
7013,0
7014,3
7015,4
7016,5
7017,3
7018,3
7019,1
7020,5
7021,6
7022,1
7023,0
7024,6
7025,5
7026,1
7027,1
7028,6
7029,0
7030,6
7031,5
7032,6
7033,2
7034,3
7035,5
7036,0
7037,6
7038,5
7039,4
7040,2
7041,4
7042,0
7043,2
7044,5
7045,4
7046,1
7047,6
7048,1
7049,4
7050,1
7051,6
7052,0
7053,4
7054,5
7055,0
7056,5
7057,2
7058,0
7059,0
7060,6
7061,5
7062,2
7063,1
7064,5
7065,2
7066,4
7067,1
7068,0
7069,5
7070,4
7071,1
7072,1
7073,4
7074,0
7075,5
7076,0
7077,2
7078,1
7079,2
7080,6
7081,1
7082,6
7083,6
7084,3
7085,2
7086,4
7087,5
7088,6
7089,3
7090,4
7091,0
7092,4
7093,2
7094,0
7095,3
7096,1
7097,6
7098,2
7099,0
7100,1
7101,4
7102,1
7103,5
7104,0
7105,4
7106,5
7107,0
7108,1
7109,6
7110,0
7111,5
7112,4
7113,2
7114,6
7115,2
7116,4
7117,3
7118,0
7119,6
7120,4
7121,2
7122,1
7123,2
7124,1
7125,4
7126,5
7127,5
7128,0
7129,6
7130,3
7131,0
7132,3
7133,3
7134,5
7135,2
7136,3
7137,1
7138,6
7139,3
7140,5
7141,0
7142,6
7143,4
7144,5
7145,4
7146,5
7147,6
7148,6
7149,5
7150,0
7151,4
7152,4
7153,0
7154,6
7155,0
7156,5
7157,0
7158,4
7159,5
7160,0
7161,3
7162,3
7163,3
7164,5
7165,0
7166,6
7167,3
7168,3
7169,2
7170,0
7171,5
7172,2
7173,1
7174,2
7175,4
7176,3
7177,4
7178,0
7179,2
7180,3
7181,2
7182,2
7183,0
7184,2
7185,1
7186,0
7187,5
7188,1
7189,0
7190,0
7191,1
7192,0
7193,6
7194,2
7195,1
7196,3
7197,0
7198,5
7199,2
7200,0
7201,1
7202,0
7203,5
7204,1
7205,0
7206,4
7207,3
7208,3
7209,4
7210,5
7211,0
7212,0
7213,3
7214,0
7215,5
7216,0
7217,4
7218,4
7219,2
7220,5
7221,0
7222,3
7223,6
7224,4
7225,0
7226,6
7227,2
7228,6
7229,2
7230,1
7231,5
7232,2
7233,0
7234,2
7235,3
7236,0
7237,2
7238,2
7239,0
7240,4
7241,4
7242,0
7243,2
7244,1
7245,6
7246,0
7247,4
7248,0
7249,2
7250,4
7251,0
7252,1
7253,6
7254,4
7255,2
7256,4
7257,4
7258,3
7259,3
7260,2
7261,3
7262,0
7263,5
7264,3
7265,3
7266,0
7267,6
7268,3
7269,4
7270,6
7271,1
7272,1
7273,0
7274,1
7275,2
7276,4
7277,0
7278,2
7279,6
7280,6
7281,0
7282,3
7283,3
7284,0
7285,5
7286,0
7287,1
7288,2
7289,4
7290,0
7291,5
7292,4
7293,0
7294,4
7295,0
7296,2
7297,6
7298,1
7299,3
7300,1
7301,4
7302,0
7303,1
7304,1
7305,6
7306,4
7307,5
7308,6
7309,2
7310,5
7311,3
7312,3
7313,5
7314,1
7315,1
7316,6
7317,5
7318,6
7319,6
7320,6
7321,5
7322,4
7323,4
7324,2
7325,5
7326,1
7327,1
7328,0
7329,3
7330,2
7331,6
7332,2
7333,0
7334,3
7335,6
7336,0
7337,0
7338,4
7339,0
7340,5
7341,4
7342,3
7343,4
7344,0
7345,0
7346,1
7347,6
7348,4
7349,5
7350,1
7351,1
7352,1
7353,0
7354,1
7355,3
7356,0
7357,1
7358,4
7359,3
7360,5
7361,0
7362,0
7363,4
7364,4
7365,6
7366,2
7367,0
7368,2
7369,5
7370,2
7371,3
7372,2
7373,1
7374,0
7375,3
7376,5
7377,1
7378,0
7379,0
7380,0
7381,2
7382,0
7383,1
7384,1
7385,1
7386,1
7387,5
7388,3
7389,3
7390,0
7391,3
7392,1
7393,2
7394,5
7395,3
7396,6
7397,5
7398,1
7399,2
7400,6
7401,2
7402,3
7403,3
7404,6
7405,5
7406,5
7407,6
7408,6
7409,1
7410,5
7411,4
7412,5
7413,0
7414,5
7415,5
7416,2
7417,4
7418,1
7419,1
7420,3
7421,1
7422,4
7423,0
7424,1
7425,1
7426,4
7427,6
7428,1
7429,4
7430,0
7431,3
7432,1
7433,6
7434,3
7435,0
7436,5
7437,1
7438,5
7439,4
7440,3
7441,1
7442,6
7443,0
7444,5
7445,2
7446,0
7447,5
7448,4
7449,3
7450,1
7451,5
7452,1
7453,2
7454,0
7455,4
7456,2
7457,6
7458,4
7459,1
7460,4
7461,1
7462,6
7463,6
7464,3
7465,2
7466,1
7467,1
7468,0
7469,0
7470,0
7471,0
7472,1
7473,6
7474,5
7475,3
7476,6
7477,0
7478,2
7479,4
7480,5
7481,4
7482,0
7483,5
7484,6
7485,4
7486,6
7487,6
7488,1
7489,6
7490,5
7491,0
7492,0
7493,6
7494,1
7495,0
7496,4
7497,2
7498,6
7499,5
7500,0
7501,4
7502,1
7503,1
7504,5
7505,1
7506,0
7507,6
7508,0
7509,0
7510,1
7511,3
7512,2
7513,5
7514,3
7515,4
7516,3
7517,0
7518,4
7519,5
7520,6
7521,0
7522,1
7523,3
7524,4
7525,3
7526,4
7527,6
7528,5
7529,3
7530,6
7531,0
7532,3
7533,4
7534,4
7535,6
7536,5
7537,0
7538,4
7539,6
7540,3
7541,5
7542,5
7543,5
7544,5
7545,3
7546,0
7547,2
7548,4
7549,3
7550,5
7551,6
7552,5
7553,2
7554,0
7555,0
7556,1
7557,3
7558,3
7559,4
7560,2
7561,4
7562,6
7563,5
7564,0
7565,3
7566,3
7567,3
7568,1
7569,0
7570,4
7571,3
7572,4
7573,0
7574,4
7575,0
7576,2
7577,2
7578,4
7579,0
7580,1
7581,2
7582,0
7583,0
7584,6
7585,6
7586,2
7587,3
7588,2
7589,4
7590,3
7591,1
7592,3
7593,6
7594,1
7595,2
7596,6
7597,1
7598,5
7599,1
7600,0
7601,5
7602,2
7603,1
7604,5
7605,4
7606,3
7607,3
7608,3
7609,0
7610,3
7611,2
7612,4
7613,0
7614,2
7615,6
7616,4
7617,6
7618,3
7619,1
7620,4
7621,2
7622,1
7623,4
7624,4
7625,4
7626,1
7627,1
7628,1
7629,1
7630,5
7631,6
7632,5
7633,1
7634,1
7635,3
7636,3
7637,2
7638,2
7639,0
7640,6
7641,3
7642,3
7643,0
7644,6
7645,4
7646,5
7647,3
7648,3
7649,5
7650,6
7651,0
7652,4
7653,4
7654,6
7655,2
7656,4
7657,3
7658,1
7659,2
7660,5
7661,3
7662,4
7663,6
7664,4
7665,3
7666,0
7667,0
7668,2
7669,1
7670,6
7671,5
7672,3
7673,1
7674,4
7675,5
7676,3
7677,5
7678,3
7679,1
7680,1
7681,1
7682,3
7683,2
7684,5
7685,0
7686,4
7687,5
7688,4
7689,0
7690,1
7691,2
7692,3
7693,5
7694,6
7695,2
7696,1
7697,3
7698,1
7699,4
7700,2
7701,6
7702,1
7703,3
7704,1
7705,5
7706,0
7707,2
7708,3
7709,1
7710,2
7711,6
7712,5
7713,5
7714,3
7715,4
7716,1
7717,3
7718,6
7719,1
7720,2
7721,1
7722,4
7723,4
7724,2
7725,0
7726,5
7727,0
7728,2
7729,0
7730,4
7731,1
7732,3
7733,0
7734,3
7735,2
7736,4
7737,5
7738,3
7739,5
7740,3
7741,2
7742,5
7743,6
7744,6
7745,4
7746,0
7747,3
7748,3
7749,1
7750,1
7751,2
7752,0
7753,4
7754,0
7755,6
7756,1
7757,0
7758,2
7759,4
7760,3
7761,6
7762,2
7763,1
7764,6
7765,1
7766,3
7767,3
7768,3
7769,0
7770,2
7771,0
7772,5
7773,5
7774,5
7775,2
7776,5
7777,5
7778,0
7779,0
7780,0
7781,6
7782,5
7783,3
7784,4
7785,5
7786,2
7787,4
7788,5
7789,1
7790,2
7791,1
7792,4
7793,2
7794,0
7795,4
7796,4
7797,0
7798,4
7799,2
7800,4
7801,3
7802,4
7803,3
7804,0
7805,3
7806,4
7807,4
7808,0
7809,2
7810,2
7811,0
7812,5
7813,1
7814,6
7815,0
7816,5
7817,0
7818,4
7819,6
7820,5
7821,6
7822,5
7823,6
7824,3
7825,1
7826,3
7827,0
7828,0
7829,6
7830,3
7831,4
7832,5
7833,5
7834,5
7835,3
7836,5
7837,4
7838,6
7839,4
7840,4
7841,3
7842,2
7843,2
7844,6
7845,3
7846,0
7847,0
7848,3
7849,2
7850,5
7851,3
7852,5
7853,5
7854,6
7855,1
7856,6
7857,6
7858,5
7859,6
7860,2
7861,0
7862,6
7863,5
7864,2
7865,5
7866,5
7867,4
7868,3
7869,3
7870,2
7871,3
7872,1
7873,2
7874,4
7875,4
7876,6
7877,6
7878,3
7879,4
7880,5
7881,2
7882,3
7883,6
7884,0
7885,0
7886,3
7887,1
7888,3
7889,5
7890,0
7891,2
7892,1
7893,0
7894,4
7895,2
7896,0
7897,1
7898,1
7899,0
7900,4
7901,3
7902,1
7903,2
7904,3
7905,6
7906,5
7907,1
7908,4
7909,1
7910,5
7911,6
7912,4
7913,0
7914,3
7915,3
7916,2
7917,5
7918,2
7919,5
7920,2
7921,3
7922,1
7923,3
7924,6
7925,6
7926,4
7927,5
7928,5
7929,6
7930,2
7931,0
7932,2
7933,1
7934,3
7935,0
7936,2
7937,6
7938,4
7939,5
7940,1
7941,6
7942,6
7943,0
7944,3
7945,1
7946,3
7947,4
7948,3
7949,4
7950,4
7951,2
7952,5
7953,2
7954,1
7955,3
7956,3
7957,2
7958,5
7959,0
7960,0
7961,5
7962,1
7963,2
7964,2
7965,0
7966,2
7967,2
7968,4
7969,6
7970,3
7971,0
7972,5
7973,0
7974,2
7975,1
7976,0
7977,5
7978,4
7979,4
7980,2
7981,0
7982,1
7983,6
7984,0
7985,0
7986,2
7987,4
7988,4
7989,0
7990,0
7991,5
7992,4
7993,6
7994,6
7995,0
7996,5
7997,2
7998,0
7999,1
8000,5
8001,4
8002,0
8003,1
8004,3
8005,4
8006,4
8007,0
8008,0
8009,3
8010,6
8011,4
8012,2
8013,2
8014,6
8015,1
8016,0
8017,2
8018,1
8019,3
8020,5
8021,3
8022,2
8023,1
8024,5
8025,5
8026,0
8027,6
8028,0
8029,3
8030,6
8031,2
8032,3
8033,4
8034,0
8035,5
8036,0
8037,1
8038,5
8039,4
8040,3
8041,5
8042,0
8043,1
8044,1
8045,0
8046,5
8047,2
8048,1
8049,5
8050,3
8051,5
8052,4
8053,0
8054,0
8055,3
8056,4
8057,3
8058,5
8059,3
8060,6
8061,6
8062,0
8063,6
8064,4
8065,5
8066,0
8067,1
8068,2
8069,0
8070,4
8071,4
8072,5
8073,5
8074,5
8075,2
8076,4
8077,5
8078,2
8079,4
8080,5
8081,1
8082,4
8083,0
8084,2
8085,5
8086,5
8087,1
8088,1
8089,2
8090,3
8091,0
8092,2
8093,3
8094,4
8095,6
8096,0
8097,4
8098,6
8099,5
8100,0
8101,4
8102,3
8103,1
8104,6
8105,3
8106,3
8107,1
8108,0
8109,2
8110,6
8111,0
8112,5
8113,1
8114,6
8115,3
8116,1
8117,2
8118,6
8119,2
8120,2
8121,6
8122,6
8123,3
8124,0
8125,1
8126,0
8127,5
8128,5
8129,1
8130,2
8131,4
8132,1
8133,3
8134,4
8135,6
8136,6
8137,2
8138,0
8139,3
8140,2
8141,5
8142,4
8143,3
8144,4
8145,1
8146,0
8147,4
8148,1
8149,4
8150,6
8151,5
8152,6
8153,3
8154,4
8155,4
8156,0
8157,0
8158,4
8159,1
8160,5
8161,6
8162,5
8163,0
8164,5
8165,3
8166,4
8167,3
8168,3
8169,3
8170,2
8171,6
8172,2
8173,1
8174,6
8175,1
8176,1
8177,3
8178,4
8179,4
8180,0
8181,0
8182,1
8183,5
8184,3
8185,1
8186,5
8187,3
8188,5
8189,4
8190,6
8191,1
8192,1
8193,3
8194,3
8195,4
8196,3
8197,4
8198,2
8199,3
8200,0
8201,1
8202,3
8203,3
8204,6
8205,2
8206,3
8207,0
8208,3
8209,5
8210,4
8211,6
8212,6
8213,2
8214,3
8215,0
8216,1
8217,4
8218,2
8219,2
8220,0
8221,0
8222,6
8223,5
8224,3
8225,0
8226,0
8227,0
8228,4
8229,4
8230,5
8231,2
8232,4
8233,5
8234,1
8235,1
8236,5
8237,3
8238,2
8239,5
8240,2
8241,6
8242,0
8243,1
8244,6
8245,1
8246,5
8247,3
8248,1
8249,1
8250,4
8251,0
8252,1
8253,0
8254,0
8255,2
8256,6
8257,3
8258,3
8259,4
8260,4
8261,6
8262,3
8263,3
8264,5
8265,3
8266,4
8267,0
8268,6
8269,6
8270,1
8271,5
8272,2
8273,1
8274,6
8275,4
8276,0
8277,0
8278,3
8279,4
8280,1
8281,5
8282,4
8283,3
8284,1
8285,1
8286,6
8287,3
8288,5
8289,5
8290,6
8291,5
8292,5
8293,1
8294,0
8295,0
8296,1
8297,2
8298,0
8299,6
8300,4
8301,3
8302,1
8303,1
8304,0
8305,3
8306,6
8307,4
8308,5
8309,1
8310,2
8311,4
8312,3
8313,4
8314,0
8315,1
8316,5
8317,3
8318,3
8319,3
8320,6
8321,0
8322,4
8323,4
8324,3
8325,3
8326,0
8327,5
8328,2
8329,3
8330,1
8331,0
8332,5
8333,6
8334,5
8335,5
8336,4
8337,5
8338,6
8339,1
8340,0
8341,0
8342,4
8343,3
8344,3
8345,6
8346,4
8347,3
8348,2
8349,3
8350,3
8351,3
8352,6
8353,1
8354,5
8355,5
8356,3
8357,3
8358,6
8359,2
8360,4
8361,1
8362,2
8363,2
8364,0
8365,1
8366,2
8367,0
8368,2
8369,5
8370,4
8371,3
8372,3
8373,6
8374,0
8375,3
8376,4
8377,6
8378,0
8379,3
8380,0
8381,2
8382,2
8383,3
8384,3
8385,0
8386,3
8387,4
8388,0
8389,5
8390,1
8391,0
8392,2
8393,6
8394,5
8395,6
8396,0
8397,3
8398,5
8399,6
8400,3
8401,2
8402,0
8403,4
8404,4
8405,0
8406,3
8407,2
8408,2
8409,2
8410,5
8411,1
8412,2
8413,0
8414,2
8415,5
8416,5
8417,5
8418,2
8419,4
8420,5
8421,1
8422,2
8423,6
8424,5
8425,0
8426,0
8427,3
8428,5
8429,1
8430,6
8431,5
8432,1
8433,0
8434,3
8435,2
8436,2
8437,3
8438,0
8439,6
8440,3
8441,3
8442,0
8443,3
8444,1
8445,5
8446,3
8447,6
8448,0
8449,2
8450,5
8451,6
8452,5
8453,4
8454,0
8455,1
8456,1
8457,2
8458,2
8459,2
8460,5
8461,2
8462,1
8463,5
8464,0
8465,2
8466,3
8467,5
8468,5
8469,6
8470,6
8471,0
8472,6
8473,0
8474,1
8475,2
8476,2
8477,1
8478,5
8479,1
8480,5
8481,6
8482,4
8483,2
8484,4
8485,4
8486,0
8487,3
8488,5
8489,0
8490,4
8491,3
8492,4
8493,1
8494,4
8495,4
8496,1
8497,2
8498,1
8499,3
8500,0
8501,2
8502,5
8503,2
8504,0
8505,2
8506,2
8507,1
8508,4
8509,2
8510,0
8511,1
8512,6
8513,1
8514,6
8515,1
8516,1
8517,0
8518,2
8519,6
8520,2
8521,2
8522,0
8523,0
8524,3
8525,1
8526,4
8527,6
8528,5
8529,3
8530,0
8531,1
8532,4
8533,5
8534,1
8535,1
8536,0
8537,3
8538,0
8539,4
8540,2
8541,0
8542,0
8543,4
8544,2
8545,1
8546,5
8547,1
8548,1
8549,4
8550,3
8551,4
8552,5
8553,3
8554,6
8555,1
8556,3
8557,5
8558,4
8559,5
8560,0
8561,3
8562,2
8563,3
8564,2
8565,5
8566,1
8567,6
8568,1
8569,6
8570,3
8571,1
8572,3
8573,3
8574,2
8575,0
8576,3
8577,6
8578,6
8579,1
8580,2
8581,0
8582,6
8583,4
8584,4
8585,0
8586,4
8587,0
8588,6
8589,5
8590,5
8591,0
8592,4
8593,3
8594,6
8595,5
8596,1
8597,5
8598,4
8599,3
8600,4
8601,3
8602,6
8603,3
8604,4
8605,3
8606,0
8607,5
8608,6
8609,1
8610,6
8611,1
8612,6
8613,0
8614,1
8615,5
8616,0
8617,6
8618,1
8619,5
8620,4
8621,1
8622,2
8623,6
8624,5
8625,5
8626,4
8627,2
8628,5
8629,0
8630,3
8631,5
8632,6
8633,4
8634,6
8635,5
8636,5
8637,0
8638,6
8639,4
8640,0
8641,3
8642,0
8643,3
8644,2
8645,0
8646,0
8647,4
8648,1
8649,4
8650,4
8651,3
8652,5
8653,6
8654,4
8655,5
8656,0
8657,1
8658,3
8659,1
8660,1
8661,6
8662,2
8663,1
8664,5
8665,6
8666,4
8667,2
8668,4
8669,2
8670,2
8671,0
8672,4
8673,6
8674,0
8675,0
8676,4
8677,2
8678,2
8679,5
8680,4
8681,6
8682,4
8683,4
8684,0
8685,2
8686,5
8687,4
8688,3
8689,0
8690,3
8691,4
8692,0
8693,0
8694,3
8695,3
8696,2
8697,0
8698,1
8699,2
8700,1
8701,3
8702,5
8703,3
8704,0
8705,5
8706,1
8707,4
8708,0
8709,1
8710,0
8711,0
8712,6
8713,6
8714,5
8715,6
8716,0
8717,5
8718,4
8719,3
8720,5
8721,5
8722,5
8723,5
8724,5
8725,6
8726,5
8727,1
8728,4
8729,1
8730,4
8731,6
8732,2
8733,5
8734,1
8735,5
8736,2
8737,4
8738,5
8739,4
8740,4
8741,3
8742,5
8743,4
8744,1
8745,4
8746,5
8747,0
8748,5
8749,1
8750,3
8751,3
8752,0
8753,3
8754,6
8755,6
8756,3
8757,3
8758,4
8759,6
8760,0
8761,0
8762,3
8763,3
8764,2
8765,1
8766,2
8767,5
8768,6
8769,4
8770,5
8771,1
8772,1
8773,2
8774,5
8775,5
8776,3
8777,6
8778,6
8779,6
8780,3
8781,3
8782,2
8783,3
8784,4
8785,3
8786,5
8787,4
8788,6
8789,3
8790,4
8791,4
8792,6
8793,5
8794,6
8795,6
8796,3
8797,5
8798,1
8799,0
8800,2
8801,2
8802,1
8803,2
8804,5
8805,6
8806,1
8807,3
8808,3
8809,5
8810,1
8811,0
8812,6
8813,4
8814,3
8815,4
8816,2
8817,3
8818,3
8819,2
8820,0
8821,5
8822,3
8823,3
8824,6
8825,1
8826,2
8827,1
8828,5
8829,2
8830,3
8831,6
8832,1
8833,0
8834,4
8835,3
8836,3
8837,5
8838,4
8839,2
8840,1
8841,4
8842,3
8843,6
8844,6
8845,4
8846,5
8847,0
8848,0
8849,3
8850,2
8851,6
8852,6
8853,1
8854,4
8855,2
8856,1
8857,5
8858,0
8859,6
8860,4
8861,2
8862,5
8863,3
8864,0
8865,4
8866,4
8867,0
8868,4
8869,0
8870,5
8871,1
8872,2
8873,0
8874,0
8875,6
8876,5
8877,5
8878,2
8879,4
8880,6
8881,2
8882,6
8883,2
8884,1
8885,0
8886,1
8887,2
8888,3
8889,1
8890,2
8891,5
8892,3
8893,2
8894,0
8895,0
8896,5
8897,2
8898,6
8899,0
8900,4
8901,5
8902,5
8903,3
8904,0
8905,6
8906,0
8907,4
8908,4
8909,2
8910,2
8911,0
8912,5
8913,1
8914,5
8915,4
8916,0
8917,5
8918,2
8919,2
8920,5
8921,1
8922,1
8923,0
8924,0
8925,0
8926,2
8927,5
8928,0
8929,0
8930,6
8931,4
8932,0
8933,0
8934,4
8935,0
8936,4
8937,1
8938,6
8939,2
8940,3
8941,1
8942,1
8943,5
8944,4
8945,1
8946,6
8947,4
8948,6
8949,4
8950,0
8951,4
8952,2
8953,5
8954,0
8955,2
8956,4
8957,2
8958,0
8959,5
8960,3
8961,5
8962,5
8963,6
8964,0
8965,5
8966,3
8967,2
8968,6
8969,3
8970,1
8971,6
8972,3
8973,6
8974,4
8975,6
8976,6
8977,1
8978,2
8979,3
8980,5
8981,6
8982,2
8983,4
8984,2
8985,0
8986,0
8987,1
8988,1
8989,2
8990,0
8991,4
8992,3
8993,4
8994,4
8995,3
8996,6
8997,6
8998,2
8999,1
9000,2
9001,4
9002,2
9003,3
9004,0
9005,1
9006,0
9007,6
9008,2
9009,3
9010,6
9011,5
9012,1
9013,0
9014,5
9015,5
9016,1
9017,5
9018,4
9019,0
9020,3
9021,6
9022,4
9023,3
9024,1
9025,4
9026,1
9027,0
9028,3
9029,3
9030,0
9031,6
9032,6
9033,2
9034,5
9035,2
9036,2
9037,0
9038,3
9039,0
9040,5
9041,5
9042,0
9043,2
9044,3
9045,0
9046,3
9047,5
9048,0
9049,6
9050,1
9051,4
9052,6
9053,5
9054,2
9055,6
9056,2
9057,5
9058,0
9059,3
9060,5
9061,1
9062,3
9063,5
9064,0
9065,2
9066,0
9067,6
9068,1
9069,2
9070,5
9071,6
9072,1
9073,4
9074,5
9075,0
9076,3
9077,4
9078,3
9079,6
9080,0
9081,4
9082,1
9083,3
9084,3
9085,4
9086,1
9087,2
9088,6
9089,6
9090,5
9091,5
9092,3
9093,4
9094,3
9095,0
9096,1
9097,2
9098,3
9099,1
9100,5
9101,1
9102,2
9103,4
9104,6
9105,4
9106,0
9107,5
9108,4
9109,0
9110,2
9111,1
9112,2
9113,2
9114,1
9115,1
9116,0
9117,2
9118,3
9119,5
9120,3
9121,1
9122,1
9123,6
9124,0
9125,0
9126,3
9127,3
9128,5
9129,2
9130,3
9131,4
9132,6
9133,0
9134,6
9135,6
9136,1
9137,0
9138,3
9139,5
9140,4
9141,3
9142,0
9143,2
9144,5
9145,5
9146,0
9147,6
9148,0
9149,6
9150,5
9151,0
9152,1
9153,6
9154,5
9155,1
9156,2
9157,6
9158,6
9159,0
9160,1
9161,2
9162,0
9163,5
9164,1
9165,2
9166,2
9167,4
9168,1
9169,4
9170,0
9171,4
9172,0
9173,1
9174,4
9175,1
9176,4
9177,6
9178,3
9179,4
9180,0
9181,5
9182,1
9183,2
9184,3
9185,1
9186,6
9187,4
9188,3
9189,6
9190,2
9191,2
9192,6
9193,1
9194,6
9195,0
9196,2
9197,0
9198,1
9199,2
9200,3
9201,0
9202,3
9203,3
9204,0
9205,5
9206,1
9207,4
9208,1
9209,2
9210,1
9211,1
9212,0
9213,6
9214,2
9215,5
9216,3
9217,1
9218,1
9219,2
9220,2
9221,4
9222,4
9223,3
9224,5
9225,3
9226,0
9227,1
9228,4
9229,1
9230,5
9231,2
9232,5
9233,5
9234,3
9235,4
9236,1
9237,1
9238,1
9239,3
9240,0
9241,1
9242,5
9243,5
9244,5
9245,5
9246,0
9247,0
9248,3
9249,4
9250,0
9251,0
9252,2
9253,3
9254,1
9255,4
9256,5
9257,1
9258,1
9259,4
9260,6
9261,0
9262,6
9263,3
9264,2
9265,0
9266,4
9267,0
9268,5
9269,3
9270,5
9271,3
9272,4
9273,3
9274,1
9275,5
9276,6
9277,3
9278,5
9279,4
9280,0
9281,6
9282,0
9283,6
9284,4
9285,4
9286,5
9287,4
9288,0
9289,3
9290,2
9291,5
9292,0
9293,3
9294,3
9295,2
9296,0
9297,0
9298,3
9299,0
9300,5
9301,6
9302,4
9303,1
9304,1
9305,0
9306,1
9307,4
9308,3
9309,0
9310,2
9311,3
9312,3
9313,6
9314,2
9315,2
9316,6
9317,5
9318,4
9319,2
9320,3
9321,2
9322,5
9323,0
9324,1
9325,4
9326,0
9327,0
9328,2
9329,0
9330,3
9331,3
9332,0
9333,5
9334,3
9335,1
9336,2
9337,1
9338,1
9339,0
9340,3
9341,4
9342,5
9343,5
9344,1
9345,6
9346,3
9347,6
9348,6
9349,2
9350,1
9351,0
9352,1
9353,1
9354,6
9355,1
9356,4
9357,0
9358,4
9359,2
9360,1
9361,3
9362,3
9363,4
9364,4
9365,0
9366,2
9367,5
9368,5
9369,2
9370,5
9371,3
9372,0
9373,4
9374,6
9375,0
9376,5
9377,0
9378,5
9379,6
9380,4
9381,0
9382,4
9383,5
9384,1
9385,5
9386,2
9387,4
9388,5
9389,5
9390,1
9391,6
9392,4
9393,3
9394,4
9395,0
9396,0
9397,0
9398,2
9399,3
9400,2
9401,5
9402,5
9403,2
9404,0
9405,5
9406,2
9407,4
9408,0
9409,2
9410,4
9411,2
9412,0
9413,5
9414,3
9415,1
9416,2
9417,0
9418,4
9419,2
9420,2
9421,5
9422,0
9423,5
9424,5
9425,2
9426,4
9427,1
9428,5
9429,2
9430,0
9431,0
9432,0
9433,5
9434,1
9435,5
9436,4
9437,0
9438,4
9439,4
9440,2
9441,1
9442,0
9443,2
9444,0
9445,0
9446,3
9447,5
9448,5
9449,4
9450,3
9451,3
9452,1
9453,1
9454,5
9455,2
9456,5
9457,4
9458,2
9459,5
9460,0
9461,1
9462,1
9463,2
9464,2
9465,1
9466,3
9467,6
9468,2
9469,0
9470,6
9471,4
9472,2
9473,1
9474,5
9475,5
9476,6
9477,1
9478,5
9479,6
9480,0
9481,5
9482,4
9483,2
9484,0
9485,2
9486,3
9487,3
9488,4
9489,4
9490,1
9491,2
9492,2
9493,3
9494,5
9495,0
9496,5
9497,4
9498,2
9499,4
9500,4
9501,5
9502,3
9503,2
9504,5
9505,5
9506,0
9507,5
9508,3
9509,1
9510,2
9511,3
9512,6
9513,6
9514,0
9515,3
9516,0
9517,3
9518,5
9519,4
9520,4
9521,2
9522,0
9523,1
9524,3
9525,3
9526,4
9527,6
9528,1
9529,3
9530,5
9531,3
9532,0
9533,1
9534,4
9535,5
9536,2
9537,4
9538,6
9539,2
9540,4
9541,0
9542,1
9543,3
9544,4
9545,4
9546,3
9547,3
9548,3
9549,4
9550,3
9551,6
9552,4
9553,2
9554,0
9555,3
9556,4
9557,6
9558,6
9559,3
9560,2
9561,4
9562,6
9563,1
9564,0
9565,1
9566,2
9567,3
9568,0
9569,0
9570,6
9571,4
9572,4
9573,3
9574,0
9575,2
9576,3
9577,4
9578,3
9579,4
9580,4
9581,5
9582,3
9583,6
9584,1
9585,1
9586,1
9587,4
9588,1
9589,2
9590,4
9591,0
9592,0
9593,6
9594,2
9595,5
9596,0
9597,2
9598,3
9599,5
9600,5
9601,4
9602,5
9603,5
9604,3
9605,3
9606,0
9607,5
9608,0
9609,6
9610,3
9611,1
9612,0
9613,0
9614,6
9615,5
9616,2
9617,0
9618,1
9619,1
9620,2
9621,0
9622,6
9623,4
9624,5
9625,3
9626,4
9627,5
9628,1
9629,2
9630,0
9631,1
9632,2
9633,1
9634,5
9635,2
9636,4
9637,4
9638,4
9639,4
9640,4
9641,6
9642,6
9643,0
9644,0
9645,5
9646,6
9647,6
9648,0
9649,3
9650,3
9651,0
9652,4
9653,3
9654,5
9655,6
9656,5
9657,6
9658,5
9659,5
9660,6
9661,0
9662,0
9663,3
9664,2
9665,0
9666,1
9667,3
9668,3
9669,0
9670,1
9671,5
9672,2
9673,2
9674,3
9675,2
9676,3
9677,3
9678,2
9679,5
9680,5
9681,2
9682,3
9683,4
9684,1
9685,2
9686,3
9687,4
9688,2
9689,5
9690,0
9691,2
9692,6
9693,6
9694,1
9695,2
9696,3
9697,1
9698,4
9699,1
9700,0
9701,2
9702,5
9703,3
9704,4
9705,1
9706,0
9707,5
9708,5
9709,5
9710,0
9711,4
9712,5
9713,5
9714,0
9715,1
9716,5
9717,3
9718,3
9719,2
9720,6
9721,2
9722,6
9723,1
9724,6
9725,0
9726,0
9727,5
9728,1
9729,2
9730,0
9731,0
9732,0
9733,4
9734,6
9735,5
9736,0
9737,2
9738,6
9739,0
9740,1
9741,0
9742,0
9743,2
9744,6
9745,3
9746,5
9747,5
9748,4
9749,5
9750,5
9751,5
9752,5
9753,3
9754,1
9755,1
9756,2
9757,4
9758,6
9759,1
9760,5
9761,1
9762,0
9763,2
9764,0
9765,4
9766,5
9767,2
9768,0
9769,0
9770,2
9771,0
9772,3
9773,3
9774,1
9775,6
9776,5
9777,0
9778,4
9779,6
9780,5
9781,2
9782,4
9783,5
9784,4
9785,6
9786,6
9787,2
9788,2
9789,6
9790,2
9791,4
9792,3
9793,3
9794,5
9795,6
9796,3
9797,4
9798,4
9799,3
9800,1
9801,3
9802,4
9803,2
9804,0
9805,5
9806,2
9807,4
9808,0
9809,1
9810,2
9811,3
9812,4
9813,2
9814,2
9815,1
9816,0
9817,4
9818,4
9819,6
9820,6
9821,3
9822,5
9823,1
9824,4
9825,1
9826,5
9827,2
9828,1
9829,4
9830,5
9831,1
9832,0
9833,1
9834,4
9835,1
9836,1
9837,4
9838,4
9839,5
9840,6
9841,3
9842,0
9843,5
9844,5
9845,1
9846,1
9847,5
9848,5
9849,4
9850,5
9851,5
9852,0
9853,6
9854,0
9855,1
9856,2
9857,3
9858,5
9859,0
9860,4
9861,0
9862,2
9863,0
9864,4
9865,0
9866,1
9867,4
9868,5
9869,5
9870,6
9871,0
9872,2
9873,5
9874,4
9875,2
9876,6
9877,6
9878,6
9879,5
9880,2
9881,0
9882,4
9883,1
9884,5
9885,4
9886,2
9887,6
9888,3
9889,4
9890,4
9891,4
9892,3
9893,0
9894,5
9895,0
9896,0
9897,2
9898,5
9899,1
9900,0
9901,0
9902,4
9903,0
9904,3
9905,4
9906,1
9907,2
9908,2
9909,4
9910,0
9911,4
9912,6
9913,2
9914,0
9915,2
9916,3
9917,5
9918,3
9919,3
9920,1
9921,3
9922,2
9923,4
9924,5
9925,3
9926,6
9927,5
9928,6
9929,0
9930,4
9931,1
9932,3
9933,2
9934,5
9935,2
9936,3
9937,0
9938,6
9939,3
9940,2
9941,6
9942,6
9943,0
9944,6
9945,1
9946,6
9947,5
9948,1
9949,5
9950,0
9951,1
9952,4
9953,6
9954,6
9955,1
9956,2
9957,0
9958,2
9959,2
9960,2
9961,6
9962,1
9963,2
9964,1
9965,6
9966,4
9967,6
9968,2
9969,4
9970,5
9971,1
9972,4
9973,0
9974,5
9975,5
9976,6
9977,0
9978,6
9979,3
9980,1
9981,4
9982,1
9983,5
9984,3
9985,6
9986,3
9987,3
9988,2
9989,0
9990,3
9991,0
9992,4
9993,0
9994,0
9995,4
9996,5
9997,0
9998,2
9999,5
10000,0
10001,4
10002,0
10003,2
10004,5
10005,5
10006,4
10007,1
10008,0
10009,3
10010,5
10011,0
10012,2
10013,2
10014,2
10015,4
10016,0
10017,2
10018,1
10019,4
10020,4
10021,2
10022,4
10023,1
10024,5
10025,2
10026,2
10027,5
10028,5
10029,0
10030,3
10031,4
10032,5
10033,1
10034,0
10035,2
10036,1
10037,3
10038,1
10039,3
10040,0
10041,5
10042,1
10043,6
10044,6
10045,2
10046,3
10047,2
10048,0
10049,0
10050,5
10051,3
10052,2
10053,5
10054,3
10055,1
10056,1
10057,4
10058,2
10059,4
10060,4
10061,3
10062,5
10063,3
10064,1
10065,3
10066,1
10067,5
10068,2
10069,3
10070,3
10071,2
10072,5
10073,0
10074,5
10075,1
10076,2
10077,0
10078,0
10079,4
10080,3
10081,0
10082,3
10083,0
10084,6
10085,1
10086,2
10087,5
10088,4
10089,0
10090,3
10091,3
10092,1
10093,3
10094,4
10095,5
10096,6
10097,1
10098,0
10099,0
10100,2
10101,1
10102,0
10103,1
10104,3
10105,2
10106,6
10107,0
10108,4
10109,1
10110,0
10111,2
10112,1
10113,0
10114,6
10115,4
10116,6
10117,2
10118,3
10119,5
10120,5
10121,0
10122,0
10123,4
10124,4
10125,3
10126,0
10127,5
10128,6
10129,4
10130,0
10131,4
10132,0
10133,1
10134,6
10135,4
10136,2
10137,6
10138,1
10139,3
10140,0
10141,4
10142,4
10143,5
10144,6
10145,2
10146,0
10147,2
10148,4
10149,1
10150,6
10151,1
10152,5
10153,6
10154,2
10155,5
10156,3
10157,4
10158,5
10159,2
10160,6
10161,0
10162,0
10163,2
10164,1
10165,2
10166,3
10167,0
10168,3
10169,2
10170,5
10171,5
10172,3
10173,0
10174,1
10175,1
10176,2
10177,2
10178,0
10179,4
10180,2
10181,2
10182,6
10183,2
10184,4
10185,1
10186,6
10187,0
10188,3
10189,5
10190,4
10191,5
10192,6
10193,0
10194,4
10195,5
10196,5
10197,6
10198,0
10199,4
10200,5
10201,4
10202,6
10203,3
10204,0
10205,5
10206,4
10207,3
10208,6
10209,1
10210,3
10211,4
10212,1
10213,2
10214,6
10215,6
10216,4
10217,3
10218,4
10219,6
10220,0
10221,1
10222,4
10223,2
10224,5
10225,6
10226,4
10227,5
10228,6
10229,0
10230,2
10231,6
10232,2
10233,5
10234,0
10235,6
10236,5
10237,0
10238,2
10239,1
10240,1
10241,3
10242,1
10243,2
10244,3
10245,6
10246,6
10247,3
10248,1
10249,2
10250,2
10251,2
10252,2
10253,0
10254,5
10255,2
10256,1
10257,4
10258,5
10259,2
10260,4
10261,2
10262,1
10263,6
10264,5
10265,3
10266,4
10267,4
10268,5
10269,6
10270,6
10271,6
10272,2
10273,2
10274,6
10275,5
10276,3
10277,3
10278,2
10279,1
10280,1
10281,0
10282,0
10283,4
10284,6
10285,4
10286,4
10287,1
10288,1
10289,0
10290,0
10291,2
10292,4
10293,6
10294,1
10295,6
10296,1
10297,3
10298,5
10299,4
10300,5
10301,3
10302,0
10303,4
10304,6
10305,5
10306,0
10307,3
10308,6
10309,5
10310,6
10311,4
10312,5
10313,0
10314,5
10315,5
10316,3
10317,5
10318,0
10319,4
10320,0
10321,4
10322,2
10323,4
10324,2
10325,6
10326,4
10327,5
10328,0
10329,6
10330,3
10331,6
10332,4
10333,3
10334,6
10335,3
10336,1
10337,1
10338,2
10339,3
10340,0
10341,0
10342,1
10343,3
10344,6
10345,6
10346,5
10347,2
10348,2
10349,1
10350,4
10351,6
10352,6
10353,1
10354,2
10355,0
10356,1
10357,4
10358,0
10359,4
10360,4
10361,4
10362,6
10363,4
10364,1
10365,0
10366,1
10367,3
10368,0
10369,2
10370,2
10371,6
10372,1
10373,6
10374,2
10375,1
10376,6
10377,1
10378,4
10379,4
10380,3
10381,1
10382,3
10383,4
10384,3
10385,5
10386,6
10387,4
10388,4
10389,2
10390,3
10391,4
10392,6
10393,5
10394,2
10395,2
10396,4
10397,4
10398,4
10399,5
10400,4
10401,5
10402,3
10403,5
10404,5
10405,4
10406,6
10407,0
10408,4
10409,4
10410,2
10411,4
10412,2
10413,5
10414,1
10415,4
10416,5
10417,6
10418,4
10419,4
10420,4
10421,4
10422,3
10423,1
10424,3
10425,4
10426,1
10427,5
10428,0
10429,6
10430,5
10431,2
10432,5
10433,4
10434,2
10435,4
10436,4
10437,6
10438,5
10439,6
10440,5
10441,3
10442,1
10443,3
10444,1
10445,2
10446,3
10447,4
10448,3
10449,3
10450,6
10451,2
10452,2
10453,3
10454,0
10455,3
10456,5
10457,1
10458,2
10459,0
10460,6
10461,4
10462,0
10463,3
10464,4
10465,3
10466,6
10467,0
10468,6
10469,3
10470,4
10471,1
10472,0
10473,0
10474,6
10475,1
10476,5
10477,2
10478,0
10479,6
10480,6
10481,1
10482,1
10483,3
10484,5
10485,1
10486,0
10487,3
10488,5
10489,4
10490,5
10491,0
10492,4
10493,0
10494,6
10495,6
10496,0
10497,0
10498,4
10499,0
10500,4
10501,3
10502,0
10503,5
10504,5
10505,0
10506,0
10507,0
10508,5
10509,1
10510,6
10511,2
10512,2
10513,6
10514,0
10515,6
10516,6
10517,3
10518,3
10519,0
10520,3
10521,0
10522,4
10523,3
10524,2
10525,4
10526,2
10527,2
10528,0
10529,5
10530,2
10531,0
10532,0
10533,0
10534,6
10535,5
10536,2
10537,2
10538,5
10539,4
10540,0
10541,4
10542,0
10543,0
10544,3
10545,0
10546,6
10547,2
10548,6
10549,4
10550,3
10551,5
10552,0
10553,4
10554,1
10555,5
10556,1
10557,6
10558,4
10559,6
10560,3
10561,2
10562,2
10563,4
10564,6
10565,4
10566,2
10567,5
10568,1
10569,0
10570,6
10571,3
10572,5
10573,0
10574,3
10575,2
10576,1
10577,1
10578,0
10579,4
10580,0
10581,5
10582,6
10583,0
10584,3
10585,3
10586,2
10587,4
10588,5
10589,6
10590,4
10591,0
10592,1
10593,3
10594,3
10595,1
10596,4
10597,4
10598,6
10599,3
10600,0
10601,4
10602,1
10603,5
10604,2
10605,0
10606,3
10607,0
10608,4
10609,0
10610,0
10611,4
10612,6
10613,4
10614,6
10615,2
10616,2
10617,0
10618,4
10619,5
10620,5
10621,5
10622,5
10623,2
10624,0
10625,0
10626,0
10627,4
10628,3
10629,5
10630,1
10631,0
10632,5
10633,5
10634,5
10635,0
10636,3
10637,5
10638,3
10639,3
10640,1
10641,3
10642,5
10643,6
10644,1
10645,6
10646,5
10647,0
10648,4
10649,4
10650,3
10651,1
10652,4
10653,6
10654,0
10655,0
10656,1
10657,5
10658,2
10659,2
10660,5
10661,4
10662,0
10663,2
10664,2
10665,4
10666,0
10667,3
10668,0
10669,5
10670,1
10671,4
10672,2
10673,3
10674,6
10675,5
10676,3
10677,2
10678,5
10679,4
10680,3
10681,4
10682,5
10683,0
10684,2
10685,5
10686,5
10687,3
10688,1
10689,0
10690,4
10691,5
10692,3
10693,0
10694,6
10695,6
10696,2
10697,3
10698,3
10699,4
10700,5
10701,5
10702,4
10703,5
10704,3
10705,3
10706,2
10707,1
10708,3
10709,0
10710,1
10711,1
10712,0
10713,4
10714,2
10715,2
10716,6
10717,5
10718,3
10719,3
10720,3
10721,0
10722,4
10723,2
10724,0
10725,3
10726,6
10727,4
10728,6
10729,1
10730,2
10731,1
10732,0
10733,5
10734,1
10735,1
10736,3
10737,2
10738,1
10739,2
10740,6
10741,1
10742,2
10743,4
10744,4
10745,0
10746,4
10747,4
10748,3
10749,2
10750,2
10751,5
10752,4
10753,1
10754,2
10755,0
10756,6
10757,5
10758,0
10759,5
10760,3
10761,6
10762,4
10763,2
10764,1
10765,4
10766,3
10767,2
10768,2
10769,6
10770,4
10771,1
10772,4
10773,1
10774,5
10775,1
10776,1
10777,1
10778,0
10779,0
10780,5
10781,2
10782,0
10783,2
10784,1
10785,5
10786,2
10787,5
10788,4
10789,4
10790,6
10791,1
10792,3
10793,2
10794,2
10795,6
10796,0
10797,0
10798,0
10799,4
10800,0
10801,5
10802,5
10803,0
10804,0
10805,6
10806,3
10807,3
10808,5
10809,4
10810,2
10811,5
10812,4
10813,0
10814,3
10815,3
10816,3
10817,4
10818,5
10819,5
10820,2
10821,4
10822,5
10823,1
10824,6
10825,0
10826,4
10827,1
10828,5
10829,3
10830,2
10831,0
10832,4
10833,3
10834,0
10835,0
10836,6
10837,4
10838,6
10839,1
10840,6
10841,4
10842,4
10843,6
10844,4
10845,3
10846,2
10847,1
10848,1
10849,2
10850,5
10851,2
10852,2
10853,5
10854,5
10855,4
10856,1
10857,0
10858,4
10859,2
10860,1
10861,4
10862,4
10863,5
10864,6
10865,0
10866,1
10867,6
10868,2
10869,2
10870,6
10871,3
10872,1
10873,0
10874,3
10875,4
10876,2
10877,4
10878,1
10879,3
10880,5
10881,5
10882,3
10883,3
10884,1
10885,2
10886,3
10887,6
10888,0
10889,2
10890,6
10891,3
10892,4
10893,0
10894,2
10895,5
10896,4
10897,5
10898,1
10899,5
10900,5
10901,4
10902,4
10903,1
10904,4
10905,2
10906,0
10907,3
10908,0
10909,5
10910,5
10911,1
10912,4
10913,3
10914,0
10915,1
10916,5
10917,3
10918,6
10919,4
10920,3
10921,0
10922,2
10923,5
10924,3
10925,4
10926,5
10927,0
10928,2
10929,4
10930,5
10931,6
10932,0
10933,4
10934,1
10935,5
10936,2
10937,6
10938,3
10939,5
10940,3
10941,0
10942,3
10943,4
10944,1
10945,6
10946,1
10947,1
10948,3
10949,2
10950,2
10951,4
10952,5
10953,1
10954,3
10955,1
10956,6
10957,0
10958,1
10959,0
10960,0
10961,4
10962,1
10963,0
10964,0
10965,5
10966,3
10967,2
10968,2
10969,1
10970,4
10971,4
10972,4
10973,5
10974,4
10975,6
10976,2
10977,4
10978,0
10979,2
10980,1
10981,3
10982,4
10983,5
10984,6
10985,1
10986,1
10987,2
10988,4
10989,1
10990,5
10991,4
10992,0
10993,6
10994,3
10995,1
10996,6
10997,4
10998,1
10999,6
11000,2
11001,2
11002,5
11003,4
11004,5
11005,3
11006,4
11007,3
11008,2
11009,1
11010,2
11011,2
11012,6
11013,6
11014,2
11015,1
11016,2
11017,5
11018,3
11019,0
11020,2
11021,2
11022,2
11023,6
11024,4
11025,0
11026,5
11027,2
11028,5
11029,3
11030,3
11031,4
11032,5
11033,1
11034,3
11035,6
11036,2
11037,3
11038,1
11039,3
11040,1
11041,0
11042,5
11043,0
11044,4
11045,3
11046,0
11047,5
11048,0
11049,1
11050,2
11051,4
11052,3
11053,6
11054,2
11055,0
11056,5
11057,3
11058,0
11059,4
11060,1
11061,3
11062,6
11063,5
11064,0
11065,6
11066,2
11067,2
11068,3
11069,3
11070,3
11071,5
11072,6
11073,5
11074,5
11075,0
11076,3
11077,0
11078,1
11079,2
11080,5
11081,1
11082,3
11083,2
11084,0
11085,6
11086,0
11087,6
11088,5
11089,2
11090,2
11091,2
11092,2
11093,2
11094,6
11095,5
11096,5
11097,1
11098,5
11099,3
11100,1
11101,1
11102,0
11103,0
11104,0
11105,3
11106,0
11107,1
11108,4
11109,4
11110,0
11111,0
11112,1
11113,5
11114,3
11115,6
11116,6
11117,6
11118,2
11119,2
11120,3
11121,5
11122,0
11123,6
11124,4
11125,0
11126,5
11127,1
11128,1
11129,3
11130,0
11131,0
11132,3
11133,6
11134,4
11135,0
11136,3
11137,3
11138,2
11139,1
11140,4
11141,2
11142,4
11143,2
11144,0
11145,0
11146,2
11147,4
11148,4
11149,6
11150,5
11151,3
11152,4
11153,6
11154,3
11155,3
11156,4
11157,6
11158,6
11159,2
11160,4
11161,0
11162,1
11163,3
11164,4
11165,4
11166,4
11167,3
11168,2
11169,4
11170,3
11171,6
11172,0
11173,2
11174,0
11175,3
11176,2
11177,4
11178,5
11179,3
11180,1
11181,0
11182,4
11183,0
11184,3
11185,0
11186,5
11187,5
11188,6
11189,1
11190,0
11191,4
11192,5
11193,3
11194,4
11195,1
11196,2
11197,1
11198,1
11199,2
11200,5
11201,0
11202,6
11203,5
11204,6
11205,0
11206,0
11207,0
11208,6
11209,4
11210,6
11211,4
11212,5
11213,2
11214,0
11215,0
11216,3
11217,5
11218,0
11219,3
11220,1
11221,5
11222,3
11223,4
11224,5
11225,0
11226,2
11227,6
11228,1
11229,0
11230,6
11231,5
11232,1
11233,1
11234,1
11235,6
11236,2
11237,0
11238,5
11239,5
11240,3
11241,5
11242,4
11243,4
11244,2
11245,0
11246,1
11247,0
11248,1
11249,4
11250,6
11251,2
11252,4
11253,5
11254,2
11255,3
11256,6
11257,0
11258,0
11259,2
11260,6
11261,0
11262,5
11263,2
11264,6
11265,1
11266,1
11267,2
11268,6
11269,4
11270,0
11271,5
11272,6
11273,3
11274,1
11275,5
11276,3
11277,5
11278,3
11279,5
11280,5
11281,0
11282,6
11283,1
11284,3
11285,3
11286,0
11287,4
11288,4
11289,3
11290,6
11291,6
11292,1
11293,5
11294,1
11295,6
11296,1
11297,4
11298,4
11299,4
11300,6
11301,2
11302,5
11303,0
11304,5
11305,0
11306,4
11307,3
11308,6
11309,3
11310,3
11311,6
11312,6
11313,4
11314,1
11315,4
11316,0
11317,1
11318,4
11319,3
11320,3
11321,4
11322,2
11323,2
11324,2
11325,4
11326,1
11327,0
11328,3
11329,4
11330,3
11331,0
11332,0
11333,5
11334,5
11335,0
11336,6
11337,2
11338,2
11339,6
11340,0
11341,6
11342,1
11343,6
11344,3
11345,4
11346,3
11347,0
11348,2
11349,1
11350,0
11351,5
11352,5
11353,5
11354,2
11355,0
11356,5
11357,5
11358,5
11359,3
11360,0
11361,6
11362,3
11363,6
11364,0
11365,6
11366,2
11367,0
11368,0
11369,3
11370,4
11371,5
11372,6
11373,4
11374,6
11375,4
11376,0
11377,2
11378,0
11379,0
11380,0
11381,1
11382,0
11383,5
11384,1
11385,3
11386,5
11387,2
11388,0
11389,1
11390,6
11391,2
11392,1
11393,0
11394,6
11395,3
11396,2
11397,0
11398,6
11399,1
11400,4
11401,0
11402,5
11403,4
11404,6
11405,5
11406,2
11407,6
11408,2
11409,0
11410,6
11411,4
11412,5
11413,1
11414,2
11415,0
11416,4
11417,4
11418,2
11419,5
11420,1
11421,2
11422,2
11423,3
11424,5
11425,4
11426,6
11427,1
11428,0
11429,4
11430,2
11431,4
11432,3
11433,1
11434,0
11435,5
11436,2
11437,3
11438,3
11439,0
11440,5
11441,0
11442,3
11443,2
11444,5
11445,4
11446,3
11447,2
11448,5
11449,5
11450,1
11451,1
11452,6
11453,4
11454,5
11455,3
11456,6
11457,1
11458,4
11459,0
11460,5
11461,4
11462,6
11463,3
11464,6
11465,3
11466,3
11467,5
11468,6
11469,5
11470,5
11471,4
11472,1
11473,3
11474,4
11475,2
11476,3
11477,0
11478,1
11479,6
11480,5
11481,2
11482,1
11483,4
11484,5
11485,6
11486,1
11487,0
11488,2
11489,1
11490,3
11491,6
11492,0
11493,5
11494,5
11495,3
11496,4
11497,0
11498,2
11499,4
11500,6
11501,3
11502,6
11503,1
11504,4
11505,6
11506,6
11507,6
11508,6
11509,6
11510,6
11511,1
11512,3
11513,1
11514,3
11515,0
11516,2
11517,6
11518,4
11519,5
11520,3
11521,5
11522,4
11523,0
11524,2
11525,4
11526,1
11527,3
11528,1
11529,6
11530,1
11531,0
11532,3
11533,2
11534,3
11535,0
11536,3
11537,0
11538,4
11539,3
11540,6
11541,3
11542,3
11543,5
11544,3
11545,4
11546,1
11547,0
11548,2
11549,4
11550,1
11551,0
11552,2
11553,5
11554,5
11555,2
11556,5
11557,6
11558,0
11559,2
11560,0
11561,4
11562,0
11563,4
11564,5
11565,6
11566,4
11567,4
11568,4
11569,2
11570,0
11571,2
11572,5
11573,5
11574,3
11575,3
11576,4
11577,0
11578,2
11579,4
11580,0
11581,6
11582,6
11583,1
11584,0
11585,1
11586,5
11587,2
11588,2
11589,2
11590,5
11591,2
11592,2
11593,2
11594,6
11595,2
11596,5
11597,5
11598,3
11599,4
11600,2
11601,2
11602,0
11603,1
11604,1
11605,5
11606,3
11607,6
11608,5
11609,0
11610,1
11611,3
11612,6
11613,3
11614,0
11615,4
11616,1
11617,5
11618,6
11619,3
11620,0
11621,5
11622,4
11623,1
11624,0
11625,0
11626,6
11627,6
11628,4
11629,0
11630,4
11631,6
11632,2
11633,1
11634,3
11635,6
11636,4
11637,0
11638,3
11639,6
11640,4
11641,2
11642,5
11643,1
11644,0
11645,3
11646,6
11647,1
11648,4
11649,3
11650,5
11651,4
11652,3
11653,5
11654,2
11655,4
11656,2
11657,5
11658,6
11659,4
11660,3
11661,5
11662,4
11663,0
11664,3
11665,3
11666,0
11667,1
11668,4
11669,0
11670,0
11671,6
11672,3
11673,0
11674,1
11675,5
11676,4
11677,5
11678,2
11679,3
11680,2
11681,5
11682,1
11683,1
11684,6
11685,0
11686,4
11687,3
11688,3
11689,0
11690,0
11691,0
11692,0
11693,5
11694,4
11695,6
11696,4
11697,2
11698,2
11699,0
11700,2
11701,3
11702,1
11703,6
11704,4
11705,1
11706,2
11707,6
11708,4
11709,2
11710,0
11711,6
11712,6
11713,2
11714,4
11715,5
11716,0
11717,2
11718,0
11719,5
11720,1
11721,5
11722,4
11723,6
11724,6
11725,4
11726,4
11727,2
11728,4
11729,0
11730,6
11731,5
11732,2
11733,6
11734,0
11735,3
11736,4
11737,0
11738,2
11739,3
11740,6
11741,5
11742,5
11743,0
11744,1
11745,4
11746,0
11747,3
11748,3
11749,4
11750,4
11751,5
11752,5
11753,5
11754,1
11755,3
11756,4
11757,3
11758,2
11759,2
11760,3
11761,0
11762,3
11763,5
11764,5
11765,5
11766,5
11767,3
11768,2
11769,3
11770,6
11771,0
11772,6
11773,2
11774,4
11775,3
11776,6
11777,6
11778,5
11779,0
11780,0
11781,4
11782,5
11783,4
11784,1
11785,5
11786,2
11787,4
11788,3
11789,1
11790,1
11791,0
11792,6
11793,5
11794,4
11795,0
11796,4
11797,4
11798,3
11799,5
11800,4
11801,5
11802,2
11803,4
11804,2
11805,1
11806,6
11807,4
11808,4
11809,2
11810,5
11811,3
11812,6
11813,3
11814,5
11815,1
11816,0
11817,1
11818,6
11819,0
11820,0
11821,2
11822,5
11823,1
11824,6
11825,3
11826,2
11827,2
11828,2
11829,2
11830,3
11831,0
11832,1
11833,2
11834,3
11835,5
11836,5
11837,1
11838,0
11839,5
11840,4
11841,0
11842,5
11843,1
11844,1
11845,0
11846,2
11847,2
11848,5
11849,1
11850,1
11851,6
11852,6
11853,0
11854,5
11855,2
11856,2
11857,4
11858,1
11859,5
11860,6
11861,6
11862,4
11863,4
11864,3
11865,4
11866,2
11867,5
11868,0
11869,2
11870,0
11871,2
11872,1
11873,3
11874,3
11875,3
11876,3
11877,0
11878,2
11879,3
11880,4
11881,1
11882,6
11883,5
11884,1
11885,4
11886,1
11887,4
11888,3
11889,1
11890,5
11891,4
11892,3
11893,6
11894,3
11895,6
11896,3
11897,0
11898,5
11899,3
11900,2
11901,1
11902,3
11903,3
11904,0
11905,6
11906,1
11907,2
11908,5
11909,5
11910,6
11911,1
11912,4
11913,5
11914,0
11915,2
11916,1
11917,4
11918,3
11919,6
11920,1
11921,6
11922,4
11923,2
11924,0
11925,1
11926,0
11927,5
11928,2
11929,3
11930,5
11931,5
11932,0
11933,1
11934,3
11935,1
11936,1
11937,5
11938,2
11939,4
11940,4
11941,1
11942,4
11943,4
11944,0
11945,2
11946,4
11947,3
11948,3
11949,6
11950,0
11951,6
11952,5
11953,3
11954,2
11955,5
11956,5
11957,3
11958,2
11959,0
11960,4
11961,0
11962,4
11963,3
11964,2
11965,1
11966,3
11967,1
11968,0
11969,1
11970,0
11971,6
11972,5
11973,2
11974,3
11975,0
11976,3
11977,3
11978,3
11979,3
11980,5
11981,0
11982,2
11983,5
11984,6
11985,3
11986,3
11987,1
11988,5
11989,4
11990,3
11991,0
11992,5
11993,6
11994,6
11995,1
11996,2
11997,4
11998,6
11999,4
12000,4
12001,1
12002,2
12003,3
12004,2
12005,0
12006,4
12007,4
12008,6
12009,1
12010,2
12011,3
12012,6
12013,0
12014,2
12015,5
12016,2
12017,1
12018,4
12019,3
12020,6
12021,6
12022,5
12023,4
12024,1
12025,6
12026,6
12027,0
12028,0
12029,4
12030,0
12031,0
12032,0
12033,4
12034,4
12035,6
12036,2
12037,0
12038,6
12039,5
12040,6
12041,4
12042,6
12043,5
12044,3
12045,6
12046,1
12047,6
12048,0
12049,0
12050,4
12051,6
12052,1
12053,3
12054,5
12055,5
12056,1
12057,2
12058,2
12059,4
12060,6
12061,0
12062,5
12063,2
12064,6
12065,4
12066,0
12067,1
12068,1
12069,4
12070,4
12071,0
12072,1
12073,3
12074,4
12075,6
12076,3
12077,3
12078,4
12079,0
12080,0
12081,2
12082,4
12083,6
12084,3
12085,3
12086,4
12087,6
12088,2
12089,4
12090,4
12091,5
12092,0
12093,0
12094,6
12095,6
12096,3
12097,0
12098,3
12099,6
12100,2
12101,1
12102,5
12103,0
12104,5
12105,0
12106,6
12107,5
12108,5
12109,0
12110,3
12111,4
12112,3
12113,4
12114,3
12115,2
12116,5
12117,5
12118,6
12119,5
12120,6
12121,5
12122,3
12123,6
12124,3
12125,6
12126,1
12127,3
12128,4
12129,3
12130,3
12131,3
12132,4
12133,6
12134,6
12135,4
12136,6
12137,3
12138,2
12139,0
12140,2
12141,0
12142,5
12143,1
12144,3
12145,6
12146,3
12147,1
12148,6
12149,0
12150,5
12151,6
12152,1
12153,6
12154,0
12155,4
12156,1
12157,3
12158,1
12159,4
12160,2
12161,5
12162,6
12163,2
12164,3
12165,3
12166,3
12167,4
12168,2
12169,2
12170,0
12171,2
12172,3
12173,6
12174,4
12175,0
12176,3
12177,0
12178,0
12179,3
12180,5
12181,4
12182,0
12183,2
12184,6
12185,1
12186,2
12187,0
12188,3
12189,6
12190,4
12191,6
12192,0
12193,6
12194,5
12195,6
12196,3
12197,1
12198,3
12199,5
12200,6
12201,2
12202,5
12203,0
12204,6
12205,3
12206,3
12207,1
12208,6
12209,3
12210,2
12211,1
12212,6
12213,0
12214,2
12215,3
12216,5
12217,4
12218,2
12219,0
12220,3
12221,1
12222,4
12223,0
12224,5
12225,5
12226,5
12227,1
12228,2
12229,0
12230,4
12231,1
12232,5
12233,2
12234,3
12235,0
12236,2
12237,6
12238,6
12239,4
12240,2
12241,6
12242,6
12243,3
12244,3
12245,3
12246,1
12247,5
12248,2
12249,4
12250,0
12251,3
12252,1
12253,0
12254,5
12255,0
12256,4
12257,3
12258,4
12259,6
12260,0
12261,2
12262,3
12263,4
12264,1
12265,2
12266,5
12267,6
12268,1
12269,0
12270,0
12271,0
12272,0
12273,4
12274,2
12275,6
12276,4
12277,4
12278,6
12279,0
12280,6
12281,4
12282,3
12283,4
12284,0
12285,0
12286,4
12287,1
12288,3
12289,0
12290,2
12291,1
12292,0
12293,0
12294,4
12295,6
12296,3
12297,0
12298,5
12299,0
12300,1
12301,5
12302,1
12303,6
12304,4
12305,2
12306,1
12307,3
12308,3
12309,4
12310,6
12311,6
12312,4
12313,1
12314,2
12315,0
12316,3
12317,3
12318,2
12319,4
12320,0
12321,3
12322,0
12323,0
12324,0
12325,3
12326,4
12327,6
12328,5
12329,1
12330,3
12331,6
12332,0
12333,4
12334,6
12335,3
12336,3
12337,2
12338,6
12339,5
12340,4
12341,1
12342,1
12343,1
12344,2
12345,0
12346,1
12347,6
12348,0
12349,1
12350,2
12351,3
12352,5
12353,6
12354,1
12355,1
12356,5
12357,4
12358,2
12359,4
12360,0
12361,5
12362,3
12363,5
12364,4
12365,4
12366,0
12367,4
12368,0
12369,2
12370,5
12371,5
12372,1
12373,6
12374,1
12375,2
12376,6
12377,1
12378,2
12379,3
12380,3
12381,1
12382,3
12383,2
12384,3
12385,1
12386,2
12387,2
12388,2
12389,6
12390,0
12391,3
12392,5
12393,4
12394,4
12395,5
12396,1
12397,6
12398,4
12399,5
12400,0
12401,3
12402,6
12403,6
12404,4
12405,5
12406,0
12407,6
12408,6
12409,0
12410,0
12411,3
12412,5
12413,0
12414,2
12415,5
12416,3
12417,6
12418,0
12419,0
12420,3
12421,4
12422,3
12423,3
12424,5
12425,5
12426,0
12427,4
12428,4
12429,3
12430,2
12431,5
12432,2
12433,5
12434,2
12435,6
12436,6
12437,3
12438,1
12439,2
12440,2
12441,1
12442,0
12443,1
12444,0
12445,3
12446,0
12447,2
12448,0
12449,6
12450,6
12451,1
12452,4
12453,1
12454,2
12455,5
12456,1
12457,1
12458,0
12459,6
12460,4
12461,1
12462,4
12463,3
12464,4
12465,4
12466,1
12467,6
12468,2
12469,1
12470,4
12471,4
12472,1
12473,1
12474,4
12475,3
12476,5
12477,5
12478,5
12479,3
12480,4
12481,2
12482,4
12483,6
12484,1
12485,4
12486,0
12487,5
12488,3
12489,1
12490,5
12491,0
12492,5
12493,4
12494,0
12495,1
12496,3
12497,0
12498,6
12499,2
12500,2
12501,2
12502,5
12503,0
12504,3
12505,2
12506,4
12507,3
12508,4
12509,6
12510,0
12511,3
12512,3
12513,2
12514,0
12515,1
12516,5
12517,3
12518,6
12519,1
12520,4
12521,4
12522,5
12523,6
12524,3
12525,0
12526,1
12527,0
12528,4
12529,2
12530,0
12531,1
12532,5
12533,0
12534,6
12535,0
12536,6
12537,2
12538,4
12539,2
12540,6
12541,0
12542,5
12543,2
12544,3
12545,1
12546,3
12547,6
12548,4
12549,4
12550,5
12551,1
12552,5
12553,4
12554,4
12555,5
12556,6
12557,4
12558,3
12559,1
12560,0
12561,5
12562,4
12563,3
12564,4
12565,6
12566,1
12567,0
12568,1
12569,4
12570,6
12571,1
12572,5
12573,2
12574,2
12575,2
12576,0
12577,4
12578,0
12579,1
12580,0
12581,3
12582,6
12583,1
12584,2
12585,6
12586,5
12587,1
12588,3
12589,5
12590,2
12591,0
12592,2
12593,4
12594,0
12595,5
12596,1
12597,5
12598,2
12599,0
12600,6
12601,2
12602,1
12603,4
12604,4
12605,6
12606,6
12607,2
12608,0
12609,1
12610,4
12611,6
12612,2
12613,1
12614,3
12615,2
12616,2
12617,5
12618,4
12619,0
12620,3
12621,2
12622,0
12623,4
12624,2
12625,6
12626,3
12627,3
12628,2
12629,3
12630,2
12631,5
12632,2
12633,3
12634,2
12635,4
12636,6
12637,2
12638,5
12639,5
12640,4
12641,4
12642,6
12643,0
12644,4
12645,1
12646,6
12647,0
12648,0
12649,0
12650,0
12651,2
12652,6
12653,6
12654,5
12655,2
12656,1
12657,0
12658,6
12659,6
12660,4
12661,0
12662,3
12663,4
12664,0
12665,1
12666,3
12667,6
12668,5
12669,1
12670,4
12671,1
12672,3
12673,6
12674,2
12675,2
12676,0
12677,0
12678,3
12679,1
12680,0
12681,5
12682,4
12683,1
12684,5
12685,4
12686,0
12687,4
12688,5
12689,4
12690,1
12691,6
12692,6
12693,0
12694,4
12695,6
12696,4
12697,1
12698,1
12699,1
12700,5
12701,3
12702,0
12703,5
12704,6
12705,3
12706,3
12707,6
12708,3
12709,6
12710,5
12711,0
12712,4
12713,2
12714,3
12715,0
12716,2
12717,2
12718,1
12719,5
12720,4
12721,6
12722,3
12723,4
12724,4
12725,3
12726,0
12727,4
12728,3
12729,1
12730,3
12731,5
12732,2
12733,6
12734,5
12735,1
12736,1
12737,6
12738,0
12739,6
12740,1
12741,2
12742,2
12743,1
12744,1
12745,0
12746,6
12747,2
12748,4
12749,2
12750,6
12751,0
12752,6
12753,1
12754,4
12755,5
12756,6
12757,5
12758,1
12759,3
12760,2
12761,6
12762,3
12763,1
12764,5
12765,5
12766,6
12767,4
12768,5
12769,2
12770,0
12771,3
12772,6
12773,2
12774,6
12775,2
12776,0
12777,2
12778,5
12779,6
12780,1
12781,2
12782,2
12783,6
12784,0
12785,3
12786,5
12787,3
12788,5
12789,5
12790,5
12791,6
12792,1
12793,4
12794,0
12795,1
12796,6
12797,4
12798,3
12799,3
12800,1
12801,1
12802,2
12803,0
12804,0
12805,2
12806,4
12807,1
12808,2
12809,6
12810,1
12811,2
12812,4
12813,1
12814,0
12815,3
12816,1
12817,5
12818,6
12819,0
12820,0
12821,3
12822,0
12823,1
12824,3
12825,3
12826,1
12827,6
12828,5
12829,2
12830,5
12831,2
12832,5
12833,3
12834,1
12835,2
12836,0
12837,3
12838,2
12839,6
12840,5
12841,3
12842,5
12843,4
12844,3
12845,3
12846,4
12847,2
12848,5
12849,6
12850,3
12851,3
12852,1
12853,3
12854,2
12855,4
12856,3
12857,0
12858,3
12859,1
12860,5
12861,0
12862,6
12863,4
12864,5
12865,4
12866,4
12867,1
12868,5
12869,3
12870,1
12871,3
12872,5
12873,4
12874,5
12875,3
12876,3
12877,0
12878,3
12879,3
12880,3
12881,3
12882,3
12883,4
12884,0
12885,0
12886,3
12887,1
12888,6
12889,5
12890,6
12891,0
12892,5
12893,0
12894,0
12895,5
12896,3
12897,4
12898,3
12899,5
12900,3
12901,3
12902,2
12903,6
12904,3
12905,0
12906,5
12907,0
12908,5
12909,4
12910,3
12911,6
12912,3
12913,6
12914,2
12915,0
12916,1
12917,3
12918,6
12919,4
12920,0
12921,3
12922,1
12923,0
12924,1
12925,0
12926,4
12927,4
12928,3
12929,5
12930,3
12931,6
12932,2
12933,4
12934,4
12935,5
12936,1
12937,5
12938,0
12939,0
12940,1
12941,2
12942,2
12943,5
12944,3
12945,5
12946,3
12947,2
12948,5
12949,6
12950,6
12951,6
12952,0
12953,0
12954,5
12955,1
12956,3
12957,1
12958,5
12959,4
12960,2
12961,3
12962,3
12963,2
12964,0
12965,0
12966,3
12967,1
12968,0
12969,4
12970,5
12971,1
12972,5
12973,6
12974,3
12975,2
12976,2
12977,4
12978,3
12979,3
12980,4
12981,4
12982,4
12983,4
12984,3
12985,3
12986,5
12987,3
12988,3
12989,3
12990,1
12991,5
12992,6
12993,6
12994,5
12995,0
12996,4
12997,0
12998,2
12999,6
13000,5
13001,0
13002,2
13003,4
13004,1
13005,2
13006,1
13007,5
13008,6
13009,0
13010,6
13011,0
13012,0
13013,1
13014,4
13015,4
13016,1
13017,2
13018,5
13019,2
13020,4
13021,5
13022,4
13023,1
13024,1
13025,4
13026,0
13027,3
13028,0
13029,2
13030,3
13031,2
13032,0
13033,5
13034,4
13035,1
13036,2
13037,1
13038,2
13039,2
13040,0
13041,6
13042,0
13043,3
13044,0
13045,4
13046,4
13047,5
13048,3
13049,0
13050,1
13051,3
13052,3
13053,0
13054,5
13055,2
13056,5
13057,0
13058,4
13059,1
13060,6
13061,1
13062,0
13063,0
13064,6
13065,1
13066,1
13067,1
13068,1
13069,3
13070,3
13071,3
13072,2
13073,3
13074,0
13075,1
13076,2
13077,3
13078,6
13079,0
13080,1
13081,4
13082,5
13083,4
13084,4
13085,0
13086,1
13087,1
13088,2
13089,0
13090,0
13091,5
13092,6
13093,2
13094,1
13095,3
13096,0
13097,0
13098,2
13099,0
13100,4
13101,3
13102,5
13103,0
13104,2
13105,0
13106,4
13107,3
13108,4
13109,4
13110,3
13111,2
13112,0
13113,5
13114,4
13115,2
13116,2
13117,2
13118,1
13119,2
13120,4
13121,6
13122,3
13123,1
13124,3
13125,3
13126,1
13127,5
13128,3
13129,3
13130,1
13131,5
13132,3
13133,1
13134,4
13135,0
13136,0
13137,4
13138,2
13139,5
13140,4
13141,0
13142,3
13143,5
13144,0
13145,6
13146,5
13147,2
13148,6
13149,4
13150,4
13151,5
13152,6
13153,2
13154,2
13155,0
13156,6
13157,3
13158,4
13159,1
13160,4
13161,2
13162,2
13163,0
13164,3
13165,4
13166,0
13167,2
13168,0
13169,2
13170,0
13171,3
13172,6
13173,0
13174,6
13175,5
13176,1
13177,6
13178,4
13179,0
13180,1
13181,0
13182,2
13183,3
13184,4
13185,0
13186,2
13187,3
13188,6
13189,1
13190,3
13191,5
13192,1
13193,6
13194,3
13195,4
13196,2
13197,5
13198,3
13199,0
13200,6
13201,4
13202,3
13203,1
13204,4
13205,0
13206,5
13207,5
13208,2
13209,2
13210,0
13211,3
13212,4
13213,5
13214,3
13215,1
13216,4
13217,2
13218,5
13219,5
13220,5
13221,6
13222,4
13223,6
13224,3
13225,3
13226,6
13227,3
13228,4
13229,2
13230,5
13231,3
13232,1
13233,2
13234,1
13235,6
13236,5
13237,5
13238,1
13239,5
13240,4
13241,4
13242,4
13243,2
13244,0
13245,4
13246,0
13247,6
13248,5
13249,3
13250,5
13251,0
13252,4
13253,2
13254,0
13255,1
13256,4
13257,0
13258,3
13259,0
13260,4
13261,5
13262,3
13263,3
13264,1
13265,0
13266,6
13267,6
13268,1
13269,3
13270,4
13271,5
13272,4
13273,3
13274,2
13275,4
13276,0
13277,0
13278,4
13279,4
13280,5
13281,3
13282,5
13283,4
13284,2
13285,6
13286,0
13287,4
13288,1
13289,5
13290,3
13291,1
13292,2
13293,2
13294,1
13295,2
13296,6
13297,6
13298,4
13299,3
13300,5
13301,5
13302,2
13303,1
13304,0
13305,3
13306,6
13307,5
13308,0
13309,0
13310,0
13311,5
13312,1
13313,0
13314,6
13315,6
13316,6
13317,0
13318,0
13319,6
13320,0
13321,0
13322,4
13323,0
13324,4
13325,1
13326,1
13327,3
13328,0
13329,4
13330,4
13331,2
13332,0
13333,3
13334,6
13335,5
13336,2
13337,3
13338,5
13339,6
13340,0
13341,6
13342,0
13343,4
13344,5
13345,4
13346,4
13347,4
13348,0
13349,0
13350,0
13351,0
13352,0
13353,1
13354,0
13355,6
13356,1
13357,3
13358,5
13359,4
13360,0
13361,3
13362,5
13363,0
13364,1
13365,6
13366,3
13367,1
13368,4
13369,2
13370,1
13371,3
13372,0
13373,0
13374,3
13375,1
13376,0
13377,5
13378,6
13379,2
13380,0
13381,5
13382,5
13383,0
13384,5
13385,0
13386,3
13387,2
13388,3
13389,0
13390,3
13391,5
13392,1
13393,0
13394,2
13395,3
13396,3
13397,6
13398,0
13399,2
13400,1
13401,5
13402,6
13403,0
13404,3
13405,0
13406,0
13407,5
13408,0
13409,3
13410,3
13411,3
13412,2
13413,3
13414,5
13415,2
13416,2
13417,0
13418,2
13419,4
13420,6
13421,0
13422,2
13423,3
13424,5
13425,6
13426,0
13427,1
13428,2
13429,3
13430,1
13431,0
13432,4
13433,0
13434,3
13435,6
13436,4
13437,3
13438,0
13439,5
13440,5
13441,3
13442,3
13443,5
13444,2
13445,5
13446,5
13447,6
13448,1
13449,3
13450,1
13451,4
13452,1
13453,0
13454,2
13455,6
13456,1
13457,1
13458,0
13459,0
13460,5
13461,6
13462,2
13463,5
13464,0
13465,3
13466,5
13467,3
13468,0
13469,2
13470,4
13471,6
13472,4
13473,0
13474,1
13475,5
13476,4
13477,6
13478,4
13479,6
13480,4
13481,2
13482,5
13483,2
13484,2
13485,2
13486,2
13487,0
13488,1
13489,1
13490,5
13491,3
13492,1
13493,1
13494,6
13495,5
13496,0
13497,1
13498,4
13499,5
13500,4
13501,4
13502,0
13503,0
13504,2
13505,6
13506,3
13507,2
13508,0
13509,1
13510,0
13511,1
13512,3
13513,0
13514,1
13515,2
13516,6
13517,0
13518,3
13519,5
13520,0
13521,5
13522,0
13523,1
13524,5
13525,0
13526,3
13527,2
13528,0
13529,0
13530,3
13531,6
13532,3
13533,1
13534,5
13535,6
13536,6
13537,6
13538,0
13539,0
13540,3
13541,3
13542,6
13543,5
13544,1
13545,0
13546,3
13547,3
13548,3
13549,6
13550,0
13551,4
13552,6
13553,1
13554,0
13555,0
13556,5
13557,6
13558,1
13559,4
13560,5
13561,4
13562,2
13563,0
13564,5
13565,3
13566,6
13567,2
13568,2
13569,1
13570,0
13571,1
13572,1
13573,0
13574,4
13575,2
13576,4
13577,0
13578,4
13579,0
13580,0
13581,0
13582,4
13583,4
13584,0
13585,5
13586,4
13587,3
13588,4
13589,2
13590,5
13591,0
13592,2
13593,4
13594,2
13595,5
13596,0
13597,6
13598,5
13599,3
13600,1
13601,4
13602,5
13603,5
13604,3
13605,6
13606,5
13607,2
13608,0
13609,1
13610,4
13611,4
13612,6
13613,0
13614,5
13615,4
13616,4
13617,3
13618,6
13619,4
13620,6
13621,1
13622,4
13623,2
13624,6
13625,2
13626,1
13627,3
13628,0
13629,3
13630,4
13631,2
13632,3
13633,4
13634,1
13635,3
13636,3
13637,3
13638,5
13639,3
13640,2
13641,5
13642,2
13643,4
13644,5
13645,3
13646,2
13647,0
13648,4
13649,6
13650,6
13651,5
13652,2
13653,2
13654,0
13655,3
13656,4
13657,5
13658,0
13659,5
13660,3
13661,5
13662,2
13663,0
13664,1
13665,4
13666,5
13667,3
13668,4
13669,4
13670,2
13671,2
13672,3
13673,5
13674,3
13675,6
13676,1
13677,4
13678,5
13679,0
13680,3
13681,6
13682,6
13683,5
13684,1
13685,0
13686,0
13687,6
13688,5
13689,3
13690,5
13691,4
13692,3
13693,2
13694,2
13695,6
13696,3
13697,3
13698,6
13699,6
13700,3
13701,3
13702,2
13703,5
13704,4
13705,6
13706,0
13707,5
13708,6
13709,5
13710,0
13711,2
13712,4
13713,5
13714,3
13715,5
13716,4
13717,3
13718,1
13719,6
13720,6
13721,1
13722,0
13723,6
13724,0
13725,2
13726,5
13727,0
13728,1
13729,2
13730,0
13731,3
13732,5
13733,2
13734,1
13735,5
13736,5
13737,1
13738,2
13739,5
13740,0
13741,1
13742,0
13743,5
13744,5
13745,5
13746,0
13747,0
13748,2
13749,2
13750,6
13751,6
13752,4
13753,6
13754,3
13755,0
13756,6
13757,1
13758,4
13759,0
13760,2
13761,1
13762,4
13763,0
13764,1
13765,0
13766,1
13767,2
13768,6
13769,4
13770,6
13771,2
13772,4
13773,4
13774,3
13775,2
13776,4
13777,5
13778,2
13779,3
13780,3
13781,5
13782,4
13783,4
13784,4
13785,3
13786,4
13787,4
13788,1
13789,3
13790,0
13791,0
13792,6
13793,4
13794,5
13795,5
13796,5
13797,1
13798,0
13799,6
13800,4
13801,3
13802,3
13803,3
13804,4
13805,0
13806,5
13807,0
13808,5
13809,0
13810,0
13811,4
13812,4
13813,5
13814,1
13815,5
13816,4
13817,6
13818,1
13819,3
13820,5
13821,1
13822,5
13823,1
13824,6
13825,5
13826,6
13827,2
13828,3
13829,4
13830,0
13831,0
13832,1
13833,4
13834,3
13835,0
13836,2
13837,3
13838,4
13839,0
13840,0
13841,2
13842,0
13843,1
13844,1
13845,5
13846,0
13847,6
13848,1
13849,3
13850,0
13851,4
13852,2
13853,3
13854,0
13855,6
13856,6
13857,5
13858,6
13859,0
13860,3
13861,1
13862,4
13863,3
13864,1
13865,5
13866,5
13867,4
13868,6
13869,5
13870,2
13871,4
13872,3
13873,0
13874,6
13875,3
13876,5
13877,3
13878,3
13879,6
13880,1
13881,0
13882,6
13883,4
13884,2
13885,3
13886,4
13887,6
13888,6
13889,1
13890,4
13891,2
13892,6
13893,2
13894,1
13895,1
13896,6
13897,1
13898,6
13899,0
13900,3
13901,3
13902,5
13903,1
13904,5
13905,2
13906,4
13907,6
13908,3
13909,1
13910,0
13911,6
13912,2
13913,3
13914,5
13915,0
13916,2
13917,2
13918,5
13919,4
13920,0
13921,6
13922,6
13923,0
13924,4
13925,6
13926,3
13927,0
13928,2
13929,5
13930,5
13931,6
13932,2
13933,2
13934,6
13935,4
13936,4
13937,5
13938,2
13939,3
13940,0
13941,4
13942,6
13943,0
13944,6
13945,2
13946,6
13947,5
13948,0
13949,6
13950,1
13951,5
13952,0
13953,5
13954,0
13955,2
13956,1
13957,2
13958,1
13959,0
13960,5
13961,1
13962,5
13963,5
13964,2
13965,5
13966,0
13967,1
13968,4
13969,2
13970,3
13971,2
13972,6
13973,2
13974,3
13975,3
13976,2
13977,0
13978,4
13979,6
13980,1
13981,6
13982,1
13983,4
13984,4
13985,6
13986,6
13987,3
13988,4
13989,2
13990,1
13991,4
13992,5
13993,5
13994,0
13995,3
13996,1
13997,5
13998,1
13999,3
14000,1
14001,2
14002,3
14003,5
14004,3
14005,0
14006,1
14007,1
14008,2
14009,4
14010,1
14011,4
14012,3
14013,4
14014,1
14015,1
14016,4
14017,1
14018,4
14019,1
14020,4
14021,4
14022,1
14023,0
14024,5
14025,2
14026,0
14027,4
14028,3
14029,2
14030,6
14031,0
14032,3
14033,4
14034,3
14035,3
14036,6
14037,0
14038,0
14039,0
14040,2
14041,0
14042,4
14043,2
14044,4
14045,6
14046,5
14047,4
14048,3
14049,5
14050,5
14051,4
14052,4
14053,6
14054,5
14055,5
14056,0
14057,0
14058,2
14059,4
14060,4
14061,0
14062,4
14063,4
14064,1
14065,4
14066,4
14067,1
14068,0
14069,6
14070,2
14071,2
14072,0
14073,5
14074,5
14075,4
14076,5
14077,4
14078,4
14079,1
14080,5
14081,0
14082,0
14083,0
14084,1
14085,4
14086,6
14087,5
14088,4
14089,1
14090,4
14091,3
14092,5
14093,0
14094,0
14095,3
14096,6
14097,6
14098,1
14099,0
14100,5
14101,4
14102,5
14103,6
14104,0
14105,3
14106,5
14107,2
14108,2
14109,2
14110,5
14111,3
14112,0
14113,1
14114,3
14115,6
14116,2
14117,6
14118,5
14119,0
14120,3
14121,2
14122,6
14123,1
14124,0
14125,0
14126,5
14127,1
14128,6
14129,5
14130,4
14131,2
14132,6
14133,4
14134,1
14135,6
14136,0
14137,5
14138,6
14139,0
14140,0
14141,2
14142,2
14143,4
14144,6
14145,6
14146,4
14147,2
14148,1
14149,0
14150,4
14151,2
14152,6
14153,3
14154,1
14155,2
14156,5
14157,6
14158,4
14159,0
14160,6
14161,3
14162,2
14163,0
14164,2
14165,3
14166,5
14167,6
14168,1
14169,2
14170,0
14171,0
14172,0
14173,0
14174,3
14175,4
14176,3
14177,2
14178,4
14179,4
14180,5
14181,5
14182,6
14183,3
14184,5
14185,6
14186,4
14187,2
14188,1
14189,6
14190,2
14191,0
14192,5
14193,3
14194,5
14195,2
14196,0
14197,5
14198,5
14199,3
14200,0
14201,3
14202,1
14203,5
14204,1
14205,5
14206,5
14207,3
14208,2
14209,5
14210,1
14211,5
14212,0
14213,4
14214,3
14215,5
14216,2
14217,2
14218,2
14219,5
14220,0
14221,2
14222,0
14223,3
14224,6
14225,4
14226,4
14227,2
14228,0
14229,0
14230,6
14231,6
14232,0
14233,4
14234,1
14235,1
14236,3
14237,4
14238,6
14239,4
14240,5
14241,1
14242,3
14243,6
14244,1
14245,6
14246,0
14247,0
14248,6
14249,4
14250,3
14251,5
14252,6
14253,5
14254,6
14255,0
14256,3
14257,5
14258,0
14259,2
14260,6
14261,0
14262,4
14263,3
14264,1
14265,2
14266,2
14267,5
14268,0
14269,3
14270,5
14271,0
14272,2
14273,3
14274,3
14275,4
14276,6
14277,3
14278,5
14279,1
14280,0
14281,3
14282,5
14283,5
14284,1
14285,4
14286,5
14287,2
14288,6
14289,4
14290,4
14291,4
14292,5
14293,4
14294,1
14295,2
14296,1
14297,0
14298,5
14299,2
14300,6
14301,3
14302,0
14303,6
14304,3
14305,1
14306,0
14307,4
14308,2
14309,2
14310,4
14311,3
14312,3
14313,5
14314,3
14315,4
14316,0
14317,0
14318,3
14319,5
14320,6
14321,1
14322,4
14323,4
14324,4
14325,0
14326,5
14327,5
14328,1
14329,3
14330,0
14331,6
14332,5
14333,1
14334,4
14335,3
14336,4
14337,6
14338,6
14339,0
14340,0
14341,1
14342,3
14343,4
14344,3
14345,3
14346,1
14347,1
14348,4
14349,5
14350,4
14351,6
14352,2
14353,1
14354,6
14355,5
14356,3
14357,0
14358,0
14359,6
14360,3
14361,1
14362,5
14363,0
14364,0
14365,0
14366,0
14367,1
14368,1
14369,2
14370,1
14371,0
14372,1
14373,1
14374,4
14375,6
14376,0
14377,1
14378,0
14379,3
14380,3
14381,1
14382,3
14383,6
14384,2
14385,2
14386,4
14387,4
14388,4
14389,3
14390,6
14391,5
14392,4
14393,5
14394,6
14395,3
14396,4
14397,5
14398,1
14399,4
14400,4
14401,2
14402,5
14403,1
14404,4
14405,4
14406,5
14407,0
14408,0
14409,1
14410,1
14411,6
14412,0
14413,0
14414,0
14415,0
14416,0
14417,5
14418,1
14419,3
14420,2
14421,5
14422,2
14423,1
14424,5
14425,3
14426,3
14427,1
14428,5
14429,2
14430,4
14431,1
14432,5
14433,4
14434,3
14435,1
14436,4
14437,0
14438,0
14439,4
14440,4
14441,5
14442,6
14443,5
14444,5
14445,1
14446,4
14447,3
14448,2
14449,1
14450,0
14451,4
14452,4
14453,5
14454,2
14455,3
14456,5
14457,1
14458,5
14459,0
14460,3
14461,6
14462,3
14463,6
14464,3
14465,4
14466,1
14467,4
14468,4
14469,2
14470,2
14471,0
14472,4
14473,6
14474,0
14475,4
14476,0
14477,5
14478,4
14479,2
14480,6
14481,4
14482,0
14483,5
14484,3
14485,3
14486,1
14487,1
14488,1
14489,5
14490,4
14491,2
14492,6
14493,0
14494,4
14495,0
14496,1
14497,4
14498,5
14499,1
14500,2
14501,5
14502,6
14503,0
14504,1
14505,3
14506,3
14507,1
14508,1
14509,5
14510,5
14511,5
14512,2
14513,0
14514,6
14515,3
14516,5
14517,1
14518,1
14519,3
14520,1
14521,3
14522,3
14523,4
14524,1
14525,6
14526,5
14527,6
14528,5
14529,6
14530,3
14531,5
14532,2
14533,6
14534,5
14535,2
14536,3
14537,6
14538,4
14539,2
14540,0
14541,1
14542,0
14543,0
14544,3
14545,4
14546,4
14547,4
14548,6
14549,2
14550,4
14551,5
14552,1
14553,5
14554,1
14555,1
14556,3
14557,0
14558,4
14559,0
14560,3
14561,6
14562,6
14563,3
14564,4
14565,4
14566,6
14567,3
14568,2
14569,0
14570,6
14571,2
14572,0
14573,1
14574,3
14575,0
14576,3
14577,6
14578,3
14579,0
14580,0
14581,2
14582,5
14583,5
14584,0
14585,3
14586,3
14587,0
14588,1
14589,1
14590,5
14591,0
14592,6
14593,3
14594,6
14595,5
14596,0
14597,6
14598,5
14599,2
14600,2
14601,4
14602,0
14603,1
14604,0
14605,4
14606,5
14607,2
14608,4
14609,1
14610,4
14611,0
14612,1
14613,4
14614,6
14615,2
14616,4
14617,0
14618,5
14619,4
14620,2
14621,4
14622,3
14623,6
14624,0
14625,4
14626,4
14627,0
14628,3
14629,2
14630,0
14631,2
14632,2
14633,4
14634,2
14635,2
14636,3
14637,4
14638,0
14639,2
14640,2
14641,4
14642,6
14643,3
14644,0
14645,6
14646,4
14647,3
14648,2
14649,3
14650,6
14651,3
14652,0
14653,3
14654,2
14655,1
14656,3
14657,0
14658,0
14659,1
14660,4
14661,6
14662,6
14663,0
14664,6
14665,4
14666,5
14667,2
14668,2
14669,0
14670,0
14671,5
14672,2
14673,3
14674,5
14675,5
14676,5
14677,5
14678,5
14679,0
14680,5
14681,3
14682,3
14683,1
14684,2
14685,5
14686,0
14687,6
14688,3
14689,3
14690,4
14691,1
14692,0
14693,4
14694,4
14695,3
14696,1
14697,0
14698,5
14699,3
14700,6
14701,2
14702,2
14703,1
14704,0
14705,4
14706,2
14707,4
14708,6
14709,3
14710,2
14711,0
14712,1
14713,0
14714,3
14715,3
14716,4
14717,2
14718,1
14719,2
14720,4
14721,5
14722,4
14723,0
14724,0
14725,1
14726,6
14727,3
14728,6
14729,1
14730,3
14731,6
14732,6
14733,1
14734,6
14735,6
14736,1
14737,3
14738,0
14739,0
14740,1
14741,4
14742,4
14743,0
14744,3
14745,1
14746,1
14747,4
14748,0
14749,4
14750,0
14751,3
14752,0
14753,0
14754,5
14755,5
14756,3
14757,2
14758,0
14759,4
14760,6
14761,6
14762,1
14763,3
14764,1
14765,1
14766,3
14767,0
14768,5
14769,6
14770,4
14771,1
14772,0
14773,4
14774,2
14775,5
14776,0
14777,2
14778,4
14779,6
14780,0
14781,3
14782,5
14783,5
14784,6
14785,5
14786,0
14787,5
14788,4
14789,0
14790,5
14791,6
14792,0
14793,6
14794,2
14795,3
14796,3
14797,1
14798,5
14799,5
14800,1
14801,0
14802,4
14803,3
14804,5
14805,5
14806,0
14807,5
14808,4
14809,2
14810,2
14811,5
14812,3
14813,4
14814,5
14815,5
14816,0
14817,1
14818,4
14819,0
14820,4
14821,0
14822,2
14823,4
14824,2
14825,6
14826,3
14827,0
14828,1
14829,5
14830,3
14831,2
14832,3
14833,2
14834,4
14835,2
14836,4
14837,5
14838,3
14839,5
14840,0
14841,3
14842,0
14843,0
14844,4
14845,3
14846,3
14847,1
14848,2
14849,0
14850,0
14851,3
14852,3
14853,6
14854,0
14855,5
14856,0
14857,4
14858,5
14859,5
14860,3
14861,4
14862,2
14863,4
14864,3
14865,4
14866,0
14867,1
14868,5
14869,0
14870,0
14871,2
14872,0
14873,1
14874,6
14875,3
14876,4
14877,6
14878,3
14879,2
14880,2
14881,4
14882,0
14883,1
14884,2
14885,0
14886,3
14887,5
14888,4
14889,5
14890,3
14891,3
14892,1
14893,3
14894,6
14895,5
14896,2
14897,5
14898,6
14899,3
14900,3
14901,3
14902,3
14903,0
14904,5
14905,6
14906,3
14907,4
14908,0
14909,5
14910,1
14911,3
14912,1
14913,1
14914,2
14915,3
14916,1
14917,6
14918,6
14919,4
14920,3
14921,3
14922,3
14923,0
14924,0
14925,1
14926,2
14927,6
14928,1
14929,1
14930,3
14931,3
14932,4
14933,4
14934,1
14935,0
14936,0
14937,5
14938,3
14939,6
14940,0
14941,4
14942,3
14943,1
14944,2
14945,3
14946,0
14947,4
14948,6
14949,3
14950,3
14951,0
14952,0
14953,4
14954,2
14955,4
14956,4
14957,4
14958,2
14959,1
14960,2
14961,2
14962,4
14963,0
14964,6
14965,5
14966,1
14967,0
14968,3
14969,3
14970,4
14971,1
14972,3
14973,4
14974,4
14975,3
14976,3
14977,2
14978,4
14979,1
14980,5
14981,2
14982,4
14983,4
14984,5
14985,4
14986,4
14987,0
14988,4
14989,6
14990,1
14991,5
14992,3
14993,6
14994,5
14995,1
14996,4
14997,2
14998,4
14999,2
15000,4
15001,4
15002,3
15003,1
15004,5
15005,6
15006,1
15007,1
15008,3
15009,5
15010,3
15011,1
15012,5
15013,1
15014,3
15015,3
15016,4
15017,2
15018,0
15019,0
15020,0
15021,0
15022,3
15023,0
15024,3
15025,3
15026,4
15027,5
15028,4
15029,4
15030,4
15031,3
15032,0
15033,6
15034,0
15035,5
15036,6
15037,3
15038,1
15039,3
15040,5
15041,4
15042,5
15043,2
15044,6
15045,2
15046,5
15047,5
15048,5
15049,1
15050,0
15051,6
15052,6
15053,6
15054,0
15055,4
15056,5
15057,6
15058,3
15059,6
15060,4
15061,0
15062,2
15063,4
15064,2
15065,1
15066,2
15067,3
15068,4
15069,4
15070,6
15071,2
15072,2
15073,3
15074,6
15075,3
15076,5
15077,0
15078,2
15079,3
15080,3
15081,0
15082,5
15083,6
15084,3
15085,4
15086,2
15087,6
15088,2
15089,4
15090,6
15091,3
15092,4
15093,5
15094,1
15095,0
15096,0
15097,4
15098,5
15099,3
15100,6
15101,5
15102,2
15103,3
15104,0
15105,5
15106,0
15107,4
15108,2
15109,5
15110,4
15111,1
15112,2
15113,5
15114,3
15115,4
15116,3
15117,1
15118,0
15119,4
15120,0
15121,3
15122,3
15123,4
15124,0
15125,4
15126,4
15127,0
15128,0
15129,3
15130,4
15131,3
15132,0
15133,5
15134,0
15135,5
15136,6
15137,0
15138,5
15139,6
15140,1
15141,0
15142,4
15143,5
15144,5
15145,5
15146,3
15147,1
15148,6
15149,2
15150,6
15151,5
15152,6
15153,4
15154,4
15155,5
15156,3
15157,4
15158,5
15159,5
15160,6
15161,0
15162,3
15163,5
15164,4
15165,1
15166,3
15167,2
15168,6
15169,0
15170,0
15171,5
15172,0
15173,4
15174,2
15175,5
15176,5
15177,0
15178,5
15179,0
15180,3
15181,1
15182,6
15183,5
15184,1
15185,6
15186,4
15187,0
15188,1
15189,1
15190,2
15191,5
15192,5
15193,6
15194,4
15195,1
15196,0
15197,3
15198,4
15199,1
15200,5
15201,4
15202,0
15203,6
15204,1
15205,6
15206,2
15207,3
15208,0
15209,1
15210,3
15211,5
15212,5
15213,6
15214,4
15215,5
15216,0
15217,0
15218,3
15219,6
15220,4
15221,3
15222,0
15223,2
15224,0
15225,4
15226,3
15227,5
15228,6
15229,1
15230,2
15231,0
15232,5
15233,1
15234,2
15235,3
15236,4
15237,4
15238,2
15239,5
15240,1
15241,0
15242,1
15243,6
15244,4
15245,1
15246,6
15247,1
15248,5
15249,1
15250,1
15251,1
15252,2
15253,3
15254,4
15255,4
15256,5
15257,4
15258,6
15259,3
15260,0
15261,5
15262,1
15263,0
15264,5
15265,4
15266,0
15267,3
15268,3
15269,0
15270,5
15271,2
15272,3
15273,5
15274,6
15275,0
15276,3
15277,2
15278,4
15279,0
15280,1
15281,5
15282,5
15283,3
15284,2
15285,6
15286,1
15287,5
15288,6
15289,1
15290,1
15291,4
15292,1
15293,1
15294,6
15295,4
15296,3
15297,1
15298,6
15299,0
15300,3
15301,0
15302,0
15303,0
15304,6
15305,4
15306,2
15307,4
15308,4
15309,2
15310,3
15311,4
15312,0
15313,2
15314,5
15315,0
15316,6
15317,6
15318,3
15319,6
15320,3
15321,5
15322,1
15323,6
15324,5
15325,3
15326,0
15327,3
15328,3
15329,1
15330,3
15331,3
15332,6
15333,1
15334,2
15335,0
15336,4
15337,3
15338,1
15339,0
15340,0
15341,4
15342,3
15343,1
15344,1
15345,5
15346,3
15347,2
15348,2
15349,6
15350,6
15351,0
15352,6
15353,1
15354,2
15355,1
15356,6
15357,4
15358,3
15359,1
15360,6
15361,0
15362,5
15363,0
15364,4
15365,4
15366,2
15367,1
15368,2
15369,5
15370,0
15371,0
15372,6
15373,0
15374,0
15375,5
15376,4
15377,1
15378,5
15379,0
15380,6
15381,5
15382,5
15383,1
15384,0
15385,1
15386,0
15387,0
15388,2
15389,4
15390,1
15391,6
15392,1
15393,5
15394,1
15395,4
15396,4
15397,2
15398,0
15399,4
15400,3
15401,3
15402,6
15403,4
15404,0
15405,2
15406,2
15407,0
15408,0
15409,4
15410,2
15411,4
15412,5
15413,1
15414,5
15415,6
15416,1
15417,1
15418,4
15419,4
15420,4
15421,4
15422,3
15423,4
15424,0
15425,1
15426,4
15427,1
15428,5
15429,0
15430,0
15431,5
15432,5
15433,3
15434,1
15435,6
15436,0
15437,5
15438,1
15439,0
15440,3
15441,1
15442,2
15443,0
15444,6
15445,3
15446,1
15447,4
15448,1
15449,4
15450,1
15451,0
15452,1
15453,4
15454,6
15455,4
15456,0
15457,1
15458,4
15459,1
15460,0
15461,5
15462,2
15463,3
15464,1
15465,0
15466,1
15467,0
15468,4
15469,6
15470,1
15471,6
15472,6
15473,0
15474,0
15475,0
15476,1
15477,6
15478,3
15479,1
15480,3
15481,5
15482,4
15483,6
15484,4
15485,5
15486,4
15487,4
15488,1
15489,4
15490,3
15491,5
15492,5
15493,6
15494,4
15495,4
15496,6
15497,3
15498,2
15499,2
15500,4
15501,1
15502,6
15503,3
15504,2
15505,6
15506,3
15507,1
15508,4
15509,5
15510,5
15511,2
15512,3
15513,5
15514,5
15515,5
15516,3
15517,3
15518,6
15519,4
15520,3
15521,0
15522,5
15523,5
15524,4
15525,0
15526,5
15527,6
15528,0
15529,0
15530,2
15531,0
15532,4
15533,6
15534,4
15535,5
15536,5
15537,0
15538,2
15539,6
15540,2
15541,4
15542,0
15543,5
15544,0
15545,0
15546,0
15547,3
15548,0
15549,4
15550,2
15551,6
15552,5
15553,1
15554,0
15555,5
15556,5
15557,1
15558,4
15559,3
15560,0
15561,4
15562,5
15563,3
15564,2
15565,0
15566,3
15567,6
15568,2
15569,5
15570,0
15571,1
15572,4
15573,4
15574,1
15575,3
15576,5
15577,3
15578,1
15579,3
15580,5
15581,0
15582,2
15583,3
15584,2
15585,4
15586,2
15587,3
15588,0
15589,3
15590,5
15591,1
15592,5
15593,1
15594,2
15595,3
15596,3
15597,4
15598,3
15599,2
15600,2
15601,4
15602,5
15603,3
15604,2
15605,0
15606,3
15607,3
15608,0
15609,4
15610,3
15611,4
15612,1
15613,5
15614,2
15615,0
15616,2
15617,0
15618,1
15619,5
15620,3
15621,2
15622,3
15623,4
15624,5
15625,1
15626,0
15627,4
15628,1
15629,0
15630,5
15631,5
15632,2
15633,4
15634,4
15635,3
15636,1
15637,0
15638,3
15639,2
15640,2
15641,0
15642,5
15643,1
15644,6
15645,0
15646,4
15647,0
15648,0
15649,2
15650,0
15651,0
15652,3
15653,0
15654,6
15655,5
15656,0
15657,4
15658,2
15659,1
15660,1
15661,2
15662,6
15663,5
15664,0
15665,0
15666,2
15667,2
15668,0
15669,2
15670,1
15671,1
15672,0
15673,5
15674,4
15675,5
15676,3
15677,4
15678,1
15679,3
15680,4
15681,2
15682,3
15683,0
15684,2
15685,5
15686,1
15687,0
15688,6
15689,3
15690,1
15691,3
15692,2
15693,5
15694,5
15695,1
15696,0
15697,2
15698,0
15699,6
15700,2
15701,3
15702,6
15703,6
15704,2
15705,2
15706,3
15707,6
15708,3
15709,4
15710,1
15711,1
15712,4
15713,6
15714,2
15715,4
15716,0
15717,4
15718,5
15719,2
15720,6
15721,4
15722,0
15723,3
15724,4
15725,0
15726,4
15727,3
15728,3
15729,0
15730,2
15731,0
15732,5
15733,2
15734,4
15735,3
15736,1
15737,6
15738,1
15739,3
15740,0
15741,0
15742,4
15743,1
15744,3
15745,5
15746,4
15747,6
15748,3
15749,1
15750,1
15751,6
15752,0
15753,1
15754,5
15755,6
15756,5
15757,4
15758,6
15759,0
15760,2
15761,2
15762,3
15763,0
15764,3
15765,5
15766,2
15767,6
15768,1
15769,2
15770,6
15771,0
15772,2
15773,2
15774,5
15775,1
15776,4
15777,0
15778,6
15779,2
15780,4
15781,0
15782,0
15783,4
15784,5
15785,4
15786,5
15787,4
15788,0
15789,1
15790,3
15791,6
15792,3
15793,0
15794,6
15795,5
15796,4
15797,4
15798,0
15799,3
15800,5
15801,6
15802,6
15803,3
15804,1
15805,4
15806,1
15807,2
15808,6
15809,4
15810,3
15811,6
15812,1
15813,2
15814,3
15815,2
15816,4
15817,4
15818,1
15819,4
15820,6
15821,2
15822,6
15823,0
15824,3
15825,6
15826,3
15827,6
15828,2
15829,6
15830,0
15831,1
15832,0
15833,1
15834,3
15835,1
15836,6
15837,0
15838,5
15839,3
15840,4
15841,0
15842,1
15843,5
15844,2
15845,6
15846,2
15847,1
15848,5
15849,3
15850,4
15851,0
15852,5
15853,4
15854,4
15855,3
15856,3
15857,5
15858,2
15859,5
15860,4
15861,6
15862,3
15863,1
15864,3
15865,5
15866,0
15867,0
15868,5
15869,1
15870,5
15871,0
15872,4
15873,2
15874,2
15875,1
15876,4
15877,1
15878,1
15879,0
15880,1
15881,5
15882,4
15883,4
15884,0
15885,6
15886,0
15887,6
15888,4
15889,6
15890,2
15891,2
15892,1
15893,5
15894,5
15895,6
15896,4
15897,2
15898,4
15899,0
15900,4
15901,3
15902,0
15903,6
15904,6
15905,3
15906,4
15907,6
15908,2
15909,1
15910,4
15911,4
15912,3
15913,6
15914,3
15915,3
15916,4
15917,3
15918,5
15919,6
15920,0
15921,6
15922,1
15923,6
15924,1
15925,1
15926,0
15927,3
15928,5
15929,4
15930,5
15931,1
15932,4
15933,4
15934,0
15935,6
15936,3
15937,5
15938,4
15939,6
15940,0
15941,2
15942,2
15943,5
15944,6
15945,3
15946,5
15947,0
15948,4
15949,3
15950,3
15951,0
15952,5
15953,1
15954,4
15955,1
15956,3
15957,0
15958,5
15959,3
15960,0
15961,5
15962,1
15963,6
15964,6
15965,2
15966,0
15967,4
15968,6
15969,1
15970,6
15971,0
15972,0
15973,0
15974,5
15975,3
15976,5
15977,0
15978,2
15979,5
15980,1
15981,2
15982,5
15983,5
15984,2
15985,5
15986,2
15987,3
15988,6
15989,0
15990,2
15991,5
15992,6
15993,2
15994,1
15995,0
15996,6
15997,5
15998,3
15999,5
16000,1
16001,6
16002,3
16003,5
16004,0
16005,4
16006,2
16007,3
16008,5
16009,2
16010,0
16011,1
16012,1
16013,3
16014,0
16015,2
16016,3
16017,6
16018,3
16019,0
16020,5
16021,3
16022,5
16023,4
16024,0
16025,6
16026,2
16027,6
16028,2
16029,6
16030,6
16031,5
16032,4
16033,5
16034,2
16035,5
16036,2
16037,3
16038,6
16039,3
16040,5
16041,4
16042,0
16043,5
16044,1
16045,4
16046,5
16047,4
16048,1
16049,5
16050,0
16051,5
16052,5
16053,5
16054,6
16055,1
16056,3
16057,5
16058,5
16059,5
16060,0
16061,3
16062,0
16063,5
16064,6
16065,4
16066,2
16067,6
16068,2
16069,3
16070,4
16071,0
16072,5
16073,0
16074,5
16075,4
16076,5
16077,2
16078,1
16079,2
16080,0
16081,5
16082,2
16083,5
16084,0
16085,0
16086,4
16087,6
16088,1
16089,5
16090,6
16091,4
16092,0
16093,2
16094,1
16095,0
16096,6
16097,1
16098,1
16099,3
16100,3
16101,6
16102,5
16103,3
16104,1
16105,0
16106,3
16107,3
16108,5
16109,2
16110,5
16111,1
16112,6
16113,0
16114,1
16115,6
16116,2
16117,2
16118,3
16119,4
16120,2
16121,1
16122,4
16123,0
16124,5
16125,2
16126,5
16127,4
16128,5
16129,2
16130,1
16131,3
16132,6
16133,3
16134,0
16135,5
16136,3
16137,3
16138,4
16139,2
16140,0
16141,4
16142,3
16143,1
16144,6
16145,3
16146,5
16147,4
16148,1
16149,2
16150,5
16151,0
16152,0
16153,5
16154,4
16155,0
16156,0
16157,3
16158,3
16159,4
16160,4
16161,3
16162,3
16163,2
16164,6
16165,4
16166,0
16167,2
16168,5
16169,3
16170,6
16171,6
16172,5
16173,3
16174,3
16175,2
16176,2
16177,5
16178,3
16179,4
16180,3
16181,3
16182,4
16183,4
16184,2
16185,4
16186,6
16187,2
16188,3
16189,1
16190,1
16191,4
16192,6
16193,5
16194,5
16195,4
16196,0
16197,3
16198,0
16199,3
16200,0
16201,1
16202,1
16203,1
16204,2
16205,3
16206,0
16207,5
16208,4
16209,3
16210,5
16211,1
16212,1
16213,6
16214,1
16215,0
16216,4
16217,1
16218,0
16219,2
16220,5
16221,0
16222,3
16223,0
16224,4
16225,4
16226,1
16227,1
16228,4
16229,5
16230,6
16231,4
16232,1
16233,4
16234,0
16235,0
16236,5
16237,4
16238,0
16239,1
16240,0
16241,2
16242,4
16243,3
16244,4
16245,4
16246,1
16247,5
16248,4
16249,6
16250,0
16251,6
16252,0
16253,6
16254,4
16255,3
16256,0
16257,6
16258,0
16259,6
16260,2
16261,2
16262,6
16263,1
16264,0
16265,3
16266,0
16267,2
16268,1
16269,2
16270,2
16271,6
16272,5
16273,3
16274,4
16275,0
16276,0
16277,6
16278,0
16279,5
16280,4
16281,5
16282,3
16283,6
16284,4
16285,2
16286,3
16287,6
16288,1
16289,4
16290,2
16291,6
16292,5
16293,6
16294,4
16295,1
16296,3
16297,2
16298,2
16299,0
16300,4
16301,3
16302,4
16303,2
16304,5
16305,2
16306,1
16307,5
16308,6
16309,3
16310,1
16311,6
16312,3
16313,3
16314,6
16315,3
16316,3
16317,2
16318,0
16319,4
16320,1
16321,6
16322,4
16323,0
16324,3
16325,4
16326,2
16327,4
16328,6
16329,6
16330,2
16331,4
16332,0
16333,3
16334,3
16335,6
16336,2
16337,2
16338,3
16339,3
16340,1
16341,3
16342,0
16343,6
16344,0
16345,6
16346,2
16347,0
16348,2
16349,4
16350,1
16351,4
16352,6
16353,0
16354,2
16355,6
16356,3
16357,3
16358,4
16359,4
16360,5
16361,2
16362,2
16363,1
16364,0
16365,0
16366,2
16367,6
16368,5
16369,6
16370,4
16371,2
16372,2
16373,0
16374,6
16375,3
16376,5
16377,2
16378,1
16379,3
16380,2
16381,1
16382,6
16383,1
16384,0
16385,1
16386,4
16387,0
16388,2
16389,1
16390,6
16391,5
16392,6
16393,6
16394,2
16395,6
16396,6
16397,3
16398,6
16399,6
16400,6
16401,4
16402,3
16403,1
16404,1
16405,3
16406,1
16407,0
16408,4
16409,2
16410,5
16411,4
16412,6
16413,2
16414,4
16415,2
16416,5
16417,4
16418,1
16419,0
16420,6
16421,2
16422,5
16423,1
16424,5
16425,0
16426,5
16427,1
16428,0
16429,5
16430,0
16431,5
16432,1
16433,4
16434,0
16435,2
16436,1
16437,5
16438,2
16439,1
16440,6
16441,2
16442,2
16443,3
16444,5
16445,3
16446,4
16447,3
16448,4
16449,4
16450,0
16451,6
16452,4
16453,2
16454,4
16455,5
16456,5
16457,0
16458,5
16459,0
16460,2
16461,0
16462,4
16463,3
16464,5
16465,2
16466,4
16467,5
16468,1
16469,5
16470,3
16471,3
16472,0
16473,2
16474,1
16475,1
16476,0
16477,4
16478,2
16479,1
16480,1
16481,2
16482,2
16483,4
16484,1
16485,1
16486,6
16487,5
16488,2
16489,6
16490,0
16491,0
16492,4
16493,0
16494,0
16495,3
16496,0
16497,5
16498,5
16499,3
16500,1
16501,4
16502,5
16503,4
16504,2
16505,6
16506,0
16507,3
16508,3
16509,1
16510,0
16511,4
16512,2
16513,3
16514,3
16515,1
16516,5
16517,1
16518,4
16519,0
16520,2
16521,4
16522,5
16523,4
16524,6
16525,4
16526,5
16527,5
16528,3
16529,4
16530,2
16531,6
16532,5
16533,6
16534,1
16535,3
16536,0
16537,6
16538,0
16539,2
16540,4
16541,4
16542,1
16543,4
16544,2
16545,5
16546,5
16547,2
16548,2
16549,1
16550,1
16551,5
16552,4
16553,3
16554,4
16555,6
16556,4
16557,2
16558,3
16559,1
16560,0
16561,1
16562,4
16563,5
16564,1
16565,3
16566,5
16567,2
16568,5
16569,1
16570,3
16571,2
16572,0
16573,1
16574,0
16575,6
16576,1
16577,4
16578,1
16579,3
16580,3
16581,2
16582,6
16583,5
16584,4
16585,5
16586,3
16587,1
16588,4
16589,5
16590,6
16591,6
16592,5
16593,2
16594,4
16595,2
16596,5
16597,3
16598,0
16599,5
16600,2
16601,0
16602,4
16603,0
16604,4
16605,1
16606,6
16607,3
16608,2
16609,0
16610,2
16611,4
16612,3
16613,3
16614,4
16615,5
16616,5
16617,1
16618,0
16619,5
16620,6
16621,3
16622,0
16623,4
16624,0
16625,3
16626,3
16627,5
16628,6
16629,2
16630,1
16631,2
16632,2
16633,1
16634,5
16635,4
16636,3
16637,1
16638,4
16639,3
16640,1
16641,3
16642,5
16643,6
16644,1
16645,1
16646,0
16647,2
16648,0
16649,1
16650,1
16651,0
16652,3
16653,1
16654,1
16655,0
16656,1
16657,5
16658,6
16659,5
16660,2
16661,2
16662,4
16663,2
16664,5
16665,0
16666,6
16667,0
16668,1
16669,0
16670,1
16671,0
16672,6
16673,6
16674,1
16675,0
16676,3
16677,3
16678,5
16679,6
16680,1
16681,3
16682,6
16683,5
16684,6
16685,0
16686,3
16687,4
16688,1
16689,0
16690,6
16691,5
16692,1
16693,4
16694,5
16695,3
16696,0
16697,5
16698,5
16699,4
16700,6
16701,4
16702,0
16703,3
16704,2
16705,5
16706,6
16707,2
16708,3
16709,3
16710,4
16711,2
16712,5
16713,1
16714,3
16715,6
16716,3
16717,2
16718,1
16719,2
16720,5
16721,4
16722,1
16723,1
16724,1
16725,4
16726,1
16727,3
16728,0
16729,2
16730,0
16731,6
16732,5
16733,0
16734,3
16735,5
16736,3
16737,1
16738,6
16739,4
16740,0
16741,4
16742,3
16743,0
16744,5
16745,4
16746,0
16747,4
16748,6
16749,6
16750,2
16751,0
16752,3
16753,1
16754,4
16755,1
16756,4
16757,4
16758,2
16759,0
16760,4
16761,6
16762,5
16763,5
16764,1
16765,1
16766,3
16767,0
16768,3
16769,5
16770,2
16771,1
16772,2
16773,6
16774,5
16775,3
16776,3
16777,1
16778,5
16779,0
16780,5
16781,2
16782,3
16783,5
16784,2
16785,1
16786,5
16787,3
16788,0
16789,2
16790,4
16791,1
16792,5
16793,2
16794,2
16795,6
16796,1
16797,1
16798,2
16799,2
16800,4
16801,2
16802,1
16803,5
16804,3
16805,4
16806,0
16807,1
16808,0
16809,6
16810,2
16811,5
16812,0
16813,2
16814,2
16815,1
16816,5
16817,0
16818,2
16819,0
16820,1
16821,1
16822,6
16823,2
16824,1
16825,3
16826,0
16827,2
16828,4
16829,4
16830,1
16831,1
16832,1
16833,0
16834,6
16835,6
16836,2
16837,1
16838,0
16839,4
16840,4
16841,3
16842,4
16843,6
16844,0
16845,0
16846,4
16847,5
16848,4
16849,4
16850,4
16851,5
16852,0
16853,4
16854,0
16855,0
16856,4
16857,4
16858,2
16859,2
16860,2
16861,6
16862,6
16863,6
16864,5
16865,4
16866,4
16867,0
16868,3
16869,2
16870,5
16871,5
16872,4
16873,3
16874,6
16875,0
16876,4
16877,0
16878,4
16879,5
16880,2
16881,4
16882,0
16883,0
16884,0
16885,0
16886,3
16887,4
16888,6
16889,1
16890,0
16891,1
16892,1
16893,4
16894,1
16895,4
16896,4
16897,4
16898,5
16899,2
16900,3
16901,5
16902,3
16903,1
16904,0
16905,6
16906,6
16907,5
16908,0
16909,3
16910,1
16911,4
16912,3
16913,0
16914,1
16915,5
16916,3
16917,0
16918,5
16919,5
16920,3
16921,0
16922,1
16923,1
16924,2
16925,3
16926,1
16927,0
16928,5
16929,0
16930,3
16931,4
16932,0
16933,0
16934,0
16935,4
16936,5
16937,4
16938,4
16939,1
16940,2
16941,2
16942,0
16943,4
16944,0
16945,4
16946,3
16947,1
16948,4
16949,5
16950,3
16951,0
16952,0
16953,2
16954,1
16955,6
16956,0
16957,0
16958,4
16959,1
16960,3
16961,1
16962,5
16963,3
16964,1
16965,6
16966,3
16967,5
16968,5
16969,2
16970,4
16971,5
16972,1
16973,4
16974,3
16975,0
16976,4
16977,5
16978,4
16979,0
16980,3
16981,3
16982,6
16983,0
16984,5
16985,4
16986,4
16987,3
16988,0
16989,0
16990,0
16991,2
16992,3
16993,6
16994,5
16995,1
16996,1
16997,6
16998,2
16999,1
17000,4
17001,2
17002,2
17003,2
17004,0
17005,5
17006,2
17007,0
17008,3
17009,1
17010,6
17011,1
17012,0
17013,3
17014,0
17015,5
17016,2
17017,4
17018,6
17019,3
17020,1
17021,2
17022,0
17023,2
17024,0
17025,0
17026,6
17027,0
17028,4
17029,1
17030,4
17031,1
17032,4
17033,3
17034,0
17035,0
17036,4
17037,5
17038,0
17039,2
17040,5
17041,4
17042,5
17043,6
17044,3
17045,0
17046,4
17047,2
17048,1
17049,2
17050,2
17051,5
17052,3
17053,1
17054,3
17055,2
17056,6
17057,0
17058,0
17059,4
17060,1
17061,6
17062,3
17063,5
17064,4
17065,2
17066,0
17067,0
17068,0
17069,2
17070,5
17071,5
17072,0
17073,6
17074,4
17075,6
17076,4
17077,4
17078,3
17079,3
17080,2
17081,4
17082,3
17083,3
17084,3
17085,1
17086,1
17087,1
17088,2
17089,0
17090,3
17091,1
17092,2
17093,4
17094,6
17095,1
17096,0
17097,1
17098,3
17099,4
17100,6
17101,2
17102,2
17103,3
17104,6
17105,4
17106,2
17107,5
17108,0
17109,3
17110,5
17111,5
17112,1
17113,6
17114,3
17115,0
17116,0
17117,2
17118,6
17119,5
17120,6
17121,0
17122,4
17123,4
17124,5
17125,1
17126,3
17127,5
17128,0
17129,2
17130,3
17131,6
17132,3
17133,6
17134,5
17135,6
17136,0
17137,2
17138,6
17139,5
17140,4
17141,1
17142,3
17143,4
17144,4
17145,6
17146,6
17147,3
17148,2
17149,2
17150,6
17151,2
17152,3
17153,6
17154,6
17155,3
17156,1
17157,4
17158,0
17159,1
17160,4
17161,6
17162,1
17163,2
17164,3
17165,0
17166,6
17167,2
17168,3
17169,1
17170,6
17171,1
17172,2
17173,0
17174,5
17175,1
17176,6
17177,6
17178,6
17179,5
17180,4
17181,4
17182,1
17183,3
17184,6
17185,4
17186,5
17187,0
17188,0
17189,5
17190,3
17191,6
17192,4
17193,0
17194,6
17195,4
17196,4
17197,0
17198,5
17199,1
17200,6
17201,1
17202,2
17203,0
17204,0
17205,6
17206,5
17207,0
17208,0
17209,6
17210,4
17211,3
17212,3
17213,5
17214,0
17215,4
17216,0
17217,5
17218,0
17219,0
17220,5
17221,5
17222,0
17223,0
17224,1
17225,4
17226,2
17227,2
17228,2
17229,5
17230,0
17231,2
17232,4
17233,4
17234,3
17235,5
17236,5
17237,0
17238,0
17239,2
17240,5
17241,3
17242,5
17243,1
17244,2
17245,0
17246,0
17247,2
17248,5
17249,1
17250,2
17251,2
17252,5
17253,1
17254,2
17255,0
17256,0
17257,1
17258,5
17259,4
17260,0
17261,2
17262,3
17263,3
17264,1
17265,4
17266,2
17267,1
17268,0
17269,6
17270,3
17271,5
17272,6
17273,6
17274,0
17275,1
17276,4
17277,5
17278,6
17279,5
17280,5
17281,1
17282,6
17283,4
17284,4
17285,4
17286,0
17287,3
17288,0
17289,0
17290,5
17291,5
17292,5
17293,0
17294,3
17295,3
17296,5
17297,5
17298,6
17299,0
17300,6
17301,5
17302,2
17303,1
17304,5
17305,6
17306,3
17307,6
17308,3
17309,2
17310,1
17311,5
17312,4
17313,4
17314,2
17315,4
17316,0
17317,0
17318,1
17319,4
17320,5
17321,1
17322,2
17323,3
17324,4
17325,5
17326,0
17327,2
17328,6
17329,5
17330,4
17331,0
17332,4
17333,2
17334,1
17335,5
17336,0
17337,1
17338,1
17339,6
17340,5
17341,4
17342,0
17343,4
17344,0
17345,0
17346,2
17347,1
17348,5
17349,6
17350,1
17351,2
17352,4
17353,4
17354,1
17355,4
17356,4
17357,6
17358,2
17359,0
17360,5
17361,4
17362,3
17363,3
17364,6
17365,4
17366,3
17367,2
17368,2
17369,1
17370,2
17371,1
17372,6
17373,1
17374,6
17375,5
17376,4
17377,2
17378,2
17379,0
17380,0
17381,5
17382,6
17383,6
17384,6
17385,4
17386,2
17387,5
17388,6
17389,2
17390,0
17391,1
17392,6
17393,0
17394,2
17395,5
17396,4
17397,0
17398,0
17399,6
17400,6
17401,2
17402,5
17403,2
17404,3
17405,2
17406,0
17407,5
17408,5
17409,6
17410,1
17411,1
17412,0
17413,2
17414,1
17415,3
17416,3
17417,0
17418,2
17419,3
17420,5
17421,6
17422,0
17423,2
17424,6
17425,3
17426,3
17427,0
17428,5
17429,2
17430,3
17431,5
17432,5
17433,4
17434,3
17435,3
17436,3
17437,0
17438,2
17439,3
17440,6
17441,0
17442,4
17443,4
17444,1
17445,0
17446,2
17447,4
17448,5
17449,4
17450,0
17451,5
17452,4
17453,1
17454,6
17455,0
17456,4
17457,2
17458,1
17459,0
17460,5
17461,1
17462,6
17463,0
17464,6
17465,6
17466,5
17467,3
17468,3
17469,4
17470,6
17471,5
17472,2
17473,3
17474,1
17475,1
17476,4
17477,1
17478,0
17479,5
17480,2
17481,0
17482,1
17483,0
17484,2
17485,0
17486,5
17487,6
17488,1
17489,3
17490,2
17491,3
17492,1
17493,6
17494,2
17495,1
17496,0
17497,2
17498,1
17499,5
17500,6
17501,2
17502,4
17503,0
17504,4
17505,5
17506,3
17507,3
17508,2
17509,1
17510,3
17511,3
17512,5
17513,6
17514,5
17515,2
17516,0
17517,0
17518,3
17519,2
17520,5
17521,3
17522,0
17523,6
17524,5
17525,1
17526,5
17527,0
17528,3
17529,0
17530,3
17531,6
17532,0
17533,4
17534,1
17535,3
17536,2
17537,5
17538,5
17539,4
17540,4
17541,1
17542,0
17543,3
17544,4
17545,0
17546,0
17547,3
17548,0
17549,0
17550,1
17551,3
17552,5
17553,0
17554,6
17555,3
17556,5
17557,0
17558,2
17559,4
17560,6
17561,4
17562,2
17563,6
17564,4
17565,2
17566,2
17567,2
17568,1
17569,2
17570,4
17571,3
17572,6
17573,4
17574,5
17575,1
17576,4
17577,6
17578,6
17579,5
17580,6
17581,0
17582,0
17583,4
17584,4
17585,4
17586,6
17587,5
17588,0
17589,3
17590,5
17591,5
17592,0
17593,3
17594,4
17595,2
17596,4
17597,5
17598,5
17599,2
17600,2
17601,5
17602,4
17603,0
17604,0
17605,4
17606,0
17607,5
17608,4
17609,4
17610,2
17611,0
17612,0
17613,5
17614,0
17615,3
17616,3
17617,0
17618,3
17619,1
17620,5
17621,5
17622,1
17623,3
17624,3
17625,0
17626,1
17627,1
17628,1
17629,0
17630,6
17631,3
17632,2
17633,0
17634,1
17635,6
17636,2
17637,6
17638,1
17639,0
17640,4
17641,2
17642,0
17643,4
17644,0
17645,6
17646,2
17647,0
17648,5
17649,6
17650,5
17651,4
17652,3
17653,3
17654,0
17655,1
17656,2
17657,4
17658,3
17659,3
17660,3
17661,2
17662,5
17663,3
17664,3
17665,6
17666,3
17667,4
17668,3
17669,2
17670,1
17671,2
17672,4
17673,0
17674,3
17675,3
17676,4
17677,4
17678,3
17679,6
17680,5
17681,1
17682,4
17683,6
17684,1
17685,4
17686,2
17687,1
17688,1
17689,0
17690,5
17691,1
17692,6
17693,2
17694,0
17695,3
17696,5
17697,2
17698,3
17699,0
17700,4
17701,6
17702,0
17703,1
17704,0
17705,6
17706,6
17707,2
17708,1
17709,5
17710,6
17711,6
17712,4
17713,1
17714,2
17715,1
17716,6
17717,4
17718,0
17719,4
17720,4
17721,5
17722,3
17723,5
17724,4
17725,2
17726,1
17727,5
17728,4
17729,0
17730,5
17731,3
17732,2
17733,5
17734,0
17735,1
17736,3
17737,4
17738,4
17739,3
17740,5
17741,1
17742,2
17743,0
17744,3
17745,5
17746,4
17747,0
17748,4
17749,0
17750,6
17751,6
17752,4
17753,3
17754,3
17755,3
17756,2
17757,3
17758,3
17759,0
17760,0
17761,2
17762,4
17763,1
17764,6
17765,2
17766,3
17767,5
17768,3
17769,6
17770,6
17771,5
17772,2
17773,2
17774,4
17775,1
17776,4
17777,0
17778,1
17779,1
17780,5
17781,6
17782,5
17783,1
17784,6
17785,0
17786,2
17787,2
17788,6
17789,0
17790,5
17791,2
17792,1
17793,0
17794,2
17795,6
17796,1
17797,0
17798,5
17799,1
17800,1
17801,4
17802,6
17803,5
17804,3
17805,1
17806,1
17807,1
17808,6
17809,5
17810,3
17811,5
17812,5
17813,2
17814,0
17815,4
17816,5
17817,0
17818,6
17819,6
17820,3
17821,3
17822,6
17823,0
17824,3
17825,2
17826,3
17827,5
17828,1
17829,2
17830,3
17831,2
17832,4
17833,0
17834,4
17835,4
17836,5
17837,5
17838,0
17839,2
17840,5
17841,3
17842,5
17843,6
17844,0
17845,3
17846,5
17847,0
17848,4
17849,4
17850,0
17851,3
17852,0
17853,5
17854,0
17855,4
17856,0
17857,1
17858,4
17859,6
17860,3
17861,5
17862,5
17863,3
17864,3
17865,5
17866,3
17867,2
17868,1
17869,4
17870,1
17871,2
17872,5
17873,2
17874,2
17875,0
17876,0
17877,2
17878,0
17879,3
17880,4
17881,0
17882,0
17883,5
17884,4
17885,0
17886,3
17887,3
17888,0
17889,1
17890,5
17891,6
17892,5
17893,6
17894,2
17895,2
17896,1
17897,6
17898,2
17899,2
17900,2
17901,5
17902,0
17903,3
17904,6
17905,4
17906,6
17907,2
17908,0
17909,2
17910,1
17911,4
17912,2
17913,2
17914,3
17915,4
17916,4
17917,4
17918,0
17919,5
17920,0
17921,4
17922,0
17923,0
17924,3
17925,5
17926,1
17927,2
17928,2
17929,3
17930,1
17931,0
17932,0
17933,0
17934,3
17935,1
17936,3
17937,3
17938,0
17939,2
17940,1
17941,6
17942,4
17943,2
17944,6
17945,6
17946,4
17947,6
17948,5
17949,6
17950,1
17951,2
17952,4
17953,1
17954,2
17955,2
17956,0
17957,0
17958,5
17959,5
17960,4
17961,0
17962,3
17963,5
17964,4
17965,0
17966,2
17967,1
17968,2
17969,3
17970,6
17971,1
17972,2
17973,1
17974,3
17975,6
17976,3
17977,5
17978,0
17979,0
17980,3
17981,3
17982,6
17983,5
17984,1
17985,4
17986,5
17987,5
17988,0
17989,5
17990,2
17991,5
17992,2
17993,0
17994,0
17995,5
17996,6
17997,1
17998,5
17999,4
18000,2
18001,4
18002,5
18003,0
18004,1
18005,5
18006,4
18007,3
18008,0
18009,5
18010,1
18011,0
18012,1
18013,4
18014,6
18015,2
18016,4
18017,0
18018,0
18019,0
18020,5
18021,4
18022,4
18023,0
18024,4
18025,6
18026,6
18027,1
18028,6
18029,3
18030,4
18031,0
18032,3
18033,4
18034,3
18035,6
18036,6
18037,2
18038,4
18039,1
18040,2
18041,0
18042,2
18043,2
18044,4
18045,1
18046,6
18047,1
18048,1
18049,4
18050,5
18051,2
18052,0
18053,3
18054,0
18055,1
18056,1
18057,2
18058,5
18059,5
18060,6
18061,2
18062,6
18063,6
18064,4
18065,5
18066,6
18067,6
18068,6
18069,0
18070,6
18071,5
18072,2
18073,5
18074,5
18075,0
18076,3
18077,4
18078,2
18079,0
18080,2
18081,6
18082,3
18083,6
18084,0
18085,0
18086,3
18087,3
18088,0
18089,3
18090,4
18091,4
18092,5
18093,5
18094,5
18095,3
18096,6
18097,4
18098,0
18099,1
18100,2
18101,4
18102,1
18103,0
18104,5
18105,1
18106,6
18107,1
18108,0
18109,3
18110,6
18111,6
18112,4
18113,0
18114,2
18115,4
18116,4
18117,0
18118,6
18119,2
18120,6
18121,1
18122,6
18123,2
18124,4
18125,5
18126,0
18127,5
18128,0
18129,4
18130,2
18131,5
18132,4
18133,1
18134,5
18135,0
18136,6
18137,1
18138,2
18139,0
18140,2
18141,4
18142,4
18143,5
18144,5
18145,2
18146,2
18147,1
18148,4
18149,3
18150,5
18151,3
18152,1
18153,5
18154,3
18155,1
18156,4
18157,6
18158,0
18159,3
18160,6
18161,2
18162,1
18163,4
18164,0
18165,2
18166,2
18167,4
18168,4
18169,5
18170,6
18171,1
18172,1
18173,3
18174,2
18175,0
18176,0
18177,0
18178,6
18179,4
18180,2
18181,5
18182,6
18183,0
18184,4
18185,3
18186,2
18187,1
18188,0
18189,2
18190,2
18191,1
18192,3
18193,6
18194,4
18195,4
18196,4
18197,4
18198,6
18199,0
18200,6
18201,1
18202,3
18203,2
18204,2
18205,2
18206,4
18207,3
18208,2
18209,3
18210,1
18211,4
18212,5
18213,0
18214,3
18215,2
18216,0
18217,0
18218,5
18219,4
18220,2
18221,4
18222,3
18223,4
18224,5
18225,4
18226,4
18227,4
18228,5
18229,4
18230,0
18231,4
18232,5
18233,5
18234,3
18235,5
18236,2
18237,1
18238,1
18239,6
18240,0
18241,5
18242,1
18243,5
18244,4
18245,1
18246,6
18247,5
18248,1
18249,4
18250,2
18251,0
18252,6
18253,0
18254,6
18255,4
18256,3
18257,5
18258,4
18259,2
18260,6
18261,4
18262,3
18263,0
18264,2
18265,0
18266,2
18267,3
18268,3
18269,5
18270,5
18271,1
18272,3
18273,0
18274,1
18275,0
18276,1
18277,0
18278,1
18279,1
18280,4
18281,0
18282,3
18283,0
18284,4
18285,5
18286,3
18287,5
18288,6
18289,1
18290,1
18291,6
18292,2
18293,1
18294,4
18295,6
18296,6
18297,1
18298,0
18299,1
18300,0
18301,0
18302,5
18303,3
18304,2
18305,5
18306,3
18307,3
18308,5
18309,4
18310,1
18311,5
18312,6
18313,5
18314,4
18315,4
18316,4
18317,3
18318,6
18319,4
18320,1
18321,6
18322,4
18323,1
18324,3
18325,1
18326,4
18327,3
18328,4
18329,5
18330,4
18331,2
18332,1
18333,4
18334,6
18335,1
18336,4
18337,0
18338,4
18339,1
18340,4
18341,2
18342,6
18343,6
18344,0
18345,6
18346,5
18347,4
18348,4
18349,2
18350,2
18351,3
18352,0
18353,4
18354,0
18355,1
18356,1
18357,6
18358,5
18359,2
18360,0
18361,0
18362,5
18363,3
18364,3
18365,4
18366,1
18367,3
18368,4
18369,0
18370,0
18371,0
18372,4
18373,2
18374,2
18375,5
18376,2
18377,4
18378,3
18379,1
18380,3
18381,6
18382,2
18383,3
18384,3
18385,3
18386,4
18387,6
18388,4
18389,5
18390,1
18391,6
18392,6
18393,4
18394,3
18395,3
18396,1
18397,1
18398,5
18399,4
18400,4
18401,3
18402,4
18403,2
18404,5
18405,6
18406,4
18407,4
18408,3
18409,0
18410,6
18411,1
18412,0
18413,4
18414,4
18415,4
18416,3
18417,0
18418,3
18419,0
18420,3
18421,2
18422,3
18423,3
18424,0
18425,2
18426,6
18427,0
18428,4
18429,5
18430,3
18431,3
18432,1
18433,1
18434,0
18435,4
18436,0
18437,5
18438,2
18439,5
18440,4
18441,5
18442,3
18443,1
18444,2
18445,3
18446,5
18447,3
18448,1
18449,5
18450,1
18451,6
18452,6
18453,3
18454,6
18455,3
18456,1
18457,6
18458,4
18459,5
18460,2
18461,2
18462,5
18463,2
18464,0
18465,0
18466,3
18467,2
18468,2
18469,6
18470,4
18471,0
18472,1
18473,4
18474,4
18475,4
18476,6
18477,4
18478,2
18479,2
18480,3
18481,3
18482,0
18483,6
18484,2
18485,0
18486,3
18487,4
18488,2
18489,3
18490,1
18491,2
18492,0
18493,6
18494,3
18495,3
18496,3
18497,6
18498,3
18499,4
18500,2
18501,0
18502,0
18503,0
18504,1
18505,2
18506,3
18507,3
18508,1
18509,4
18510,3
18511,3
18512,0
18513,5
18514,1
18515,0
18516,2
18517,0
18518,6
18519,1
18520,1
18521,5
18522,4
18523,4
18524,4
18525,1
18526,1
18527,1
18528,5
18529,5
18530,0
18531,0
18532,1
18533,0
18534,6
18535,5
18536,5
18537,6
18538,4
18539,3
18540,3
18541,5
18542,1
18543,3
18544,3
18545,3
18546,1
18547,3
18548,3
18549,3
18550,0
18551,0
18552,4
18553,6
18554,0
18555,0
18556,1
18557,3
18558,2
18559,0
18560,2
18561,3
18562,3
18563,2
18564,0
18565,2
18566,2
18567,4
18568,6
18569,1
18570,3
18571,5
18572,6
18573,2
18574,6
18575,5
18576,4
18577,4
18578,5
18579,0
18580,0
18581,0
18582,3
18583,5
18584,2
18585,5
18586,4
18587,5
18588,4
18589,3
18590,5
18591,1
18592,6
18593,2
18594,2
18595,6
18596,2
18597,1
18598,5
18599,3
18600,3
18601,0
18602,4
18603,6
18604,1
18605,4
18606,4
18607,0
18608,3
18609,4
18610,2
18611,1
18612,4
18613,3
18614,6
18615,0
18616,4
18617,6
18618,2
18619,3
18620,1
18621,2
18622,4
18623,6
18624,5
18625,6
18626,4
18627,1
18628,1
18629,6
18630,6
18631,2
18632,6
18633,4
18634,6
18635,4
18636,3
18637,6
18638,4
18639,5
18640,4
18641,5
18642,6
18643,0
18644,1
18645,3
18646,1
18647,5
18648,5
18649,2
18650,4
18651,4
18652,0
18653,5
18654,1
18655,0
18656,6
18657,4
18658,1
18659,4
18660,0
18661,1
18662,6
18663,0
18664,6
18665,5
18666,5
18667,3
18668,2
18669,0
18670,2
18671,1
18672,1
18673,1
18674,0
18675,0
18676,3
18677,6
18678,1
18679,4
18680,5
18681,2
18682,3
18683,2
18684,2
18685,3
18686,2
18687,3
18688,6
18689,6
18690,2
18691,0
18692,0
18693,5
18694,0
18695,3
18696,4
18697,6
18698,3
18699,4
18700,4
18701,2
18702,2
18703,4
18704,5
18705,0
18706,3
18707,6
18708,6
18709,3
18710,1
18711,0
18712,0
18713,4
18714,4
18715,1
18716,2
18717,3
18718,0
18719,0
18720,5
18721,4
18722,4
18723,4
18724,4
18725,6
18726,4
18727,0
18728,0
18729,2
18730,6
18731,0
18732,1
18733,4
18734,4
18735,6
18736,5
18737,4
18738,5
18739,5
18740,5
18741,2
18742,4
18743,2
18744,0
18745,2
18746,0
18747,2
18748,6
18749,6
18750,1
18751,0
18752,0
18753,3
18754,5
18755,3
18756,4
18757,4
18758,1
18759,1
18760,5
18761,5
18762,2
18763,2
18764,5
18765,0
18766,0
18767,6
18768,3
18769,2
18770,0
18771,3
18772,3
18773,0
18774,6
18775,3
18776,3
18777,4
18778,5
18779,5
18780,2
18781,0
18782,0
18783,4
18784,0
18785,1
18786,6
18787,2
18788,4
18789,5
18790,4
18791,5
18792,2
18793,2
18794,5
18795,2
18796,4
18797,2
18798,5
18799,0
18800,3
18801,0
18802,4
18803,2
18804,3
18805,0
18806,0
18807,3
18808,4
18809,3
18810,5
18811,3
18812,0
18813,4
18814,6
18815,4
18816,0
18817,0
18818,1
18819,1
18820,4
18821,0
18822,6
18823,0
18824,6
18825,0
18826,3
18827,1
18828,1
18829,3
18830,1
18831,0
18832,4
18833,6
18834,4
18835,5
18836,5
18837,0
18838,3
18839,0
18840,5
18841,0
18842,3
18843,0
18844,5
18845,1
18846,6
18847,5
18848,5
18849,4
18850,4
18851,0
18852,2
18853,1
18854,6
18855,4
18856,2
18857,0
18858,5
18859,0
18860,1
18861,5
18862,3
18863,4
18864,6
18865,4
18866,0
18867,4
18868,6
18869,4
18870,2
18871,0
18872,0
18873,5
18874,6
18875,4
18876,1
18877,6
18878,0
18879,3
18880,0
18881,2
18882,3
18883,1
18884,1
18885,0
18886,2
18887,0
18888,5
18889,0
18890,5
18891,1
18892,5
18893,1
18894,3
18895,0
18896,4
18897,5
18898,6
18899,0
18900,4
18901,6
18902,6
18903,6
18904,6
18905,1
18906,4
18907,4
18908,3
18909,0
18910,4
18911,0
18912,4
18913,6
18914,1
18915,0
18916,5
18917,1
18918,4
18919,2
18920,3
18921,0
18922,4
18923,5
18924,3
18925,0
18926,1
18927,5
18928,0
18929,2
18930,0
18931,0
18932,2
18933,6
18934,2
18935,4
18936,1
18937,1
18938,3
18939,0
18940,6
18941,0
18942,0
18943,1
18944,5
18945,3
18946,4
18947,3
18948,3
18949,4
18950,0
18951,1
18952,3
18953,5
18954,5
18955,2
18956,6
18957,3
18958,3
18959,5
18960,4
18961,0
18962,3
18963,2
18964,5
18965,0
18966,4
18967,0
18968,1
18969,0
18970,1
18971,3
18972,2
18973,2
18974,6
18975,6
18976,0
18977,0
18978,1
18979,2
18980,2
18981,3
18982,1
18983,3
18984,0
18985,0
18986,5
18987,1
18988,0
18989,0
18990,5
18991,0
18992,0
18993,5
18994,4
18995,5
18996,5
18997,4
18998,0
18999,4
19000,2
19001,4
19002,5
19003,6
19004,2
19005,5
19006,4
19007,1
19008,5
19009,5
19010,1
19011,3
19012,4
19013,5
19014,3
19015,0
19016,2
19017,5
19018,1
19019,1
19020,4
19021,2
19022,1
19023,5
19024,0
19025,0
19026,6
19027,3
19028,0
19029,3
19030,0
19031,2
19032,5
19033,0
19034,1
19035,0
19036,3
19037,0
19038,0
19039,3
19040,0
19041,3
19042,3
19043,0
19044,4
19045,6
19046,4
19047,1
19048,3
19049,0
19050,4
19051,4
19052,0
19053,1
19054,4
19055,1
19056,4
19057,6
19058,1
19059,5
19060,5
19061,1
19062,5
19063,3
19064,4
19065,0
19066,4
19067,0
19068,5
19069,4
19070,0
19071,6
19072,6
19073,0
19074,2
19075,0
19076,6
19077,3
19078,1
19079,4
19080,1
19081,1
19082,4
19083,2
19084,2
19085,0
19086,1
19087,1
19088,6
19089,6
19090,2
19091,3
19092,3
19093,2
19094,1
19095,0
19096,4
19097,2
19098,5
19099,4
19100,0
19101,2
19102,5
19103,3
19104,1
19105,0
19106,4
19107,5
19108,6
19109,5
19110,1
19111,0
19112,5
19113,3
19114,3
19115,4
19116,5
19117,4
19118,2
19119,1
19120,2
19121,0
19122,3
19123,0
19124,6
19125,6
19126,6
19127,4
19128,2
19129,1
19130,0
19131,3
19132,0
19133,2
19134,1
19135,3
19136,1
19137,6
19138,0
19139,4
19140,5
19141,1
19142,4
19143,3
19144,6
19145,6
19146,6
19147,3
19148,5
19149,0
19150,3
19151,6
19152,4
19153,1
19154,6
19155,0
19156,1
19157,0
19158,3
19159,5
19160,3
19161,2
19162,0
19163,3
19164,4
19165,6
19166,6
19167,2
19168,5
19169,1
19170,6
19171,5
19172,6
19173,1
19174,4
19175,6
19176,0
19177,5
19178,1
19179,1
19180,4
19181,4
19182,2
19183,6
19184,0
19185,5
19186,4
19187,1
19188,2
19189,1
19190,3
19191,2
19192,3
19193,3
19194,4
19195,0
19196,5
19197,0
19198,3
19199,5
19200,1
19201,4
19202,4
19203,5
19204,2
19205,0
19206,3
19207,5
19208,3
19209,3
19210,2
19211,0
19212,1
19213,4
19214,2
19215,5
19216,4
19217,5
19218,4
19219,1
19220,0
19221,1
19222,5
19223,2
19224,2
19225,6
19226,1
19227,2
19228,4
19229,0
19230,4
19231,2
19232,4
19233,2
19234,4
19235,2
19236,2
19237,1
19238,6
19239,6
19240,4
19241,4
19242,1
19243,4
19244,4
19245,0
19246,4
19247,3
19248,1
19249,6
19250,5
19251,2
19252,0
19253,5
19254,5
19255,2
19256,6
19257,2
19258,5
19259,0
19260,5
19261,5
19262,0
19263,1
19264,0
19265,5
19266,2
19267,5
19268,0
19269,1
19270,3
19271,6
19272,4
19273,3
19274,5
19275,0
19276,6
19277,4
19278,5
19279,0
19280,6
19281,0
19282,0
19283,3
19284,5
19285,4
19286,3
19287,2
19288,4
19289,5
19290,2
19291,3
19292,3
19293,5
19294,5
19295,6
19296,5
19297,3
19298,3
19299,1
19300,1
19301,1
19302,3
19303,3
19304,0
19305,0
19306,5
19307,5
19308,6
19309,1
19310,5
19311,4
19312,6
19313,5
19314,4
19315,4
19316,4
19317,2
19318,6
19319,2
19320,1
19321,0
19322,6
19323,5
19324,2
19325,2
19326,2
19327,2
19328,0
19329,3
19330,5
19331,4
19332,3
19333,5
19334,3
19335,2
19336,3
19337,2
19338,1
19339,1
19340,6
19341,6
19342,6
19343,0
19344,2
19345,3
19346,3
19347,1
19348,1
19349,3
19350,5
19351,3
19352,3
19353,6
19354,2
19355,1
19356,0
19357,1
19358,2
19359,2
19360,6
19361,1
19362,3
19363,1
19364,3
19365,0
19366,1
19367,0
19368,6
19369,2
19370,3
19371,0
19372,0
19373,6
19374,4
19375,1
19376,6
19377,2
19378,2
19379,1
19380,5
19381,0
19382,6
19383,2
19384,5
19385,0
19386,0
19387,2
19388,4
19389,3
19390,1
19391,6
19392,2
19393,1
19394,1
19395,5
19396,3
19397,3
19398,6
19399,6
19400,4
19401,0
19402,3
19403,1
19404,2
19405,3
19406,5
19407,1
19408,4
19409,3
19410,0
19411,4
19412,2
19413,6
19414,2
19415,0
19416,1
19417,4
19418,0
19419,5
19420,0
19421,4
19422,3
19423,5
19424,5
19425,5
19426,2
19427,4
19428,6
19429,6
19430,0
19431,5
19432,1
19433,6
19434,0
19435,6
19436,4
19437,1
19438,0
19439,3
19440,4
19441,3
19442,5
19443,1
19444,2
19445,4
19446,0
19447,2
19448,3
19449,5
19450,1
19451,2
19452,4
19453,0
19454,4
19455,4
19456,2
19457,0
19458,3
19459,5
19460,1
19461,0
19462,3
19463,5
19464,5
19465,5
19466,1
19467,1
19468,1
19469,3
19470,1
19471,0
19472,6
19473,3
19474,0
19475,4
19476,1
19477,0
19478,4
19479,4
19480,6
19481,2
19482,2
19483,1
19484,3
19485,4
19486,4
19487,4
19488,3
19489,0
19490,3
19491,0
19492,0
19493,1
19494,3
19495,2
19496,6
19497,5
19498,4
19499,2
19500,6
19501,2
19502,5
19503,3
19504,5
19505,4
19506,5
19507,0
19508,4
19509,6
19510,2
19511,3
19512,3
19513,6
19514,0
19515,1
19516,5
19517,3
19518,3
19519,5
19520,5
19521,6
19522,6
19523,0
19524,0
19525,2
19526,6
19527,6
19528,5
19529,4
19530,3
19531,1
19532,4
19533,2
19534,2
19535,6
19536,3
19537,4
19538,0
19539,3
19540,4
19541,6
19542,6
19543,4
19544,2
19545,3
19546,4
19547,0
19548,0
19549,6
19550,3
19551,3
19552,4
19553,4
19554,3
19555,4
19556,0
19557,4
19558,6
19559,6
19560,5
19561,4
19562,3
19563,2
19564,1
19565,0
19566,2
19567,3
19568,3
19569,2
19570,3
19571,2
19572,0
19573,6
19574,4
19575,6
19576,0
19577,5
19578,4
19579,2
19580,2
19581,5
19582,5
19583,3
19584,5
19585,0
19586,5
19587,2
19588,5
19589,5
19590,4
19591,0
19592,1
19593,3
19594,0
19595,2
19596,6
19597,1
19598,5
19599,6
19600,5
19601,6
19602,3
19603,3
19604,3
19605,2
19606,6
19607,1
19608,3
19609,5
19610,4
19611,4
19612,2
19613,3
19614,4
19615,1
19616,5
19617,1
19618,2
19619,4
19620,2
19621,1
19622,0
19623,3
19624,0
19625,1
19626,3
19627,0
19628,6
19629,2
19630,0
19631,5
19632,3
19633,0
19634,5
19635,3
19636,3
19637,6
19638,4
19639,3
19640,2
19641,5
19642,6
19643,6
19644,3
19645,1
19646,0
19647,6
19648,3
19649,3
19650,2
19651,6
19652,5
19653,4
19654,1
19655,1
19656,1
19657,5
19658,6
19659,2
19660,5
19661,2
19662,3
19663,6
19664,0
19665,3
19666,1
19667,4
19668,0
19669,4
19670,0
19671,2
19672,3
19673,5
19674,5
19675,4
19676,5
19677,1
19678,2
19679,4
19680,5
19681,3
19682,0
19683,6
19684,3
19685,0
19686,6
19687,2
19688,1
19689,6
19690,3
19691,6
19692,6
19693,4
19694,4
19695,3
19696,5
19697,5
19698,6
19699,6
19700,3
19701,3
19702,1
19703,1
19704,2
19705,0
19706,2
19707,2
19708,0
19709,5
19710,2
19711,5
19712,2
19713,3
19714,2
19715,0
19716,4
19717,5
19718,0
19719,6
19720,2
19721,1
19722,3
19723,0
19724,6
19725,5
19726,6
19727,2
19728,1
19729,4
19730,2
19731,1
19732,0
19733,3
19734,5
19735,4
19736,3
19737,2
19738,0
19739,2
19740,0
19741,5
19742,3
19743,5
19744,3
19745,6
19746,3
19747,5
19748,0
19749,3
19750,1
19751,0
19752,6
19753,2
19754,3
19755,0
19756,2
19757,6
19758,6
19759,6
19760,1
19761,3
19762,4
19763,2
19764,6
19765,3
19766,2
19767,1
19768,4
19769,6
19770,4
19771,2
19772,6
19773,6
19774,2
19775,1
19776,0
19777,0
19778,1
19779,2
19780,5
19781,3
19782,5
19783,0
19784,2
19785,5
19786,0
19787,3
19788,1
19789,3
19790,5
19791,6
19792,3
19793,6
19794,0
19795,4
19796,2
19797,6
19798,3
19799,0
19800,5
19801,5
19802,2
19803,3
19804,0
19805,1
19806,3
19807,5
19808,5
19809,2
19810,5
19811,2
19812,0
19813,3
19814,3
19815,1
19816,4
19817,4
19818,3
19819,2
19820,2
19821,0
19822,1
19823,4
19824,2
19825,6
19826,4
19827,0
19828,0
19829,2
19830,1
19831,6
19832,0
19833,0
19834,0
19835,3
19836,0
19837,0
19838,3
19839,4
19840,1
19841,5
19842,1
19843,4
19844,2
19845,3
19846,2
19847,4
19848,0
19849,3
19850,4
19851,0
19852,5
19853,1
19854,5
19855,1
19856,5
19857,4
19858,3
19859,2
19860,6
19861,6
19862,4
19863,0
19864,1
19865,0
19866,0
19867,1
19868,2
19869,5
19870,6
19871,5
19872,6
19873,5
19874,5
19875,4
19876,5
19877,5
19878,5
19879,1
19880,3
19881,5
19882,3
19883,3
19884,5
19885,6
19886,0
19887,0
19888,1
19889,3
19890,0
19891,0
19892,2
19893,4
19894,1
19895,3
19896,0
19897,2
19898,5
19899,2
19900,2
19901,0
19902,5
19903,0
19904,3
19905,3
19906,1
19907,0
19908,4
19909,6
19910,0
19911,0
19912,2
19913,5
19914,3
19915,4
19916,1
19917,0
19918,3
19919,3
19920,0
19921,1
19922,0
19923,6
19924,4
19925,5
19926,0
19927,5
19928,5
19929,3
19930,3
19931,0
19932,6
19933,2
19934,5
19935,3
19936,0
19937,5
19938,4
19939,0
19940,4
19941,4
19942,0
19943,3
19944,6
19945,4
19946,3
19947,6
19948,6
19949,0
19950,0
19951,4
19952,2
19953,2
19954,0
19955,3
19956,5
19957,4
19958,5
19959,3
19960,1
19961,2
19962,1
19963,2
19964,1
19965,1
19966,0
19967,3
19968,4
19969,6
19970,6
19971,3
19972,5
19973,0
19974,1
19975,2
19976,6
19977,5
19978,5
19979,0
19980,6
19981,1
19982,0
19983,1
19984,5
19985,0
19986,4
19987,6
19988,1
19989,5
19990,6
19991,3
19992,1
19993,0
19994,1
19995,3
19996,4
19997,6
19998,1
19999,5
20000,5
20001,5
20002,1
20003,6
20004,2
20005,1
20006,1
20007,5
20008,3
20009,4
20010,3
20011,6
20012,4
20013,5
20014,5
20015,3
20016,6
20017,3
20018,5
20019,4
20020,3
20021,2
20022,6
20023,1
20024,0
20025,0
20026,3
20027,1
20028,3
20029,5
20030,0
20031,0
20032,1
20033,1
20034,4
20035,1
20036,0
20037,5
20038,3
20039,2
20040,0
20041,4
20042,5
20043,1
20044,0
20045,4
20046,0
20047,0
20048,0
20049,0
20050,3
20051,3
20052,1
20053,3
20054,0
20055,4
20056,6
20057,5
20058,5
20059,2
20060,6
20061,1
20062,0
20063,1
20064,6
20065,5
20066,1
20067,5
20068,2
20069,1
20070,1
20071,3
20072,6
20073,6
20074,1
20075,1
20076,2
20077,2
20078,6
20079,3
20080,6
20081,4
20082,0
20083,3
20084,5
20085,6
20086,0
20087,3
20088,3
20089,2
20090,4
20091,6
20092,6
20093,0
20094,0
20095,5
20096,4
20097,0
20098,0
20099,4
20100,0
20101,5
20102,3
20103,6
20104,0
20105,1
20106,3
20107,5
20108,4
20109,4
20110,4
20111,5
20112,6
20113,4
20114,2
20115,3
20116,1
20117,0
20118,3
20119,2
20120,6
20121,6
20122,6
20123,1
20124,5
20125,5
20126,3
20127,2
20128,4
20129,2
20130,4
20131,5
20132,3
20133,5
20134,6
20135,4
20136,5
20137,1
20138,2
20139,5
20140,6
20141,5
20142,4
20143,5
20144,2
20145,3
20146,3
20147,4
20148,1
20149,0
20150,5
20151,1
20152,4
20153,0
20154,5
20155,0
20156,4
20157,2
20158,0
20159,6
20160,2
20161,4
20162,6
20163,6
20164,3
20165,3
20166,6
20167,6
20168,5
20169,4
20170,3
20171,2
20172,6
20173,2
20174,1
20175,4
20176,6
20177,6
20178,4
20179,4
20180,3
20181,0
20182,4
20183,4
20184,5
20185,3
20186,2
20187,6
20188,6
20189,3
20190,6
20191,5
20192,5
20193,1
20194,1
20195,0
20196,0
20197,4
20198,1
20199,4
20200,6
20201,3
20202,0
20203,4
20204,0
20205,5
20206,3
20207,5
20208,0
20209,4
20210,0
20211,6
20212,6
20213,1
20214,0
20215,1
20216,3
20217,2
20218,5
20219,6
20220,0
20221,6
20222,1
20223,5
20224,5
20225,4
20226,5
20227,3
20228,5
20229,2
20230,2
20231,2
20232,5
20233,4
20234,2
20235,4
20236,5
20237,0
20238,4
20239,2
20240,0
20241,2
20242,4
20243,0
20244,2
20245,3
20246,6
20247,2
20248,4
20249,3
20250,3
20251,3
20252,6
20253,0
20254,6
20255,6
20256,2
20257,2
20258,0
20259,0
20260,3
20261,2
20262,1
20263,1
20264,4
20265,2
20266,0
20267,2
20268,3
20269,2
20270,1
20271,6
20272,3
20273,2
20274,0
20275,6
20276,6
20277,2
20278,1
20279,4
20280,4
20281,5
20282,0
20283,4
20284,1
20285,0
20286,3
20287,2
20288,2
20289,3
20290,4
20291,3
20292,0
20293,4
20294,2
20295,2
20296,0
20297,5
20298,3
20299,1
20300,5
20301,6
20302,5
20303,3
20304,2
20305,5
20306,2
20307,3
20308,3
20309,1
20310,1
20311,2
20312,1
20313,1
20314,4
20315,0
20316,1
20317,5
20318,6
20319,3
20320,4
20321,2
20322,1
20323,0
20324,2
20325,2
20326,4
20327,4
20328,0
20329,2
20330,0
20331,5
20332,4
20333,2
20334,2
20335,3
20336,0
20337,4
20338,0
20339,4
20340,5
20341,2
20342,4
20343,0
20344,5
20345,3
20346,4
20347,3
20348,4
20349,1
20350,3
20351,3
20352,1
20353,4
20354,5
20355,0
20356,6
20357,6
20358,6
20359,0
20360,6
20361,1
20362,4
20363,6
20364,0
20365,3
20366,1
20367,4
20368,0
20369,4
20370,2
20371,6
20372,2
20373,4
20374,1
20375,0
20376,5
20377,5
20378,6
20379,0
20380,2
20381,0
20382,4
20383,2
20384,6
20385,5
20386,0
20387,2
20388,4
20389,6
20390,4
20391,3
20392,0
20393,5
20394,3
20395,0
20396,6
20397,1
20398,4
20399,4
20400,3
20401,0
20402,3
20403,4
20404,6
20405,3
20406,4
20407,5
20408,2
20409,2
20410,1
20411,1
20412,3
20413,3
20414,3
20415,3
20416,4
20417,3
20418,3
20419,3
20420,3
20421,1
20422,5
20423,3
20424,1
20425,0
20426,2
20427,0
20428,5
20429,6
20430,1
20431,3
20432,5
20433,0
20434,6
20435,0
20436,5
20437,2
20438,2
20439,0
20440,0
20441,5
20442,5
20443,1
20444,1
20445,3
20446,1
20447,2
20448,4
20449,4
20450,1
20451,4
20452,3
20453,4
20454,3
20455,4
20456,4
20457,2
20458,5
20459,1
20460,1
20461,4
20462,3
20463,2
20464,3
20465,2
20466,2
20467,4
20468,3
20469,0
20470,1
20471,5
20472,0
20473,1
20474,4
20475,6
20476,3
20477,4
20478,3
20479,1
20480,1
20481,6
20482,1
20483,3
20484,2
20485,5
20486,0
20487,6
20488,3
20489,3
20490,5
20491,2
20492,5
20493,4
20494,1
20495,5
20496,0
20497,1
20498,4
20499,3
20500,3
20501,4
20502,5
20503,0
20504,6
20505,0
20506,0
20507,4
20508,2
20509,6
20510,0
20511,1
20512,4
20513,6
20514,2
20515,2
20516,4
20517,6
20518,2
20519,3
20520,4
20521,1
20522,3
20523,5
20524,5
20525,1
20526,4
20527,1
20528,4
20529,4
20530,3
20531,0
20532,5
20533,2
20534,2
20535,6
20536,4
20537,0
20538,5
20539,4
20540,0
20541,2
20542,1
20543,0
20544,0
20545,1
20546,4
20547,3
20548,6
20549,5
20550,0
20551,2
20552,1
20553,6
20554,5
20555,6
20556,0
20557,4
20558,5
20559,5
20560,2
20561,4
20562,4
20563,2
20564,3
20565,0
20566,4
20567,0
20568,2
20569,0
20570,4
20571,1
20572,0
20573,6
20574,1
20575,3
20576,3
20577,6
20578,6
20579,5
20580,1
20581,5
20582,5
20583,6
20584,4
20585,0
20586,0
20587,0
20588,1
20589,6
20590,1
20591,1
20592,0
20593,5
20594,2
20595,4
20596,1
20597,1
20598,4
20599,3
20600,2
20601,2
20602,2
20603,1
20604,3
20605,5
20606,5
20607,5
20608,3
20609,1
20610,0
20611,1
20612,2
20613,0
20614,0
20615,0
20616,5
20617,0
20618,1
20619,3
20620,1
20621,4
20622,0
20623,1
20624,0
20625,5
20626,3
20627,0
20628,1
20629,5
20630,2
20631,6
20632,3
20633,4
20634,4
20635,4
20636,0
20637,5
20638,0
20639,1
20640,0
20641,5
20642,3
20643,1
20644,0
20645,3
20646,5
20647,1
20648,4
20649,2
20650,4
20651,2
20652,2
20653,2
20654,6
20655,5
20656,2
20657,4
20658,0
20659,2
20660,1
20661,3
20662,4
20663,1
20664,0
20665,6
20666,0
20667,4
20668,5
20669,2
20670,6
20671,5
20672,2
20673,4
20674,5
20675,0
20676,1
20677,4
20678,0
20679,3
20680,2
20681,1
20682,1
20683,2
20684,2
20685,0
20686,1
20687,2
20688,5
20689,4
20690,4
20691,3
20692,6
20693,6
20694,2
20695,4
20696,4
20697,6
20698,0
20699,5
20700,2
20701,2
20702,3
20703,6
20704,0
20705,5
20706,3
20707,3
20708,0
20709,2
20710,6
20711,6
20712,3
20713,1
20714,2
20715,6
20716,6
20717,2
20718,4
20719,6
20720,3
20721,5
20722,2
20723,5
20724,4
20725,4
20726,0
20727,6
20728,4
20729,0
20730,6
20731,1
20732,2
20733,0
20734,4
20735,5
20736,6
20737,5
20738,3
20739,2
20740,3
20741,4
20742,2
20743,3
20744,1
20745,6
20746,4
20747,2
20748,6
20749,6
20750,3
20751,4
20752,4
20753,1
20754,6
20755,2
20756,3
20757,2
20758,1
20759,2
20760,5
20761,0
20762,0
20763,1
20764,3
20765,1
20766,0
20767,4
20768,0
20769,4
20770,0
20771,5
20772,1
20773,0
20774,0
20775,2
20776,4
20777,4
20778,1
20779,1
20780,3
20781,4
20782,4
20783,4
20784,0
20785,5
20786,3
20787,2
20788,0
20789,2
20790,1
20791,3
20792,1
20793,6
20794,2
20795,2
20796,0
20797,1
20798,0
20799,4
20800,5
20801,3
20802,4
20803,6
20804,1
20805,1
20806,1
20807,5
20808,3
20809,6
20810,3
20811,5
20812,3
20813,0
20814,6
20815,1
20816,5
20817,3
20818,6
20819,1
20820,5
20821,4
20822,0
20823,0
20824,4
20825,1
20826,1
20827,0
20828,3
20829,4
20830,4
20831,0
20832,2
20833,2
20834,0
20835,0
20836,6
20837,4
20838,4
20839,1
20840,0
20841,1
20842,5
20843,5
20844,6
20845,3
20846,4
20847,0
20848,2
20849,2
20850,0
20851,0
20852,5
20853,2
20854,1
20855,1
20856,4
20857,1
20858,3
20859,1
20860,2
20861,2
20862,6
20863,4
20864,6
20865,6
20866,2
20867,4
20868,3
20869,5
20870,5
20871,6
20872,2
20873,2
20874,1
20875,1
20876,1
20877,5
20878,0
20879,1
20880,4
20881,2
20882,3
20883,5
20884,0
20885,2
20886,0
20887,4
20888,0
20889,0
20890,6
20891,4
20892,2
20893,5
20894,4
20895,5
20896,2
20897,2
20898,1
20899,5
20900,0
20901,6
20902,1
20903,1
20904,1
20905,0
20906,4
20907,6
20908,4
20909,6
20910,4
20911,2
20912,2
20913,1
20914,3
20915,0
20916,4
20917,0
20918,1
20919,2
20920,5
20921,1
20922,6
20923,6
20924,2
20925,1
20926,0
20927,4
20928,2
20929,6
20930,5
20931,2
20932,1
20933,5
20934,5
20935,1
20936,5
20937,1
20938,4
20939,5
20940,6
20941,5
20942,0
20943,5
20944,5
20945,5
20946,5
20947,0
20948,3
20949,0
20950,5
20951,3
20952,6
20953,0
20954,0
20955,1
20956,2
20957,2
20958,0
20959,6
20960,5
20961,3
20962,4
20963,0
20964,0
20965,4
20966,2
20967,0
20968,6
20969,2
20970,4
20971,6
20972,3
20973,5
20974,1
20975,6
20976,2
20977,3
20978,0
20979,4
20980,3
20981,5
20982,2
20983,2
20984,2
20985,3
20986,3
20987,0
20988,3
20989,5
20990,6
20991,6
20992,5
20993,0
20994,2
20995,3
20996,0
20997,0
20998,4
20999,4
21000,3
21001,2
21002,0
21003,5
21004,2
21005,5
21006,6
21007,4
21008,3
21009,4
21010,4
21011,1
21012,6
21013,3
21014,0
21015,6
21016,1
21017,1
21018,0
21019,0
21020,0
21021,1
21022,6
21023,6
21024,5
21025,1
21026,3
21027,2
21028,4
21029,5
21030,4
21031,0
21032,1
21033,0
21034,2
21035,3
21036,0
21037,6
21038,3
21039,2
21040,2
21041,6
21042,6
21043,2
21044,5
21045,5
21046,1
21047,3
21048,5
21049,4
21050,1
21051,0
21052,6
21053,1
21054,3
21055,4
21056,0
21057,6
21058,6
21059,0
21060,6
21061,5
21062,0
21063,0
21064,3
21065,2
21066,6
21067,2
21068,1
21069,2
21070,5
21071,5
21072,2
21073,0
21074,4
21075,6
21076,1
21077,4
21078,1
21079,2
21080,3
21081,5
21082,5
21083,4
21084,0
21085,4
21086,0
21087,0
21088,6
21089,1
21090,0
21091,4
21092,4
21093,6
21094,4
21095,4
21096,0
21097,5
21098,1
21099,6
21100,0
21101,5
21102,2
21103,1
21104,1
21105,3
21106,0
21107,1
21108,0
21109,4
21110,2
21111,1
21112,5
21113,3
21114,3
21115,0
21116,1
21117,4
21118,4
21119,4
21120,6
21121,1
21122,1
21123,0
21124,4
21125,3
21126,5
21127,5
21128,6
21129,0
21130,6
21131,4
21132,0
21133,1
21134,5
21135,6
21136,3
21137,1
21138,4
21139,5
21140,6
21141,5
21142,0
21143,0
21144,2
21145,2
21146,3
21147,0
21148,2
21149,5
21150,4
21151,5
21152,2
21153,4
21154,6
21155,6
21156,6
21157,4
21158,4
21159,2
21160,4
21161,5
21162,3
21163,3
21164,1
21165,3
21166,0
21167,5
21168,0
21169,4
21170,2
21171,4
21172,3
21173,6
21174,2
21175,0
21176,0
21177,4
21178,3
21179,1
21180,3
21181,1
21182,3
21183,5
21184,2
21185,6
21186,6
21187,5
21188,4
21189,3
21190,4
21191,5
21192,6
21193,6
21194,6
21195,4
21196,4
21197,2
21198,2
21199,1
21200,6
21201,0
21202,1
21203,2
21204,2
21205,1
21206,1
21207,2
21208,1
21209,4
21210,0
21211,5
21212,1
21213,4
21214,2
21215,5
21216,6
21217,1
21218,5
21219,1
21220,0
21221,3
21222,1
21223,5
21224,4
21225,4
21226,2
21227,4
21228,4
21229,2
21230,5
21231,5
21232,1
21233,0
21234,6
21235,1
21236,2
21237,5
21238,6
21239,2
21240,6
21241,4
21242,3
21243,2
21244,4
21245,6
21246,2
21247,5
21248,2
21249,4
21250,1
21251,1
21252,3
21253,0
21254,3
21255,0
21256,5
21257,1
21258,4
21259,5
21260,3
21261,1
21262,6
21263,6
21264,6
21265,5
21266,2
21267,0
21268,5
21269,0
21270,4
21271,3
21272,4
21273,0
21274,6
21275,3
21276,3
21277,1
21278,3
21279,0
21280,0
21281,0
21282,4
21283,3
21284,0
21285,5
21286,1
21287,1
21288,2
21289,1
21290,4
21291,6
21292,3
21293,5
21294,3
21295,3
21296,6
21297,1
21298,6
21299,4
21300,4
21301,5
21302,0
21303,1
21304,2
21305,2
21306,1
21307,1
21308,2
21309,5
21310,3
21311,6
21312,0
21313,5
21314,0
21315,1
21316,4
21317,4
21318,5
21319,1
21320,2
21321,0
21322,1
21323,0
21324,6
21325,0
21326,6
21327,2
21328,2
21329,2
21330,4
21331,2
21332,4
21333,3
21334,2
21335,4
21336,3
21337,2
21338,3
21339,0
21340,6
21341,5
21342,4
21343,1
21344,0
21345,3
21346,5
21347,6
21348,1
21349,5
21350,3
21351,4
21352,2
21353,0
21354,4
21355,4
21356,2
21357,0
21358,5
21359,5
21360,4
21361,4
21362,4
21363,4
21364,0
21365,2
21366,0
21367,3
21368,4
21369,1
21370,2
21371,5
21372,4
21373,0
21374,3
21375,6
21376,4
21377,2
21378,1
21379,0
21380,5
21381,4
21382,0
21383,6
21384,4
21385,2
21386,3
21387,2
21388,0
21389,4
21390,5
21391,6
21392,4
21393,2
21394,6
21395,0
21396,3
21397,5
21398,3
21399,6
21400,4
21401,0
21402,3
21403,4
21404,0
21405,4
21406,2
21407,6
21408,2
21409,2
21410,4
21411,3
21412,6
21413,3
21414,4
21415,1
21416,3
21417,3
21418,0
21419,2
21420,5
21421,2
21422,1
21423,0
21424,3
21425,3
21426,3
21427,0
21428,0
21429,0
21430,2
21431,4
21432,5
21433,5
21434,4
21435,3
21436,5
21437,0
21438,2
21439,0
21440,2
21441,1
21442,1
21443,6
21444,4
21445,5
21446,1
21447,0
21448,0
21449,4
21450,6
21451,2
21452,5
21453,5
21454,2
21455,3
21456,6
21457,5
21458,5
21459,6
21460,5
21461,4
21462,6
21463,4
21464,4
21465,1
21466,3
21467,0
21468,0
21469,5
21470,4
21471,4
21472,2
21473,6
21474,6
21475,4
21476,5
21477,0
21478,6
21479,5
21480,2
21481,4
21482,6
21483,5
21484,2
21485,3
21486,3
21487,6
21488,2
21489,4
21490,3
21491,6
21492,2
21493,0
21494,4
21495,2
21496,2
21497,1
21498,1
21499,3
21500,4
21501,1
21502,4
21503,3
21504,0
21505,6
21506,1
21507,1
21508,5
21509,3
21510,1
21511,4
21512,0
21513,1
21514,2
21515,5
21516,0
21517,4
21518,3
21519,0
21520,6
21521,3
21522,5
21523,0
21524,1
21525,1
21526,1
21527,3
21528,6
21529,2
21530,2
21531,2
21532,1
21533,2
21534,1
21535,1
21536,3
21537,3
21538,2
21539,6
21540,5
21541,3
21542,0
21543,6
21544,5
21545,5
21546,4
21547,6
21548,5
21549,4
21550,3
21551,0
21552,4
21553,0
21554,0
21555,6
21556,0
21557,3
21558,3
21559,2
21560,2
21561,2
21562,4
21563,3
21564,0
21565,5
21566,4
21567,4
21568,4
21569,2
21570,6
21571,1
21572,5
21573,5
21574,1
21575,0
21576,1
21577,0
21578,5
21579,3
21580,1
21581,3
21582,1
21583,1
21584,0
21585,0
21586,5
21587,3
21588,5
21589,1
21590,4
21591,1
21592,3
21593,1
21594,5
21595,2
21596,4
21597,3
21598,4
21599,3
21600,6
21601,2
21602,6
21603,6
21604,0
21605,0
21606,6
21607,1
21608,1
21609,3
21610,5
21611,1
21612,4
21613,4
21614,1
21615,0
21616,4
21617,1
21618,5
21619,4
21620,4
21621,0
21622,2
21623,3
21624,6
21625,0
21626,3
21627,1
21628,5
21629,5
21630,5
21631,3
21632,3
21633,0
21634,2
21635,5
21636,5
21637,6
21638,0
21639,1
21640,0
21641,2
21642,1
21643,6
21644,1
21645,4
21646,4
21647,4
21648,5
21649,3
21650,6
21651,6
21652,1
21653,3
21654,2
21655,0
21656,0
21657,6
21658,1
21659,1
21660,4
21661,3
21662,5
21663,0
21664,5
21665,6
21666,4
21667,1
21668,1
21669,5
21670,0
21671,6
21672,6
21673,2
21674,0
21675,1
21676,1
21677,5
21678,0
21679,6
21680,5
21681,0
21682,0
21683,0
21684,2
21685,4
21686,1
21687,0
21688,0
21689,4
21690,2
21691,0
21692,5
21693,6
21694,5
21695,2
21696,0
21697,5
21698,0
21699,3
21700,4
21701,3
21702,4
21703,3
21704,6
21705,6
21706,4
21707,2
21708,1
21709,4
21710,5
21711,3
21712,4
21713,5
21714,1
21715,1
21716,2
21717,0
21718,3
21719,1
21720,0
21721,3
21722,6
21723,3
21724,4
21725,2
21726,2
21727,6
21728,6
21729,1
21730,1
21731,6
21732,1
21733,0
21734,0
21735,0
21736,1
21737,2
21738,3
21739,1
21740,3
21741,4
21742,5
21743,1
21744,4
21745,6
21746,1
21747,4
21748,3
21749,2
21750,3
21751,5
21752,4
21753,0
21754,2
21755,2
21756,4
21757,0
21758,1
21759,3
21760,3
21761,3
21762,2
21763,5
21764,5
21765,1
21766,5
21767,4
21768,5
21769,3
21770,0
21771,6
21772,2
21773,5
21774,5
21775,3
21776,3
21777,1
21778,2
21779,2
21780,5
21781,5
21782,4
21783,3
21784,0
21785,1
21786,2
21787,5
21788,3
21789,2
21790,3
21791,3
21792,5
21793,1
21794,2
21795,5
21796,0
21797,4
21798,5
21799,0
21800,6
21801,3
21802,4
21803,4
21804,5
21805,5
21806,4
21807,4
21808,3
21809,3
21810,0
21811,2
21812,1
21813,3
21814,0
21815,2
21816,1
21817,0
21818,1
21819,4
21820,1
21821,3
21822,3
21823,4
21824,5
21825,3
21826,4
21827,6
21828,2
21829,6
21830,2
21831,6
21832,4
21833,1
21834,1
21835,4
21836,2
21837,1
21838,3
21839,6
21840,4
21841,2
21842,3
21843,0
21844,4
21845,2
21846,5
21847,5
21848,0
21849,2
21850,5
21851,0
21852,1
21853,2
21854,4
21855,2
21856,1
21857,5
21858,2
21859,2
21860,5
21861,2
21862,4
21863,1
21864,1
21865,6
21866,6
21867,2
21868,1
21869,5
21870,3
21871,5
21872,5
21873,4
21874,5
21875,5
21876,3
21877,6
21878,0
21879,3
21880,5
21881,4
21882,4
21883,1
21884,6
21885,3
21886,6
21887,3
21888,5
21889,2
21890,2
21891,5
21892,2
21893,1
21894,5
21895,6
21896,4
21897,4
21898,0
21899,0
21900,5
21901,4
21902,0
21903,0
21904,0
21905,2
21906,1
21907,5
21908,3
21909,0
21910,4
21911,1
21912,4
21913,0
21914,5
21915,0
21916,3
21917,2
21918,4
21919,3
21920,3
21921,5
21922,3
21923,0
21924,1
21925,1
21926,2
21927,0
21928,0
21929,6
21930,3
21931,2
21932,0
21933,3
21934,0
21935,6
21936,6
21937,2
21938,4
21939,5
21940,4
21941,5
21942,2
21943,5
21944,0
21945,6
21946,1
21947,6
21948,5
21949,4
21950,4
21951,3
21952,1
21953,5
21954,5
21955,0
21956,6
21957,4
21958,5
21959,0
21960,5
21961,5
21962,6
21963,3
21964,1
21965,0
21966,3
21967,0
21968,5
21969,6
21970,5
21971,5
21972,0
21973,1
21974,3
21975,0
21976,2
21977,1
21978,3
21979,3
21980,5
21981,5
21982,6
21983,4
21984,5
21985,0
21986,0
21987,0
21988,6
21989,3
21990,0
21991,4
21992,4
21993,6
21994,2
21995,6
21996,4
21997,6
21998,6
21999,3
22000,2
22001,0
22002,3
22003,0
22004,2
22005,2
22006,6
22007,6
22008,5
22009,3
22010,4
22011,6
22012,5
22013,5
22014,0
22015,3
22016,0
22017,3
22018,5
22019,2
22020,3
22021,6
22022,4
22023,4
22024,1
22025,3
22026,0
22027,2
22028,4
22029,4
22030,5
22031,2
22032,1
22033,1
22034,5
22035,4
22036,6
22037,6
22038,4
22039,1
22040,0
22041,0
22042,0
22043,2
22044,0
22045,3
22046,0
22047,4
22048,5
22049,3
22050,5
22051,5
22052,1
22053,5
22054,2
22055,4
22056,2
22057,5
22058,0
22059,6
22060,2
22061,1
22062,1
22063,3
22064,5
22065,3
22066,3
22067,1
22068,1
22069,2
22070,5
22071,0
22072,5
22073,1
22074,4
22075,4
22076,5
22077,0
22078,2
22079,6
22080,0
22081,5
22082,1
22083,0
22084,4
22085,6
22086,4
22087,5
22088,3
22089,5
22090,1
22091,0
22092,2
22093,4
22094,5
22095,0
22096,5
22097,0
22098,2
22099,0
22100,2
22101,0
22102,2
22103,2
22104,3
22105,4
22106,6
22107,0
22108,1
22109,3
22110,0
22111,2
22112,4
22113,1
22114,5
22115,2
22116,6
22117,4
22118,6
22119,4
22120,4
22121,6
22122,1
22123,4
22124,4
22125,5
22126,3
22127,4
22128,1
22129,3
22130,3
22131,5
22132,4
22133,3
22134,5
22135,3
22136,1
22137,6
22138,5
22139,6
22140,4
22141,0
22142,1
22143,1
22144,4
22145,4
22146,0
22147,1
22148,4
22149,6
22150,2
22151,4
22152,6
22153,5
22154,2
22155,4
22156,1
22157,0
22158,4
22159,2
22160,3
22161,1
22162,3
22163,3
22164,4
22165,0
22166,1
22167,4
22168,6
22169,4
22170,5
22171,5
22172,5
22173,0
22174,5
22175,2
22176,5
22177,4
22178,1
22179,1
22180,3
22181,2
22182,6
22183,3
22184,5
22185,0
22186,0
22187,5
22188,5
22189,5
22190,6
22191,1
22192,3
22193,6
22194,0
22195,0
22196,3
22197,5
22198,6
22199,4
22200,1
22201,1
22202,5
22203,3
22204,4
22205,2
22206,0
22207,6
22208,2
22209,4
22210,2
22211,1
22212,2
22213,2
22214,1
22215,5
22216,3
22217,4
22218,2
22219,6
22220,0
22221,4
22222,6
22223,5
22224,1
22225,6
22226,6
22227,0
22228,5
22229,2
22230,3
22231,0
22232,3
22233,1
22234,6
22235,3
22236,5
22237,0
22238,0
22239,3
22240,5
22241,6
22242,5
22243,5
22244,6
22245,2
22246,4
22247,1
22248,5
22249,6
22250,2
22251,3
22252,0
22253,5
22254,4
22255,3
22256,3
22257,4
22258,2
22259,6
22260,3
22261,2
22262,4
22263,2
22264,2
22265,5
22266,1
22267,2
22268,5
22269,4
22270,1
22271,1
22272,3
22273,4
22274,0
22275,1
22276,6
22277,2
22278,0
22279,6
22280,5
22281,5
22282,2
22283,3
22284,5
22285,6
22286,2
22287,3
22288,2
22289,4
22290,4
22291,1
22292,2
22293,1
22294,0
22295,5
22296,0
22297,1
22298,3
22299,6
22300,2
22301,5
22302,5
22303,5
22304,4
22305,4
22306,5
22307,0
22308,2
22309,2
22310,1
22311,3
22312,5
22313,5
22314,5
22315,5
22316,3
22317,5
22318,1
22319,0
22320,3
22321,2
22322,3
22323,3
22324,4
22325,1
22326,3
22327,0
22328,5
22329,0
22330,4
22331,4
22332,3
22333,3
22334,2
22335,5
22336,4
22337,4
22338,3
22339,4
22340,1
22341,5
22342,3
22343,0
22344,3
22345,6
22346,2
22347,1
22348,5
22349,6
22350,3
22351,3
22352,1
22353,3
22354,0
22355,6
22356,5
22357,1
22358,0
22359,0
22360,4
22361,4
22362,1
22363,0
22364,0
22365,2
22366,0
22367,6
22368,0
22369,5
22370,1
22371,6
22372,1
22373,0
22374,0
22375,3
22376,0
22377,4
22378,5
22379,2
22380,1
22381,2
22382,4
22383,4
22384,0
22385,3
22386,4
22387,6
22388,5
22389,3
22390,5
22391,0
22392,3
22393,4
22394,1
22395,1
22396,3
22397,0
22398,3
22399,6
22400,0
22401,5
22402,1
22403,4
22404,5
22405,5
22406,2
22407,5
22408,2
22409,5
22410,3
22411,1
22412,5
22413,6
22414,6
22415,6
22416,6
22417,1
22418,2
22419,0
22420,5
22421,3
22422,6
22423,2
22424,4
22425,1
22426,1
22427,5
22428,5
22429,1
22430,4
22431,3
22432,6
22433,3
22434,4
22435,3
22436,4
22437,5
22438,1
22439,3
22440,4
22441,4
22442,4
22443,1
22444,5
22445,4
22446,0
22447,0
22448,3
22449,2
22450,3
22451,6
22452,2
22453,6
22454,5
22455,1
22456,1
22457,0
22458,5
22459,2
22460,4
22461,2
22462,2
22463,5
22464,3
22465,3
22466,6
22467,4
22468,2
22469,5
22470,1
22471,6
22472,3
22473,0
22474,4
22475,0
22476,2
22477,4
22478,0
22479,3
22480,5
22481,1
22482,4
22483,1
22484,6
22485,3
22486,5
22487,5
22488,6
22489,0
22490,4
22491,0
22492,6
22493,6
22494,3
22495,0
22496,6
22497,3
22498,0
22499,3
22500,5
22501,2
22502,3
22503,1
22504,2
22505,6
22506,6
22507,2
22508,4
22509,4
22510,5
22511,2
22512,0
22513,4
22514,1
22515,3
22516,5
22517,4
22518,3
22519,1
22520,0
22521,0
22522,3
22523,6
22524,4
22525,5
22526,6
22527,4
22528,2
22529,1
22530,4
22531,6
22532,4
22533,1
22534,3
22535,3
22536,5
22537,5
22538,0
22539,5
22540,1
22541,3
22542,3
22543,5
22544,5
22545,5
22546,2
22547,0
22548,5
22549,2
22550,4
22551,3
22552,1
22553,2
22554,6
22555,1
22556,1
22557,3
22558,1
22559,2
22560,2
22561,0
22562,0
22563,3
22564,0
22565,4
22566,0
22567,6
22568,3
22569,2
22570,1
22571,3
22572,0
22573,2
22574,5
22575,0
22576,1
22577,4
22578,1
22579,6
22580,5
22581,4
22582,0
22583,3
22584,4
22585,2
22586,4
22587,5
22588,1
22589,0
22590,4
22591,5
22592,5
22593,0
22594,2
22595,2
22596,0
22597,3
22598,0
22599,5
22600,0
22601,1
22602,6
22603,5
22604,4
22605,1
22606,3
22607,5
22608,2
22609,4
22610,4
22611,3
22612,3
22613,2
22614,1
22615,5
22616,4
22617,0
22618,6
22619,1
22620,2
22621,2
22622,3
22623,5
22624,5
22625,5
22626,0
22627,4
22628,3
22629,1
22630,4
22631,5
22632,3
22633,0
22634,3
22635,5
22636,2
22637,0
22638,6
22639,2
22640,5
22641,1
22642,1
22643,1
22644,2
22645,5
22646,3
22647,6
22648,5
22649,2
22650,1
22651,2
22652,4
22653,4
22654,1
22655,2
22656,2
22657,4
22658,4
22659,3
22660,2
22661,4
22662,5
22663,0
22664,5
22665,0
22666,4
22667,5
22668,3
22669,0
22670,4
22671,5
22672,6
22673,1
22674,6
22675,3
22676,4
22677,0
22678,5
22679,2
22680,0
22681,4
22682,0
22683,5
22684,2
22685,0
22686,1
22687,0
22688,3
22689,3
22690,6
22691,3
22692,0
22693,4
22694,2
22695,0
22696,6
22697,1
22698,3
22699,1
22700,4
22701,3
22702,5
22703,1
22704,4
22705,3
22706,3
22707,3
22708,3
22709,1
22710,1
22711,5
22712,3
22713,4
22714,6
22715,4
22716,6
22717,5
22718,5
22719,3
22720,0
22721,0
22722,3
22723,2
22724,4
22725,3
22726,5
22727,4
22728,0
22729,3
22730,6
22731,2
22732,4
22733,3
22734,4
22735,4
22736,5
22737,1
22738,4
22739,3
22740,5
22741,3
22742,6
22743,1
22744,1
22745,4
22746,3
22747,2
22748,0
22749,0
22750,3
22751,1
22752,3
22753,0
22754,4
22755,0
22756,5
22757,2
22758,0
22759,0
22760,6
22761,5
22762,5
22763,6
22764,2
22765,0
22766,1
22767,0
22768,4
22769,4
22770,5
22771,4
22772,6
22773,4
22774,5
22775,4
22776,1
22777,3
22778,4
22779,6
22780,0
22781,4
22782,0
22783,4
22784,6
22785,2
22786,5
22787,4
22788,4
22789,4
22790,1
22791,3
22792,0
22793,6
22794,1
22795,2
22796,4
22797,6
22798,6
22799,2
22800,6
22801,3
22802,6
22803,5
22804,3
22805,3
22806,6
22807,3
22808,6
22809,3
22810,5
22811,4
22812,3
22813,1
22814,4
22815,3
22816,3
22817,0
22818,5
22819,6
22820,0
22821,2
22822,4
22823,1
22824,2
22825,3
22826,3
22827,4
22828,0
22829,3
22830,2
22831,1
22832,0
22833,0
22834,0
22835,3
22836,4
22837,6
22838,0
22839,2
22840,5
22841,3
22842,1
22843,0
22844,5
22845,2
22846,0
22847,4
22848,5
22849,1
22850,4
22851,6
22852,2
22853,0
22854,3
22855,0
22856,4
22857,3
22858,1
22859,0
22860,4
22861,1
22862,5
22863,0
22864,1
22865,2
22866,0
22867,0
22868,4
22869,4
22870,3
22871,4
22872,5
22873,3
22874,0
22875,3
22876,6
22877,4
22878,6
22879,0
22880,3
22881,4
22882,0
22883,1
22884,4
22885,2
22886,1
22887,3
22888,1
22889,4
22890,4
22891,5
22892,3
22893,1
22894,4
22895,5
22896,5
22897,3
22898,0
22899,3
22900,3
22901,4
22902,1
22903,6
22904,3
22905,6
22906,6
22907,1
22908,6
22909,5
22910,4
22911,5
22912,3
22913,0
22914,4
22915,2
22916,0
22917,0
22918,3
22919,4
22920,3
22921,3
22922,1
22923,0
22924,0
22925,3
22926,0
22927,0
22928,2
22929,0
22930,1
22931,2
22932,5
22933,3
22934,2
22935,6
22936,3
22937,6
22938,0
22939,1
22940,0
22941,2
22942,4
22943,1
22944,5
22945,4
22946,1
22947,1
22948,6
22949,6
22950,2
22951,4
22952,5
22953,0
22954,0
22955,1
22956,3
22957,5
22958,1
22959,2
22960,1
22961,0
22962,0
22963,1
22964,0
22965,2
22966,6
22967,3
22968,2
22969,0
22970,3
22971,0
22972,1
22973,3
22974,1
22975,6
22976,0
22977,5
22978,5
22979,0
22980,5
22981,3
22982,2
22983,0
22984,4
22985,0
22986,4
22987,6
22988,0
22989,5
22990,0
22991,5
22992,1
22993,4
22994,2
22995,1
22996,2
22997,4
22998,2
22999,3
23000,2
23001,2
23002,3
23003,6
23004,0
23005,1
23006,2
23007,5
23008,0
23009,2
23010,5
23011,6
23012,1
23013,6
23014,4
23015,4
23016,0
23017,0
23018,6
23019,5
23020,2
23021,5
23022,2
23023,3
23024,0
23025,2
23026,2
23027,5
23028,5
23029,5
23030,0
23031,6
23032,3
23033,0
23034,4
23035,3
23036,2
23037,0
23038,2
23039,6
23040,0
23041,6
23042,4
23043,6
23044,6
23045,6
23046,4
23047,3
23048,6
23049,4
23050,2
23051,4
23052,0
23053,4
23054,1
23055,3
23056,6
23057,4
23058,6
23059,6
23060,3
23061,2
23062,4
23063,6
23064,6
23065,0
23066,0
23067,0
23068,6
23069,2
23070,0
23071,2
23072,6
23073,4
23074,1
23075,1
23076,4
23077,0
23078,4
23079,1
23080,5
23081,4
23082,3
23083,4
23084,0
23085,1
23086,0
23087,0
23088,1
23089,1
23090,0
23091,4
23092,3
23093,6
23094,6
23095,0
23096,0
23097,5
23098,2
23099,6
23100,2
23101,6
23102,1
23103,1
23104,3
23105,0
23106,4
23107,4
23108,1
23109,1
23110,6
23111,2
23112,3
23113,0
23114,5
23115,5
23116,4
23117,5
23118,4
23119,2
23120,5
23121,5
23122,5
23123,1
23124,6
23125,6
23126,4
23127,2
23128,0
23129,1
23130,5
23131,0
23132,6
23133,5
23134,2
23135,2
23136,6
23137,0
23138,5
23139,0
23140,0
23141,4
23142,3
23143,5
23144,4
23145,4
23146,4
23147,6
23148,0
23149,6
23150,4
23151,6
23152,4
23153,4
23154,0
23155,1
23156,3
23157,2
23158,6
23159,4
23160,0
23161,1
23162,3
23163,6
23164,0
23165,3
23166,4
23167,5
23168,4
23169,4
23170,6
23171,0
23172,5
23173,2
23174,4
23175,0
23176,3
23177,5
23178,5
23179,0
23180,5
23181,5
23182,3
23183,0
23184,3
23185,4
23186,3
23187,3
23188,4
23189,2
23190,6
23191,2
23192,5
23193,2
23194,4
23195,2
23196,0
23197,0
23198,4
23199,5
23200,2
23201,6
23202,6
23203,1
23204,0
23205,6
23206,1
23207,0
23208,5
23209,0
23210,4
23211,3
23212,3
23213,0
23214,4
23215,6
23216,5
23217,3
23218,0
23219,5
23220,1
23221,4
23222,5
23223,0
23224,5
23225,6
23226,0
23227,5
23228,4
23229,1
23230,2
23231,5
23232,1
23233,5
23234,0
23235,0
23236,6
23237,2
23238,0
23239,4
23240,6
23241,0
23242,2
23243,5
23244,3
23245,3
23246,1
23247,3
23248,4
23249,1
23250,4
23251,1
23252,6
23253,1
23254,3
23255,0
23256,0
23257,4
23258,6
23259,2
23260,4
23261,4
23262,4
23263,5
23264,2
23265,5
23266,3
23267,0
23268,6
23269,0
23270,1
23271,6
23272,6
23273,2
23274,4
23275,2
23276,0
23277,5
23278,1
23279,0
23280,6
23281,3
23282,0
23283,3
23284,6
23285,3
23286,5
23287,6
23288,4
23289,5
23290,5
23291,0
23292,2
23293,1
23294,5
23295,1
23296,0
23297,1
23298,6
23299,0
23300,6
23301,4
23302,1
23303,6
23304,2
23305,5
23306,1
23307,6
23308,0
23309,3
23310,5
23311,0
23312,5
23313,2
23314,3
23315,2
23316,0
23317,0
23318,5
23319,0
23320,5
23321,1
23322,1
23323,5
23324,1
23325,2
23326,4
23327,4
23328,0
23329,6
23330,2
23331,1
23332,6
23333,4
23334,4
23335,3
23336,5
23337,6
23338,4
23339,0
23340,5
23341,4
23342,6
23343,4
23344,3
23345,3
23346,6
23347,0
23348,2
23349,0
23350,5
23351,3
23352,0
23353,6
23354,0
23355,2
23356,5
23357,6
23358,4
23359,5
23360,5
23361,0
23362,3
23363,3
23364,0
23365,2
23366,3
23367,4
23368,6
23369,4
23370,5
23371,6
23372,2
23373,5
23374,3
23375,4
23376,1
23377,4
23378,0
23379,0
23380,4
23381,6
23382,5
23383,2
23384,5
23385,2
23386,0
23387,5
23388,5
23389,1
23390,1
23391,3
23392,0
23393,1
23394,0
23395,5
23396,4
23397,6
23398,4
23399,1
23400,4
23401,5
23402,2
23403,0
23404,5
23405,6
23406,0
23407,0
23408,0
23409,1
23410,6
23411,1
23412,2
23413,0
23414,4
23415,0
23416,3
23417,0
23418,4
23419,5
23420,0
23421,0
23422,2
23423,4
23424,5
23425,3
23426,4
23427,4
23428,6
23429,2
23430,3
23431,4
23432,5
23433,0
23434,6
23435,6
23436,3
23437,5
23438,3
23439,6
23440,1
23441,5
23442,2
23443,6
23444,0
23445,0
23446,4
23447,6
23448,5
23449,3
23450,3
23451,6
23452,1
23453,6
23454,5
23455,6
23456,2
23457,0
23458,5
23459,3
23460,0
23461,0
23462,0
23463,5
23464,4
23465,1
23466,3
23467,4
23468,2
23469,0
23470,1
23471,2
23472,4
23473,2
23474,4
23475,3
23476,0
23477,3
23478,6
23479,6
23480,4
23481,6
23482,5
23483,1
23484,0
23485,3
23486,2
23487,4
23488,4
23489,5
23490,0
23491,6
23492,5
23493,5
23494,1
23495,4
23496,0
23497,1
23498,6
23499,6
23500,4
23501,6
23502,1
23503,2
23504,0
23505,3
23506,0
23507,5
23508,6
23509,0
23510,2
23511,2
23512,4
23513,4
23514,5
23515,5
23516,2
23517,6
23518,3
23519,1
23520,1
23521,2
23522,4
23523,6
23524,4
23525,3
23526,3
23527,4
23528,5
23529,2
23530,6
23531,6
23532,6
23533,0
23534,0
23535,5
23536,2
23537,1
23538,4
23539,0
23540,2
23541,4
23542,5
23543,5
23544,2
23545,0
23546,4
23547,1
23548,6
23549,6
23550,3
23551,0
23552,3
23553,4
23554,3
23555,2
23556,2
23557,5
23558,5
23559,5
23560,5
23561,1
23562,3
23563,3
23564,3
23565,1
23566,1
23567,2
23568,4
23569,1
23570,2
23571,0
23572,1
23573,2
23574,1
23575,0
23576,3
23577,4
23578,5
23579,0
23580,3
23581,2
23582,0
23583,5
23584,0
23585,5
23586,2
23587,6
23588,1
23589,4
23590,1
23591,0
23592,5
23593,0
23594,0
23595,1
23596,3
23597,5
23598,2
23599,1
23600,1
23601,3
23602,1
23603,0
23604,4
23605,0
23606,4
23607,6
23608,2
23609,2
23610,0
23611,1
23612,6
23613,2
23614,5
23615,4
23616,2
23617,4
23618,5
23619,0
23620,4
23621,5
23622,0
23623,0
23624,3
23625,5
23626,0
23627,3
23628,4
23629,1
23630,3
23631,3
23632,0
23633,3
23634,3
23635,6
23636,6
23637,1
23638,0
23639,4
23640,5
23641,1
23642,4
23643,6
23644,6
23645,0
23646,0
23647,3
23648,2
23649,2
23650,4
23651,3
23652,4
23653,5
23654,1
23655,0
23656,4
23657,1
23658,3
23659,1
23660,4
23661,5
23662,3
23663,6
23664,6
23665,0
23666,0
23667,4
23668,4
23669,1
23670,1
23671,2
23672,0
23673,1
23674,3
23675,4
23676,5
23677,1
23678,2
23679,3
23680,5
23681,4
23682,3
23683,6
23684,2
23685,0
23686,2
23687,3
23688,0
23689,5
23690,2
23691,4
23692,2
23693,0
23694,1
23695,6
23696,0
23697,2
23698,0
23699,5
23700,4
23701,5
23702,1
23703,1
23704,5
23705,4
23706,5
23707,5
23708,3
23709,4
23710,0
23711,2
23712,5
23713,6
23714,4
23715,6
23716,4
23717,6
23718,2
23719,6
23720,5
23721,5
23722,3
23723,6
23724,0
23725,0
23726,0
23727,1
23728,3
23729,4
23730,2
23731,2
23732,2
23733,3
23734,4
23735,5
23736,6
23737,2
23738,6
23739,6
23740,3
23741,1
23742,4
23743,4
23744,3
23745,5
23746,1
23747,0
23748,5
23749,3
23750,6
23751,5
23752,1
23753,6
23754,1
23755,4
23756,4
23757,4
23758,3
23759,0
23760,5
23761,2
23762,2
23763,5
23764,0
23765,0
23766,5
23767,3
23768,2
23769,0
23770,3
23771,1
23772,3
23773,5
23774,0
23775,0
23776,2
23777,3
23778,0
23779,1
23780,5
23781,0
23782,5
23783,1
23784,3
23785,0
23786,3
23787,0
23788,1
23789,5
23790,5
23791,3
23792,0
23793,0
23794,1
23795,0
23796,6
23797,5
23798,3
23799,1
23800,2
23801,3
23802,3
23803,2
23804,5
23805,2
23806,4
23807,0
23808,3
23809,1
23810,3
23811,1
23812,5
23813,1
23814,0
23815,1
23816,3
23817,3
23818,3
23819,5
23820,5
23821,5
23822,2
23823,2
23824,5
23825,5
23826,4
23827,0
23828,3
23829,3
23830,4
23831,2
23832,3
23833,0
23834,1
23835,4
23836,1
23837,0
23838,2
23839,0
23840,3
23841,3
23842,2
23843,0
23844,3
23845,5
23846,3
23847,0
23848,4
23849,6
23850,6
23851,0
23852,1
23853,4
23854,2
23855,3
23856,6
23857,4
23858,5
23859,6
23860,4
23861,5
23862,3
23863,1
23864,5
23865,3
23866,5
23867,3
23868,5
23869,0
23870,1
23871,3
23872,2
23873,0
23874,6
23875,0
23876,0
23877,1
23878,4
23879,2
23880,4
23881,1
23882,2
23883,6
23884,0
23885,3
23886,5
23887,1
23888,0
23889,4
23890,5
23891,2
23892,6
23893,1
23894,2
23895,5
23896,6
23897,0
23898,3
23899,3
23900,2
23901,6
23902,1
23903,4
23904,2
23905,5
23906,0
23907,4
23908,1
23909,6
23910,0
23911,5
23912,5
23913,6
23914,6
23915,0
23916,1
23917,0
23918,6
23919,4
23920,6
23921,1
23922,2
23923,5
23924,4
23925,5
23926,0
23927,2
23928,4
23929,4
23930,6
23931,4
23932,4
23933,2
23934,0
23935,1
23936,2
23937,1
23938,6
23939,1
23940,6
23941,4
23942,0
23943,2
23944,5
23945,6
23946,2
23947,5
23948,0
23949,0
23950,4
23951,6
23952,4
23953,3
23954,4
23955,2
23956,5
23957,4
23958,5
23959,3
23960,0
23961,2
23962,6
23963,6
23964,6
23965,4
23966,4
23967,0
23968,0
23969,0
23970,6
23971,1
23972,4
23973,6
23974,3
23975,4
23976,2
23977,0
23978,2
23979,5
23980,0
23981,6
23982,5
23983,3
23984,2
23985,6
23986,1
23987,4
23988,1
23989,1
23990,4
23991,3
23992,2
23993,1
23994,3
23995,2
23996,2
23997,0
23998,2
23999,4
24000,1
24001,0
24002,0
24003,0
24004,5
24005,2
24006,0
24007,6
24008,3
24009,4
24010,5
24011,2
24012,2
24013,0
24014,2
24015,6
24016,0
24017,0
24018,2
24019,2
24020,6
24021,2
24022,2
24023,4
24024,0
24025,0
24026,0
24027,1
24028,1
24029,4
24030,0
24031,0
24032,0
24033,4
24034,4
24035,4
24036,2
24037,1
24038,2
24039,4
24040,2
24041,5
24042,5
24043,3
24044,1
24045,4
24046,2
24047,6
24048,6
24049,6
24050,2
24051,0
24052,0
24053,4
24054,4
24055,6
24056,0
24057,5
24058,4
24059,0
24060,2
24061,1
24062,2
24063,6
24064,3
24065,3
24066,4
24067,6
24068,1
24069,4
24070,1
24071,2
24072,0
24073,4
24074,2
24075,2
24076,0
24077,0
24078,4
24079,0
24080,1
24081,2
24082,1
24083,0
24084,5
24085,4
24086,6
24087,6
24088,2
24089,1
24090,2
24091,6
24092,5
24093,2
24094,2
24095,1
24096,3
24097,6
24098,6
24099,5
24100,3
24101,1
24102,3
24103,0
24104,5
24105,2
24106,6
24107,0
24108,3
24109,6
24110,3
24111,4
24112,4
24113,5
24114,2
24115,5
24116,2
24117,3
24118,4
24119,3
24120,4
24121,5
24122,0
24123,1
24124,4
24125,2
24126,6
24127,2
24128,5
24129,4
24130,2
24131,4
24132,0
24133,6
24134,1
24135,5
24136,4
24137,2
24138,1
24139,4
24140,0
24141,0
24142,0
24143,5
24144,6
24145,3
24146,5
24147,2
24148,5
24149,1
24150,1
24151,5
24152,2
24153,5
24154,2
24155,2
24156,5
24157,3
24158,0
24159,5
24160,5
24161,2
24162,5
24163,0
24164,0
24165,0
24166,2
24167,5
24168,6
24169,2
24170,1
24171,6
24172,5
24173,0
24174,2
24175,1
24176,3
24177,3
24178,2
24179,0
24180,4
24181,1
24182,5
24183,6
24184,4
24185,0
24186,2
24187,6
24188,0
24189,5
24190,3
24191,5
24192,5
24193,1
24194,0
24195,2
24196,1
24197,4
24198,5
24199,5
24200,0
24201,3
24202,3
24203,4
24204,5
24205,5
24206,5
24207,4
24208,1
24209,4
24210,1
24211,6
24212,6
24213,1
24214,0
24215,4
24216,3
24217,0
24218,1
24219,3
24220,4
24221,6
24222,1
24223,2
24224,6
24225,3
24226,0
24227,5
24228,2
24229,1
24230,5
24231,5
24232,4
24233,4
24234,0
24235,1
24236,0
24237,0
24238,2
24239,4
24240,1
24241,4
24242,2
24243,5
24244,2
24245,2
24246,3
24247,1
24248,0
24249,1
24250,5
24251,5
24252,5
24253,2
24254,6
24255,1
24256,5
24257,6
24258,0
24259,3
24260,3
24261,2
24262,2
24263,4
24264,0
24265,0
24266,6
24267,1
24268,1
24269,1
24270,6
24271,6
24272,0
24273,6
24274,3
24275,5
24276,5
24277,5
24278,3
24279,6
24280,2
24281,5
24282,2
24283,2
24284,0
24285,3
24286,1
24287,2
24288,2
24289,2
24290,1
24291,6
24292,3
24293,5
24294,2
24295,1
24296,6
24297,2
24298,3
24299,5
24300,3
24301,2
24302,0
24303,6
24304,0
24305,3
24306,4
24307,2
24308,5
24309,0
24310,5
24311,0
24312,4
24313,5
24314,6
24315,2
24316,4
24317,3
24318,5
24319,4
24320,2
24321,4
24322,1
24323,5
24324,5
24325,0
24326,4
24327,3
24328,0
24329,5
24330,3
24331,0
24332,5
24333,2
24334,0
24335,0
24336,2
24337,1
24338,4
24339,2
24340,5
24341,0
24342,0
24343,1
24344,5
24345,0
24346,2
24347,5
24348,0
24349,3
24350,1
24351,2
24352,6
24353,0
24354,3
24355,2
24356,0
24357,1
24358,0
24359,6
24360,5
24361,1
24362,3
24363,3
24364,2
24365,5
24366,6
24367,1
24368,2
24369,5
24370,5
24371,2
24372,0
24373,4
24374,2
24375,4
24376,4
24377,5
24378,2
24379,5
24380,4
24381,3
24382,5
24383,3
24384,2
24385,5
24386,2
24387,0
24388,3
24389,3
24390,3
24391,1
24392,5
24393,0
24394,5
24395,1
24396,4
24397,3
24398,2
24399,4
24400,4
24401,1
24402,2
24403,2
24404,1
24405,5
24406,4
24407,5
24408,2
24409,0
24410,4
24411,1
24412,1
24413,4
24414,0
24415,4
24416,3
24417,6
24418,1
24419,3
24420,2
24421,0
24422,1
24423,0
24424,1
24425,5
24426,4
24427,6
24428,6
24429,1
24430,5
24431,4
24432,5
24433,4
24434,0
24435,6
24436,4
24437,2
24438,4
24439,5
24440,2
24441,0
24442,1
24443,3
24444,5
24445,0
24446,4
24447,1
24448,1
24449,1
24450,1
24451,5
24452,5
24453,0
24454,1
24455,3
24456,4
24457,5
24458,4
24459,1
24460,2
24461,4
24462,3
24463,2
24464,1
24465,4
24466,4
24467,2
24468,1
24469,3
24470,2
24471,6
24472,0
24473,5
24474,6
24475,3
24476,6
24477,1
24478,4
24479,5
24480,5
24481,3
24482,3
24483,1
24484,1
24485,5
24486,0
24487,1
24488,3
24489,0
24490,5
24491,5
24492,1
24493,1
24494,2
24495,6
24496,6
24497,2
24498,1
24499,3
24500,2
24501,0
24502,4
24503,0
24504,3
24505,2
24506,2
24507,3
24508,6
24509,2
24510,6
24511,6
24512,5
24513,3
24514,0
24515,2
24516,4
24517,2
24518,2
24519,5
24520,4
24521,2
24522,4
24523,3
24524,0
24525,6
24526,2
24527,5
24528,1
24529,5
24530,1
24531,5
24532,6
24533,6
24534,3
24535,5
24536,1
24537,1
24538,2
24539,4
24540,0
24541,2
24542,6
24543,0
24544,1
24545,0
24546,0
24547,6
24548,5
24549,6
24550,0
24551,4
24552,5
24553,6
24554,1
24555,5
24556,0
24557,3
24558,6
24559,0
24560,2
24561,6
24562,0
24563,2
24564,1
24565,4
24566,4
24567,2
24568,2
24569,4
24570,3
24571,4
24572,2
24573,0
24574,0
24575,1
24576,1
24577,1
24578,3
24579,1
24580,3
24581,1
24582,4
24583,0
24584,2
24585,3
24586,3
24587,5
24588,4
24589,6
24590,1
24591,2
24592,6
24593,2
24594,6
24595,5
24596,1
24597,4
24598,5
24599,1
24600,2
24601,4
24602,4
24603,3
24604,4
24605,0
24606,5
24607,1
24608,0
24609,1
24610,4
24611,2
24612,0
24613,4
24614,5
24615,5
24616,6
24617,5
24618,5
24619,6
24620,3
24621,6
24622,0
24623,5
24624,6
24625,3
24626,1
24627,4
24628,0
24629,2
24630,0
24631,6
24632,4
24633,5
24634,0
24635,5
24636,4
24637,0
24638,3
24639,5
24640,3
24641,5
24642,0
24643,2
24644,1
24645,4
24646,5
24647,4
24648,3
24649,6
24650,3
24651,2
24652,2
24653,3
24654,5
24655,0
24656,6
24657,4
24658,1
24659,4
24660,0
24661,2
24662,3
24663,4
24664,4
24665,6
24666,2
24667,0
24668,2
24669,5
24670,1
24671,1
24672,0
24673,6
24674,0
24675,1
24676,0
24677,1
24678,6
24679,4
24680,2
24681,4
24682,0
24683,3
24684,4
24685,3
24686,1
24687,6
24688,4
24689,0
24690,3
24691,5
24692,1
24693,5
24694,6
24695,2
24696,5
24697,3
24698,3
24699,5
24700,0
24701,5
24702,6
24703,4
24704,2
24705,5
24706,1
24707,1
24708,3
24709,1
24710,3
24711,4
24712,6
24713,2
24714,5
24715,0
24716,6
24717,5
24718,6
24719,0
24720,5
24721,6
24722,4
24723,5
24724,0
24725,4
24726,1
24727,5
24728,2
24729,1
24730,1
24731,1
24732,6
24733,6
24734,0
24735,3
24736,4
24737,1
24738,3
24739,0
24740,3
24741,5
24742,0
24743,3
24744,4
24745,0
24746,6
24747,4
24748,5
24749,5
24750,5
24751,1
24752,6
24753,5
24754,2
24755,4
24756,6
24757,3
24758,3
24759,4
24760,4
24761,5
24762,0
24763,3
24764,3
24765,2
24766,6
24767,4
24768,3
24769,3
24770,3
24771,0
24772,5
24773,1
24774,2
24775,2
24776,1
24777,4
24778,5
24779,2
24780,6
24781,2
24782,0
24783,3
24784,6
24785,1
24786,3
24787,4
24788,2
24789,2
24790,0
24791,0
24792,2
24793,2
24794,4
24795,3
24796,5
24797,5
24798,0
24799,1
24800,2
24801,4
24802,0
24803,0
24804,5
24805,6
24806,1
24807,3
24808,5
24809,3
24810,6
24811,3
24812,0
24813,4
24814,6
24815,3
24816,0
24817,1
24818,0
24819,5
24820,3
24821,5
24822,4
24823,1
24824,4
24825,6
24826,4
24827,5
24828,5
24829,5
24830,4
24831,0
24832,6
24833,1
24834,3
24835,3
24836,4
24837,6
24838,1
24839,0
24840,3
24841,2
24842,1
24843,0
24844,3
24845,1
24846,3
24847,4
24848,0
24849,4
24850,4
24851,5
24852,0
24853,1
24854,6
24855,2
24856,4
24857,3
24858,6
24859,5
24860,6
24861,2
24862,0
24863,1
24864,2
24865,1
24866,0
24867,2
24868,5
24869,4
24870,0
24871,5
24872,3
24873,3
24874,0
24875,0
24876,5
24877,6
24878,6
24879,5
24880,3
24881,4
24882,3
24883,0
24884,3
24885,0
24886,5
24887,3
24888,5
24889,0
24890,6
24891,6
24892,0
24893,5
24894,4
24895,4
24896,2
24897,2
24898,2
24899,5
24900,3
24901,3
24902,2
24903,4
24904,5
24905,2
24906,5
24907,1
24908,1
24909,4
24910,1
24911,4
24912,3
24913,4
24914,5
24915,4
24916,2
24917,4
24918,2
24919,6
24920,3
24921,4
24922,0
24923,3
24924,2
24925,2
24926,5
24927,5
24928,5
24929,5
24930,5
24931,3
24932,5
24933,0
24934,1
24935,4
24936,4
24937,4
24938,5
24939,0
24940,2
24941,6
24942,3
24943,4
24944,5
24945,0
24946,0
24947,5
24948,0
24949,1
24950,0
24951,5
24952,0
24953,6
24954,1
24955,3
24956,0
24957,4
24958,4
24959,6
24960,3
24961,1
24962,4
24963,4
24964,1
24965,5
24966,5
24967,2
24968,3
24969,3
24970,4
24971,2
24972,1
24973,0
24974,1
24975,1
24976,1
24977,0
24978,5
24979,6
24980,6
24981,4
24982,6
24983,5
24984,6
24985,2
24986,5
24987,0
24988,3
24989,0
24990,3
24991,1
24992,3
24993,0
24994,6
24995,2
24996,4
24997,5
24998,4
24999,6
25000,0
25001,1
25002,3
25003,1
25004,3
25005,4
25006,1
25007,1
25008,3
25009,6
25010,4
25011,2
25012,3
25013,0
25014,0
25015,2
25016,4
25017,0
25018,2
25019,6
25020,3
25021,3
25022,0
25023,6
25024,6
25025,3
25026,6
25027,4
25028,2
25029,6
25030,3
25031,1
25032,4
25033,5
25034,6
25035,2
25036,2
25037,2
25038,5
25039,6
25040,6
25041,2
25042,2
25043,0
25044,6
25045,1
25046,2
25047,6
25048,5
25049,6
25050,3
25051,5
25052,3
25053,3
25054,6
25055,3
25056,0
25057,6
25058,0
25059,6
25060,1
25061,3
25062,5
25063,5
25064,1
25065,2
25066,3
25067,2
25068,0
25069,5
25070,2
25071,1
25072,3
25073,5
25074,3
25075,3
25076,1
25077,4
25078,3
25079,3
25080,4
25081,1
25082,2
25083,3
25084,6
25085,4
25086,2
25087,6
25088,6
25089,3
25090,6
25091,1
25092,5
25093,6
25094,5
25095,6
25096,4
25097,0
25098,4
25099,1
25100,6
25101,2
25102,5
25103,4
25104,5
25105,6
25106,1
25107,3
25108,2
25109,3
25110,1
25111,0
25112,4
25113,5
25114,2
25115,1
25116,6
25117,4
25118,0
25119,2
25120,4
25121,0
25122,1
25123,3
25124,4
25125,3
25126,1
25127,5
25128,2
25129,1
25130,6
25131,3
25132,6
25133,4
25134,0
25135,0
25136,0
25137,4
25138,0
25139,0
25140,2
25141,5
25142,0
25143,3
25144,4
25145,5
25146,0
25147,1
25148,5
25149,0
25150,0
25151,5
25152,0
25153,1
25154,0
25155,0
25156,0
25157,3
25158,1
25159,5
25160,2
25161,1
25162,0
25163,4
25164,1
25165,0
25166,0
25167,2
25168,3
25169,1
25170,4
25171,3
25172,2
25173,1
25174,3
25175,0
25176,5
25177,4
25178,0
25179,3
25180,1
25181,6
25182,4
25183,2
25184,0
25185,5
25186,5
25187,4
25188,6
25189,4
25190,0
25191,2
25192,0
25193,1
25194,2
25195,5
25196,6
25197,3
25198,4
25199,0
25200,5
25201,3
25202,2
25203,0
25204,0
25205,5
25206,5
25207,0
25208,0
25209,5
25210,0
25211,3
25212,0
25213,0
25214,3
25215,6
25216,2
25217,5
25218,6
25219,0
25220,1
25221,5
25222,4
25223,0
25224,4
25225,4
25226,4
25227,0
25228,2
25229,1
25230,4
25231,4
25232,6
25233,6
25234,3
25235,4
25236,3
25237,4
25238,3
25239,0
25240,4
25241,0
25242,0
25243,5
25244,6
25245,2
25246,1
25247,5
25248,4
25249,1
25250,1
25251,2
25252,4
25253,0
25254,3
25255,4
25256,5
25257,5
25258,0
25259,0
25260,4
25261,3
25262,5
25263,1
25264,1
25265,1
25266,2
25267,2
25268,6
25269,0
25270,3
25271,5
25272,6
25273,0
25274,0
25275,6
25276,5
25277,5
25278,2
25279,6
25280,5
25281,1
25282,3
25283,4
25284,3
25285,0
25286,5
25287,4
25288,5
25289,1
25290,0
25291,4
25292,5
25293,2
25294,4
25295,5
25296,6
25297,3
25298,3
25299,4
25300,0
25301,2
25302,2
25303,6
25304,4
25305,4
25306,5
25307,6
25308,4
25309,4
25310,1
25311,3
25312,3
25313,0
25314,2
25315,5
25316,1
25317,1
25318,5
25319,0
25320,2
25321,0
25322,1
25323,3
25324,4
25325,0
25326,1
25327,4
25328,0
25329,4
25330,3
25331,2
25332,2
25333,3
25334,0
25335,2
25336,4
25337,1
25338,0
25339,3
25340,6
25341,5
25342,5
25343,4
25344,6
25345,0
25346,1
25347,5
25348,3
25349,1
25350,3
25351,0
25352,2
25353,6
25354,3
25355,0
25356,1
25357,1
25358,0
25359,1
25360,2
25361,5
25362,2
25363,1
25364,2
25365,1
25366,1
25367,1
25368,0
25369,5
25370,0
25371,6
25372,4
25373,4
25374,6
25375,6
25376,2
25377,3
25378,3
25379,5
25380,6
25381,4
25382,1
25383,4
25384,5
25385,0
25386,6
25387,4
25388,2
25389,1
25390,5
25391,0
25392,0
25393,2
25394,1
25395,5
25396,3
25397,5
25398,1
25399,4
25400,3
25401,4
25402,0
25403,2
25404,6
25405,1
25406,1
25407,5
25408,4
25409,5
25410,4
25411,1
25412,5
25413,0
25414,6
25415,2
25416,0
25417,5
25418,6
25419,5
25420,2
25421,3
25422,1
25423,2
25424,5
25425,1
25426,5
25427,3
25428,5
25429,4
25430,3
25431,3
25432,1
25433,0
25434,1
25435,4
25436,2
25437,3
25438,4
25439,3
25440,3
25441,6
25442,0
25443,1
25444,1
25445,4
25446,1
25447,4
25448,6
25449,5
25450,3
25451,6
25452,5
25453,4
25454,5
25455,5
25456,2
25457,0
25458,5
25459,2
25460,0
25461,5
25462,3
25463,0
25464,1
25465,2
25466,0
25467,4
25468,1
25469,4
25470,4
25471,6
25472,4
25473,2
25474,2
25475,3
25476,0
25477,4
25478,3
25479,5
25480,5
25481,5
25482,4
25483,1
25484,4
25485,6
25486,5
25487,6
25488,0
25489,5
25490,6
25491,2
25492,4
25493,3
25494,4
25495,3
25496,1
25497,4
25498,0
25499,1
25500,6
25501,3
25502,3
25503,6
25504,4
25505,0
25506,4
25507,6
25508,3
25509,3
25510,5
25511,5
25512,6
25513,3
25514,6
25515,6
25516,5
25517,2
25518,1
25519,2
25520,5
25521,5
25522,0
25523,0
25524,4
25525,6
25526,6
25527,2
25528,2
25529,1
25530,5
25531,4
25532,1
25533,0
25534,1
25535,1
25536,5
25537,2
25538,3
25539,6
25540,0
25541,6
25542,2
25543,4
25544,2
25545,0
25546,2
25547,5
25548,3
25549,4
25550,3
25551,4
25552,3
25553,5
25554,5
25555,6
25556,0
25557,2
25558,0
25559,4
25560,5
25561,4
25562,1
25563,0
25564,6
25565,6
25566,6
25567,0
25568,1
25569,3
25570,6
25571,6
25572,6
25573,3
25574,1
25575,1
25576,4
25577,0
25578,1
25579,1
25580,0
25581,2
25582,5
25583,3
25584,5
25585,2
25586,2
25587,5
25588,0
25589,4
25590,2
25591,2
25592,6
25593,0
25594,5
25595,6
25596,2
25597,6
25598,5
25599,1
25600,3
25601,0
25602,2
25603,4
25604,3
25605,5
25606,5
25607,1
25608,5
25609,1
25610,5
25611,2
25612,0
25613,2
25614,4
25615,3
25616,3
25617,5
25618,0
25619,4
25620,4
25621,1
25622,0
25623,6
25624,6
25625,0
25626,3
25627,5
25628,5
25629,3
25630,0
25631,6
25632,3
25633,3
25634,1
25635,6
25636,3
25637,0
25638,1
25639,3
25640,0
25641,5
25642,0
25643,0
25644,4
25645,0
25646,4
25647,6
25648,5
25649,6
25650,2
25651,3
25652,0
25653,5
25654,0
25655,1
25656,0
25657,1
25658,0
25659,3
25660,4
25661,2
25662,1
25663,2
25664,0
25665,4
25666,6
25667,5
25668,0
25669,0
25670,5
25671,4
25672,5
25673,0
25674,0
25675,3
25676,4
25677,0
25678,2
25679,5
25680,4
25681,1
25682,6
25683,3
25684,6
25685,4
25686,0
25687,0
25688,6
25689,2
25690,0
25691,4
25692,1
25693,2
25694,5
25695,5
25696,0
25697,5
25698,6
25699,1
25700,3
25701,5
25702,2
25703,5
25704,5
25705,4
25706,3
25707,4
25708,2
25709,4
25710,2
25711,5
25712,0
25713,4
25714,5
25715,4
25716,1
25717,5
25718,0
25719,1
25720,1
25721,3
25722,1
25723,0
25724,1
25725,3
25726,4
25727,4
25728,5
25729,6
25730,2
25731,4
25732,1
25733,3
25734,1
25735,5
25736,1
25737,2
25738,6
25739,6
25740,2
25741,6
25742,5
25743,2
25744,4
25745,1
25746,6
25747,1
25748,4
25749,3
25750,6
25751,3
25752,3
25753,0
25754,1
25755,0
25756,3
25757,1
25758,5
25759,3
25760,0
25761,0
25762,0
25763,1
25764,6
25765,5
25766,6
25767,5
25768,3
25769,5
25770,2
25771,0
25772,6
25773,6
25774,0
25775,4
25776,5
25777,3
25778,5
25779,4
25780,1
25781,0
25782,0
25783,6
25784,3
25785,2
25786,5
25787,0
25788,6
25789,5
25790,4
25791,6
25792,3
25793,1
25794,4
25795,3
25796,2
25797,5
25798,0
25799,2
25800,1
25801,3
25802,5
25803,4
25804,4
25805,2
25806,0
25807,4
25808,0
25809,6
25810,4
25811,6
25812,5
25813,0
25814,5
25815,6
25816,4
25817,1
25818,4
25819,0
25820,6
25821,2
25822,4
25823,4
25824,4
25825,6
25826,6
25827,4
25828,3
25829,1
25830,2
25831,1
25832,2
25833,3
25834,4
25835,4
25836,5
25837,3
25838,0
25839,3
25840,0
25841,4
25842,4
25843,3
25844,1
25845,6
25846,1
25847,5
25848,3
25849,1
25850,1
25851,1
25852,3
25853,1
25854,2
25855,6
25856,2
25857,3
25858,0
25859,1
25860,6
25861,2
25862,2
25863,3
25864,6
25865,5
25866,1
25867,3
25868,2
25869,3
25870,1
25871,1
25872,5
25873,0
25874,2
25875,6
25876,2
25877,4
25878,0
25879,6
25880,6
25881,6
25882,3
25883,4
25884,5
25885,2
25886,3
25887,2
25888,1
25889,4
25890,6
25891,1
25892,5
25893,1
25894,4
25895,0
25896,1
25897,5
25898,1
25899,1
25900,3
25901,4
25902,0
25903,1
25904,5
25905,3
25906,2
25907,3
25908,5
25909,6
25910,3
25911,3
25912,5
25913,6
25914,4
25915,5
25916,1
25917,4
25918,3
25919,5
25920,3
25921,0
25922,0
25923,6
25924,5
25925,3
25926,5
25927,3
25928,3
25929,3
25930,3
25931,4
25932,4
25933,4
25934,5
25935,6
25936,3
25937,3
25938,3
25939,1
25940,1
25941,4
25942,2
25943,6
25944,5
25945,5
25946,3
25947,0
25948,5
25949,5
25950,5
25951,1
25952,6
25953,5
25954,6
25955,0
25956,4
25957,5
25958,0
25959,3
25960,0
25961,4
25962,1
25963,0
25964,1
25965,3
25966,4
25967,6
25968,2
25969,5
25970,3
25971,4
25972,0
25973,0
25974,2
25975,3
25976,2
25977,5
25978,4
25979,3
25980,1
25981,5
25982,2
25983,4
25984,4
25985,3
25986,4
25987,6
25988,4
25989,6
25990,1
25991,2
25992,6
25993,6
25994,0
25995,2
25996,4
25997,4
25998,6
25999,5
26000,2
26001,0
26002,0
26003,6
26004,5
26005,4
26006,0
26007,2
26008,5
26009,5
26010,5
26011,2
26012,1
26013,2
26014,3
26015,5
26016,1
26017,0
26018,0
26019,2
26020,0
26021,2
26022,4
26023,5
26024,0
26025,2
26026,4
26027,2
26028,3
26029,2
26030,0
26031,1
26032,0
26033,3
26034,3
26035,2
26036,4
26037,2
26038,5
26039,0
26040,3
26041,1
26042,4
26043,2
26044,1
26045,6
26046,0
26047,0
26048,0
26049,5
26050,0
26051,2
26052,5
26053,4
26054,6
26055,0
26056,2
26057,4
26058,2
26059,0
26060,1
26061,0
26062,5
26063,1
26064,5
26065,2
26066,0
26067,3
26068,0
26069,2
26070,3
26071,3
26072,4
26073,2
26074,6
26075,6
26076,0
26077,4
26078,1
26079,3
26080,1
26081,0
26082,4
26083,0
26084,0
26085,5
26086,4
26087,3
26088,3
26089,2
26090,4
26091,4
26092,6
26093,1
26094,3
26095,4
26096,0
26097,5
26098,2
26099,0
26100,5
26101,5
26102,0
26103,5
26104,0
26105,0
26106,4
26107,1
26108,0
26109,2
26110,1
26111,1
26112,6
26113,2
26114,5
26115,6
26116,6
26117,0
26118,6
26119,0
26120,5
26121,4
26122,6
26123,5
26124,6
26125,0
26126,5
26127,2
26128,0
26129,5
26130,6
26131,0
26132,5
26133,1
26134,0
26135,3
26136,2
26137,6
26138,2
26139,5
26140,3
26141,0
26142,6
26143,3
26144,5
26145,5
26146,1
26147,4
26148,1
26149,0
26150,4
26151,1
26152,0
26153,0
26154,6
26155,5
26156,1
26157,5
26158,4
26159,0
26160,3
26161,6
26162,3
26163,2
26164,3
26165,2
26166,4
26167,6
26168,4
26169,6
26170,3
26171,2
26172,2
26173,1
26174,5
26175,4
26176,6
26177,5
26178,6
26179,2
26180,2
26181,0
26182,0
26183,3
26184,1
26185,0
26186,5
26187,4
26188,1
26189,3
26190,3
26191,0
26192,6
26193,0
26194,0
26195,2
26196,6
26197,3
26198,3
26199,2
26200,2
26201,5
26202,5
26203,6
26204,1
26205,0
26206,5
26207,6
26208,1
26209,6
26210,3
26211,0
26212,6
26213,5
26214,5
26215,6
26216,4
26217,2
26218,0
26219,3
26220,1
26221,3
26222,2
26223,4
26224,3
26225,4
26226,0
26227,5
26228,1
26229,2
26230,0
26231,0
26232,5
26233,0
26234,3
26235,5
26236,3
26237,4
26238,0
26239,4
26240,6
26241,3
26242,5
26243,3
26244,2
26245,5
26246,0
26247,4
26248,0
26249,0
26250,2
26251,5
26252,1
26253,0
26254,1
26255,5
26256,4
26257,6
26258,1
26259,5
26260,0
26261,3
26262,2
26263,3
26264,0
26265,2
26266,0
26267,3
26268,0
26269,6
26270,3
26271,3
26272,1
26273,4
26274,4
26275,0
26276,0
26277,0
26278,0
26279,2
26280,3
26281,0
26282,1
26283,2
26284,3
26285,0
26286,3
26287,5
26288,2
26289,3
26290,0
26291,4
26292,3
26293,5
26294,3
26295,0
26296,5
26297,3
26298,0
26299,6
26300,0
26301,1
26302,6
26303,4
26304,3
26305,4
26306,1
26307,1
26308,5
26309,4
26310,6
26311,0
26312,4
26313,0
26314,3
26315,4
26316,6
26317,4
26318,4
26319,4
26320,6
26321,4
26322,5
26323,3
26324,2
26325,0
26326,4
26327,6
26328,6
26329,1
26330,1
26331,0
26332,1
26333,4
26334,1
26335,4
26336,3
26337,3
26338,6
26339,1
26340,2
26341,0
26342,3
26343,3
26344,5
26345,4
26346,0
26347,3
26348,4
26349,0
26350,3
26351,0
26352,0
26353,2
26354,6
26355,3
26356,3
26357,4
26358,1
26359,6
26360,0
26361,0
26362,2
26363,2
26364,0
26365,3
26366,1
26367,3
26368,3
26369,0
26370,3
26371,1
26372,4
26373,6
26374,0
26375,0
26376,1
26377,4
26378,1
26379,3
26380,1
26381,4
26382,4
26383,3
26384,4
26385,0
26386,4
26387,0
26388,2
26389,2
26390,2
26391,0
26392,0
26393,3
26394,0
26395,5
26396,3
26397,4
26398,4
26399,1
26400,0
26401,3
26402,3
26403,3
26404,2
26405,2
26406,1
26407,3
26408,4
26409,2
26410,6
26411,1
26412,2
26413,6
26414,2
26415,3
26416,0
26417,1
26418,5
26419,5
26420,4
26421,0
26422,6
26423,4
26424,3
26425,2
26426,0
26427,4
26428,5
26429,6
26430,3
26431,3
26432,5
26433,2
26434,1
26435,4
26436,1
26437,2
26438,6
26439,2
26440,6
26441,0
26442,1
26443,5
26444,4
26445,0
26446,6
26447,4
26448,3
26449,4
26450,5
26451,0
26452,3
26453,4
26454,4
26455,4
26456,4
26457,2
26458,6
26459,2
26460,5
26461,4
26462,4
26463,4
26464,6
26465,3
26466,3
26467,6
26468,5
26469,1
26470,0
26471,1
26472,1
26473,5
26474,0
26475,3
26476,2
26477,5
26478,4
26479,1
26480,2
26481,3
26482,3
26483,6
26484,2
26485,0
26486,0
26487,6
26488,3
26489,3
26490,2
26491,6
26492,2
26493,5
26494,5
26495,6
26496,4
26497,1
26498,4
26499,5
26500,2
26501,2
26502,2
26503,0
26504,0
26505,3
26506,2
26507,1
26508,1
26509,3
26510,0
26511,6
26512,1
26513,4
26514,3
26515,2
26516,2
26517,0
26518,1
26519,4
26520,4
26521,1
26522,5
26523,1
26524,4
26525,6
26526,4
26527,1
26528,3
26529,5
26530,3
26531,4
26532,4
26533,3
26534,3
26535,5
26536,3
26537,6
26538,5
26539,1
26540,3
26541,0
26542,2
26543,2
26544,3
26545,0
26546,6
26547,0
26548,4
26549,1
26550,3
26551,5
26552,4
26553,6
26554,5
26555,0
26556,3
26557,1
26558,2
26559,6
26560,3
26561,5
26562,0
26563,5
26564,0
26565,0
26566,3
26567,4
26568,5
26569,0
26570,5
26571,5
26572,6
26573,4
26574,6
26575,4
26576,6
26577,2
26578,2
26579,6
26580,1
26581,5
26582,5
26583,3
26584,3
26585,4
26586,0
26587,2
26588,1
26589,1
26590,5
26591,6
26592,0
26593,4
26594,5
26595,0
26596,6
26597,3
26598,5
26599,6
26600,0
26601,0
26602,5
26603,4
26604,3
26605,6
26606,2
26607,2
26608,0
26609,5
26610,1
26611,4
26612,3
26613,4
26614,0
26615,0
26616,4
26617,5
26618,5
26619,3
26620,1
26621,5
26622,2
26623,1
26624,4
26625,1
26626,6
26627,5
26628,1
26629,5
26630,6
26631,0
26632,6
26633,0
26634,3
26635,4
26636,4
26637,6
26638,2
26639,1
26640,2
26641,0
26642,5
26643,3
26644,3
26645,0
26646,1
26647,6
26648,1
26649,6
26650,5
26651,2
26652,3
26653,4
26654,1
26655,1
26656,6
26657,5
26658,2
26659,6
26660,0
26661,5
26662,2
26663,3
26664,3
26665,0
26666,0
26667,0
26668,6
26669,1
26670,3
26671,4
26672,6
26673,4
26674,4
26675,5
26676,0
26677,1
26678,6
26679,3
26680,5
26681,0
26682,3
26683,0
26684,6
26685,5
26686,6
26687,2
26688,0
26689,5
26690,1
26691,2
26692,5
26693,0
26694,0
26695,2
26696,3
26697,5
26698,1
26699,2
26700,2
26701,4
26702,1
26703,4
26704,3
26705,2
26706,3
26707,3
26708,6
26709,5
26710,1
26711,1
26712,2
26713,3
26714,6
26715,1
26716,1
26717,4
26718,6
26719,6
26720,5
26721,6
26722,6
26723,6
26724,1
26725,0
26726,6
26727,5
26728,1
26729,5
26730,6
26731,1
26732,5
26733,5
26734,0
26735,6
26736,6
26737,4
26738,2
26739,4
26740,1
26741,4
26742,5
26743,6
26744,3
26745,4
26746,4
26747,5
26748,3
26749,0
26750,1
26751,1
26752,3
26753,6
26754,1
26755,5
26756,4
26757,6
26758,1
26759,3
26760,2
26761,6
26762,3
26763,5
26764,1
26765,1
26766,4
26767,0
26768,2
26769,5
26770,0
26771,0
26772,1
26773,0
26774,0
26775,6
26776,6
26777,1
26778,1
26779,6
26780,1
26781,2
26782,6
26783,3
26784,1
26785,3
26786,5
26787,2
26788,2
26789,4
26790,3
26791,4
26792,4
26793,6
26794,2
26795,2
26796,1
26797,5
26798,4
26799,4
26800,2
26801,0
26802,6
26803,2
26804,6
26805,1
26806,3
26807,4
26808,2
26809,0
26810,4
26811,1
26812,1
26813,6
26814,4
26815,2
26816,1
26817,2
26818,2
26819,0
26820,3
26821,2
26822,5
26823,1
26824,0
26825,4
26826,4
26827,2
26828,4
26829,4
26830,6
26831,0
26832,4
26833,3
26834,6
26835,4
26836,6
26837,1
26838,2
26839,6
26840,6
26841,6
26842,4
26843,0
26844,3
26845,0
26846,6
26847,4
26848,0
26849,3
26850,5
26851,2
26852,5
26853,3
26854,2
26855,5
26856,4
26857,3
26858,3
26859,4
26860,5
26861,5
26862,3
26863,6
26864,0
26865,6
26866,0
26867,1
26868,6
26869,2
26870,0
26871,3
26872,5
26873,4
26874,4
26875,4
26876,3
26877,4
26878,1
26879,4
26880,4
26881,5
26882,2
26883,4
26884,2
26885,4
26886,0
26887,1
26888,5
26889,4
26890,0
26891,0
26892,0
26893,4
26894,0
26895,6
26896,0
26897,2
26898,5
26899,4
26900,0
26901,4
26902,5
26903,6
26904,4
26905,0
26906,0
26907,3
26908,4
26909,5
26910,3
26911,6
26912,4
26913,1
26914,4
26915,6
26916,0
26917,2
26918,0
26919,6
26920,3
26921,4
26922,0
26923,1
26924,4
26925,1
26926,1
26927,6
26928,3
26929,0
26930,0
26931,2
26932,5
26933,5
26934,5
26935,1
26936,0
26937,2
26938,6
26939,6
26940,6
26941,4
26942,1
26943,1
26944,3
26945,0
26946,6
26947,0
26948,0
26949,5
26950,0
26951,0
26952,5
26953,6
26954,2
26955,1
26956,4
26957,4
26958,5
26959,2
26960,0
26961,3
26962,0
26963,4
26964,3
26965,3
26966,5
26967,2
26968,6
26969,2
26970,6
26971,1
26972,6
26973,6
26974,3
26975,6
26976,1
26977,4
26978,5
26979,4
26980,5
26981,6
26982,0
26983,4
26984,5
26985,4
26986,1
26987,2
26988,4
26989,6
26990,2
26991,2
26992,4
26993,4
26994,0
26995,1
26996,0
26997,0
26998,1
26999,1
27000,1
27001,6
27002,6
27003,3
27004,5
27005,0
27006,4
27007,1
27008,0
27009,5
27010,4
27011,1
27012,3
27013,2
27014,4
27015,5
27016,4
27017,5
27018,1
27019,4
27020,4
27021,5
27022,4
27023,3
27024,1
27025,0
27026,0
27027,1
27028,6
27029,2
27030,3
27031,1
27032,5
27033,3
27034,1
27035,2
27036,0
27037,4
27038,0
27039,6
27040,2
27041,6
27042,0
27043,3
27044,3
27045,0
27046,3
27047,2
27048,5
27049,0
27050,6
27051,6
27052,4
27053,3
27054,4
27055,5
27056,2
27057,3
27058,2
27059,6
27060,4
27061,0
27062,3
27063,0
27064,4
27065,6
27066,6
27067,1
27068,1
27069,4
27070,1
27071,2
27072,5
27073,5
27074,0
27075,4
27076,3
27077,4
27078,5
27079,3
27080,3
27081,5
27082,3
27083,5
27084,4
27085,6
27086,1
27087,5
27088,4
27089,1
27090,0
27091,0
27092,4
27093,5
27094,1
27095,5
27096,6
27097,1
27098,4
27099,5
27100,5
27101,1
27102,6
27103,1
27104,0
27105,1
27106,6
27107,2
27108,1
27109,1
27110,2
27111,0
27112,4
27113,5
27114,2
27115,2
27116,3
27117,3
27118,4
27119,5
27120,0
27121,0
27122,3
27123,4
27124,0
27125,3
27126,1
27127,6
27128,0
27129,1
27130,5
27131,6
27132,6
27133,6
27134,1
27135,6
27136,6
27137,4
27138,2
27139,3
27140,4
27141,0
27142,4
27143,3
27144,4
27145,3
27146,3
27147,2
27148,6
27149,3
27150,5
27151,0
27152,5
27153,4
27154,5
27155,2
27156,5
27157,5
27158,3
27159,6
27160,6
27161,2
27162,5
27163,2
27164,5
27165,0
27166,5
27167,3
27168,5
27169,1
27170,0
27171,0
27172,5
27173,4
27174,4
27175,4
27176,1
27177,0
27178,5
27179,4
27180,4
27181,0
27182,5
27183,6
27184,5
27185,2
27186,3
27187,4
27188,6
27189,4
27190,0
27191,6
27192,6
27193,1
27194,3
27195,3
27196,2
27197,4
27198,4
27199,3
27200,0
27201,6
27202,4
27203,1
27204,5
27205,3
27206,2
27207,0
27208,4
27209,5
27210,2
27211,2
27212,4
27213,5
27214,4
27215,2
27216,4
27217,4
27218,5
27219,6
27220,0
27221,2
27222,6
27223,4
27224,4
27225,3
27226,0
27227,6
27228,0
27229,4
27230,1
27231,0
27232,6
27233,4
27234,3
27235,1
27236,1
27237,1
27238,4
27239,0
27240,4
27241,5
27242,3
27243,0
27244,4
27245,2
27246,5
27247,5
27248,1
27249,1
27250,2
27251,1
27252,4
27253,5
27254,0
27255,5
27256,1
27257,6
27258,5
27259,5
27260,3
27261,1
27262,4
27263,1
27264,1
27265,2
27266,3
27267,6
27268,2
27269,6
27270,1
27271,2
27272,1
27273,3
27274,0
27275,2
27276,3
27277,6
27278,4
27279,5
27280,0
27281,2
27282,6
27283,4
27284,2
27285,5
27286,6
27287,3
27288,2
27289,4
27290,0
27291,1
27292,0
27293,4
27294,4
27295,3
27296,1
27297,4
27298,3
27299,3
27300,4
27301,4
27302,5
27303,1
27304,3
27305,6
27306,0
27307,3
27308,4
27309,3
27310,4
27311,3
27312,0
27313,5
27314,5
27315,3
27316,6
27317,3
27318,4
27319,0
27320,0
27321,0
27322,5
27323,0
27324,5
27325,6
27326,4
27327,6
27328,3
27329,2
27330,4
27331,4
27332,4
27333,0
27334,4
27335,4
27336,6
27337,0
27338,6
27339,4
27340,4
27341,0
27342,5
27343,6
27344,5
27345,3
27346,1
27347,0
27348,0
27349,5
27350,5
27351,6
27352,1
27353,6
27354,2
27355,3
27356,3
27357,2
27358,2
27359,4
27360,2
27361,1
27362,2
27363,3
27364,6
27365,2
27366,3
27367,3
27368,0
27369,4
27370,4
27371,4
27372,1
27373,5
27374,0
27375,2
27376,5
27377,4
27378,4
27379,0
27380,2
27381,5
27382,3
27383,2
27384,2
27385,6
27386,0
27387,6
27388,5
27389,6
27390,0
27391,4
27392,0
27393,0
27394,0
27395,5
27396,5
27397,1
27398,2
27399,0
27400,1
27401,1
27402,6
27403,0
27404,1
27405,0
27406,2
27407,0
27408,2
27409,1
27410,1
27411,5
27412,3
27413,2
27414,5
27415,2
27416,3
27417,1
27418,0
27419,0
27420,0
27421,1
27422,6
27423,0
27424,3
27425,4
27426,4
27427,2
27428,2
27429,3
27430,5
27431,1
27432,4
27433,3
27434,2
27435,4
27436,5
27437,6
27438,3
27439,4
27440,4
27441,0
27442,5
27443,3
27444,0
27445,2
27446,2
27447,1
27448,4
27449,5
27450,1
27451,5
27452,0
27453,4
27454,5
27455,0
27456,3
27457,4
27458,1
27459,4
27460,5
27461,0
27462,5
27463,4
27464,1
27465,3
27466,0
27467,0
27468,0
27469,0
27470,0
27471,1
27472,5
27473,1
27474,2
27475,4
27476,4
27477,5
27478,3
27479,6
27480,2
27481,4
27482,0
27483,2
27484,3
27485,4
27486,5
27487,2
27488,2
27489,0
27490,2
27491,0
27492,1
27493,1
27494,0
27495,3
27496,0
27497,1
27498,0
27499,1
27500,4
27501,2
27502,4
27503,3
27504,3
27505,3
27506,3
27507,2
27508,0
27509,0
27510,2
27511,6
27512,0
27513,0
27514,6
27515,3
27516,2
27517,6
27518,4
27519,6
27520,0
27521,4
27522,5
27523,3
27524,5
27525,2
27526,5
27527,1
27528,6
27529,3
27530,0
27531,5
27532,4
27533,5
27534,3
27535,4
27536,4
27537,0
27538,5
27539,0
27540,5
27541,5
27542,4
27543,0
27544,5
27545,0
27546,0
27547,3
27548,3
27549,4
27550,6
27551,4
27552,5
27553,2
27554,1
27555,3
27556,4
27557,1
27558,0
27559,1
27560,4
27561,3
27562,4
27563,5
27564,4
27565,2
27566,1
27567,6
27568,6
27569,3
27570,1
27571,4
27572,5
27573,4
27574,3
27575,5
27576,4
27577,4
27578,3
27579,0
27580,5
27581,3
27582,0
27583,6
27584,4
27585,0
27586,5
27587,1
27588,1
27589,2
27590,4
27591,4
27592,0
27593,2
27594,2
27595,4
27596,3
27597,0
27598,6
27599,6
27600,3
27601,0
27602,5
27603,0
27604,4
27605,5
27606,6
27607,1
27608,3
27609,0
27610,6
27611,4
27612,6
27613,4
27614,0
27615,2
27616,4
27617,4
27618,5
27619,3
27620,6
27621,0
27622,5
27623,3
27624,3
27625,6
27626,1
27627,0
27628,5
27629,2
27630,4
27631,2
27632,4
27633,1
27634,3
27635,6
27636,3
27637,1
27638,2
27639,1
27640,6
27641,5
27642,5
27643,6
27644,3
27645,5
27646,6
27647,6
27648,0
27649,6
27650,5
27651,4
27652,3
27653,5
27654,6
27655,4
27656,1
27657,0
27658,0
27659,2
27660,4
27661,4
27662,4
27663,1
27664,1
27665,1
27666,6
27667,3
27668,6
27669,3
27670,3
27671,2
27672,2
27673,1
27674,6
27675,5
27676,1
27677,0
27678,1
27679,5
27680,1
27681,0
27682,2
27683,0
27684,1
27685,2
27686,3
27687,4
27688,1
27689,6
27690,1
27691,1
27692,5
27693,1
27694,5
27695,3
27696,5
27697,5
27698,5
27699,1
27700,1
27701,5
27702,2
27703,4
27704,2
27705,6
27706,3
27707,6
27708,5
27709,3
27710,5
27711,2
27712,6
27713,4
27714,5
27715,1
27716,3
27717,6
27718,0
27719,3
27720,4
27721,2
27722,0
27723,6
27724,2
27725,6
27726,4
27727,4
27728,0
27729,4
27730,3
27731,2
27732,0
27733,2
27734,4
27735,2
27736,5
27737,4
27738,4
27739,5
27740,1
27741,2
27742,2
27743,4
27744,0
27745,4
27746,3
27747,0
27748,5
27749,1
27750,5
27751,0
27752,2
27753,2
27754,1
27755,3
27756,2
27757,1
27758,0
27759,3
27760,2
27761,6
27762,6
27763,5
27764,0
27765,3
27766,4
27767,4
27768,4
27769,0
27770,2
27771,5
27772,3
27773,2
27774,4
27775,0
27776,0
27777,4
27778,0
27779,4
27780,4
27781,2
27782,2
27783,0
27784,0
27785,2
27786,2
27787,6
27788,6
27789,3
27790,0
27791,1
27792,2
27793,4
27794,2
27795,0
27796,5
27797,4
27798,0
27799,1
27800,6
27801,5
27802,6
27803,4
27804,5
27805,4
27806,3
27807,6
27808,2
27809,6
27810,0
27811,1
27812,2
27813,0
27814,0
27815,3
27816,6
27817,1
27818,1
27819,6
27820,1
27821,4
27822,1
27823,4
27824,0
27825,4
27826,6
27827,4
27828,3
27829,2
27830,3
27831,2
27832,3
27833,3
27834,4
27835,3
27836,2
27837,5
27838,6
27839,0
27840,3
27841,2
27842,4
27843,2
27844,4
27845,0
27846,0
27847,4
27848,6
27849,5
27850,1
27851,2
27852,6
27853,0
27854,0
27855,3
27856,2
27857,3
27858,2
27859,0
27860,0
27861,3
27862,2
27863,0
27864,1
27865,5
27866,1
27867,0
27868,2
27869,2
27870,2
27871,6
27872,5
27873,0
27874,2
27875,5
27876,3
27877,0
27878,4
27879,6
27880,5
27881,4
27882,5
27883,0
27884,1
27885,1
27886,6
27887,2
27888,6
27889,0
27890,6
27891,1
27892,3
27893,2
27894,5
27895,2
27896,4
27897,5
27898,6
27899,5
27900,4
27901,5
27902,0
27903,4
27904,0
27905,3
27906,6
27907,0
27908,6
27909,3
27910,1
27911,5
27912,6
27913,1
27914,6
27915,3
27916,4
27917,2
27918,4
27919,5
27920,0
27921,0
27922,3
27923,0
27924,5
27925,2
27926,5
27927,4
27928,4
27929,1
27930,5
27931,3
27932,2
27933,4
27934,5
27935,0
27936,3
27937,5
27938,1
27939,4
27940,0
27941,5
27942,1
27943,0
27944,2
27945,2
27946,1
27947,4
27948,1
27949,3
27950,5
27951,4
27952,0
27953,2
27954,1
27955,1
27956,6
27957,5
27958,5
27959,3
27960,3
27961,5
27962,5
27963,6
27964,4
27965,4
27966,3
27967,3
27968,1
27969,1
27970,3
27971,4
27972,4
27973,0
27974,6
27975,2
27976,0
27977,3
27978,1
27979,4
27980,3
27981,4
27982,0
27983,2
27984,2
27985,0
27986,2
27987,0
27988,2
27989,3
27990,2
27991,4
27992,3
27993,5
27994,3
27995,1
27996,4
27997,4
27998,1
27999,4
28000,5
28001,6
28002,5
28003,4
28004,0
28005,3
28006,5
28007,0
28008,1
28009,5
28010,6
28011,4
28012,4
28013,4
28014,1
28015,2
28016,1
28017,2
28018,3
28019,2
28020,0
28021,1
28022,0
28023,2
28024,1
28025,1
28026,0
28027,4
28028,4
28029,3
28030,2
28031,4
28032,5
28033,0
28034,2
28035,5
28036,1
28037,4
28038,5
28039,3
28040,4
28041,4
28042,4
28043,5
28044,4
28045,5
28046,3
28047,6
28048,1
28049,2
28050,1
28051,5
28052,1
28053,2
28054,6
28055,1
28056,3
28057,1
28058,3
28059,0
28060,3
28061,2
28062,5
28063,2
28064,0
28065,4
28066,3
28067,5
28068,3
28069,0
28070,5
28071,6
28072,6
28073,2
28074,1
28075,1
28076,5
28077,3
28078,0
28079,3
28080,2
28081,6
28082,3
28083,1
28084,3
28085,0
28086,5
28087,5
28088,0
28089,3
28090,3
28091,3
28092,0
28093,1
28094,5
28095,2
28096,5
28097,0
28098,5
28099,1
28100,0
28101,5
28102,2
28103,2
28104,6
28105,3
28106,4
28107,2
28108,4
28109,2
28110,3
28111,4
28112,1
28113,2
28114,6
28115,4
28116,5
28117,5
28118,4
28119,0
28120,3
28121,0
28122,1
28123,1
28124,3
28125,6
28126,6
28127,1
28128,3
28129,6
28130,4
28131,4
28132,2
28133,4
28134,2
28135,4
28136,4
28137,0
28138,3
28139,0
28140,0
28141,5
28142,3
28143,4
28144,0
28145,0
28146,1
28147,0
28148,5
28149,4
28150,0
28151,2
28152,6
28153,4
28154,1
28155,1
28156,0
28157,0
28158,5
28159,4
28160,0
28161,0
28162,1
28163,0
28164,5
28165,4
28166,2
28167,3
28168,3
28169,2
28170,2
28171,2
28172,4
28173,0
28174,4
28175,0
28176,0
28177,1
28178,5
28179,1
28180,4
28181,2
28182,6
28183,1
28184,2
28185,4
28186,4
28187,1
28188,2
28189,4
28190,2
28191,6
28192,1
28193,2
28194,4
28195,4
28196,3
28197,0
28198,4
28199,6
28200,1
28201,0
28202,2
28203,1
28204,2
28205,6
28206,3
28207,0
28208,4
28209,2
28210,5
28211,2
28212,1
28213,4
28214,0
28215,0
28216,1
28217,0
28218,6
28219,2
28220,2
28221,6
28222,6
28223,3
28224,5
28225,4
28226,2
28227,6
28228,4
28229,2
28230,6
28231,0
28232,1
28233,4
28234,2
28235,3
28236,4
28237,2
28238,6
28239,3
28240,3
28241,0
28242,3
28243,2
28244,3
28245,0
28246,1
28247,5
28248,1
28249,5
28250,2
28251,5
28252,0
28253,5
28254,5
28255,0
28256,1
28257,5
28258,3
28259,5
28260,6
28261,6
28262,5
28263,4
28264,5
28265,6
28266,6
28267,3
28268,4
28269,5
28270,2
28271,1
28272,1
28273,4
28274,3
28275,2
28276,1
28277,3
28278,3
28279,2
28280,2
28281,5
28282,1
28283,3
28284,3
28285,1
28286,4
28287,4
28288,0
28289,4
28290,6
28291,4
28292,3
28293,5
28294,0
28295,4
28296,5
28297,1
28298,3
28299,2
28300,2
28301,4
28302,4
28303,2
28304,4
28305,6
28306,6
28307,6
28308,6
28309,3
28310,4
28311,6
28312,0
28313,6
28314,2
28315,1
28316,0
28317,1
28318,6
28319,0
28320,3
28321,5
28322,5
28323,2
28324,1
28325,5
28326,0
28327,2
28328,4
28329,4
28330,5
28331,3
28332,3
28333,5
28334,5
28335,2
28336,6
28337,4
28338,1
28339,2
28340,6
28341,3
28342,5
28343,1
28344,1
28345,3
28346,2
28347,6
28348,3
28349,1
28350,3
28351,5
28352,1
28353,0
28354,6
28355,6
28356,6
28357,2
28358,3
28359,1
28360,2
28361,3
28362,2
28363,4
28364,3
28365,6
28366,4
28367,0
28368,1
28369,4
28370,2
28371,0
28372,3
28373,5
28374,2
28375,5
28376,3
28377,2
28378,1
28379,1
28380,5
28381,0
28382,3
28383,2
28384,2
28385,5
28386,1
28387,3
28388,1
28389,5
28390,4
28391,3
28392,2
28393,1
28394,3
28395,3
28396,6
28397,1
28398,5
28399,2
28400,2
28401,6
28402,6
28403,1
28404,3
28405,3
28406,0
28407,4
28408,3
28409,0
28410,4
28411,4
28412,5
28413,5
28414,2
28415,0
28416,2
28417,3
28418,4
28419,5
28420,4
28421,3
28422,2
28423,2
28424,0
28425,4
28426,3
28427,6
28428,2
28429,5
28430,6
28431,6
28432,0
28433,4
28434,4
28435,2
28436,0
28437,0
28438,5
28439,5
28440,3
28441,0
28442,2
28443,0
28444,2
28445,5
28446,3
28447,5
28448,0
28449,3
28450,4
28451,6
28452,4
28453,3
28454,2
28455,3
28456,1
28457,0
28458,1
28459,6
28460,2
28461,1
28462,0
28463,3
28464,1
28465,2
28466,4
28467,2
28468,2
28469,0
28470,3
28471,0
28472,2
28473,4
28474,2
28475,3
28476,2
28477,1
28478,1
28479,4
28480,4
28481,1
28482,2
28483,3
28484,2
28485,4
28486,1
28487,2
28488,5
28489,0
28490,6
28491,4
28492,5
28493,3
28494,5
28495,0
28496,1
28497,0
28498,4
28499,5
28500,6
28501,5
28502,3
28503,5
28504,4
28505,3
28506,0
28507,0
28508,0
28509,3
28510,6
28511,0
28512,3
28513,4
28514,5
28515,5
28516,4
28517,4
28518,3
28519,6
28520,6
28521,0
28522,5
28523,1
28524,2
28525,0
28526,5
28527,0
28528,1
28529,1
28530,5
28531,4
28532,5
28533,2
28534,5
28535,2
28536,6
28537,0
28538,1
28539,1
28540,0
28541,2
28542,4
28543,1
28544,5
28545,3
28546,3
28547,5
28548,5
28549,1
28550,1
28551,3
28552,2
28553,4
28554,4
28555,1
28556,0
28557,2
28558,1
28559,6
28560,0
28561,1
28562,1
28563,5
28564,4
28565,3
28566,0
28567,5
28568,0
28569,3
28570,5
28571,1
28572,4
28573,0
28574,4
28575,2
28576,1
28577,6
28578,0
28579,0
28580,6
28581,0
28582,3
28583,4
28584,2
28585,1
28586,6
28587,0
28588,2
28589,5
28590,6
28591,1
28592,0
28593,2
28594,1
28595,2
28596,3
28597,2
28598,6
28599,5
28600,0
28601,4
28602,2
28603,5
28604,2
28605,0
28606,0
28607,4
28608,1
28609,1
28610,4
28611,3
28612,0
28613,0
28614,4
28615,1
28616,0
28617,3
28618,4
28619,5
28620,5
28621,3
28622,6
28623,2
28624,6
28625,1
28626,3
28627,0
28628,3
28629,6
28630,0
28631,0
28632,1
28633,3
28634,1
28635,2
28636,2
28637,3
28638,4
28639,4
28640,2
28641,6
28642,2
28643,2
28644,5
28645,4
28646,3
28647,1
28648,3
28649,0
28650,5
28651,4
28652,6
28653,4
28654,3
28655,5
28656,3
28657,6
28658,6
28659,6
28660,5
28661,4
28662,0
28663,4
28664,5
28665,0
28666,3
28667,5
28668,2
28669,3
28670,2
28671,1
28672,3
28673,3
28674,4
28675,1
28676,0
28677,0
28678,1
28679,2
28680,6
28681,4
28682,5
28683,4
28684,5
28685,1
28686,4
28687,3
28688,3
28689,3
28690,6
28691,6
28692,1
28693,4
28694,4
28695,0
28696,3
28697,1
28698,0
28699,2
28700,0
28701,2
28702,6
28703,5
28704,0
28705,4
28706,6
28707,0
28708,5
28709,6
28710,4
28711,2
28712,5
28713,0
28714,3
28715,3
28716,0
28717,2
28718,4
28719,0
28720,3
28721,4
28722,5
28723,1
28724,2
28725,5
28726,3
28727,3
28728,6
28729,5
28730,0
28731,0
28732,5
28733,5
28734,0
28735,3
28736,3
28737,6
28738,2
28739,3
28740,4
28741,5
28742,6
28743,4
28744,3
28745,4
28746,0
28747,4
28748,1
28749,1
28750,0
28751,1
28752,0
28753,1
28754,4
28755,6
28756,5
28757,4
28758,4
28759,2
28760,4
28761,0
28762,5
28763,5
28764,2
28765,6
28766,0
28767,1
28768,2
28769,4
28770,0
28771,2
28772,3
28773,3
28774,3
28775,4
28776,4
28777,0
28778,0
28779,6
28780,4
28781,3
28782,5
28783,0
28784,1
28785,5
28786,6
28787,1
28788,0
28789,0
28790,0
28791,0
28792,6
28793,4
28794,5
28795,2
28796,1
28797,4
28798,4
28799,3
28800,1
28801,4
28802,0
28803,1
28804,0
28805,5
28806,1
28807,0
28808,1
28809,6
28810,0
28811,2
28812,6
28813,3
28814,4
28815,0
28816,2
28817,5
28818,0
28819,4
28820,2
28821,5
28822,3
28823,0
28824,1
28825,5
28826,2
28827,0
28828,2
28829,3
28830,0
28831,5
28832,1
28833,0
28834,6
28835,5
28836,3
28837,0
28838,3
28839,0
28840,6
28841,3
28842,2
28843,4
28844,3
28845,2
28846,2
28847,2
28848,6
28849,6
28850,6
28851,0
28852,0
28853,1
28854,3
28855,4
28856,5
28857,4
28858,2
28859,0
28860,5
28861,5
28862,2
28863,2
28864,5
28865,6
28866,1
28867,2
28868,0
28869,6
28870,5
28871,3
28872,6
28873,0
28874,6
28875,1
28876,4
28877,5
28878,2
28879,4
28880,0
28881,0
28882,3
28883,0
28884,5
28885,6
28886,0
28887,1
28888,4
28889,5
28890,1
28891,1
28892,0
28893,5
28894,3
28895,1
28896,1
28897,0
28898,5
28899,1
28900,3
28901,4
28902,4
28903,3
28904,5
28905,6
28906,4
28907,0
28908,1
28909,6
28910,6
28911,0
28912,1
28913,6
28914,1
28915,5
28916,1
28917,6
28918,1
28919,6
28920,3
28921,0
28922,1
28923,3
28924,6
28925,4
28926,2
28927,2
28928,4
28929,6
28930,0
28931,5
28932,0
28933,5
28934,3
28935,5
28936,3
28937,5
28938,6
28939,2
28940,0
28941,6
28942,1
28943,4
28944,4
28945,0
28946,4
28947,0
28948,1
28949,5
28950,4
28951,0
28952,4
28953,5
28954,6
28955,5
28956,0
28957,6
28958,5
28959,1
28960,1
28961,0
28962,1
28963,4
28964,5
28965,6
28966,6
28967,6
28968,0
28969,0
28970,0
28971,5
28972,2
28973,3
28974,4
28975,3
28976,0
28977,0
28978,4
28979,6
28980,1
28981,0
28982,5
28983,3
28984,6
28985,6
28986,0
28987,3
28988,0
28989,6
28990,0
28991,4
28992,4
28993,2
28994,4
28995,6
28996,1
28997,0
28998,5
28999,5
29000,1
29001,5
29002,0
29003,1
29004,3
29005,5
29006,3
29007,2
29008,2
29009,5
29010,0
29011,4
29012,2
29013,4
29014,3
29015,4
29016,6
29017,6
29018,5
29019,0
29020,0
29021,4
29022,2
29023,6
29024,2
29025,2
29026,4
29027,6
29028,0
29029,3
29030,3
29031,2
29032,6
29033,5
29034,1
29035,1
29036,3
29037,4
29038,1
29039,4
29040,0
29041,6
29042,2
29043,3
29044,4
29045,6
29046,6
29047,4
29048,1
29049,1
29050,6
29051,0
29052,6
29053,5
29054,1
29055,3
29056,4
29057,2
29058,6
29059,3
29060,2
29061,1
29062,2
29063,3
29064,6
29065,2
29066,6
29067,4
29068,2
29069,6
29070,6
29071,3
29072,2
29073,3
29074,0
29075,3
29076,2
29077,4
29078,1
29079,6
29080,5
29081,2
29082,3
29083,3
29084,4
29085,4
29086,4
29087,5
29088,5
29089,3
29090,6
29091,4
29092,2
29093,6
29094,5
29095,1
29096,6
29097,5
29098,5
29099,6
29100,5
29101,1
29102,3
29103,1
29104,2
29105,5
29106,3
29107,0
29108,2
29109,1
29110,0
29111,1
29112,6
29113,0
29114,4
29115,6
29116,6
29117,4
29118,2
29119,1
29120,4
29121,6
29122,3
29123,4
29124,0
29125,4
29126,5
29127,3
29128,1
29129,0
29130,3
29131,4
29132,0
29133,2
29134,0
29135,4
29136,0
29137,5
29138,0
29139,6
29140,5
29141,4
29142,6
29143,3
29144,4
29145,0
29146,5
29147,6
29148,1
29149,6
29150,1
29151,6
29152,3
29153,2
29154,3
29155,2
29156,6
29157,2
29158,2
29159,1
29160,2
29161,0
29162,3
29163,2
29164,5
29165,1
29166,0
29167,0
29168,4
29169,2
29170,2
29171,3
29172,1
29173,6
29174,4
29175,5
29176,1
29177,5
29178,3
29179,2
29180,0
29181,0
29182,0
29183,4
29184,5
29185,5
29186,2
29187,6
29188,6
29189,2
29190,2
29191,6
29192,0
29193,4
29194,3
29195,6
29196,2
29197,1
29198,1
29199,5
29200,1
29201,0
29202,2
29203,1
29204,0
29205,6
29206,0
29207,0
29208,4
29209,2
29210,6
29211,5
29212,0
29213,0
29214,5
29215,5
29216,6
29217,5
29218,0
29219,6
29220,4
29221,4
29222,0
29223,4
29224,2
29225,3
29226,0
29227,0
29228,6
29229,2
29230,3
29231,1
29232,4
29233,5
29234,0
29235,0
29236,1
29237,2
29238,3
29239,1
29240,5
29241,1
29242,0
29243,6
29244,4
29245,0
29246,3
29247,3
29248,2
29249,4
29250,2
29251,5
29252,5
29253,2
29254,3
29255,4
29256,3
29257,5
29258,4
29259,4
29260,6
29261,4
29262,5
29263,0
29264,6
29265,0
29266,5
29267,0
29268,3
29269,0
29270,3
29271,2
29272,5
29273,4
29274,6
29275,5
29276,6
29277,3
29278,1
29279,6
29280,4
29281,0
29282,5
29283,2
29284,5
29285,5
29286,2
29287,5
29288,4
29289,6
29290,4
29291,2
29292,1
29293,6
29294,3
29295,1
29296,5
29297,3
29298,4
29299,6
29300,6
29301,3
29302,1
29303,3
29304,4
29305,6
29306,3
29307,4
29308,5
29309,3
29310,6
29311,6
29312,4
29313,2
29314,1
29315,4
29316,2
29317,2
29318,2
29319,1
29320,2
29321,4
29322,5
29323,1
29324,2
29325,0
29326,1
29327,2
29328,5
29329,0
29330,3
29331,1
29332,0
29333,1
29334,3
29335,0
29336,5
29337,4
29338,0
29339,0
29340,6
29341,5
29342,1
29343,4
29344,0
29345,0
29346,5
29347,5
29348,4
29349,5
29350,1
29351,5
29352,5
29353,3
29354,6
29355,2
29356,6
29357,4
29358,0
29359,4
29360,3
29361,6
29362,0
29363,1
29364,3
29365,4
29366,6
29367,4
29368,0
29369,4
29370,5
29371,5
29372,5
29373,2
29374,3
29375,6
29376,5
29377,5
29378,3
29379,0
29380,0
29381,4
29382,3
29383,5
29384,4
29385,2
29386,2
29387,3
29388,5
29389,0
29390,3
29391,1
29392,6
29393,6
29394,6
29395,4
29396,4
29397,4
29398,1
29399,2
29400,4
29401,3
29402,6
29403,3
29404,0
29405,4
29406,6
29407,1
29408,2
29409,4
29410,3
29411,5
29412,1
29413,3
29414,5
29415,5
29416,6
29417,0
29418,5
29419,5
29420,0
29421,2
29422,1
29423,3
29424,2
29425,4
29426,0
29427,1
29428,0
29429,2
29430,5
29431,0
29432,3
29433,0
29434,6
29435,2
29436,4
29437,5
29438,5
29439,2
29440,1
29441,4
29442,0
29443,0
29444,4
29445,1
29446,5
29447,3
29448,0
29449,4
29450,6
29451,4
29452,0
29453,5
29454,1
29455,1
29456,6
29457,6
29458,0
29459,0
29460,5
29461,5
29462,2
29463,4
29464,1
29465,1
29466,2
29467,2
29468,0
29469,3
29470,5
29471,0
29472,4
29473,1
29474,5
29475,5
29476,0
29477,2
29478,4
29479,4
29480,6
29481,0
29482,6
29483,2
29484,1
29485,1
29486,3
29487,6
29488,6
29489,2
29490,0
29491,2
29492,5
29493,4
29494,4
29495,0
29496,4
29497,5
29498,1
29499,2
29500,2
29501,3
29502,3
29503,6
29504,2
29505,5
29506,2
29507,4
29508,2
29509,4
29510,3
29511,0
29512,6
29513,0
29514,2
29515,3
29516,6
29517,3
29518,1
29519,0
29520,1
29521,2
29522,4
29523,5
29524,0
29525,2
29526,6
29527,4
29528,3
29529,1
29530,1
29531,3
29532,3
29533,5
29534,2
29535,1
29536,2
29537,3
29538,2
29539,3
29540,0
29541,1
29542,6
29543,4
29544,6
29545,1
29546,4
29547,1
29548,2
29549,1
29550,6
29551,4
29552,4
29553,0
29554,2
29555,4
29556,5
29557,0
29558,1
29559,2
29560,6
29561,3
29562,1
29563,1
29564,0
29565,5
29566,2
29567,6
29568,2
29569,1
29570,2
29571,1
29572,4
29573,1
29574,0
29575,6
29576,0
29577,0
29578,4
29579,0
29580,5
29581,2
29582,2
29583,4
29584,4
29585,0
29586,4
29587,4
29588,4
29589,0
29590,6
29591,1
29592,6
29593,1
29594,4
29595,4
29596,6
29597,5
29598,3
29599,1
29600,6
29601,1
29602,1
29603,0
29604,4
29605,1
29606,5
29607,6
29608,4
29609,0
29610,0
29611,6
29612,4
29613,0
29614,1
29615,6
29616,6
29617,5
29618,6
29619,6
29620,5
29621,2
29622,4
29623,5
29624,1
29625,3
29626,6
29627,4
29628,1
29629,3
29630,6
29631,4
29632,0
29633,4
29634,1
29635,3
29636,1
29637,1
29638,0
29639,2
29640,6
29641,2
29642,3
29643,2
29644,4
29645,1
29646,0
29647,2
29648,0
29649,2
29650,3
29651,2
29652,2
29653,3
29654,1
29655,2
29656,6
29657,5
29658,6
29659,4
29660,3
29661,1
29662,5
29663,1
29664,5
29665,4
29666,5
29667,4
29668,1
29669,6
29670,0
29671,5
29672,2
29673,0
29674,2
29675,1
29676,0
29677,4
29678,5
29679,1
29680,0
29681,1
29682,4
29683,3
29684,4
29685,6
29686,5
29687,6
29688,1
29689,5
29690,4
29691,5
29692,4
29693,5
29694,3
29695,5
29696,5
29697,5
29698,5
29699,4
29700,1
29701,5
29702,5
29703,6
29704,5
29705,5
29706,4
29707,2
29708,3
29709,4
29710,0
29711,0
29712,6
29713,3
29714,5
29715,5
29716,1
29717,0
29718,6
29719,3
29720,2
29721,2
29722,2
29723,0
29724,0
29725,5
29726,2
29727,1
29728,2
29729,0
29730,5
29731,0
29732,0
29733,2
29734,4
29735,6
29736,2
29737,3
29738,4
29739,4
29740,5
29741,6
29742,2
29743,1
29744,0
29745,3
29746,0
29747,3
29748,0
29749,3
29750,2
29751,2
29752,6
29753,3
29754,5
29755,1
29756,3
29757,5
29758,6
29759,4
29760,6
29761,3
29762,5
29763,6
29764,4
29765,5
29766,3
29767,5
29768,5
29769,0
29770,1
29771,6
29772,4
29773,1
29774,0
29775,1
29776,6
29777,1
29778,3
29779,2
29780,5
29781,4
29782,5
29783,6
29784,1
29785,1
29786,3
29787,5
29788,4
29789,6
29790,5
29791,2
29792,3
29793,2
29794,4
29795,1
29796,5
29797,2
29798,5
29799,1
29800,0
29801,5
29802,4
29803,2
29804,1
29805,0
29806,4
29807,0
29808,0
29809,3
29810,1
29811,5
29812,1
29813,6
29814,4
29815,2
29816,2
29817,5
29818,4
29819,1
29820,1
29821,3
29822,2
29823,5
29824,6
29825,0
29826,2
29827,4
29828,4
29829,3
29830,2
29831,3
29832,1
29833,3
29834,5
29835,5
29836,5
29837,0
29838,5
29839,4
29840,1
29841,2
29842,0
29843,4
29844,3
29845,5
29846,5
29847,4
29848,6
29849,6
29850,5
29851,6
29852,4
29853,1
29854,6
29855,5
29856,4
29857,3
29858,0
29859,6
29860,3
29861,2
29862,0
29863,6
29864,5
29865,0
29866,3
29867,2
29868,3
29869,4
29870,5
29871,2
29872,3
29873,0
29874,0
29875,4
29876,2
29877,1
29878,3
29879,6
29880,2
29881,6
29882,1
29883,3
29884,4
29885,4
29886,4
29887,3
29888,6
29889,2
29890,5
29891,2
29892,2
29893,6
29894,6
29895,3
29896,0
29897,5
29898,4
29899,3
29900,2
29901,1
29902,0
29903,1
29904,4
29905,4
29906,5
29907,0
29908,1
29909,6
29910,5
29911,0
29912,3
29913,4
29914,3
29915,1
29916,6
29917,6
29918,3
29919,5
29920,4
29921,5
29922,1
29923,1
29924,3
29925,5
29926,0
29927,5
29928,3
29929,3
29930,4
29931,5
29932,5
29933,2
29934,0
29935,5
29936,0
29937,3
29938,1
29939,1
29940,2
29941,5
29942,3
29943,3
29944,1
29945,1
29946,5
29947,0
29948,6
29949,4
29950,4
29951,4
29952,3
29953,0
29954,5
29955,2
29956,6
29957,0
29958,0
29959,6
29960,2
29961,2
29962,6
29963,0
29964,5
29965,0
29966,0
29967,4
29968,0
29969,2
29970,6
29971,4
29972,3
29973,1
29974,4
29975,5
29976,1
29977,2
29978,1
29979,2
29980,4
29981,2
29982,5
29983,0
29984,1
29985,5
29986,0
29987,3
29988,0
29989,1
29990,6
29991,1
29992,4
29993,3
29994,1
29995,6
29996,2
29997,1
29998,1
29999,3
30000,6
30001,4
30002,1
30003,2
30004,0
30005,5
30006,2
30007,1
30008,4
30009,1
30010,1
30011,5
30012,0
30013,3
30014,2
30015,0
30016,4
30017,2
30018,2
30019,2
30020,1
30021,6
30022,1
30023,1
30024,0
30025,5
30026,3
30027,6
30028,4
30029,5
30030,2
30031,1
30032,1
30033,1
30034,3
30035,0
30036,5
30037,0
30038,6
30039,6
30040,6
30041,0
30042,2
30043,3
30044,6
30045,0
30046,4
30047,6
30048,3
30049,1
30050,3
30051,1
30052,0
30053,3
30054,1
30055,6
30056,0
30057,3
30058,4
30059,1
30060,3
30061,3
30062,3
30063,1
30064,0
30065,0
30066,4
30067,3
30068,3
30069,2
30070,1
30071,2
30072,4
30073,1
30074,3
30075,5
30076,2
30077,0
30078,3
30079,2
30080,1
30081,3
30082,4
30083,3
30084,3
30085,1
30086,6
30087,6
30088,6
30089,0
30090,1
30091,4
30092,4
30093,5
30094,4
30095,6
30096,2
30097,1
30098,4
30099,1
30100,1
30101,4
30102,1
30103,5
30104,0
30105,3
30106,4
30107,2
30108,0
30109,4
30110,0
30111,5
30112,4
30113,2
30114,1
30115,6
30116,1
30117,0
30118,1
30119,5
30120,4
30121,3
30122,5
30123,4
30124,0
30125,6
30126,3
30127,3
30128,6
30129,0
30130,0
30131,5
30132,3
30133,4
30134,6
30135,0
30136,3
30137,2
30138,2
30139,1
30140,3
30141,1
30142,1
30143,3
30144,2
30145,0
30146,0
30147,1
30148,4
30149,5
30150,5
30151,4
30152,2
30153,6
30154,0
30155,0
30156,2
30157,4
30158,2
30159,3
30160,0
30161,0
30162,3
30163,4
30164,0
30165,0
30166,4
30167,4
30168,1
30169,0
30170,5
30171,4
30172,5
30173,1
30174,5
30175,5
30176,1
30177,3
30178,4
30179,6
30180,5
30181,5
30182,1
30183,1
30184,2
30185,3
30186,1
30187,1
30188,5
30189,4
30190,0
30191,2
30192,6
30193,0
30194,5
30195,5
30196,4
30197,0
30198,3
30199,0
30200,1
30201,6
30202,4
30203,1
30204,4
30205,2
30206,6
30207,1
30208,1
30209,4
30210,4
30211,3
30212,5
30213,2
30214,3
30215,4
30216,4
30217,4
30218,2
30219,4
30220,4
30221,0
30222,3
30223,6
30224,5
30225,4
30226,6
30227,1
30228,1
30229,1
30230,4
30231,2
30232,5
30233,3
30234,4
30235,1
30236,4
30237,6
30238,6
30239,3
30240,5
30241,6
30242,5
30243,6
30244,0
30245,5
30246,1
30247,2
30248,0
30249,3
30250,4
30251,3
30252,1
30253,4
30254,0
30255,4
30256,6
30257,6
30258,6
30259,2
30260,1
30261,1
30262,0
30263,3
30264,6
30265,2
30266,5
30267,5
30268,5
30269,4
30270,0
30271,2
30272,3
30273,4
30274,1
30275,5
30276,4
30277,4
30278,4
30279,4
30280,0
30281,5
30282,3
30283,3
30284,6
30285,5
30286,4
30287,6
30288,0
30289,1
30290,5
30291,6
30292,5
30293,3
30294,4
30295,1
30296,4
30297,5
30298,0
30299,1
30300,2
30301,2
30302,6
30303,5
30304,1
30305,5
30306,1
30307,4
30308,0
30309,3
30310,4
30311,4
30312,6
30313,0
30314,4
30315,3
30316,1
30317,1
30318,4
30319,2
30320,0
30321,0
30322,4
30323,6
30324,5
30325,2
30326,2
30327,1
30328,2
30329,0
30330,3
30331,6
30332,5
30333,3
30334,4
30335,0
30336,0
30337,5
30338,0
30339,6
30340,6
30341,6
30342,2
30343,1
30344,0
30345,3
30346,5
30347,2
30348,0
30349,3
30350,4
30351,6
30352,0
30353,3
30354,2
30355,4
30356,3
30357,3
30358,1
30359,4
30360,0
30361,2
30362,0
30363,0
30364,3
30365,6
30366,6
30367,5
30368,0
30369,3
30370,5
30371,3
30372,4
30373,3
30374,5
30375,3
30376,2
30377,6
30378,3
30379,3
30380,0
30381,6
30382,6
30383,2
30384,6
30385,0
30386,3
30387,2
30388,0
30389,5
30390,0
30391,3
30392,6
30393,6
30394,0
30395,4
30396,6
30397,5
30398,0
30399,0
30400,1
30401,0
30402,4
30403,6
30404,3
30405,4
30406,0
30407,2
30408,2
30409,1
30410,0
30411,2
30412,0
30413,1
30414,4
30415,0
30416,6
30417,3
30418,0
30419,5
30420,6
30421,0
30422,0
30423,0
30424,3
30425,6
30426,5
30427,0
30428,5
30429,0
30430,5
30431,0
30432,4
30433,4
30434,1
30435,2
30436,6
30437,3
30438,6
30439,4
30440,5
30441,0
30442,5
30443,2
30444,2
30445,5
30446,1
30447,1
30448,1
30449,0
30450,4
30451,4
30452,3
30453,6
30454,5
30455,6
30456,3
30457,0
30458,3
30459,3
30460,1
30461,1
30462,4
30463,3
30464,4
30465,2
30466,5
30467,2
30468,4
30469,6
30470,4
30471,1
30472,4
30473,4
30474,5
30475,1
30476,4
30477,4
30478,3
30479,0
30480,1
30481,3
30482,6
30483,1
30484,4
30485,0
30486,5
30487,0
30488,5
30489,2
30490,3
30491,1
30492,1
30493,1
30494,5
30495,0
30496,4
30497,6
30498,1
30499,0
30500,5
30501,2
30502,0
30503,2
30504,3
30505,5
30506,0
30507,4
30508,1
30509,0
30510,6
30511,3
30512,5
30513,4
30514,0
30515,1
30516,2
30517,4
30518,0
30519,6
30520,1
30521,0
30522,4
30523,5
30524,5
30525,1
30526,6
30527,6
30528,6
30529,1
30530,4
30531,5
30532,6
30533,4
30534,1
30535,5
30536,3
30537,3
30538,1
30539,3
30540,0
30541,5
30542,1
30543,6
30544,2
30545,1
30546,0
30547,1
30548,0
30549,3
30550,5
30551,1
30552,5
30553,3
30554,5
30555,5
30556,5
30557,6
30558,6
30559,2
30560,1
30561,1
30562,2
30563,4
30564,4
30565,3
30566,1
30567,6
30568,3
30569,5
30570,6
30571,5
30572,6
30573,0
30574,4
30575,3
30576,5
30577,0
30578,1
30579,0
30580,3
30581,4
30582,0
30583,6
30584,0
30585,2
30586,4
30587,2
30588,3
30589,3
30590,6
30591,6
30592,3
30593,0
30594,3
30595,0
30596,1
30597,3
30598,4
30599,1
30600,1
30601,0
30602,6
30603,6
30604,5
30605,2
30606,2
30607,1
30608,5
30609,0
30610,5
30611,4
30612,3
30613,0
30614,5
30615,4
30616,0
30617,1
30618,0
30619,4
30620,0
30621,0
30622,3
30623,0
30624,4
30625,2
30626,6
30627,5
30628,2
30629,3
30630,5
30631,6
30632,1
30633,3
30634,5
30635,5
30636,0
30637,0
30638,4
30639,3
30640,1
30641,4
30642,3
30643,6
30644,6
30645,1
30646,4
30647,2
30648,5
30649,1
30650,0
30651,0
30652,0
30653,5
30654,4
30655,0
30656,0
30657,1
30658,3
30659,1
30660,1
30661,2
30662,4
30663,5
30664,0
30665,1
30666,2
30667,6
30668,6
30669,0
30670,0
30671,5
30672,2
30673,0
30674,6
30675,3
30676,3
30677,3
30678,1
30679,3
30680,0
30681,4
30682,3
30683,6
30684,3
30685,2
30686,5
30687,5
30688,4
30689,0
30690,4
30691,6
30692,5
30693,0
30694,3
30695,5
30696,1
30697,0
30698,4
30699,6
30700,1
30701,6
30702,3
30703,3
30704,0
30705,5
30706,5
30707,2
30708,6
30709,5
30710,5
30711,2
30712,3
30713,3
30714,3
30715,1
30716,4
30717,2
30718,6
30719,1
30720,0
30721,5
30722,5
30723,2
30724,5
30725,0
30726,0
30727,6
30728,0
30729,2
30730,3
30731,5
30732,2
30733,0
30734,5
30735,5
30736,3
30737,5
30738,0
30739,5
30740,2
30741,0
30742,0
30743,6
30744,6
30745,3
30746,4
30747,1
30748,5
30749,5
30750,5
30751,1
30752,6
30753,3
30754,1
30755,0
30756,1
30757,3
30758,1
30759,4
30760,4
30761,3
30762,2
30763,4
30764,2
30765,3
30766,0
30767,2
30768,4
30769,2
30770,3
30771,2
30772,3
30773,4
30774,5
30775,4
30776,4
30777,4
30778,5
30779,6
30780,1
30781,6
30782,2
30783,1
30784,0
30785,0
30786,1
30787,4
30788,2
30789,3
30790,2
30791,3
30792,1
30793,4
30794,6
30795,3
30796,3
30797,0
30798,2
30799,0
30800,5
30801,5
30802,1
30803,1
30804,4
30805,6
30806,1
30807,3
30808,6
30809,4
30810,4
30811,5
30812,1
30813,3
30814,4
30815,5
30816,3
30817,6
30818,1
30819,6
30820,1
30821,4
30822,1
30823,3
30824,4
30825,4
30826,2
30827,2
30828,2
30829,4
30830,1
30831,3
30832,6
30833,5
30834,5
30835,2
30836,4
30837,6
30838,6
30839,2
30840,0
30841,6
30842,6
30843,5
30844,5
30845,5
30846,6
30847,6
30848,0
30849,2
30850,4
30851,2
30852,2
30853,3
30854,4
30855,3
30856,1
30857,1
30858,2
30859,2
30860,2
30861,6
30862,4
30863,5
30864,5
30865,3
30866,5
30867,4
30868,6
30869,4
30870,1
30871,0
30872,4
30873,0
30874,4
30875,3
30876,5
30877,6
30878,5
30879,2
30880,3
30881,1
30882,6
30883,2
30884,3
30885,3
30886,4
30887,6
30888,2
30889,4
30890,3
30891,5
30892,3
30893,2
30894,6
30895,0
30896,5
30897,0
30898,4
30899,5
30900,1
30901,3
30902,6
30903,1
30904,5
30905,1
30906,5
30907,5
30908,0
30909,4
30910,4
30911,6
30912,0
30913,5
30914,0
30915,0
30916,5
30917,2
30918,0
30919,6
30920,1
30921,0
30922,5
30923,0
30924,3
30925,3
30926,4
30927,3
30928,5
30929,4
30930,1
30931,4
30932,2
30933,2
30934,1
30935,5
30936,2
30937,4
30938,0
30939,0
30940,6
30941,5
30942,4
30943,0
30944,0
30945,3
30946,6
30947,2
30948,5
30949,4
30950,1
30951,2
30952,2
30953,0
30954,2
30955,2
30956,0
30957,0
30958,1
30959,4
30960,4
30961,5
30962,0
30963,5
30964,6
30965,1
30966,4
30967,2
30968,4
30969,5
30970,5
30971,6
30972,4
30973,4
30974,3
30975,4
30976,1
30977,6
30978,1
30979,1
30980,4
30981,6
30982,5
30983,0
30984,5
30985,0
30986,2
30987,4
30988,3
30989,2
30990,6
30991,0
30992,4
30993,3
30994,0
30995,3
30996,5
30997,4
30998,4
30999,0
31000,6
31001,0
31002,2
31003,2
31004,3
31005,5
31006,3
31007,5
31008,0
31009,2
31010,4
31011,5
31012,6
31013,6
31014,4
31015,0
31016,4
31017,6
31018,3
31019,4
31020,2
31021,5
31022,3
31023,6
31024,2
31025,6
31026,2
31027,2
31028,4
31029,3
31030,0
31031,6
31032,3
31033,4
31034,1
31035,1
31036,5
31037,0
31038,1
31039,4
31040,0
31041,2
31042,0
31043,6
31044,0
31045,3
31046,2
31047,5
31048,6
31049,6
31050,1
31051,4
31052,0
31053,0
31054,6
31055,3
31056,6
31057,1
31058,2
31059,0
31060,1
31061,6
31062,5
31063,2
31064,3
31065,1
31066,1
31067,0
31068,0
31069,0
31070,5
31071,5
31072,6
31073,6
31074,2
31075,5
31076,5
31077,0
31078,0
31079,4
31080,6
31081,1
31082,3
31083,2
31084,5
31085,3
31086,0
31087,5
31088,1
31089,4
31090,5
31091,2
31092,1
31093,4
31094,5
31095,1
31096,0
31097,5
31098,5
31099,5
31100,3
31101,2
31102,2
31103,2
31104,4
31105,2
31106,3
31107,4
31108,6
31109,0
31110,3
31111,1
31112,1
31113,0
31114,0
31115,1
31116,2
31117,5
31118,1
31119,0
31120,5
31121,6
31122,6
31123,2
31124,1
31125,5
31126,2
31127,0
31128,4
31129,3
31130,6
31131,0
31132,1
31133,2
31134,5
31135,4
31136,5
31137,6
31138,2
31139,1
31140,5
31141,1
31142,5
31143,4
31144,4
31145,3
31146,3
31147,5
31148,4
31149,1
31150,1
31151,0
31152,3
31153,0
31154,1
31155,1
31156,3
31157,5
31158,6
31159,6
31160,6
31161,4
31162,0
31163,5
31164,2
31165,1
31166,4
31167,6
31168,6
31169,6
31170,5
31171,4
31172,0
31173,5
31174,4
31175,4
31176,4
31177,6
31178,0
31179,4
31180,6
31181,4
31182,1
31183,3
31184,1
31185,1
31186,4
31187,3
31188,2
31189,2
31190,4
31191,2
31192,2
31193,1
31194,1
31195,1
31196,3
31197,0
31198,1
31199,1
31200,3
31201,0
31202,5
31203,5
31204,2
31205,1
31206,6
31207,6
31208,0
31209,0
31210,3
31211,5
31212,5
31213,5
31214,4
31215,4
31216,2
31217,1
31218,1
31219,0
31220,4
31221,5
31222,5
31223,2
31224,6
31225,6
31226,6
31227,2
31228,5
31229,3
31230,2
31231,0
31232,4
31233,4
31234,2
31235,4
31236,5
31237,6
31238,2
31239,6
31240,6
31241,0
31242,0
31243,3
31244,3
31245,1
31246,1
31247,4
31248,4
31249,0
31250,5
31251,3
31252,4
31253,3
31254,6
31255,3
31256,4
31257,3
31258,4
31259,4
31260,0
31261,1
31262,4
31263,1
31264,5
31265,5
31266,4
31267,5
31268,3
31269,0
31270,1
31271,0
31272,4
31273,5
31274,3
31275,2
31276,0
31277,2
31278,1
31279,0
31280,0
31281,3
31282,0
31283,5
31284,6
31285,1
31286,6
31287,4
31288,1
31289,4
31290,4
31291,4
31292,4
31293,4
31294,2
31295,3
31296,4
31297,5
31298,6
31299,4
31300,5
31301,6
31302,0
31303,3
31304,0
31305,4
31306,6
31307,4
31308,5
31309,3
31310,4
31311,1
31312,4
31313,2
31314,2
31315,4
31316,2
31317,2
31318,2
31319,5
31320,3
31321,3
31322,4
31323,5
31324,1
31325,4
31326,1
31327,1
31328,1
31329,3
31330,6
31331,0
31332,0
31333,0
31334,2
31335,2
31336,3
31337,0
31338,1
31339,0
31340,3
31341,0
31342,0
31343,6
31344,3
31345,0
31346,2
31347,0
31348,0
31349,3
31350,1
31351,0
31352,3
31353,0
31354,5
31355,4
31356,5
31357,0
31358,3
31359,2
31360,0
31361,5
31362,3
31363,6
31364,6
31365,3
31366,3
31367,5
31368,0
31369,0
31370,3
31371,4
31372,1
31373,4
31374,0
31375,0
31376,6
31377,5
31378,2
31379,0
31380,0
31381,5
31382,0
31383,1
31384,4
31385,5
31386,2
31387,0
31388,6
31389,2
31390,0
31391,4
31392,3
31393,4
31394,2
31395,3
31396,0
31397,3
31398,5
31399,3
31400,5
31401,2
31402,1
31403,5
31404,4
31405,6
31406,1
31407,5
31408,1
31409,6
31410,1
31411,2
31412,4
31413,2
31414,4
31415,2
31416,4
31417,3
31418,2
31419,4
31420,6
31421,6
31422,2
31423,6
31424,0
31425,0
31426,0
31427,4
31428,6
31429,2
31430,1
31431,5
31432,1
31433,6
31434,6
31435,1
31436,4
31437,0
31438,4
31439,5
31440,3
31441,0
31442,0
31443,4
31444,5
31445,6
31446,4
31447,5
31448,0
31449,1
31450,0
31451,6
31452,4
31453,2
31454,5
31455,0
31456,5
31457,6
31458,5
31459,3
31460,5
31461,2
31462,4
31463,0
31464,0
31465,0
31466,2
31467,1
31468,2
31469,2
31470,1
31471,1
31472,2
31473,6
31474,2
31475,6
31476,1
31477,0
31478,0
31479,1
31480,6
31481,3
31482,4
31483,0
31484,3
31485,5
31486,0
31487,5
31488,5
31489,3
31490,2
31491,5
31492,6
31493,3
31494,5
31495,4
31496,5
31497,6
31498,0
31499,5
31500,0
31501,4
31502,5
31503,4
31504,3
31505,4
31506,3
31507,6
31508,6
31509,0
31510,2
31511,6
31512,1
31513,6
31514,1
31515,4
31516,1
31517,3
31518,0
31519,1
31520,2
31521,3
31522,1
31523,3
31524,4
31525,0
31526,2
31527,4
31528,3
31529,0
31530,6
31531,1
31532,0
31533,0
31534,5
31535,4
31536,5
31537,0
31538,1
31539,1
31540,0
31541,2
31542,5
31543,6
31544,6
31545,4
31546,5
31547,6
31548,3
31549,0
31550,4
31551,1
31552,5
31553,6
31554,0
31555,5
31556,3
31557,2
31558,0
31559,2
31560,1
31561,0
31562,0
31563,2
31564,2
31565,0
31566,0
31567,1
31568,0
31569,6
31570,4
31571,0
31572,6
31573,5
31574,0
31575,3
31576,5
31577,4
31578,4
31579,2
31580,1
31581,1
31582,0
31583,4
31584,2
31585,0
31586,5
31587,4
31588,1
31589,4
31590,3
31591,0
31592,2
31593,2
31594,3
31595,3
31596,2
31597,0
31598,0
31599,5
31600,3
31601,5
31602,1
31603,4
31604,1
31605,4
31606,3
31607,5
31608,2
31609,3
31610,2
31611,1
31612,5
31613,4
31614,3
31615,4
31616,6
31617,0
31618,6
31619,0
31620,1
31621,2
31622,0
31623,6
31624,1
31625,6
31626,3
31627,4
31628,2
31629,3
31630,3
31631,4
31632,0
31633,5
31634,2
31635,5
31636,2
31637,5
31638,2
31639,3
31640,2
31641,1
31642,4
31643,1
31644,0
31645,0
31646,0
31647,1
31648,6
31649,5
31650,2
31651,0
31652,2
31653,6
31654,1
31655,2
31656,3
31657,0
31658,1
31659,1
31660,1
31661,0
31662,0
31663,4
31664,3
31665,0
31666,1
31667,0
31668,6
31669,1
31670,0
31671,4
31672,6
31673,5
31674,4
31675,4
31676,0
31677,0
31678,1
31679,1
31680,3
31681,6
31682,1
31683,0
31684,5
31685,5
31686,4
31687,4
31688,5
31689,4
31690,3
31691,3
31692,1
31693,3
31694,2
31695,3
31696,0
31697,1
31698,3
31699,0
31700,5
31701,0
31702,2
31703,6
31704,5
31705,1
31706,0
31707,0
31708,0
31709,6
31710,5
31711,0
31712,0
31713,5
31714,0
31715,4
31716,2
31717,3
31718,3
31719,0
31720,1
31721,6
31722,1
31723,4
31724,2
31725,0
31726,2
31727,4
31728,5
31729,2
31730,2
31731,1
31732,4
31733,5
31734,3
31735,0
31736,6
31737,5
31738,2
31739,3
31740,2
31741,2
31742,5
31743,1
31744,6
31745,5
31746,2
31747,6
31748,6
31749,5
31750,1
31751,0
31752,6
31753,0
31754,4
31755,2
31756,1
31757,0
31758,6
31759,1
31760,6
31761,5
31762,4
31763,2
31764,6
31765,4
31766,2
31767,6
31768,4
31769,0
31770,2
31771,5
31772,6
31773,5
31774,5
31775,0
31776,2
31777,5
31778,5
31779,4
31780,2
31781,6
31782,1
31783,6
31784,0
31785,5
31786,0
31787,1
31788,1
31789,0
31790,6
31791,2
31792,4
31793,6
31794,4
31795,1
31796,4
31797,4
31798,1
31799,3
31800,0
31801,4
31802,0
31803,0
31804,3
31805,2
31806,2
31807,0
31808,2
31809,0
31810,3
31811,6
31812,1
31813,0
31814,6
31815,3
31816,4
31817,1
31818,0
31819,5
31820,6
31821,4
31822,0
31823,3
31824,1
31825,5
31826,3
31827,5
31828,6
31829,5
31830,5
31831,0
31832,6
31833,0
31834,6
31835,0
31836,3
31837,1
31838,5
31839,3
31840,4
31841,2
31842,4
31843,5
31844,5
31845,4
31846,4
31847,6
31848,2
31849,4
31850,5
31851,6
31852,2
31853,5
31854,4
31855,5
31856,4
31857,5
31858,4
31859,5
31860,5
31861,3
31862,2
31863,0
31864,5
31865,1
31866,2
31867,5
31868,4
31869,4
31870,3
31871,5
31872,2
31873,0
31874,0
31875,2
31876,2
31877,5
31878,2
31879,1
31880,0
31881,4
31882,3
31883,6
31884,5
31885,3
31886,4
31887,0
31888,2
31889,4
31890,0
31891,5
31892,4
31893,0
31894,6
31895,3
31896,1
31897,4
31898,0
31899,6
31900,3
31901,4
31902,0
31903,5
31904,0
31905,1
31906,2
31907,6
31908,1
31909,6
31910,3
31911,2
31912,5
31913,0
31914,6
31915,1
31916,0
31917,3
31918,1
31919,3
31920,3
31921,2
31922,3
31923,4
31924,4
31925,2
31926,2
31927,4
31928,0
31929,2
31930,1
31931,6
31932,0
31933,1
31934,3
31935,4
31936,1
31937,5
31938,2
31939,1
31940,2
31941,2
31942,4
31943,1
31944,0
31945,3
31946,1
31947,0
31948,4
31949,1
31950,6
31951,2
31952,3
31953,5
31954,3
31955,3
31956,4
31957,3
31958,3
31959,5
31960,6
31961,4
31962,0
31963,6
31964,5
31965,2
31966,5
31967,2
31968,2
31969,3
31970,2
31971,3
31972,1
31973,3
31974,0
31975,1
31976,1
31977,0
31978,0
31979,4
31980,6
31981,5
31982,6
31983,6
31984,3
31985,3
31986,5
31987,4
31988,5
31989,4
31990,4
31991,0
31992,2
31993,4
31994,0
31995,5
31996,5
31997,0
31998,6
31999,1
32000,0
32001,4
32002,6
32003,5
32004,1
32005,0
32006,0
32007,2
32008,6
32009,4
32010,0
32011,1
32012,6
32013,0
32014,5
32015,1
32016,4
32017,3
32018,1
32019,3
32020,3
32021,5
32022,5
32023,5
32024,3
32025,4
32026,2
32027,0
32028,0
32029,2
32030,0
32031,3
32032,6
32033,1
32034,6
32035,3
32036,2
32037,3
32038,0
32039,1
32040,6
32041,3
32042,0
32043,1
32044,4
32045,4
32046,4
32047,6
32048,6
32049,6
32050,0
32051,1
32052,4
32053,4
32054,0
32055,4
32056,0
32057,5
32058,4
32059,4
32060,1
32061,2
32062,3
32063,2
32064,2
32065,3
32066,1
32067,5
32068,2
32069,5
32070,3
32071,3
32072,1
32073,2
32074,3
32075,3
32076,0
32077,4
32078,0
32079,5
32080,0
32081,5
32082,0
32083,2
32084,0
32085,5
32086,2
32087,3
32088,4
32089,4
32090,4
32091,6
32092,4
32093,6
32094,5
32095,2
32096,4
32097,1
32098,6
32099,0
32100,1
32101,1
32102,1
32103,1
32104,1
32105,0
32106,3
32107,2
32108,5
32109,2
32110,2
32111,0
32112,2
32113,6
32114,4
32115,1
32116,4
32117,4
32118,0
32119,0
32120,3
32121,5
32122,4
32123,0
32124,5
32125,4
32126,2
32127,4
32128,1
32129,4
32130,1
32131,0
32132,6
32133,0
32134,5
32135,5
32136,0
32137,0
32138,0
32139,1
32140,1
32141,0
32142,1
32143,6
32144,2
32145,4
32146,0
32147,0
32148,4
32149,2
32150,6
32151,2
32152,1
32153,1
32154,2
32155,2
32156,3
32157,5
32158,0
32159,1
32160,6
32161,0
32162,6
32163,3
32164,5
32165,2
32166,1
32167,3
32168,1
32169,3
32170,3
32171,1
32172,0
32173,3
32174,5
32175,6
32176,0
32177,3
32178,1
32179,4
32180,3
32181,4
32182,3
32183,0
32184,0
32185,0
32186,3
32187,2
32188,5
32189,5
32190,4
32191,4
32192,2
32193,0
32194,3
32195,5
32196,5
32197,6
32198,3
32199,5
32200,2
32201,5
32202,1
32203,1
32204,3
32205,3
32206,2
32207,0
32208,3
32209,1
32210,6
32211,0
32212,6
32213,1
32214,4
32215,3
32216,0
32217,2
32218,5
32219,4
32220,6
32221,2
32222,2
32223,2
32224,3
32225,4
32226,0
32227,0
32228,6
32229,6
32230,1
32231,1
32232,5
32233,1
32234,4
32235,4
32236,3
32237,5
32238,6
32239,6
32240,5
32241,3
32242,3
32243,0
32244,5
32245,4
32246,5
32247,6
32248,0
32249,6
32250,0
32251,2
32252,1
32253,2
32254,1
32255,6
32256,2
32257,5
32258,0
32259,6
32260,0
32261,5
32262,0
32263,0
32264,1
32265,0
32266,6
32267,2
32268,5
32269,3
32270,0
32271,5
32272,5
32273,2
32274,4
32275,0
32276,2
32277,2
32278,5
32279,0
32280,4
32281,1
32282,2
32283,4
32284,6
32285,4
32286,0
32287,3
32288,1
32289,3
32290,3
32291,0
32292,4
32293,0
32294,0
32295,4
32296,6
32297,3
32298,4
32299,4
32300,4
32301,2
32302,1
32303,3
32304,3
32305,5
32306,0
32307,6
32308,1
32309,5
32310,0
32311,4
32312,1
32313,5
32314,2
32315,0
32316,4
32317,1
32318,6
32319,0
32320,5
32321,5
32322,1
32323,5
32324,0
32325,6
32326,1
32327,2
32328,4
32329,5
32330,5
32331,5
32332,2
32333,3
32334,5
32335,0
32336,1
32337,6
32338,2
32339,4
32340,5
32341,3
32342,1
32343,4
32344,0
32345,0
32346,2
32347,1
32348,6
32349,3
32350,0
32351,6
32352,6
32353,6
32354,5
32355,5
32356,2
32357,0
32358,2
32359,1
32360,2
32361,5
32362,1
32363,2
32364,1
32365,4
32366,4
32367,1
32368,0
32369,3
32370,2
32371,1
32372,2
32373,6
32374,5
32375,2
32376,5
32377,3
32378,4
32379,0
32380,5
32381,5
32382,0
32383,2
32384,4
32385,3
32386,0
32387,0
32388,5
32389,3
32390,1
32391,5
32392,1
32393,4
32394,0
32395,6
32396,3
32397,3
32398,0
32399,0
32400,0
32401,5
32402,0
32403,2
32404,2
32405,3
32406,2
32407,5
32408,0
32409,6
32410,6
32411,0
32412,2
32413,6
32414,6
32415,3
32416,0
32417,0
32418,2
32419,1
32420,5
32421,6
32422,5
32423,4
32424,3
32425,3
32426,4
32427,2
32428,0
32429,4
32430,2
32431,4
32432,5
32433,5
32434,5
32435,6
32436,0
32437,5
32438,3
32439,6
32440,4
32441,0
32442,3
32443,3
32444,6
32445,6
32446,1
32447,6
32448,4
32449,2
32450,3
32451,1
32452,5
32453,5
32454,1
32455,5
32456,3
32457,2
32458,4
32459,4
32460,3
32461,3
32462,5
32463,1
32464,3
32465,5
32466,1
32467,2
32468,0
32469,0
32470,5
32471,3
32472,2
32473,0
32474,3
32475,5
32476,0
32477,6
32478,4
32479,2
32480,1
32481,1
32482,5
32483,5
32484,3
32485,0
32486,2
32487,6
32488,3
32489,1
32490,2
32491,3
32492,4
32493,1
32494,5
32495,5
32496,4
32497,1
32498,0
32499,0
32500,1
32501,0
32502,2
32503,6
32504,3
32505,0
32506,3
32507,3
32508,2
32509,0
32510,1
32511,3
32512,6
32513,4
32514,4
32515,3
32516,1
32517,5
32518,6
32519,4
32520,2
32521,0
32522,3
32523,3
32524,6
32525,5
32526,0
32527,1
32528,5
32529,2
32530,4
32531,6
32532,2
32533,2
32534,6
32535,4
32536,2
32537,3
32538,1
32539,1
32540,6
32541,0
32542,5
32543,1
32544,3
32545,2
32546,1
32547,3
32548,1
32549,3
32550,2
32551,5
32552,1
32553,3
32554,1
32555,0
32556,1
32557,0
32558,4
32559,4
32560,1
32561,3
32562,5
32563,6
32564,5
32565,4
32566,3
32567,3
32568,0
32569,2
32570,0
32571,2
32572,1
32573,3
32574,2
32575,2
32576,4
32577,0
32578,4
32579,5
32580,5
32581,6
32582,4
32583,4
32584,6
32585,0
32586,3
32587,5
32588,6
32589,1
32590,6
32591,2
32592,2
32593,3
32594,2
32595,2
32596,5
32597,0
32598,6
32599,2
32600,0
32601,4
32602,3
32603,4
32604,1
32605,2
32606,5
32607,4
32608,2
32609,6
32610,6
32611,5
32612,1
32613,2
32614,3
32615,6
32616,6
32617,5
32618,2
32619,6
32620,4
32621,0
32622,0
32623,4
32624,4
32625,6
32626,5
32627,5
32628,5
32629,0
32630,4
32631,1
32632,3
32633,6
32634,4
32635,2
32636,4
32637,2
32638,0
32639,0
32640,1
32641,0
32642,6
32643,0
32644,0
32645,6
32646,3
32647,2
32648,6
32649,4
32650,4
32651,0
32652,2
32653,0
32654,1
32655,0
32656,1
32657,3
32658,6
32659,6
32660,0
32661,6
32662,1
32663,2
32664,5
32665,6
32666,4
32667,5
32668,3
32669,2
32670,3
32671,6
32672,4
32673,2
32674,1
32675,1
32676,5
32677,1
32678,3
32679,0
32680,0
32681,4
32682,2
32683,0
32684,2
32685,1
32686,5
32687,5
32688,4
32689,0
32690,5
32691,2
32692,1
32693,5
32694,2
32695,4
32696,1
32697,0
32698,4
32699,0
32700,1
32701,6
32702,5
32703,3
32704,6
32705,0
32706,0
32707,0
32708,5
32709,5
32710,4
32711,5
32712,1
32713,4
32714,2
32715,3
32716,2
32717,4
32718,3
32719,3
32720,1
32721,3
32722,1
32723,5
32724,2
32725,4
32726,4
32727,2
32728,5
32729,6
32730,2
32731,5
32732,3
32733,3
32734,5
32735,5
32736,1
32737,0
32738,6
32739,3
32740,4
32741,1
32742,1
32743,0
32744,6
32745,1
32746,4
32747,2
32748,0
32749,3
32750,0
32751,3
32752,1
32753,1
32754,0
32755,2
32756,1
32757,3
32758,6
32759,2
32760,4
32761,0
32762,5
32763,5
32764,1
32765,3
32766,6
32767,5
32768,6
32769,3
32770,1
32771,5
32772,1
32773,5
32774,3
32775,4
32776,4
32777,2
32778,3
32779,0
32780,1
32781,0
32782,5
32783,0
32784,0
32785,0
32786,4
32787,6
32788,1
32789,6
32790,0
32791,5
32792,5
32793,2
32794,5
32795,3
32796,4
32797,0
32798,5
32799,6
32800,0
32801,3
32802,2
32803,0
32804,6
32805,3
32806,3
32807,1
32808,0
32809,3
32810,3
32811,4
32812,0
32813,6
32814,6
32815,5
32816,2
32817,6
32818,5
32819,2
32820,2
32821,1
32822,4
32823,5
32824,5
32825,4
32826,4
32827,1
32828,2
32829,6
32830,2
32831,3
32832,0
32833,1
32834,3
32835,4
32836,1
32837,4
32838,3
32839,5
32840,6
32841,3
32842,4
32843,6
32844,1
32845,1
32846,5
32847,0
32848,0
32849,2
32850,1
32851,3
32852,0
32853,3
32854,3
32855,5
32856,1
32857,1
32858,6
32859,0
32860,2
32861,4
32862,2
32863,5
32864,0
32865,2
32866,2
32867,5
32868,2
32869,2
32870,1
32871,3
32872,0
32873,3
32874,1
32875,4
32876,0
32877,4
32878,0
32879,0
32880,3
32881,0
32882,3
32883,3
32884,0
32885,4
32886,0
32887,0
32888,1
32889,1
32890,0
32891,3
32892,3
32893,6
32894,6
32895,6
32896,5
32897,0
32898,2
32899,2
32900,3
32901,6
32902,4
32903,0
32904,4
32905,4
32906,2
32907,6
32908,3
32909,4
32910,4
32911,2
32912,0
32913,3
32914,2
32915,5
32916,6
32917,1
32918,5
32919,5
32920,3
32921,6
32922,5
32923,6
32924,6
32925,4
32926,3
32927,5
32928,0
32929,6
32930,5
32931,4
32932,4
32933,4
32934,5
32935,2
32936,5
32937,0
32938,6
32939,1
32940,4
32941,0
32942,3
32943,1
32944,5
32945,0
32946,4
32947,5
32948,1
32949,6
32950,5
32951,4
32952,6
32953,5
32954,3
32955,3
32956,5
32957,6
32958,3
32959,5
32960,4
32961,4
32962,4
32963,2
32964,2
32965,0
32966,3
32967,3
32968,0
32969,4
32970,1
32971,0
32972,3
32973,0
32974,2
32975,0
32976,0
32977,2
32978,3
32979,5
32980,4
32981,3
32982,5
32983,0
32984,3
32985,5
32986,4
32987,1
32988,4
32989,4
32990,4
32991,6
32992,5
32993,2
32994,6
32995,3
32996,5
32997,6
32998,4
32999,1
33000,5
33001,4
33002,5
33003,1
33004,0
33005,4
33006,3
33007,6
33008,0
33009,6
33010,6
33011,3
33012,0
33013,1
33014,2
33015,3
33016,3
33017,1
33018,0
33019,6
33020,3
33021,2
33022,4
33023,6
33024,4
33025,6
33026,2
33027,4
33028,5
33029,1
33030,4
33031,6
33032,0
33033,4
33034,4
33035,1
33036,4
33037,1
33038,4
33039,2
33040,3
33041,0
33042,4
33043,6
33044,0
33045,5
33046,4
33047,5
33048,4
33049,3
33050,0
33051,1
33052,5
33053,2
33054,3
33055,5
33056,0
33057,3
33058,6
33059,4
33060,1
33061,0
33062,3
33063,5
33064,1
33065,3
33066,5
33067,1
33068,0
33069,0
33070,5
33071,5
33072,0
33073,2
33074,6
33075,3
33076,6
33077,0
33078,6
33079,2
33080,1
33081,2
33082,1
33083,6
33084,2
33085,4
33086,4
33087,6
33088,5
33089,1
33090,2
33091,3
33092,0
33093,0
33094,5
33095,3
33096,2
33097,0
33098,5
33099,3
33100,6
33101,3
33102,6
33103,1
33104,4
33105,5
33106,2
33107,3
33108,0
33109,4
33110,3
33111,3
33112,0
33113,2
33114,6
33115,4
33116,5
33117,5
33118,6
33119,0
33120,2
33121,3
33122,0
33123,5
33124,4
33125,5
33126,2
33127,2
33128,4
33129,1
33130,4
33131,2
33132,0
33133,3
33134,0
33135,2
33136,4
33137,2
33138,2
33139,5
33140,5
33141,6
33142,4
33143,0
33144,2
33145,2
33146,3
33147,2
33148,4
33149,6
33150,0
33151,2
33152,2
33153,5
33154,0
33155,1
33156,5
33157,4
33158,3
33159,4
33160,1
33161,4
33162,0
33163,6
33164,3
33165,2
33166,3
33167,4
33168,4
33169,1
33170,5
33171,5
33172,4
33173,0
33174,5
33175,5
33176,5
33177,3
33178,0
33179,5
33180,4
33181,3
33182,1
33183,6
33184,3
33185,2
33186,6
33187,4
33188,2
33189,4
33190,5
33191,4
33192,3
33193,6
33194,4
33195,6
33196,5
33197,0
33198,4
33199,2
33200,4
33201,5
33202,2
33203,5
33204,5
33205,3
33206,1
33207,3
33208,1
33209,6
33210,0
33211,0
33212,3
33213,2
33214,6
33215,1
33216,4
33217,6
33218,4
33219,0
33220,4
33221,3
33222,2
33223,4
33224,1
33225,2
33226,2
33227,3
33228,0
33229,6
33230,4
33231,1
33232,6
33233,5
33234,6
33235,4
33236,2
33237,3
33238,3
33239,5
33240,5
33241,6
33242,0
33243,2
33244,3
33245,0
33246,1
33247,6
33248,4
33249,0
33250,5
33251,0
33252,6
33253,5
33254,3
33255,0
33256,6
33257,0
33258,4
33259,2
33260,6
33261,1
33262,0
33263,0
33264,4
33265,0
33266,4
33267,2
33268,5
33269,4
33270,4
33271,6
33272,3
33273,4
33274,4
33275,6
33276,6
33277,0
33278,6
33279,2
33280,1
33281,5
33282,0
33283,0
33284,3
33285,6
33286,2
33287,1
33288,5
33289,4
33290,6
33291,4
33292,0
33293,0
33294,6
33295,3
33296,2
33297,4
33298,3
33299,3
33300,0
33301,5
33302,3
33303,6
33304,6
33305,2
33306,2
33307,0
33308,4
33309,1
33310,6
33311,5
33312,5
33313,0
33314,3
33315,4
33316,0
33317,6
33318,3
33319,6
33320,6
33321,2
33322,3
33323,1
33324,1
33325,6
33326,0
33327,5
33328,5
33329,1
33330,0
33331,3
33332,1
33333,2
33334,4
33335,4
33336,0
33337,1
33338,6
33339,4
33340,1
33341,5
33342,4
33343,6
33344,0
33345,3
33346,5
33347,4
33348,3
33349,5
33350,6
33351,4
33352,4
33353,3
33354,4
33355,3
33356,4
33357,3
33358,2
33359,6
33360,2
33361,4
33362,5
33363,4
33364,1
33365,2
33366,0
33367,0
33368,1
33369,3
33370,3
33371,3
33372,2
33373,1
33374,1
33375,5
33376,0
33377,0
33378,2
33379,5
33380,5
33381,5
33382,2
33383,4
33384,4
33385,1
33386,4
33387,5
33388,6
33389,4
33390,1
33391,5
33392,6
33393,0
33394,4
33395,3
33396,3
33397,2
33398,6
33399,6
33400,0
33401,0
33402,5
33403,4
33404,0
33405,1
33406,4
33407,1
33408,2
33409,1
33410,5
33411,5
33412,5
33413,5
33414,2
33415,3
33416,4
33417,4
33418,2
33419,5
33420,0
33421,6
33422,4
33423,5
33424,3
33425,4
33426,3
33427,4
33428,3
33429,0
33430,2
33431,6
33432,3
33433,1
33434,0
33435,5
33436,1
33437,4
33438,3
33439,4
33440,0
33441,0
33442,0
33443,1
33444,3
33445,5
33446,4
33447,3
33448,1
33449,5
33450,0
33451,5
33452,4
33453,3
33454,4
33455,1
33456,2
33457,3
33458,6
33459,6
33460,4
33461,1
33462,3
33463,0
33464,2
33465,5
33466,4
33467,3
33468,5
33469,0
33470,4
33471,4
33472,4
33473,3
33474,0
33475,5
33476,4
33477,1
33478,3
33479,6
33480,1
33481,4
33482,6
33483,2
33484,4
33485,3
33486,3
33487,4
33488,4
33489,0
33490,1
33491,0
33492,3
33493,6
33494,4
33495,1
33496,3
33497,6
33498,6
33499,2
33500,2
33501,6
33502,6
33503,5
33504,3
33505,3
33506,0
33507,6
33508,0
33509,5
33510,6
33511,0
33512,0
33513,3
33514,2
33515,4
33516,6
33517,4
33518,6
33519,2
33520,3
33521,4
33522,1
33523,0
33524,3
33525,2
33526,4
33527,0
33528,0
33529,0
33530,1
33531,3
33532,4
33533,0
33534,4
33535,0
33536,5
33537,0
33538,6
33539,6
33540,4
33541,2
33542,1
33543,0
33544,1
33545,3
33546,4
33547,4
33548,4
33549,5
33550,5
33551,3
33552,0
33553,0
33554,4
33555,5
33556,6
33557,5
33558,3
33559,0
33560,2
33561,1
33562,3
33563,5
33564,1
33565,6
33566,3
33567,2
33568,1
33569,5
33570,5
33571,6
33572,5
33573,2
33574,2
33575,5
33576,5
33577,4
33578,1
33579,4
33580,3
33581,4
33582,5
33583,2
33584,1
33585,1
33586,1
33587,3
33588,5
33589,6
33590,6
33591,2
33592,6
33593,2
33594,4
33595,0
33596,2
33597,5
33598,1
33599,3
33600,0
33601,1
33602,0
33603,4
33604,3
33605,4
33606,2
33607,0
33608,0
33609,2
33610,3
33611,2
33612,0
33613,1
33614,2
33615,0
33616,0
33617,5
33618,5
33619,3
33620,2
33621,4
33622,3
33623,4
33624,1
33625,2
33626,0
33627,1
33628,5
33629,5
33630,3
33631,5
33632,0
33633,0
33634,2
33635,5
33636,2
33637,4
33638,2
33639,0
33640,4
33641,6
33642,3
33643,6
33644,3
33645,3
33646,5
33647,4
33648,1
33649,2
33650,3
33651,6
33652,1
33653,6
33654,1
33655,0
33656,6
33657,4
33658,1
33659,5
33660,0
33661,4
33662,2
33663,4
33664,2
33665,2
33666,6
33667,0
33668,2
33669,6
33670,0
33671,5
33672,3
33673,1
33674,6
33675,4
33676,4
33677,2
33678,6
33679,6
33680,3
33681,0
33682,0
33683,0
33684,4
33685,0
33686,2
33687,4
33688,6
33689,2
33690,2
33691,0
33692,5
33693,4
33694,2
33695,5
33696,4
33697,3
33698,3
33699,6
33700,1
33701,6
33702,6
33703,2
33704,3
33705,5
33706,4
33707,0
33708,6
33709,1
33710,2
33711,3
33712,3
33713,1
33714,0
33715,3
33716,4
33717,3
33718,2
33719,6
33720,5
33721,2
33722,4
33723,2
33724,2
33725,0
33726,0
33727,5
33728,2
33729,0
33730,2
33731,0
33732,6
33733,2
33734,3
33735,4
33736,4
33737,4
33738,2
33739,0
33740,0
33741,3
33742,3
33743,1
33744,0
33745,1
33746,1
33747,1
33748,4
33749,3
33750,0
33751,4
33752,3
33753,1
33754,0
33755,5
33756,3
33757,2
33758,5
33759,6
33760,6
33761,6
33762,6
33763,3
33764,4
33765,4
33766,1
33767,4
33768,4
33769,4
33770,3
33771,0
33772,0
33773,2
33774,5
33775,6
33776,4
33777,3
33778,5
33779,1
33780,1
33781,6
33782,3
33783,0
33784,0
33785,3
33786,0
33787,3
33788,0
33789,3
33790,1
33791,3
33792,0
33793,6
33794,2
33795,5
33796,2
33797,5
33798,2
33799,1
33800,4
33801,6
33802,4
33803,6
33804,1
33805,0
33806,4
33807,3
33808,0
33809,0
33810,0
33811,5
33812,2
33813,3
33814,2
33815,3
33816,6
33817,5
33818,4
33819,0
33820,5
33821,1
33822,3
33823,5
33824,5
33825,6
33826,5
33827,1
33828,2
33829,5
33830,3
33831,0
33832,5
33833,4
33834,2
33835,0
33836,0
33837,5
33838,4
33839,2
33840,4
33841,0
33842,5
33843,5
33844,4
33845,6
33846,4
33847,3
33848,4
33849,0
33850,3
33851,5
33852,3
33853,6
33854,4
33855,1
33856,4
33857,0
33858,6
33859,0
33860,6
33861,4
33862,4
33863,4
33864,2
33865,5
33866,0
33867,2
33868,1
33869,4
33870,0
33871,0
33872,6
33873,4
33874,1
33875,4
33876,5
33877,1
33878,3
33879,1
33880,2
33881,2
33882,4
33883,6
33884,0
33885,1
33886,0
33887,1
33888,1
33889,1
33890,3
33891,2
33892,6
33893,4
33894,4
33895,3
33896,0
33897,4
33898,3
33899,5
33900,2
33901,5
33902,6
33903,4
33904,2
33905,1
33906,6
33907,0
33908,0
33909,4
33910,1
33911,3
33912,5
33913,1
33914,0
33915,5
33916,4
33917,5
33918,0
33919,1
33920,5
33921,1
33922,2
33923,5
33924,6
33925,0
33926,6
33927,6
33928,3
33929,4
33930,4
33931,3
33932,0
33933,5
33934,1
33935,4
33936,1
33937,2
33938,0
33939,6
33940,1
33941,2
33942,5
33943,2
33944,1
33945,4
33946,5
33947,2
33948,5
33949,0
33950,5
33951,5
33952,0
33953,5
33954,6
33955,0
33956,2
33957,1
33958,6
33959,0
33960,3
33961,3
33962,0
33963,5
33964,5
33965,5
33966,5
33967,0
33968,0
33969,3
33970,5
33971,4
33972,5
33973,5
33974,5
33975,3
33976,5
33977,2
33978,0
33979,4
33980,2
33981,3
33982,6
33983,6
33984,3
33985,6
33986,6
33987,3
33988,1
33989,4
33990,2
33991,3
33992,2
33993,5
33994,3
33995,5
33996,0
33997,4
33998,5
33999,4
34000,5
34001,5
34002,6
34003,0
34004,3
34005,1
34006,2
34007,0
34008,0
34009,0
34010,1
34011,0
34012,0
34013,0
34014,0
34015,4
34016,6
34017,6
34018,4
34019,0
34020,1
34021,6
34022,0
34023,4
34024,1
34025,0
34026,5
34027,2
34028,6
34029,3
34030,6
34031,1
34032,1
34033,4
34034,5
34035,6
34036,4
34037,5
34038,2
34039,4
34040,0
34041,2
34042,0
34043,6
34044,6
34045,0
34046,0
34047,3
34048,4
34049,0
34050,1
34051,3
34052,6
34053,0
34054,4
34055,0
34056,5
34057,4
34058,4
34059,0
34060,0
34061,3
34062,5
34063,6
34064,5
34065,1
34066,0
34067,1
34068,5
34069,0
34070,6
34071,2
34072,4
34073,3
34074,5
34075,0
34076,3
34077,1
34078,3
34079,0
34080,5
34081,0
34082,0
34083,0
34084,5
34085,3
34086,0
34087,0
34088,6
34089,5
34090,1
34091,2
34092,2
34093,5
34094,3
34095,1
34096,2
34097,2
34098,5
34099,1
34100,5
34101,6
34102,2
34103,2
34104,3
34105,1
34106,2
34107,0
34108,4
34109,4
34110,2
34111,3
34112,1
34113,3
34114,4
34115,0
34116,5
34117,3
34118,3
34119,1
34120,6
34121,3
34122,4
34123,6
34124,4
34125,2
34126,0
34127,6
34128,0
34129,4
34130,4
34131,3
34132,6
34133,6
34134,2
34135,5
34136,0
34137,4
34138,4
34139,0
34140,4
34141,0
34142,2
34143,1
34144,0
34145,4
34146,2
34147,2
34148,4
34149,2
34150,2
34151,0
34152,0
34153,1
34154,4
34155,3
34156,0
34157,6
34158,1
34159,0
34160,4
34161,2
34162,2
34163,4
34164,3
34165,6
34166,5
34167,2
34168,6
34169,4
34170,5
34171,3
34172,0
34173,1
34174,6
34175,2
34176,0
34177,4
34178,0
34179,4
34180,1
34181,3
34182,0
34183,2
34184,6
34185,3
34186,6
34187,3
34188,0
34189,1
34190,1
34191,2
34192,1
34193,6
34194,1
34195,6
34196,1
34197,1
34198,5
34199,1
34200,0
34201,5
34202,6
34203,5
34204,3
34205,3
34206,6
34207,6
34208,5
34209,0
34210,3
34211,4
34212,0
34213,5
34214,6
34215,3
34216,5
34217,3
34218,2
34219,3
34220,6
34221,5
34222,5
34223,5
34224,6
34225,4
34226,0
34227,4
34228,6
34229,1
34230,6
34231,6
34232,5
34233,0
34234,6
34235,0
34236,5
34237,6
34238,0
34239,6
34240,1
34241,5
34242,4
34243,6
34244,4
34245,0
34246,4
34247,5
34248,2
34249,4
34250,5
34251,3
34252,6
34253,4
34254,3
34255,5
34256,6
34257,3
34258,0
34259,2
34260,0
34261,0
34262,2
34263,2
34264,5
34265,5
34266,2
34267,2
34268,3
34269,0
34270,5
34271,1
34272,1
34273,6
34274,4
34275,2
34276,6
34277,2
34278,0
34279,1
34280,6
34281,3
34282,5
34283,5
34284,1
34285,1
34286,6
34287,0
34288,6
34289,0
34290,2
34291,4
34292,0
34293,4
34294,2
34295,6
34296,0
34297,6
34298,3
34299,4
34300,3
34301,1
34302,0
34303,1
34304,6
34305,5
34306,2
34307,5
34308,6
34309,2
34310,3
34311,6
34312,5
34313,2
34314,3
34315,4
34316,6
34317,0
34318,2
34319,5
34320,0
34321,4
34322,6
34323,4
34324,0
34325,1
34326,1
34327,6
34328,0
34329,6
34330,1
34331,0
34332,2
34333,0
34334,5
34335,5
34336,6
34337,5
34338,4
34339,6
34340,4
34341,3
34342,2
34343,5
34344,4
34345,5
34346,3
34347,2
34348,0
34349,5
34350,6
34351,6
34352,2
34353,5
34354,2
34355,4
34356,4
34357,4
34358,4
34359,4
34360,3
34361,0
34362,0
34363,5
34364,6
34365,4
34366,4
34367,6
34368,5
34369,2
34370,2
34371,5
34372,3
34373,1
34374,3
34375,2
34376,4
34377,6
34378,3
34379,3
34380,0
34381,0
34382,2
34383,5
34384,4
34385,6
34386,0
34387,6
34388,6
34389,1
34390,1
34391,6
34392,4
34393,6
34394,5
34395,3
34396,0
34397,6
34398,5
34399,1
34400,0
34401,4
34402,1
34403,6
34404,4
34405,4
34406,3
34407,0
34408,3
34409,2
34410,5
34411,3
34412,4
34413,2
34414,4
34415,3
34416,6
34417,0
34418,2
34419,3
34420,3
34421,4
34422,6
34423,1
34424,0
34425,6
34426,5
34427,4
34428,1
34429,2
34430,0
34431,1
34432,4
34433,0
34434,5
34435,1
34436,3
34437,0
34438,5
34439,1
34440,2
34441,3
34442,5
34443,1
34444,1
34445,0
34446,6
34447,3
34448,3
34449,4
34450,5
34451,4
34452,5
34453,5
34454,6
34455,1
34456,5
34457,0
34458,4
34459,4
34460,4
34461,3
34462,5
34463,3
34464,4
34465,6
34466,6
34467,1
34468,6
34469,2
34470,1
34471,2
34472,2
34473,5
34474,1
34475,2
34476,6
34477,0
34478,1
34479,1
34480,1
34481,2
34482,5
34483,2
34484,4
34485,5
34486,0
34487,0
34488,3
34489,6
34490,5
34491,1
34492,2
34493,1
34494,4
34495,4
34496,2
34497,2
34498,0
34499,0
34500,4
34501,0
34502,1
34503,2
34504,0
34505,0
34506,0
34507,0
34508,2
34509,2
34510,1
34511,4
34512,3
34513,0
34514,5
34515,0
34516,3
34517,5
34518,6
34519,3
34520,6
34521,4
34522,3
34523,1
34524,1
34525,4
34526,2
34527,0
34528,2
34529,4
34530,2
34531,0
34532,3
34533,1
34534,3
34535,0
34536,2
34537,2
34538,3
34539,1
34540,6
34541,6
34542,1
34543,2
34544,5
34545,4
34546,3
34547,6
34548,6
34549,6
34550,0
34551,0
34552,6
34553,1
34554,3
34555,5
34556,4
34557,6
34558,2
34559,4
34560,4
34561,3
34562,1
34563,6
34564,6
34565,3
34566,2
34567,4
34568,2
34569,1
34570,6
34571,0
34572,4
34573,6
34574,1
34575,0
34576,2
34577,0
34578,5
34579,5
34580,6
34581,3
34582,4
34583,2
34584,0
34585,5
34586,5
34587,4
34588,0
34589,3
34590,2
34591,3
34592,3
34593,4
34594,2
34595,6
34596,2
34597,0
34598,4
34599,0
34600,4
34601,3
34602,4
34603,4
34604,1
34605,0
34606,4
34607,0
34608,2
34609,0
34610,5
34611,1
34612,0
34613,2
34614,3
34615,1
34616,1
34617,3
34618,2
34619,5
34620,1
34621,3
34622,1
34623,2
34624,6
34625,0
34626,1
34627,0
34628,2
34629,5
34630,0
34631,3
34632,4
34633,4
34634,0
34635,0
34636,5
34637,1
34638,4
34639,4
34640,0
34641,3
34642,5
34643,4
34644,3
34645,4
34646,1
34647,0
34648,0
34649,0
34650,1
34651,1
34652,6
34653,6
34654,0
34655,2
34656,0
34657,2
34658,0
34659,4
34660,1
34661,4
34662,2
34663,4
34664,0
34665,3
34666,5
34667,3
34668,3
34669,6
34670,4
34671,2
34672,5
34673,6
34674,0
34675,0
34676,6
34677,3
34678,6
34679,2
34680,4
34681,0
34682,6
34683,6
34684,0
34685,4
34686,4
34687,5
34688,3
34689,4
34690,0
34691,5
34692,4
34693,6
34694,0
34695,6
34696,2
34697,3
34698,0
34699,6
34700,2
34701,1
34702,0
34703,5
34704,2
34705,0
34706,4
34707,6
34708,2
34709,1
34710,2
34711,3
34712,1
34713,5
34714,4
34715,3
34716,3
34717,0
34718,0
34719,6
34720,6
34721,3
34722,5
34723,6
34724,6
34725,4
34726,2
34727,0
34728,4
34729,3
34730,3
34731,5
34732,3
34733,3
34734,3
34735,5
34736,0
34737,2
34738,0
34739,4
34740,0
34741,4
34742,3
34743,3
34744,1
34745,5
34746,5
34747,4
34748,4
34749,6
34750,2
34751,3
34752,5
34753,6
34754,6
34755,1
34756,6
34757,2
34758,5
34759,2
34760,0
34761,5
34762,3
34763,1
34764,0
34765,3
34766,3
34767,4
34768,3
34769,2
34770,4
34771,5
34772,4
34773,4
34774,1
34775,0
34776,0
34777,5
34778,0
34779,2
34780,3
34781,3
34782,0
34783,2
34784,1
34785,5
34786,3
34787,0
34788,6
34789,0
34790,0
34791,2
34792,1
34793,6
34794,1
34795,2
34796,3
34797,2
34798,3
34799,3
34800,3
34801,4
34802,6
34803,6
34804,5
34805,2
34806,3
34807,3
34808,0
34809,5
34810,2
34811,4
34812,6
34813,0
34814,0
34815,6
34816,0
34817,4
34818,6
34819,4
34820,6
34821,4
34822,2
34823,1
34824,0
34825,1
34826,1
34827,6
34828,0
34829,2
34830,0
34831,1
34832,4
34833,2
34834,2
34835,0
34836,1
34837,4
34838,2
34839,6
34840,5
34841,1
34842,0
34843,4
34844,3
34845,3
34846,1
34847,6
34848,4
34849,2
34850,1
34851,0
34852,0
34853,2
34854,5
34855,4
34856,3
34857,3
34858,6
34859,6
34860,5
34861,6
34862,4
34863,1
34864,2
34865,3
34866,0
34867,3
34868,4
34869,5
34870,3
34871,0
34872,5
34873,4
34874,2
34875,5
34876,3
34877,5
34878,6
34879,0
34880,0
34881,4
34882,5
34883,0
34884,0
34885,3
34886,5
34887,5
34888,3
34889,0
34890,3
34891,4
34892,1
34893,6
34894,4
34895,6
34896,5
34897,5
34898,0
34899,1
34900,3
34901,1
34902,3
34903,2
34904,4
34905,6
34906,0
34907,4
34908,0
34909,5
34910,3
34911,2
34912,1
34913,5
34914,0
34915,0
34916,0
34917,5
34918,6
34919,4
34920,6
34921,4
34922,0
34923,6
34924,6
34925,5
34926,0
34927,1
34928,0
34929,0
34930,5
34931,2
34932,5
34933,6
34934,0
34935,1
34936,5
34937,0
34938,3
34939,3
34940,2
34941,6
34942,4
34943,4
34944,3
34945,3
34946,5
34947,4
34948,5
34949,0
34950,4
34951,4
34952,4
34953,0
34954,0
34955,4
34956,6
34957,3
34958,0
34959,6
34960,1
34961,3
34962,4
34963,6
34964,2
34965,5
34966,6
34967,1
34968,5
34969,0
34970,1
34971,3
34972,5
34973,4
34974,6
34975,5
34976,6
34977,4
34978,3
34979,0
34980,2
34981,3
34982,0
34983,4
34984,0
34985,2
34986,0
34987,4
34988,1
34989,0
34990,1
34991,4
34992,5
34993,2
34994,6
34995,4
34996,3
34997,1
34998,5
34999,1
35000,5
35001,1
35002,1
35003,0
35004,0
35005,1
35006,6
35007,2
35008,4
35009,6
35010,0
35011,5
35012,6
35013,4
35014,1
35015,2
35016,0
35017,5
35018,1
35019,5
35020,6
35021,0
35022,2
35023,1
35024,0
35025,6
35026,4
35027,0
35028,1
35029,5
35030,1
35031,6
35032,4
35033,2
35034,6
35035,4
35036,6
35037,0
35038,3
35039,0
35040,1
35041,5
35042,3
35043,6
35044,3
35045,6
35046,0
35047,1
35048,0
35049,5
35050,0
35051,3
35052,2
35053,5
35054,4
35055,1
35056,2
35057,4
35058,3
35059,2
35060,5
35061,3
35062,0
35063,6
35064,4
35065,4
35066,0
35067,1
35068,4
35069,0
35070,1
35071,5
35072,5
35073,3
35074,5
35075,0
35076,2
35077,5
35078,0
35079,0
35080,4
35081,5
35082,5
35083,3
35084,5
35085,2
35086,3
35087,0
35088,5
35089,4
35090,5
35091,4
35092,3
35093,5
35094,4
35095,3
35096,3
35097,2
35098,6
35099,0
35100,3
35101,3
35102,6
35103,0
35104,5
35105,5
35106,5
35107,0
35108,6
35109,0
35110,4
35111,6
35112,1
35113,0
35114,6
35115,2
35116,5
35117,5
35118,4
35119,3
35120,0
35121,2
35122,2
35123,4
35124,3
35125,4
35126,6
35127,0
35128,3
35129,0
35130,0
35131,3
35132,5
35133,5
35134,3
35135,5
35136,4
35137,6
35138,4
35139,5
35140,2
35141,3
35142,2
35143,4
35144,2
35145,6
35146,2
35147,1
35148,5
35149,1
35150,3
35151,0
35152,5
35153,3
35154,1
35155,5
35156,1
35157,1
35158,6
35159,4
35160,3
35161,1
35162,0
35163,0
35164,0
35165,3
35166,6
35167,1
35168,0
35169,5
35170,3
35171,4
35172,3
35173,0
35174,2
35175,4
35176,5
35177,3
35178,1
35179,3
35180,3
35181,0
35182,2
35183,1
35184,2
35185,5
35186,4
35187,1
35188,4
35189,2
35190,4
35191,1
35192,2
35193,4
35194,6
35195,0
35196,6
35197,6
35198,5
35199,5
35200,4
35201,5
35202,2
35203,1
35204,5
35205,4
35206,4
35207,5
35208,5
35209,6
35210,4
35211,6
35212,5
35213,0
35214,2
35215,5
35216,3
35217,2
35218,1
35219,5
35220,0
35221,0
35222,4
35223,2
35224,1
35225,3
35226,3
35227,4
35228,1
35229,5
35230,2
35231,3
35232,3
35233,0
35234,0
35235,2
35236,4
35237,0
35238,5
35239,4
35240,5
35241,2
35242,1
35243,5
35244,5
35245,3
35246,2
35247,0
35248,0
35249,3
35250,6
35251,0
35252,6
35253,6
35254,2
35255,2
35256,0
35257,1
35258,1
35259,3
35260,5
35261,5
35262,5
35263,3
35264,2
35265,1
35266,1
35267,5
35268,1
35269,1
35270,5
35271,0
35272,1
35273,6
35274,3
35275,1
35276,2
35277,6
35278,2
35279,0
35280,2
35281,1
35282,3
35283,4
35284,5
35285,3
35286,4
35287,0
35288,6
35289,0
35290,5
35291,0
35292,4
35293,1
35294,0
35295,5
35296,1
35297,6
35298,0
35299,5
35300,4
35301,6
35302,4
35303,2
35304,2
35305,0
35306,0
35307,3
35308,4
35309,2
35310,0
35311,2
35312,2
35313,3
35314,0
35315,2
35316,4
35317,4
35318,4
35319,2
35320,0
35321,1
35322,4
35323,5
35324,2
35325,2
35326,5
35327,3
35328,2
35329,4
35330,5
35331,4
35332,6
35333,1
35334,2
35335,0
35336,2
35337,0
35338,5
35339,6
35340,1
35341,3
35342,6
35343,0
35344,2
35345,3
35346,6
35347,5
35348,5
35349,1
35350,0
35351,6
35352,0
35353,0
35354,0
35355,0
35356,6
35357,5
35358,5
35359,2
35360,1
35361,4
35362,2
35363,4
35364,2
35365,1
35366,4
35367,4
35368,0
35369,5
35370,4
35371,6
35372,5
35373,4
35374,6
35375,5
35376,1
35377,0
35378,4
35379,4
35380,1
35381,2
35382,5
35383,5
35384,3
35385,2
35386,4
35387,3
35388,0
35389,1
35390,3
35391,3
35392,5
35393,4
35394,4
35395,4
35396,6
35397,2
35398,5
35399,4
35400,1
35401,5
35402,0
35403,0
35404,4
35405,4
35406,2
35407,5
35408,1
35409,2
35410,6
35411,5
35412,3
35413,4
35414,3
35415,0
35416,4
35417,4
35418,3
35419,6
35420,4
35421,5
35422,1
35423,2
35424,1
35425,4
35426,3
35427,2
35428,2
35429,2
35430,3
35431,3
35432,5
35433,3
35434,0
35435,6
35436,1
35437,5
35438,1
35439,5
35440,3
35441,5
35442,0
35443,0
35444,0
35445,0
35446,3
35447,5
35448,1
35449,2
35450,5
35451,4
35452,1
35453,2
35454,1
35455,4
35456,4
35457,4
35458,3
35459,5
35460,4
35461,3
35462,6
35463,3
35464,2
35465,2
35466,0
35467,4
35468,1
35469,6
35470,4
35471,6
35472,2
35473,2
35474,0
35475,4
35476,5
35477,5
35478,6
35479,3
35480,1
35481,4
35482,2
35483,1
35484,5
35485,3
35486,4
35487,0
35488,0
35489,2
35490,5
35491,5
35492,4
35493,4
35494,6
35495,2
35496,3
35497,6
35498,2
35499,5
35500,3
35501,5
35502,1
35503,6
35504,5
35505,0
35506,5
35507,4
35508,2
35509,1
35510,2
35511,6
35512,4
35513,4
35514,4
35515,2
35516,6
35517,0
35518,6
35519,0
35520,2
35521,5
35522,4
35523,5
35524,1
35525,3
35526,3
35527,1
35528,6
35529,2
35530,2
35531,6
35532,0
35533,1
35534,1
35535,5
35536,1
35537,2
35538,5
35539,1
35540,5
35541,6
35542,6
35543,4
35544,6
35545,1
35546,6
35547,6
35548,0
35549,4
35550,5
35551,1
35552,3
35553,6
35554,4
35555,6
35556,2
35557,3
35558,6
35559,4
35560,1
35561,3
35562,1
35563,4
35564,2
35565,4
35566,4
35567,6
35568,1
35569,4
35570,0
35571,3
35572,3
35573,2
35574,5
35575,3
35576,2
35577,4
35578,4
35579,3
35580,3
35581,6
35582,1
35583,3
35584,6
35585,4
35586,5
35587,0
35588,4
35589,3
35590,6
35591,6
35592,3
35593,4
35594,6
35595,4
35596,4
35597,0
35598,2
35599,1
35600,3
35601,4
35602,0
35603,5
35604,2
35605,6
35606,3
35607,0
35608,4
35609,5
35610,0
35611,4
35612,5
35613,3
35614,0
35615,5
35616,1
35617,5
35618,4
35619,0
35620,1
35621,4
35622,5
35623,0
35624,3
35625,0
35626,6
35627,4
35628,3
35629,5
35630,5
35631,0
35632,2
35633,0
35634,1
35635,1
35636,4
35637,2
35638,6
35639,2
35640,0
35641,3
35642,1
35643,2
35644,0
35645,5
35646,1
35647,0
35648,4
35649,4
35650,1
35651,4
35652,2
35653,6
35654,4
35655,0
35656,0
35657,2
35658,4
35659,0
35660,4
35661,4
35662,6
35663,0
35664,6
35665,0
35666,3
35667,0
35668,0
35669,2
35670,1
35671,6
35672,4
35673,2
35674,2
35675,4
35676,3
35677,3
35678,5
35679,6
35680,4
35681,3
35682,3
35683,3
35684,5
35685,5
35686,2
35687,6
35688,3
35689,0
35690,1
35691,4
35692,2
35693,5
35694,2
35695,0
35696,3
35697,0
35698,0
35699,2
35700,5
35701,4
35702,2
35703,3
35704,2
35705,6
35706,0
35707,3
35708,3
35709,1
35710,6
35711,4
35712,0
35713,3
35714,1
35715,4
35716,1
35717,0
35718,0
35719,6
35720,0
35721,4
35722,0
35723,2
35724,5
35725,3
35726,6
35727,0
35728,5
35729,3
35730,3
35731,0
35732,1
35733,0
35734,0
35735,5
35736,5
35737,6
35738,6
35739,2
35740,2
35741,1
35742,2
35743,1
35744,4
35745,2
35746,1
35747,5
35748,6
35749,2
35750,3
35751,1
35752,4
35753,2
35754,3
35755,3
35756,2
35757,6
35758,5
35759,1
35760,6
35761,2
35762,3
35763,4
35764,1
35765,6
35766,6
35767,0
35768,1
35769,0
35770,1
35771,5
35772,3
35773,4
35774,5
35775,4
35776,6
35777,1
35778,6
35779,3
35780,2
35781,5
35782,0
35783,0
35784,2
35785,6
35786,5
35787,6
35788,5
35789,0
35790,0
35791,1
35792,5
35793,0
35794,1
35795,5
35796,4
35797,4
35798,3
35799,0
35800,0
35801,3
35802,6
35803,4
35804,1
35805,4
35806,0
35807,4
35808,3
35809,2
35810,5
35811,2
35812,2
35813,1
35814,2
35815,5
35816,0
35817,5
35818,6
35819,0
35820,0
35821,5
35822,0
35823,2
35824,3
35825,5
35826,2
35827,2
35828,6
35829,1
35830,4
35831,6
35832,5
35833,1
35834,6
35835,3
35836,4
35837,1
35838,1
35839,6
35840,6
35841,0
35842,4
35843,6
35844,0
35845,2
35846,4
35847,6
35848,2
35849,1
35850,5
35851,4
35852,1
35853,1
35854,4
35855,3
35856,5
35857,6
35858,2
35859,2
35860,6
35861,3
35862,1
35863,5
35864,4
35865,2
35866,4
35867,2
35868,6
35869,3
35870,5
35871,0
35872,6
35873,6
35874,3
35875,0
35876,5
35877,4
35878,2
35879,4
35880,0
35881,6
35882,2
35883,6
35884,5
35885,1
35886,3
35887,3
35888,3
35889,3
35890,4
35891,2
35892,4
35893,5
35894,6
35895,0
35896,2
35897,0
35898,4
35899,6
35900,0
35901,4
35902,5
35903,6
35904,2
35905,4
35906,2
35907,0
35908,0
35909,2
35910,0
35911,4
35912,3
35913,2
35914,1
35915,5
35916,2
35917,5
35918,5
35919,5
35920,5
35921,1
35922,3
35923,6
35924,4
35925,3
35926,1
35927,1
35928,6
35929,2
35930,0
35931,0
35932,0
35933,5
35934,5
35935,0
35936,5
35937,6
35938,1
35939,3
35940,0
35941,1
35942,4
35943,2
35944,0
35945,4
35946,2
35947,1
35948,1
35949,5
35950,5
35951,2
35952,5
35953,0
35954,6
35955,3
35956,2
35957,0
35958,0
35959,0
35960,5
35961,5
35962,2
35963,3
35964,0
35965,5
35966,6
35967,6
35968,4
35969,6
35970,6
35971,0
35972,5
35973,0
35974,3
35975,4
35976,5
35977,6
35978,0
35979,0
35980,4
35981,1
35982,3
35983,4
35984,0
35985,1
35986,2
35987,4
35988,0
35989,2
35990,2
35991,4
35992,3
35993,3
35994,5
35995,4
35996,2
35997,4
35998,6
35999,2
36000,6
36001,2
36002,4
36003,0
36004,1
36005,6
36006,4
36007,4
36008,3
36009,4
36010,1
36011,6
36012,4
36013,6
36014,2
36015,6
36016,0
36017,3
36018,0
36019,5
36020,0
36021,1
36022,2
36023,6
36024,2
36025,2
36026,0
36027,1
36028,0
36029,3
36030,0
36031,1
36032,0
36033,4
36034,0
36035,1
36036,6
36037,3
36038,2
36039,2
36040,0
36041,5
36042,5
36043,3
36044,3
36045,5
36046,0
36047,4
36048,0
36049,6
36050,4
36051,4
36052,2
36053,6
36054,5
36055,4
36056,0
36057,6
36058,0
36059,0
36060,4
36061,5
36062,6
36063,1
36064,1
36065,4
36066,5
36067,5
36068,1
36069,1
36070,4
36071,4
36072,5
36073,3
36074,0
36075,0
36076,1
36077,5
36078,5
36079,1
36080,6
36081,6
36082,0
36083,6
36084,4
36085,3
36086,4
36087,2
36088,6
36089,4
36090,3
36091,3
36092,2
36093,3
36094,4
36095,6
36096,5
36097,0
36098,0
36099,2
36100,4
36101,5
36102,6
36103,3
36104,3
36105,2
36106,1
36107,0
36108,6
36109,6
36110,3
36111,0
36112,2
36113,0
36114,4
36115,5
36116,1
36117,0
36118,0
36119,6
36120,2
36121,3
36122,5
36123,4
36124,0
36125,6
36126,1
36127,2
36128,3
36129,6
36130,4
36131,0
36132,4
36133,3
36134,1
36135,5
36136,4
36137,0
36138,4
36139,6
36140,0
36141,6
36142,4
36143,1
36144,4
36145,0
36146,5
36147,0
36148,1
36149,1
36150,0
36151,2
36152,0
36153,3
36154,0
36155,6
36156,6
36157,4
36158,2
36159,3
36160,2
36161,4
36162,2
36163,4
36164,3
36165,5
36166,5
36167,0
36168,6
36169,2
36170,4
36171,6
36172,3
36173,6
36174,1
36175,0
36176,5
36177,5
36178,5
36179,2
36180,5
36181,5
36182,3
36183,0
36184,0
36185,1
36186,4
36187,4
36188,6
36189,5
36190,2
36191,1
36192,6
36193,5
36194,1
36195,6
36196,3
36197,3
36198,4
36199,0
36200,5
36201,2
36202,6
36203,0
36204,6
36205,3
36206,0
36207,2
36208,3
36209,6
36210,6
36211,6
36212,3
36213,6
36214,2
36215,4
36216,2
36217,6
36218,4
36219,0
36220,1
36221,1
36222,4
36223,4
36224,1
36225,3
36226,1
36227,3
36228,0
36229,5
36230,0
36231,2
36232,3
36233,4
36234,3
36235,4
36236,3
36237,0
36238,4
36239,4
36240,1
36241,3
36242,4
36243,6
36244,0
36245,6
36246,1
36247,1
36248,1
36249,4
36250,1
36251,3
36252,6
36253,6
36254,0
36255,2
36256,3
36257,4
36258,6
36259,0
36260,4
36261,2
36262,6
36263,0
36264,0
36265,5
36266,6
36267,3
36268,6
36269,6
36270,4
36271,4
36272,1
36273,0
36274,0
36275,6
36276,3
36277,5
36278,0
36279,4
36280,0
36281,4
36282,3
36283,6
36284,0
36285,3
36286,1
36287,3
36288,5
36289,3
36290,0
36291,0
36292,2
36293,0
36294,6
36295,1
36296,3
36297,6
36298,2
36299,0
36300,6
36301,1
36302,0
36303,3
36304,5
36305,1
36306,4
36307,3
36308,5
36309,2
36310,1
36311,2
36312,2
36313,2
36314,0
36315,6
36316,1
36317,2
36318,4
36319,5
36320,1
36321,3
36322,6
36323,0
36324,6
36325,5
36326,0
36327,2
36328,1
36329,6
36330,6
36331,2
36332,5
36333,0
36334,1
36335,4
36336,2
36337,6
36338,2
36339,0
36340,3
36341,1
36342,3
36343,3
36344,4
36345,5
36346,6
36347,2
36348,4
36349,3
36350,3
36351,0
36352,0
36353,2
36354,4
36355,6
36356,6
36357,5
36358,0
36359,0
36360,1
36361,1
36362,0
36363,0
36364,4
36365,4
36366,4
36367,2
36368,3
36369,5
36370,2
36371,2
36372,0
36373,0
36374,1
36375,0
36376,5
36377,1
36378,0
36379,4
36380,0
36381,4
36382,2
36383,1
36384,0
36385,6
36386,4
36387,0
36388,6
36389,1
36390,6
36391,2
36392,1
36393,2
36394,1
36395,2
36396,2
36397,4
36398,6
36399,6
36400,3
36401,1
36402,4
36403,2
36404,1
36405,0
36406,4
36407,5
36408,2
36409,3
36410,2
36411,4
36412,4
36413,1
36414,4
36415,4
36416,2
36417,0
36418,5
36419,6
36420,0
36421,2
36422,4
36423,2
36424,2
36425,4
36426,4
36427,6
36428,6
36429,5
36430,0
36431,4
36432,4
36433,6
36434,2
36435,0
36436,4
36437,6
36438,5
36439,4
36440,5
36441,3
36442,3
36443,4
36444,0
36445,5
36446,0
36447,2
36448,0
36449,0
36450,6
36451,1
36452,5
36453,4
36454,2
36455,4
36456,2
36457,2
36458,3
36459,1
36460,6
36461,3
36462,2
36463,3
36464,0
36465,0
36466,5
36467,3
36468,5
36469,5
36470,6
36471,1
36472,5
36473,6
36474,6
36475,4
36476,1
36477,1
36478,5
36479,0
36480,6
36481,2
36482,2
36483,3
36484,6
36485,4
36486,0
36487,4
36488,4
36489,3
36490,1
36491,4
36492,1
36493,6
36494,5
36495,2
36496,0
36497,6
36498,3
36499,2
36500,0
36501,0
36502,1
36503,6
36504,4
36505,5
36506,5
36507,3
36508,4
36509,0
36510,0
36511,0
36512,5
36513,4
36514,0
36515,6
36516,5
36517,5
36518,5
36519,6
36520,3
36521,2
36522,5
36523,5
36524,6
36525,4
36526,5
36527,1
36528,0
36529,5
36530,1
36531,4
36532,6
36533,0
36534,2
36535,4
36536,4
36537,3
36538,0
36539,5
36540,0
36541,6
36542,6
36543,1
36544,5
36545,1
36546,5
36547,0
36548,4
36549,5
36550,3
36551,0
36552,4
36553,2
36554,2
36555,6
36556,3
36557,0
36558,5
36559,1
36560,4
36561,6
36562,1
36563,1
36564,4
36565,4
36566,4
36567,0
36568,1
36569,2
36570,0
36571,0
36572,0
36573,0
36574,2
36575,4
36576,3
36577,4
36578,0
36579,0
36580,1
36581,6
36582,1
36583,5
36584,5
36585,5
36586,5
36587,4
36588,3
36589,3
36590,1
36591,5
36592,3
36593,3
36594,4
36595,0
36596,6
36597,5
36598,2
36599,3
36600,4
36601,5
36602,4
36603,6
36604,3
36605,6
36606,3
36607,3
36608,2
36609,0
36610,6
36611,1
36612,2
36613,6
36614,4
36615,6
36616,6
36617,1
36618,1
36619,0
36620,6
36621,5
36622,5
36623,2
36624,2
36625,2
36626,3
36627,3
36628,4
36629,2
36630,3
36631,0
36632,5
36633,0
36634,1
36635,3
36636,2
36637,1
36638,5
36639,3
36640,5
36641,1
36642,5
36643,3
36644,0
36645,5
36646,1
36647,0
36648,1
36649,2
36650,2
36651,3
36652,0
36653,5
36654,3
36655,5
36656,0
36657,2
36658,5
36659,2
36660,1
36661,0
36662,4
36663,4
36664,0
36665,3
36666,1
36667,4
36668,4
36669,1
36670,5
36671,4
36672,0
36673,0
36674,1
36675,3
36676,0
36677,0
36678,5
36679,4
36680,0
36681,3
36682,4
36683,2
36684,6
36685,4
36686,2
36687,1
36688,3
36689,5
36690,3
36691,0
36692,1
36693,3
36694,3
36695,4
36696,4
36697,1
36698,2
36699,1
36700,3
36701,6
36702,0
36703,1
36704,5
36705,3
36706,1
36707,3
36708,1
36709,4
36710,5
36711,3
36712,1
36713,2
36714,6
36715,2
36716,0
36717,6
36718,3
36719,5
36720,3
36721,6
36722,0
36723,4
36724,4
36725,1
36726,5
36727,4
36728,1
36729,3
36730,1
36731,5
36732,2
36733,3
36734,2
36735,3
36736,5
36737,0
36738,2
36739,1
36740,0
36741,0
36742,1
36743,5
36744,4
36745,3
36746,0
36747,1
36748,1
36749,5
36750,1
36751,4
36752,2
36753,3
36754,4
36755,0
36756,1
36757,6
36758,2
36759,5
36760,2
36761,6
36762,4
36763,3
36764,4
36765,2
36766,5
36767,2
36768,3
36769,4
36770,5
36771,3
36772,2
36773,0
36774,2
36775,5
36776,0
36777,2
36778,2
36779,1
36780,1
36781,1
36782,1
36783,6
36784,5
36785,4
36786,5
36787,4
36788,0
36789,5
36790,0
36791,2
36792,1
36793,3
36794,5
36795,0
36796,6
36797,2
36798,5
36799,4
36800,5
36801,2
36802,0
36803,3
36804,1
36805,5
36806,4
36807,6
36808,0
36809,2
36810,1
36811,5
36812,4
36813,1
36814,4
36815,6
36816,1
36817,5
36818,6
36819,0
36820,5
36821,3
36822,6
36823,3
36824,5
36825,5
36826,6
36827,5
36828,0
36829,6
36830,4
36831,3
36832,1
36833,4
36834,4
36835,6
36836,5
36837,5
36838,6
36839,5
36840,5
36841,2
36842,4
36843,5
36844,2
36845,5
36846,5
36847,0
36848,1
36849,5
36850,0
36851,4
36852,6
36853,4
36854,2
36855,0
36856,0
36857,2
36858,1
36859,1
36860,6
36861,4
36862,0
36863,2
36864,4
36865,0
36866,1
36867,5
36868,0
36869,4
36870,3
36871,5
36872,0
36873,6
36874,1
36875,5
36876,2
36877,5
36878,5
36879,3
36880,0
36881,5
36882,3
36883,6
36884,1
36885,4
36886,6
36887,2
36888,0
36889,2
36890,1
36891,4
36892,3
36893,4
36894,1
36895,3
36896,4
36897,6
36898,0
36899,0
36900,0
36901,2
36902,2
36903,0
36904,4
36905,1
36906,2
36907,3
36908,3
36909,0
36910,4
36911,4
36912,4
36913,4
36914,4
36915,4
36916,1
36917,0
36918,2
36919,4
36920,4
36921,4
36922,5
36923,3
36924,2
36925,2
36926,3
36927,1
36928,0
36929,2
36930,3
36931,5
36932,5
36933,0
36934,3
36935,2
36936,5
36937,4
36938,1
36939,5
36940,4
36941,0
36942,5
36943,6
36944,0
36945,5
36946,6
36947,1
36948,6
36949,4
36950,3
36951,3
36952,3
36953,0
36954,5
36955,0
36956,4
36957,0
36958,6
36959,6
36960,4
36961,0
36962,0
36963,2
36964,2
36965,3
36966,6
36967,6
36968,2
36969,2
36970,5
36971,5
36972,6
36973,0
36974,6
36975,4
36976,2
36977,4
36978,2
36979,6
36980,1
36981,3
36982,1
36983,3
36984,5
36985,2
36986,3
36987,2
36988,1
36989,2
36990,6
36991,4
36992,4
36993,5
36994,6
36995,2
36996,5
36997,1
36998,2
36999,4
37000,1
37001,6
37002,4
37003,5
37004,6
37005,6
37006,6
37007,0
37008,1
37009,0
37010,2
37011,3
37012,6
37013,2
37014,3
37015,1
37016,4
37017,1
37018,3
37019,1
37020,5
37021,4
37022,0
37023,4
37024,4
37025,4
37026,2
37027,0
37028,1
37029,4
37030,2
37031,0
37032,1
37033,0
37034,4
37035,4
37036,4
37037,0
37038,0
37039,2
37040,2
37041,4
37042,5
37043,0
37044,6
37045,5
37046,2
37047,5
37048,5
37049,4
37050,0
37051,3
37052,2
37053,3
37054,0
37055,4
37056,4
37057,5
37058,1
37059,6
37060,4
37061,5
37062,0
37063,3
37064,3
37065,0
37066,5
37067,5
37068,5
37069,5
37070,2
37071,3
37072,6
37073,3
37074,5
37075,3
37076,3
37077,6
37078,1
37079,0
37080,6
37081,3
37082,2
37083,3
37084,3
37085,1
37086,2
37087,4
37088,5
37089,2
37090,3
37091,5
37092,3
37093,0
37094,2
37095,5
37096,4
37097,0
37098,6
37099,1
37100,2
37101,5
37102,0
37103,2
37104,6
37105,5
37106,1
37107,0
37108,4
37109,4
37110,5
37111,4
37112,6
37113,0
37114,1
37115,0
37116,1
37117,3
37118,4
37119,5
37120,5
37121,0
37122,3
37123,2
37124,5
37125,0
37126,5
37127,5
37128,3
37129,2
37130,2
37131,6
37132,2
37133,0
37134,1
37135,0
37136,4
37137,5
37138,4
37139,3
37140,2
37141,6
37142,5
37143,0
37144,1
37145,5
37146,0
37147,3
37148,5
37149,5
37150,6
37151,6
37152,0
37153,6
37154,0
37155,0
37156,5
37157,1
37158,2
37159,6
37160,2
37161,6
37162,4
37163,3
37164,5
37165,6
37166,6
37167,2
37168,3
37169,0
37170,3
37171,3
37172,3
37173,1
37174,5
37175,3
37176,5
37177,4
37178,3
37179,0
37180,0
37181,6
37182,5
37183,3
37184,5
37185,6
37186,0
37187,0
37188,1
37189,2
37190,3
37191,3
37192,3
37193,4
37194,6
37195,0
37196,0
37197,3
37198,6
37199,2
37200,6
37201,2
37202,1
37203,5
37204,4
37205,6
37206,0
37207,0
37208,5
37209,3
37210,5
37211,2
37212,6
37213,3
37214,4
37215,0
37216,3
37217,5
37218,2
37219,1
37220,2
37221,2
37222,6
37223,6
37224,5
37225,0
37226,3
37227,1
37228,1
37229,1
37230,3
37231,6
37232,3
37233,4
37234,5
37235,3
37236,5
37237,3
37238,4
37239,5
37240,4
37241,4
37242,1
37243,6
37244,5
37245,0
37246,6
37247,4
37248,1
37249,6
37250,3
37251,2
37252,0
37253,4
37254,2
37255,5
37256,4
37257,5
37258,6
37259,2
37260,6
37261,3
37262,0
37263,5
37264,4
37265,2
37266,3
37267,3
37268,6
37269,3
37270,1
37271,3
37272,1
37273,3
37274,5
37275,3
37276,3
37277,0
37278,5
37279,0
37280,0
37281,3
37282,3
37283,2
37284,0
37285,4
37286,1
37287,6
37288,6
37289,4
37290,4
37291,6
37292,2
37293,5
37294,5
37295,6
37296,1
37297,2
37298,6
37299,1
37300,1
37301,3
37302,3
37303,1
37304,1
37305,1
37306,1
37307,2
37308,3
37309,5
37310,2
37311,2
37312,2
37313,3
37314,0
37315,4
37316,3
37317,5
37318,0
37319,1
37320,3
37321,5
37322,6
37323,4
37324,0
37325,3
37326,4
37327,6
37328,3
37329,3
37330,4
37331,2
37332,5
37333,2
37334,5
37335,4
37336,6
37337,5
37338,2
37339,0
37340,4
37341,0
37342,2
37343,1
37344,4
37345,5
37346,4
37347,5
37348,6
37349,5
37350,6
37351,1
37352,5
37353,5
37354,5
37355,2
37356,3
37357,5
37358,6
37359,6
37360,4
37361,6
37362,3
37363,6
37364,6
37365,5
37366,3
37367,6
37368,0
37369,6
37370,0
37371,1
37372,0
37373,0
37374,0
37375,1
37376,5
37377,0
37378,6
37379,4
37380,0
37381,3
37382,4
37383,4
37384,3
37385,4
37386,4
37387,5
37388,4
37389,3
37390,0
37391,0
37392,0
37393,1
37394,0
37395,0
37396,2
37397,2
37398,4
37399,6
37400,4
37401,0
37402,2
37403,4
37404,6
37405,6
37406,6
37407,5
37408,2
37409,4
37410,3
37411,6
37412,3
37413,4
37414,1
37415,5
37416,0
37417,0
37418,3
37419,3
37420,1
37421,1
37422,5
37423,4
37424,6
37425,6
37426,4
37427,5
37428,0
37429,3
37430,0
37431,3
37432,5
37433,1
37434,2
37435,0
37436,2
37437,1
37438,3
37439,1
37440,1
37441,6
37442,4
37443,2
37444,1
37445,4
37446,6
37447,1
37448,0
37449,1
37450,4
37451,0
37452,3
37453,3
37454,0
37455,4
37456,5
37457,4
37458,6
37459,0
37460,2
37461,1
37462,5
37463,6
37464,4
37465,6
37466,3
37467,5
37468,2
37469,5
37470,6
37471,3
37472,0
37473,4
37474,5
37475,4
37476,4
37477,0
37478,3
37479,2
37480,1
37481,3
37482,4
37483,3
37484,3
37485,0
37486,6
37487,6
37488,1
37489,0
37490,6
37491,5
37492,4
37493,2
37494,1
37495,4
37496,2
37497,3
37498,1
37499,6
37500,3
37501,6
37502,4
37503,5
37504,1
37505,4
37506,3
37507,3
37508,6
37509,3
37510,2
37511,2
37512,1
37513,2
37514,4
37515,0
37516,0
37517,0
37518,1
37519,1
37520,4
37521,0
37522,0
37523,2
37524,2
37525,4
37526,3
37527,1
37528,4
37529,0
37530,4
37531,0
37532,0
37533,4
37534,1
37535,4
37536,3
37537,2
37538,5
37539,6
37540,6
37541,6
37542,5
37543,6
37544,2
37545,4
37546,2
37547,2
37548,5
37549,0
37550,6
37551,5
37552,4
37553,1
37554,2
37555,1
37556,4
37557,6
37558,1
37559,4
37560,4
37561,3
37562,0
37563,2
37564,0
37565,3
37566,5
37567,5
37568,1
37569,3
37570,5
37571,3
37572,6
37573,6
37574,0
37575,0
37576,6
37577,5
37578,3
37579,6
37580,0
37581,3
37582,1
37583,4
37584,0
37585,0
37586,3
37587,1
37588,4
37589,1
37590,3
37591,4
37592,2
37593,0
37594,5
37595,1
37596,0
37597,5
37598,5
37599,6
37600,0
37601,5
37602,2
37603,3
37604,1
37605,5
37606,3
37607,0
37608,3
37609,1
37610,1
37611,0
37612,1
37613,4
37614,0
37615,5
37616,5
37617,5
37618,0
37619,4
37620,1
37621,1
37622,4
37623,4
37624,2
37625,6
37626,2
37627,0
37628,5
37629,1
37630,4
37631,3
37632,5
37633,0
37634,1
37635,2
37636,3
37637,5
37638,5
37639,2
37640,4
37641,4
37642,3
37643,4
37644,2
37645,3
37646,4
37647,2
37648,4
37649,4
37650,0
37651,4
37652,5
37653,5
37654,1
37655,1
37656,2
37657,1
37658,6
37659,2
37660,1
37661,6
37662,0
37663,6
37664,6
37665,6
37666,4
37667,1
37668,5
37669,5
37670,5
37671,5
37672,4
37673,6
37674,4
37675,0
37676,0
37677,0
37678,2
37679,0
37680,0
37681,0
37682,4
37683,4
37684,4
37685,4
37686,2
37687,0
37688,0
37689,5
37690,0
37691,0
37692,0
37693,5
37694,5
37695,4
37696,5
37697,0
37698,0
37699,4
37700,2
37701,3
37702,0
37703,1
37704,0
37705,1
37706,0
37707,5
37708,3
37709,4
37710,3
37711,0
37712,6
37713,0
37714,6
37715,6
37716,1
37717,4
37718,1
37719,1
37720,2
37721,4
37722,1
37723,3
37724,4
37725,3
37726,5
37727,4
37728,4
37729,5
37730,1
37731,3
37732,1
37733,0
37734,3
37735,3
37736,3
37737,0
37738,2
37739,3
37740,4
37741,6
37742,3
37743,1
37744,3
37745,1
37746,3
37747,5
37748,2
37749,1
37750,4
37751,0
37752,3
37753,6
37754,6
37755,5
37756,4
37757,5
37758,0
37759,0
37760,4
37761,2
37762,1
37763,5
37764,5
37765,4
37766,3
37767,5
37768,0
37769,0
37770,4
37771,6
37772,0
37773,2
37774,3
37775,2
37776,3
37777,5
37778,6
37779,4
37780,4
37781,6
37782,6
37783,3
37784,4
37785,0
37786,4
37787,2
37788,6
37789,3
37790,3
37791,5
37792,5
37793,2
37794,5
37795,5
37796,0
37797,6
37798,0
37799,6
37800,3
37801,3
37802,4
37803,0
37804,3
37805,6
37806,6
37807,1
37808,3
37809,1
37810,4
37811,0
37812,4
37813,0
37814,4
37815,4
37816,1
37817,6
37818,5
37819,6
37820,6
37821,6
37822,1
37823,5
37824,1
37825,6
37826,2
37827,1
37828,1
37829,0
37830,3
37831,6
37832,2
37833,6
37834,1
37835,2
37836,3
37837,2
37838,4
37839,6
37840,0
37841,4
37842,4
37843,2
37844,4
37845,2
37846,2
37847,2
37848,4
37849,0
37850,1
37851,2
37852,5
37853,3
37854,0
37855,1
37856,3
37857,5
37858,3
37859,3
37860,5
37861,5
37862,0
37863,0
37864,0
37865,6
37866,0
37867,5
37868,5
37869,1
37870,3
37871,1
37872,4
37873,1
37874,3
37875,1
37876,4
37877,2
37878,6
37879,5
37880,3
37881,4
37882,4
37883,5
37884,6
37885,0
37886,3
37887,5
37888,2
37889,0
37890,5
37891,1
37892,4
37893,5
37894,1
37895,3
37896,4
37897,6
37898,4
37899,2
37900,5
37901,6
37902,1
37903,0
37904,2
37905,2
37906,1
37907,2
37908,4
37909,5
37910,4
37911,1
37912,4
37913,1
37914,5
37915,4
37916,2
37917,0
37918,4
37919,6
37920,3
37921,2
37922,6
37923,4
37924,0
37925,3
37926,3
37927,4
37928,3
37929,3
37930,4
37931,2
37932,4
37933,6
37934,6
37935,0
37936,5
37937,6
37938,0
37939,0
37940,3
37941,6
37942,6
37943,5
37944,1
37945,3
37946,1
37947,5
37948,5
37949,3
37950,3
37951,0
37952,6
37953,3
37954,1
37955,0
37956,4
37957,4
37958,4
37959,0
37960,5
37961,6
37962,5
37963,4
37964,4
37965,0
37966,5
37967,3
37968,0
37969,5
37970,6
37971,4
37972,1
37973,6
37974,1
37975,6
37976,1
37977,2
37978,1
37979,5
37980,4
37981,6
37982,3
37983,6
37984,5
37985,4
37986,0
37987,5
37988,0
37989,5
37990,2
37991,4
37992,5
37993,6
37994,4
37995,3
37996,6
37997,5
37998,1
37999,3
38000,3
38001,2
38002,0
38003,2
38004,2
38005,4
38006,0
38007,0
38008,1
38009,0
38010,5
38011,2
38012,4
38013,6
38014,0
38015,6
38016,5
38017,3
38018,3
38019,5
38020,1
38021,1
38022,4
38023,6
38024,0
38025,0
38026,3
38027,5
38028,5
38029,0
38030,5
38031,0
38032,4
38033,6
38034,6
38035,4
38036,3
38037,6
38038,3
38039,1
38040,3
38041,6
38042,0
38043,1
38044,5
38045,6
38046,2
38047,0
38048,6
38049,5
38050,3
38051,5
38052,1
38053,1
38054,1
38055,5
38056,5
38057,6
38058,3
38059,0
38060,0
38061,2
38062,1
38063,1
38064,4
38065,6
38066,0
38067,3
38068,5
38069,3
38070,6
38071,0
38072,6
38073,1
38074,5
38075,3
38076,4
38077,5
38078,0
38079,2
38080,6
38081,1
38082,2
38083,0
38084,4
38085,0
38086,3
38087,4
38088,6
38089,2
38090,6
38091,2
38092,2
38093,3
38094,1
38095,0
38096,2
38097,6
38098,0
38099,0
38100,6
38101,0
38102,1
38103,5
38104,0
38105,2
38106,3
38107,5
38108,1
38109,2
38110,1
38111,6
38112,5
38113,0
38114,6
38115,1
38116,0
38117,4
38118,1
38119,0
38120,4
38121,5
38122,6
38123,5
38124,2
38125,6
38126,0
38127,1
38128,1
38129,1
38130,5
38131,2
38132,0
38133,1
38134,1
38135,5
38136,2
38137,6
38138,5
38139,0
38140,0
38141,0
38142,2
38143,4
38144,5
38145,0
38146,1
38147,4
38148,6
38149,4
38150,1
38151,1
38152,1
38153,0
38154,4
38155,4
38156,6
38157,3
38158,3
38159,1
38160,6
38161,0
38162,6
38163,6
38164,0
38165,2
38166,6
38167,3
38168,2
38169,4
38170,5
38171,1
38172,1
38173,5
38174,5
38175,3
38176,4
38177,6
38178,5
38179,2
38180,6
38181,0
38182,4
38183,2
38184,4
38185,4
38186,2
38187,4
38188,4
38189,4
38190,5
38191,2
38192,2
38193,6
38194,3
38195,4
38196,1
38197,2
38198,2
38199,5
38200,4
38201,3
38202,4
38203,4
38204,1
38205,0
38206,1
38207,6
38208,4
38209,4
38210,2
38211,6
38212,0
38213,5
38214,1
38215,1
38216,6
38217,2
38218,0
38219,4
38220,2
38221,2
38222,5
38223,5
38224,0
38225,1
38226,4
38227,3
38228,5
38229,4
38230,0
38231,5
38232,6
38233,5
38234,0
38235,0
38236,1
38237,1
38238,6
38239,1
38240,3
38241,1
38242,5
38243,2
38244,1
38245,3
38246,0
38247,4
38248,2
38249,0
38250,1
38251,5
38252,3
38253,1
38254,0
38255,5
38256,2
38257,3
38258,0
38259,4
38260,5
38261,6
38262,1
38263,1
38264,1
38265,1
38266,0
38267,1
38268,1
38269,4
38270,2
38271,1
38272,3
38273,0
38274,4
38275,3
38276,3
38277,2
38278,4
38279,6
38280,5
38281,0
38282,6
38283,2
38284,0
38285,3
38286,5
38287,2
38288,6
38289,2
38290,0
38291,2
38292,1
38293,1
38294,6
38295,5
38296,1
38297,0
38298,4
38299,4
38300,3
38301,3
38302,3
38303,6
38304,4
38305,2
38306,1
38307,0
38308,3
38309,5
38310,3
38311,6
38312,0
38313,0
38314,0
38315,0
38316,3
38317,1
38318,1
38319,5
38320,0
38321,2
38322,4
38323,1
38324,4
38325,6
38326,4
38327,3
38328,2
38329,6
38330,6
38331,6
38332,1
38333,5
38334,3
38335,4
38336,0
38337,4
38338,0
38339,5
38340,1
38341,1
38342,0
38343,2
38344,5
38345,1
38346,0
38347,6
38348,5
38349,5
38350,4
38351,4
38352,4
38353,3
38354,1
38355,5
38356,6
38357,6
38358,0
38359,0
38360,6
38361,6
38362,1
38363,2
38364,5
38365,6
38366,1
38367,4
38368,2
38369,0
38370,4
38371,2
38372,4
38373,4
38374,1
38375,4
38376,0
38377,5
38378,0
38379,4
38380,0
38381,4
38382,0
38383,4
38384,4
38385,0
38386,3
38387,4
38388,3
38389,0
38390,0
38391,5
38392,1
38393,6
38394,0
38395,1
38396,0
38397,1
38398,5
38399,1
38400,4
38401,2
38402,5
38403,3
38404,3
38405,5
38406,0
38407,0
38408,1
38409,4
38410,4
38411,3
38412,5
38413,5
38414,3
38415,6
38416,4
38417,4
38418,5
38419,2
38420,4
38421,4
38422,0
38423,4
38424,1
38425,4
38426,1
38427,0
38428,4
38429,1
38430,3
38431,5
38432,0
38433,4
38434,5
38435,0
38436,4
38437,3
38438,0
38439,6
38440,1
38441,4
38442,2
38443,2
38444,5
38445,5
38446,3
38447,4
38448,6
38449,5
38450,2
38451,4
38452,2
38453,6
38454,2
38455,3
38456,5
38457,1
38458,1
38459,3
38460,3
38461,2
38462,5
38463,5
38464,5
38465,4
38466,4
38467,0
38468,2
38469,0
38470,2
38471,1
38472,4
38473,3
38474,5
38475,3
38476,5
38477,2
38478,4
38479,5
38480,3
38481,6
38482,1
38483,5
38484,6
38485,2
38486,2
38487,6
38488,0
38489,0
38490,6
38491,3
38492,1
38493,1
38494,5
38495,0
38496,2
38497,2
38498,0
38499,0
38500,0
38501,2
38502,4
38503,0
38504,5
38505,1
38506,5
38507,0
38508,1
38509,5
38510,5
38511,0
38512,6
38513,5
38514,4
38515,6
38516,1
38517,4
38518,4
38519,6
38520,5
38521,6
38522,6
38523,3
38524,3
38525,5
38526,5
38527,5
38528,4
38529,2
38530,2
38531,1
38532,4
38533,1
38534,5
38535,0
38536,0
38537,4
38538,4
38539,6
38540,3
38541,3
38542,3
38543,5
38544,2
38545,4
38546,0
38547,3
38548,3
38549,2
38550,4
38551,5
38552,3
38553,4
38554,5
38555,3
38556,3
38557,5
38558,4
38559,1
38560,4
38561,2
38562,0
38563,4
38564,3
38565,4
38566,2
38567,3
38568,0
38569,1
38570,4
38571,4
38572,4
38573,5
38574,4
38575,5
38576,1
38577,5
38578,3
38579,3
38580,4
38581,1
38582,5
38583,4
38584,5
38585,0
38586,4
38587,0
38588,6
38589,6
38590,5
38591,4
38592,5
38593,1
38594,3
38595,3
38596,0
38597,5
38598,6
38599,5
38600,0
38601,4
38602,2
38603,6
38604,4
38605,2
38606,0
38607,1
38608,2
38609,4
38610,1
38611,5
38612,5
38613,0
38614,0
38615,4
38616,2
38617,2
38618,2
38619,4
38620,3
38621,0
38622,6
38623,0
38624,5
38625,5
38626,1
38627,4
38628,3
38629,0
38630,6
38631,2
38632,0
38633,5
38634,3
38635,3
38636,4
38637,4
38638,2
38639,3
38640,3
38641,4
38642,1
38643,5
38644,4
38645,5
38646,2
38647,3
38648,2
38649,0
38650,6
38651,2
38652,5
38653,3
38654,0
38655,4
38656,4
38657,1
38658,4
38659,3
38660,5
38661,5
38662,6
38663,4
38664,3
38665,3
38666,5
38667,2
38668,2
38669,2
38670,6
38671,2
38672,2
38673,2
38674,0
38675,2
38676,0
38677,2
38678,0
38679,4
38680,4
38681,0
38682,3
38683,4
38684,4
38685,0
38686,6
38687,3
38688,3
38689,0
38690,2
38691,4
38692,0
38693,3
38694,0
38695,4
38696,4
38697,0
38698,3
38699,6
38700,3
38701,4
38702,1
38703,6
38704,5
38705,0
38706,1
38707,2
38708,3
38709,3
38710,1
38711,0
38712,6
38713,3
38714,5
38715,1
38716,1
38717,5
38718,4
38719,1
38720,0
38721,2
38722,4
38723,3
38724,0
38725,4
38726,4
38727,1
38728,4
38729,5
38730,2
38731,0
38732,1
38733,0
38734,5
38735,3
38736,0
38737,3
38738,2
38739,5
38740,3
38741,3
38742,6
38743,5
38744,3
38745,3
38746,5
38747,5
38748,1
38749,2
38750,0
38751,1
38752,3
38753,2
38754,3
38755,2
38756,6
38757,2
38758,3
38759,2
38760,6
38761,4
38762,3
38763,5
38764,0
38765,1
38766,5
38767,1
38768,1
38769,3
38770,5
38771,5
38772,5
38773,4
38774,0
38775,1
38776,1
38777,6
38778,2
38779,5
38780,3
38781,6
38782,5
38783,3
38784,4
38785,2
38786,3
38787,1
38788,4
38789,6
38790,5
38791,1
38792,0
38793,1
38794,1
38795,0
38796,4
38797,2
38798,2
38799,1
38800,3
38801,3
38802,3
38803,6
38804,5
38805,1
38806,3
38807,0
38808,4
38809,0
38810,0
38811,3
38812,6
38813,6
38814,5
38815,5
38816,0
38817,0
38818,3
38819,1
38820,0
38821,4
38822,0
38823,6
38824,6
38825,5
38826,0
38827,0
38828,2
38829,5
38830,6
38831,1
38832,0
38833,2
38834,6
38835,0
38836,5
38837,5
38838,2
38839,6
38840,0
38841,5
38842,0
38843,4
38844,4
38845,5
38846,4
38847,4
38848,5
38849,0
38850,5
38851,1
38852,1
38853,2
38854,4
38855,3
38856,1
38857,5
38858,5
38859,1
38860,3
38861,3
38862,0
38863,6
38864,6
38865,5
38866,2
38867,4
38868,2
38869,5
38870,3
38871,2
38872,5
38873,1
38874,3
38875,4
38876,4
38877,5
38878,5
38879,1
38880,6
38881,2
38882,0
38883,4
38884,0
38885,0
38886,5
38887,3
38888,2
38889,0
38890,5
38891,1
38892,2
38893,3
38894,0
38895,2
38896,3
38897,4
38898,5
38899,0
38900,2
38901,3
38902,0
38903,3
38904,5
38905,2
38906,3
38907,4
38908,3
38909,3
38910,0
38911,3
38912,6
38913,0
38914,3
38915,0
38916,1
38917,2
38918,2
38919,0
38920,6
38921,0
38922,4
38923,3
38924,4
38925,1
38926,3
38927,3
38928,1
38929,1
38930,3
38931,3
38932,0
38933,1
38934,1
38935,4
38936,3
38937,1
38938,3
38939,3
38940,1
38941,5
38942,5
38943,5
38944,3
38945,3
38946,5
38947,1
38948,1
38949,5
38950,3
38951,1
38952,5
38953,6
38954,6
38955,1
38956,0
38957,0
38958,1
38959,6
38960,0
38961,0
38962,4
38963,2
38964,6
38965,5
38966,2
38967,4
38968,3
38969,4
38970,0
38971,0
38972,4
38973,5
38974,6
38975,1
38976,5
38977,6
38978,1
38979,0
38980,5
38981,1
38982,3
38983,5
38984,2
38985,5
38986,3
38987,3
38988,4
38989,0
38990,0
38991,3
38992,0
38993,4
38994,5
38995,3
38996,3
38997,2
38998,1
38999,3
39000,0
39001,2
39002,0
39003,0
39004,6
39005,4
39006,0
39007,0
39008,0
39009,3
39010,2
39011,3
39012,6
39013,4
39014,0
39015,0
39016,1
39017,6
39018,2
39019,3
39020,5
39021,5
39022,5
39023,4
39024,4
39025,0
39026,3
39027,6
39028,5
39029,0
39030,6
39031,4
39032,1
39033,3
39034,5
39035,6
39036,3
39037,3
39038,4
39039,0
39040,6
39041,1
39042,6
39043,4
39044,1
39045,0
39046,5
39047,3
39048,3
39049,5
39050,2
39051,4
39052,4
39053,6
39054,4
39055,4
39056,1
39057,3
39058,5
39059,1
39060,5
39061,3
39062,0
39063,5
39064,6
39065,0
39066,2
39067,6
39068,4
39069,6
39070,2
39071,4
39072,4
39073,1
39074,0
39075,3
39076,6
39077,1
39078,6
39079,1
39080,3
39081,0
39082,6
39083,4
39084,3
39085,3
39086,6
39087,5
39088,4
39089,0
39090,3
39091,2
39092,5
39093,2
39094,0
39095,6
39096,4
39097,6
39098,4
39099,0
39100,5
39101,0
39102,5
39103,2
39104,0
39105,5
39106,2
39107,0
39108,4
39109,1
39110,6
39111,4
39112,0
39113,4
39114,2
39115,6
39116,5
39117,3
39118,1
39119,2
39120,3
39121,6
39122,3
39123,0
39124,5
39125,6
39126,0
39127,2
39128,4
39129,0
39130,1
39131,6
39132,1
39133,3
39134,4
39135,1
39136,0
39137,0
39138,5
39139,5
39140,0
39141,0
39142,4
39143,6
39144,0
39145,1
39146,4
39147,0
39148,4
39149,4
39150,4
39151,4
39152,6
39153,5
39154,6
39155,3
39156,1
39157,1
39158,0
39159,1
39160,3
39161,1
39162,3
39163,0
39164,1
39165,2
39166,0
39167,6
39168,2
39169,1
39170,4
39171,5
39172,1
39173,3
39174,1
39175,4
39176,1
39177,2
39178,3
39179,1
39180,0
39181,6
39182,6
39183,5
39184,0
39185,6
39186,4
39187,4
39188,4
39189,0
39190,4
39191,0
39192,5
39193,0
39194,5
39195,5
39196,4
39197,1
39198,2
39199,3
39200,6
39201,4
39202,2
39203,4
39204,0
39205,2
39206,5
39207,3
39208,3
39209,0
39210,3
39211,5
39212,4
39213,0
39214,2
39215,3
39216,3
39217,4
39218,3
39219,4
39220,3
39221,5
39222,4
39223,2
39224,6
39225,2
39226,0
39227,4
39228,3
39229,2
39230,1
39231,1
39232,6
39233,0
39234,2
39235,5
39236,5
39237,4
39238,5
39239,4
39240,5
39241,4
39242,6
39243,4
39244,6
39245,0
39246,4
39247,3
39248,3
39249,5
39250,6
39251,2
39252,6
39253,0
39254,5
39255,3
39256,6
39257,6
39258,5
39259,0
39260,2
39261,4
39262,5
39263,6
39264,4
39265,1
39266,0
39267,0
39268,1
39269,4
39270,3
39271,2
39272,6
39273,6
39274,5
39275,0
39276,1
39277,0
39278,5
39279,4
39280,0
39281,4
39282,3
39283,6
39284,3
39285,2
39286,3
39287,0
39288,5
39289,1
39290,4
39291,6
39292,4
39293,6
39294,0
39295,2
39296,5
39297,4
39298,3
39299,4
39300,2
39301,5
39302,0
39303,4
39304,2
39305,6
39306,1
39307,3
39308,5
39309,6
39310,1
39311,6
39312,4
39313,3
39314,0
39315,2
39316,6
39317,3
39318,1
39319,1
39320,4
39321,2
39322,0
39323,6
39324,5
39325,5
39326,1
39327,1
39328,2
39329,1
39330,2
39331,3
39332,5
39333,2
39334,2
39335,1
39336,5
39337,5
39338,3
39339,2
39340,5
39341,4
39342,4
39343,3
39344,3
39345,3
39346,1
39347,6
39348,4
39349,0
39350,3
39351,0
39352,1
39353,3
39354,1
39355,1
39356,4
39357,0
39358,2
39359,1
39360,6
39361,5
39362,1
39363,6
39364,5
39365,5
39366,4
39367,2
39368,3
39369,3
39370,6
39371,1
39372,2
39373,5
39374,5
39375,2
39376,5
39377,1
39378,4
39379,3
39380,1
39381,0
39382,2
39383,0
39384,1
39385,4
39386,6
39387,1
39388,6
39389,1
39390,2
39391,4
39392,5
39393,5
39394,3
39395,4
39396,0
39397,0
39398,2
39399,6
39400,2
39401,3
39402,5
39403,0
39404,6
39405,0
39406,3
39407,1
39408,1
39409,3
39410,5
39411,6
39412,2
39413,1
39414,3
39415,2
39416,0
39417,4
39418,1
39419,6
39420,2
39421,0
39422,5
39423,6
39424,0
39425,4
39426,6
39427,4
39428,4
39429,0
39430,6
39431,4
39432,0
39433,4
39434,4
39435,4
39436,1
39437,2
39438,1
39439,5
39440,6
39441,5
39442,5
39443,6
39444,1
39445,3
39446,0
39447,4
39448,5
39449,0
39450,1
39451,5
39452,4
39453,4
39454,6
39455,5
39456,2
39457,1
39458,3
39459,3
39460,4
39461,2
39462,4
39463,0
39464,4
39465,4
39466,5
39467,2
39468,6
39469,6
39470,3
39471,4
39472,2
39473,2
39474,2
39475,3
39476,0
39477,6
39478,3
39479,3
39480,6
39481,0
39482,4
39483,4
39484,0
39485,4
39486,0
39487,5
39488,6
39489,1
39490,4
39491,5
39492,3
39493,2
39494,5
39495,2
39496,0
39497,2
39498,0
39499,4
39500,2
39501,5
39502,6
39503,3
39504,4
39505,3
39506,3
39507,0
39508,5
39509,2
39510,0
39511,3
39512,6
39513,3
39514,6
39515,3
39516,5
39517,0
39518,5
39519,3
39520,3
39521,3
39522,0
39523,4
39524,4
39525,5
39526,4
39527,0
39528,4
39529,6
39530,5
39531,3
39532,0
39533,0
39534,0
39535,0
39536,3
39537,5
39538,4
39539,1
39540,5
39541,1
39542,0
39543,4
39544,2
39545,4
39546,0
39547,1
39548,4
39549,2
39550,4
39551,3
39552,0
39553,4
39554,0
39555,0
39556,2
39557,5
39558,4
39559,3
39560,6
39561,6
39562,2
39563,4
39564,6
39565,5
39566,2
39567,2
39568,4
39569,0
39570,2
39571,0
39572,4
39573,1
39574,4
39575,4
39576,1
39577,0
39578,1
39579,1
39580,3
39581,5
39582,2
39583,5
39584,2
39585,4
39586,6
39587,6
39588,2
39589,5
39590,6
39591,6
39592,1
39593,5
39594,4
39595,0
39596,6
39597,6
39598,4
39599,6
39600,3
39601,4
39602,3
39603,3
39604,1
39605,2
39606,6
39607,6
39608,6
39609,6
39610,1
39611,3
39612,0
39613,3
39614,1
39615,5
39616,2
39617,3
39618,5
39619,4
39620,0
39621,5
39622,2
39623,2
39624,2
39625,3
39626,3
39627,4
39628,3
39629,1
39630,3
39631,3
39632,0
39633,2
39634,5
39635,3
39636,0
39637,5
39638,1
39639,2
39640,2
39641,5
39642,3
39643,5
39644,2
39645,1
39646,2
39647,3
39648,0
39649,4
39650,5
39651,0
39652,2
39653,5
39654,6
39655,4
39656,4
39657,5
39658,1
39659,3
39660,2
39661,0
39662,0
39663,3
39664,5
39665,1
39666,4
39667,4
39668,0
39669,2
39670,2
39671,2
39672,1
39673,3
39674,2
39675,6
39676,3
39677,6
39678,6
39679,4
39680,5
39681,3
39682,6
39683,1
39684,2
39685,1
39686,3
39687,3
39688,1
39689,3
39690,6
39691,5
39692,5
39693,0
39694,3
39695,6
39696,0
39697,3
39698,2
39699,3
39700,6
39701,1
39702,2
39703,3
39704,0
39705,6
39706,4
39707,5
39708,1
39709,4
39710,3
39711,3
39712,4
39713,0
39714,2
39715,4
39716,6
39717,2
39718,3
39719,4
39720,3
39721,2
39722,4
39723,2
39724,0
39725,4
39726,1
39727,6
39728,1
39729,2
39730,1
39731,3
39732,4
39733,3
39734,3
39735,3
39736,1
39737,4
39738,5
39739,5
39740,0
39741,4
39742,4
39743,2
39744,3
39745,4
39746,0
39747,0
39748,3
39749,6
39750,4
39751,1
39752,4
39753,0
39754,0
39755,0
39756,0
39757,1
39758,6
39759,2
39760,6
39761,3
39762,4
39763,0
39764,3
39765,2
39766,6
39767,0
39768,0
39769,1
39770,4
39771,0
39772,4
39773,5
39774,5
39775,0
39776,4
39777,4
39778,0
39779,1
39780,1
39781,2
39782,1
39783,5
39784,2
39785,0
39786,0
39787,3
39788,3
39789,5
39790,0
39791,4
39792,3
39793,3
39794,0
39795,5
39796,4
39797,2
39798,4
39799,5
39800,1
39801,4
39802,0
39803,5
39804,5
39805,5
39806,4
39807,3
39808,1
39809,4
39810,2
39811,6
39812,6
39813,4
39814,1
39815,6
39816,4
39817,0
39818,4
39819,1
39820,6
39821,5
39822,0
39823,0
39824,1
39825,6
39826,3
39827,6
39828,3
39829,4
39830,3
39831,2
39832,5
39833,0
39834,2
39835,1
39836,1
39837,3
39838,2
39839,4
39840,3
39841,2
39842,4
39843,0
39844,4
39845,5
39846,4
39847,3
39848,2
39849,3
39850,4
39851,2
39852,0
39853,6
39854,3
39855,4
39856,2
39857,4
39858,5
39859,6
39860,4
39861,5
39862,1
39863,2
39864,6
39865,3
39866,4
39867,1
39868,5
39869,1
39870,3
39871,2
39872,3
39873,5
39874,4
39875,0
39876,0
39877,4
39878,0
39879,0
39880,6
39881,1
39882,3
39883,2
39884,1
39885,1
39886,1
39887,3
39888,6
39889,4
39890,5
39891,2
39892,4
39893,6
39894,3
39895,0
39896,4
39897,2
39898,5
39899,6
39900,6
39901,0
39902,5
39903,1
39904,0
39905,4
39906,1
39907,5
39908,2
39909,1
39910,2
39911,1
39912,3
39913,0
39914,1
39915,6
39916,5
39917,4
39918,0
39919,2
39920,1
39921,0
39922,2
39923,5
39924,4
39925,5
39926,3
39927,4
39928,4
39929,1
39930,2
39931,0
39932,6
39933,1
39934,4
39935,5
39936,1
39937,5
39938,3
39939,4
39940,2
39941,4
39942,5
39943,3
39944,0
39945,6
39946,5
39947,0
39948,4
39949,3
39950,0
39951,5
39952,5
39953,5
39954,3
39955,2
39956,5
39957,0
39958,4
39959,0
39960,3
39961,3
39962,5
39963,3
39964,0
39965,0
39966,4
39967,1
39968,6
39969,2
39970,3
39971,1
39972,2
39973,0
39974,3
39975,2
39976,1
39977,6
39978,4
39979,3
39980,0
39981,4
39982,0
39983,0
39984,3
39985,0
39986,5
39987,0
39988,0
39989,0
39990,1
39991,0
39992,1
39993,3
39994,4
39995,6
39996,0
39997,0
39998,2
39999,5
40000,4
40001,4
40002,0
40003,6
40004,1
40005,5
40006,2
40007,0
40008,1
40009,2
40010,3
40011,6
40012,2
40013,5
40014,5
40015,2
40016,0
40017,4
40018,2
40019,2
40020,0
40021,0
40022,0
40023,3
40024,0
40025,6
40026,1
40027,5
40028,4
40029,3
40030,4
40031,1
40032,3
40033,2
40034,3
40035,4
40036,1
40037,1
40038,0
40039,3
40040,1
40041,0
40042,0
40043,6
40044,3
40045,2
40046,5
40047,4
40048,0
40049,4
40050,5
40051,0
40052,5
40053,5
40054,2
40055,2
40056,5
40057,3
40058,4
40059,6
40060,5
40061,4
40062,0
40063,0
40064,4
40065,4
40066,5
40067,6
40068,0
40069,2
40070,5
40071,5
40072,4
40073,0
40074,5
40075,4
40076,3
40077,5
40078,1
40079,3
40080,3
40081,0
40082,1
40083,1
40084,0
40085,5
40086,6
40087,2
40088,1
40089,5
40090,0
40091,4
40092,0
40093,2
40094,4
40095,2
40096,5
40097,2
40098,4
40099,5
40100,2
40101,4
40102,0
40103,6
40104,2
40105,1
40106,6
40107,3
40108,0
40109,0
40110,6
40111,1
40112,3
40113,2
40114,6
40115,4
40116,1
40117,1
40118,0
40119,5
40120,5
40121,5
40122,1
40123,0
40124,2
40125,4
40126,3
40127,6
40128,6
40129,3
40130,6
40131,4
40132,4
40133,0
40134,6
40135,3
40136,5
40137,2
40138,4
40139,4
40140,0
40141,5
40142,3
40143,3
40144,0
40145,0
40146,4
40147,3
40148,4
40149,4
40150,1
40151,1
40152,2
40153,6
40154,1
40155,6
40156,1
40157,3
40158,6
40159,1
40160,3
40161,1
40162,5
40163,3
40164,3
40165,5
40166,5
40167,4
40168,4
40169,5
40170,4
40171,4
40172,0
40173,5
40174,4
40175,0
40176,5
40177,6
40178,6
40179,4
40180,0
40181,0
40182,4
40183,5
40184,1
40185,3
40186,4
40187,2
40188,3
40189,4
40190,4
40191,0
40192,5
40193,6
40194,2
40195,2
40196,4
40197,3
40198,0
40199,5
40200,2
40201,0
40202,2
40203,1
40204,2
40205,4
40206,2
40207,6
40208,2
40209,1
40210,5
40211,0
40212,3
40213,5
40214,4
40215,3
40216,0
40217,5
40218,1
40219,3
40220,5
40221,1
40222,1
40223,3
40224,1
40225,2
40226,0
40227,1
40228,4
40229,4
40230,4
40231,4
40232,4
40233,6
40234,2
40235,1
40236,4
40237,3
40238,5
40239,5
40240,2
40241,5
40242,6
40243,0
40244,6
40245,5
40246,2
40247,5
40248,3
40249,5
40250,2
40251,0
40252,2
40253,6
40254,2
40255,0
40256,6
40257,5
40258,0
40259,4
40260,1
40261,3
40262,3
40263,0
40264,0
40265,6
40266,4
40267,3
40268,5
40269,6
40270,5
40271,1
40272,3
40273,4
40274,6
40275,5
40276,3
40277,4
40278,3
40279,3
40280,0
40281,5
40282,5
40283,1
40284,2
40285,6
40286,5
40287,2
40288,6
40289,6
40290,2
40291,3
40292,4
40293,5
40294,2
40295,3
40296,5
40297,0
40298,5
40299,6
40300,6
40301,4
40302,2
40303,1
40304,1
40305,1
40306,0
40307,4
40308,5
40309,2
40310,2
40311,0
40312,6
40313,0
40314,3
40315,0
40316,4
40317,5
40318,0
40319,1
40320,1
40321,5
40322,5
40323,6
40324,0
40325,3
40326,5
40327,6
40328,5
40329,3
40330,1
40331,2
40332,5
40333,5
40334,6
40335,2
40336,3
40337,0
40338,3
40339,0
40340,0
40341,0
40342,3
40343,2
40344,4
40345,3
40346,4
40347,5
40348,1
40349,1
40350,5
40351,4
40352,1
40353,6
40354,5
40355,5
40356,4
40357,1
40358,5
40359,0
40360,4
40361,4
40362,4
40363,3
40364,1
40365,2
40366,4
40367,4
40368,0
40369,6
40370,1
40371,5
40372,3
40373,2
40374,3
40375,3
40376,0
40377,0
40378,4
40379,5
40380,2
40381,1
40382,1
40383,1
40384,6
40385,3
40386,3
40387,1
40388,0
40389,1
40390,3
40391,4
40392,3
40393,1
40394,5
40395,0
40396,1
40397,4
40398,6
40399,5
40400,1
40401,4
40402,4
40403,4
40404,6
40405,4
40406,0
40407,4
40408,1
40409,1
40410,1
40411,6
40412,1
40413,2
40414,3
40415,6
40416,5
40417,2
40418,4
40419,2
40420,6
40421,4
40422,6
40423,1
40424,0
40425,5
40426,1
40427,5
40428,5
40429,0
40430,0
40431,2
40432,4
40433,6
40434,5
40435,1
40436,6
40437,2
40438,2
40439,0
40440,1
40441,2
40442,1
40443,0
40444,6
40445,0
40446,4
40447,1
40448,4
40449,2
40450,4
40451,0
40452,6
40453,0
40454,3
40455,5
40456,4
40457,6
40458,3
40459,5
40460,6
40461,4
40462,6
40463,2
40464,6
40465,0
40466,5
40467,0
40468,4
40469,1
40470,5
40471,1
40472,2
40473,5
40474,5
40475,4
40476,4
40477,1
40478,4
40479,3
40480,2
40481,4
40482,6
40483,4
40484,2
40485,1
40486,6
40487,3
40488,6
40489,1
40490,1
40491,2
40492,6
40493,3
40494,2
40495,6
40496,0
40497,6
40498,6
40499,5
40500,2
40501,4
40502,1
40503,1
40504,6
40505,2
40506,4
40507,2
40508,2
40509,3
40510,2
40511,5
40512,3
40513,0
40514,2
40515,3
40516,3
40517,0
40518,4
40519,5
40520,5
40521,6
40522,1
40523,2
40524,0
40525,6
40526,6
40527,1
40528,1
40529,1
40530,4
40531,4
40532,5
40533,5
40534,0
40535,6
40536,4
40537,0
40538,0
40539,3
40540,5
40541,3
40542,6
40543,4
40544,5
40545,4
40546,2
40547,6
40548,3
40549,6
40550,1
40551,2
40552,3
40553,0
40554,5
40555,2
40556,3
40557,3
40558,0
40559,6
40560,5
40561,0
40562,5
40563,3
40564,3
40565,5
40566,1
40567,1
40568,3
40569,3
40570,5
40571,1
40572,1
40573,4
40574,0
40575,5
40576,0
40577,0
40578,0
40579,0
40580,3
40581,3
40582,4
40583,4
40584,3
40585,4
40586,2
40587,3
40588,4
40589,3
40590,0
40591,5
40592,2
40593,5
40594,6
40595,6
40596,0
40597,6
40598,5
40599,6
40600,0
40601,4
40602,5
40603,2
40604,4
40605,4
40606,1
40607,2
40608,0
40609,1
40610,5
40611,1
40612,4
40613,5
40614,5
40615,1
40616,5
40617,6
40618,1
40619,5
40620,2
40621,5
40622,0
40623,3
40624,0
40625,4
40626,6
40627,1
40628,5
40629,0
40630,2
40631,4
40632,5
40633,3
40634,5
40635,1
40636,3
40637,2
40638,6
40639,2
40640,4
40641,1
40642,1
40643,2
40644,4
40645,5
40646,1
40647,3
40648,0
40649,2
40650,3
40651,2
40652,6
40653,0
40654,1
40655,3
40656,3
40657,0
40658,3
40659,4
40660,2
40661,2
40662,6
40663,4
40664,0
40665,2
40666,3
40667,4
40668,0
40669,6
40670,4
40671,4
40672,2
40673,0
40674,0
40675,5
40676,5
40677,4
40678,0
40679,0
40680,4
40681,3
40682,3
40683,3
40684,0
40685,6
40686,3
40687,5
40688,0
40689,1
40690,3
40691,5
40692,0
40693,2
40694,3
40695,1
40696,6
40697,3
40698,2
40699,2
40700,0
40701,3
40702,2
40703,6
40704,5
40705,6
40706,0
40707,1
40708,3
40709,5
40710,0
40711,6
40712,1
40713,2
40714,2
40715,6
40716,1
40717,0
40718,6
40719,5
40720,6
40721,2
40722,3
40723,3
40724,0
40725,1
40726,4
40727,1
40728,4
40729,0
40730,6
40731,5
40732,4
40733,5
40734,2
40735,4
40736,0
40737,3
40738,5
40739,4
40740,2
40741,4
40742,3
40743,4
40744,0
40745,1
40746,1
40747,6
40748,1
40749,3
40750,6
40751,4
40752,3
40753,3
40754,6
40755,4
40756,1
40757,1
40758,4
40759,5
40760,4
40761,2
40762,6
40763,5
40764,1
40765,1
40766,1
40767,4
40768,4
40769,6
40770,4
40771,0
40772,6
40773,6
40774,3
40775,2
40776,0
40777,0
40778,6
40779,5
40780,2
40781,3
40782,2
40783,4
40784,3
40785,3
40786,4
40787,4
40788,0
40789,1
40790,3
40791,5
40792,1
40793,3
40794,0
40795,2
40796,5
40797,0
40798,6
40799,0
40800,2
40801,2
40802,1
40803,5
40804,2
40805,1
40806,1
40807,4
40808,6
40809,5
40810,0
40811,3
40812,1
40813,3
40814,2
40815,3
40816,0
40817,4
40818,1
40819,5
40820,3
40821,6
40822,3
40823,5
40824,0
40825,5
40826,6
40827,0
40828,2
40829,0
40830,0
40831,3
40832,1
40833,0
40834,6
40835,4
40836,5
40837,5
40838,1
40839,0
40840,1
40841,1
40842,5
40843,5
40844,4
40845,0
40846,1
40847,3
40848,5
40849,4
40850,6
40851,2
40852,4
40853,2
40854,6
40855,0
40856,6
40857,2
40858,0
40859,3
40860,4
40861,4
40862,0
40863,3
40864,2
40865,1
40866,0
40867,4
40868,1
40869,5
40870,5
40871,3
40872,0
40873,0
40874,3
40875,3
40876,5
40877,4
40878,4
40879,6
40880,5
40881,3
40882,6
40883,6
40884,3
40885,6
40886,6
40887,5
40888,6
40889,6
40890,6
40891,6
40892,5
40893,0
40894,6
40895,5
40896,5
40897,4
40898,5
40899,3
40900,0
40901,5
40902,0
40903,3
40904,3
40905,0
40906,4
40907,0
40908,1
40909,1
40910,1
40911,6
40912,2
40913,0
40914,4
40915,3
40916,1
40917,5
40918,0
40919,4
40920,0
40921,3
40922,5
40923,1
40924,3
40925,3
40926,0
40927,5
40928,2
40929,5
40930,1
40931,3
40932,5
40933,5
40934,5
40935,4
40936,2
40937,6
40938,0
40939,2
40940,3
40941,3
40942,0
40943,3
40944,1
40945,0
40946,3
40947,3
40948,4
40949,0
40950,4
40951,5
40952,2
40953,4
40954,4
40955,6
40956,0
40957,2
40958,6
40959,2
40960,3
40961,5
40962,0
40963,3
40964,3
40965,1
40966,0
40967,6
40968,4
40969,1
40970,3
40971,0
40972,4
40973,3
40974,4
40975,4
40976,0
40977,0
40978,2
40979,5
40980,0
40981,0
40982,1
40983,6
40984,2
40985,5
40986,6
40987,4
40988,0
40989,3
40990,5
40991,1
40992,3
40993,0
40994,4
40995,4
40996,4
40997,4
40998,6
40999,4
41000,3
41001,2
41002,6
41003,5
41004,5
41005,0
41006,4
41007,0
41008,5
41009,5
41010,4
41011,4
41012,1
41013,3
41014,4
41015,6
41016,0
41017,5
41018,4
41019,3
41020,6
41021,6
41022,5
41023,5
41024,3
41025,4
41026,0
41027,5
41028,3
41029,6
41030,1
41031,2
41032,1
41033,1
41034,2
41035,3
41036,3
41037,0
41038,5
41039,6
41040,5
41041,4
41042,0
41043,1
41044,3
41045,3
41046,0
41047,2
41048,1
41049,3
41050,0
41051,0
41052,2
41053,3
41054,3
41055,5
41056,1
41057,1
41058,1
41059,3
41060,3
41061,6
41062,6
41063,0
41064,3
41065,1
41066,3
41067,6
41068,0
41069,1
41070,1
41071,2
41072,4
41073,5
41074,2
41075,0
41076,5
41077,0
41078,5
41079,2
41080,2
41081,6
41082,2
41083,0
41084,3
41085,0
41086,5
41087,6
41088,4
41089,6
41090,0
41091,5
41092,4
41093,5
41094,0
41095,5
41096,2
41097,6
41098,2
41099,4
41100,6
41101,0
41102,1
41103,0
41104,1
41105,3
41106,2
41107,5
41108,6
41109,6
41110,0
41111,2
41112,1
41113,2
41114,1
41115,2
41116,6
41117,4
41118,2
41119,3
41120,4
41121,1
41122,3
41123,2
41124,3
41125,3
41126,0
41127,6
41128,4
41129,5
41130,3
41131,1
41132,4
41133,3
41134,0
41135,3
41136,4
41137,3
41138,2
41139,2
41140,2
41141,0
41142,6
41143,0
41144,5
41145,5
41146,5
41147,1
41148,2
41149,5
41150,0
41151,0
41152,6
41153,4
41154,5
41155,0
41156,2
41157,3
41158,3
41159,1
41160,1
41161,0
41162,3
41163,3
41164,4
41165,0
41166,3
41167,2
41168,0
41169,0
41170,4
41171,6
41172,3
41173,2
41174,0
41175,3
41176,2
41177,1
41178,3
41179,4
41180,4
41181,4
41182,1
41183,0
41184,5
41185,2
41186,2
41187,6
41188,4
41189,4
41190,2
41191,3
41192,0
41193,4
41194,1
41195,5
41196,5
41197,1
41198,3
41199,0
41200,2
41201,0
41202,1
41203,5
41204,0
41205,5
41206,3
41207,3
41208,6
41209,1
41210,2
41211,1
41212,0
41213,0
41214,4
41215,2
41216,6
41217,1
41218,1
41219,2
41220,4
41221,2
41222,3
41223,3
41224,3
41225,0
41226,2
41227,6
41228,0
41229,0
41230,4
41231,3
41232,1
41233,5
41234,5
41235,4
41236,2
41237,1
41238,5
41239,3
41240,1
41241,4
41242,3
41243,5
41244,6
41245,3
41246,5
41247,1
41248,5
41249,0
41250,3
41251,6
41252,3
41253,4
41254,4
41255,6
41256,3
41257,6
41258,6
41259,4
41260,6
41261,3
41262,0
41263,3
41264,0
41265,0
41266,5
41267,5
41268,0
41269,5
41270,4
41271,6
41272,6
41273,5
41274,5
41275,4
41276,5
41277,0
41278,0
41279,3
41280,3
41281,3
41282,0
41283,3
41284,5
41285,0
41286,1
41287,1
41288,0
41289,2
41290,0
41291,6
41292,1
41293,2
41294,5
41295,4
41296,4
41297,2
41298,5
41299,5
41300,3
41301,3
41302,5
41303,0
41304,1
41305,4
41306,0
41307,1
41308,3
41309,5
41310,6
41311,0
41312,0
41313,4
41314,1
41315,0
41316,1
41317,2
41318,4
41319,5
41320,1
41321,1
41322,5
41323,2
41324,5
41325,2
41326,4
41327,5
41328,6
41329,3
41330,0
41331,0
41332,2
41333,3
41334,6
41335,3
41336,3
41337,6
41338,3
41339,2
41340,5
41341,1
41342,4
41343,2
41344,4
41345,6
41346,3
41347,4
41348,3
41349,2
41350,6
41351,3
41352,2
41353,4
41354,1
41355,3
41356,1
41357,4
41358,1
41359,4
41360,6
41361,0
41362,4
41363,3
41364,6
41365,6
41366,6
41367,1
41368,2
41369,3
41370,1
41371,2
41372,1
41373,3
41374,3
41375,1
41376,2
41377,4
41378,2
41379,0
41380,3
41381,5
41382,5
41383,5
41384,5
41385,3
41386,4
41387,6
41388,0
41389,0
41390,1
41391,3
41392,6
41393,0
41394,5
41395,5
41396,3
41397,3
41398,0
41399,2
41400,1
41401,3
41402,0
41403,4
41404,3
41405,1
41406,5
41407,3
41408,1
41409,4
41410,6
41411,6
41412,3
41413,1
41414,0
41415,0
41416,0
41417,1
41418,0
41419,4
41420,6
41421,6
41422,3
41423,0
41424,0
41425,1
41426,3
41427,3
41428,6
41429,1
41430,1
41431,3
41432,4
41433,2
41434,0
41435,2
41436,5
41437,0
41438,0
41439,3
41440,1
41441,0
41442,5
41443,6
41444,4
41445,2
41446,2
41447,4
41448,5
41449,2
41450,2
41451,1
41452,1
41453,5
41454,3
41455,5
41456,6
41457,2
41458,1
41459,3
41460,4
41461,0
41462,0
41463,6
41464,6
41465,5
41466,3
41467,2
41468,1
41469,3
41470,5
41471,1
41472,1
41473,5
41474,1
41475,5
41476,2
41477,3
41478,5
41479,4
41480,3
41481,0
41482,5
41483,5
41484,2
41485,0
41486,6
41487,6
41488,4
41489,2
41490,1
41491,4
41492,0
41493,4
41494,2
41495,0
41496,4
41497,6
41498,0
41499,1
41500,1
41501,3
41502,2
41503,3
41504,4
41505,4
41506,3
41507,4
41508,1
41509,1
41510,5
41511,5
41512,5
41513,2
41514,3
41515,6
41516,4
41517,1
41518,1
41519,1
41520,3
41521,0
41522,2
41523,2
41524,4
41525,0
41526,4
41527,0
41528,3
41529,3
41530,5
41531,5
41532,1
41533,3
41534,0
41535,4
41536,5
41537,0
41538,2
41539,0
41540,0
41541,0
41542,5
41543,5
41544,2
41545,1
41546,3
41547,1
41548,1
41549,4
41550,6
41551,6
41552,1
41553,5
41554,5
41555,1
41556,3
41557,6
41558,1
41559,5
41560,1
41561,2
41562,3
41563,0
41564,1
41565,1
41566,0
41567,1
41568,1
41569,0
41570,0
41571,3
41572,2
41573,2
41574,4
41575,2
41576,5
41577,4
41578,4
41579,2
41580,1
41581,2
41582,5
41583,5
41584,6
41585,3
41586,3
41587,2
41588,3
41589,6
41590,5
41591,5
41592,3
41593,0
41594,2
41595,2
41596,0
41597,2
41598,4
41599,3
41600,0
41601,2
41602,6
41603,1
41604,3
41605,3
41606,6
41607,4
41608,2
41609,2
41610,4
41611,4
41612,5
41613,3
41614,3
41615,1
41616,6
41617,0
41618,3
41619,4
41620,1
41621,0
41622,5
41623,5
41624,1
41625,0
41626,2
41627,0
41628,4
41629,5
41630,4
41631,5
41632,5
41633,0
41634,3
41635,2
41636,1
41637,2
41638,5
41639,0
41640,4
41641,3
41642,0
41643,5
41644,4
41645,5
41646,5
41647,4
41648,3
41649,5
41650,1
41651,0
41652,0
41653,3
41654,3
41655,0
41656,0
41657,6
41658,4
41659,4
41660,3
41661,3
41662,5
41663,0
41664,2
41665,2
41666,6
41667,0
41668,6
41669,2
41670,0
41671,6
41672,4
41673,0
41674,2
41675,1
41676,5
41677,5
41678,3
41679,5
41680,4
41681,3
41682,3
41683,1
41684,0
41685,5
41686,1
41687,4
41688,4
41689,1
41690,6
41691,2
41692,6
41693,5
41694,5
41695,2
41696,6
41697,5
41698,5
41699,1
41700,3
41701,6
41702,5
41703,3
41704,1
41705,5
41706,5
41707,5
41708,3
41709,1
41710,0
41711,0
41712,1
41713,3
41714,6
41715,4
41716,1
41717,4
41718,1
41719,6
41720,3
41721,3
41722,2
41723,1
41724,1
41725,4
41726,5
41727,1
41728,6
41729,0
41730,1
41731,4
41732,3
41733,0
41734,6
41735,1
41736,1
41737,4
41738,0
41739,3
41740,1
41741,1
41742,5
41743,4
41744,1
41745,6
41746,6
41747,6
41748,5
41749,2
41750,5
41751,2
41752,5
41753,0
41754,2
41755,0
41756,2
41757,3
41758,1
41759,2
41760,3
41761,4
41762,3
41763,3
41764,3
41765,0
41766,5
41767,0
41768,4
41769,5
41770,1
41771,3
41772,1
41773,3
41774,3
41775,3
41776,6
41777,0
41778,3
41779,2
41780,2
41781,0
41782,1
41783,2
41784,2
41785,1
41786,5
41787,4
41788,3
41789,4
41790,1
41791,1
41792,5
41793,4
41794,0
41795,3
41796,1
41797,0
41798,2
41799,3
41800,6
41801,0
41802,0
41803,4
41804,6
41805,4
41806,3
41807,6
41808,1
41809,4
41810,6
41811,1
41812,6
41813,1
41814,2
41815,6
41816,6
41817,0
41818,4
41819,5
41820,3
41821,6
41822,6
41823,3
41824,0
41825,2
41826,3
41827,1
41828,5
41829,3
41830,0
41831,5
41832,1
41833,1
41834,3
41835,5
41836,4
41837,4
41838,1
41839,1
41840,4
41841,5
41842,1
41843,4
41844,4
41845,3
41846,5
41847,3
41848,4
41849,4
41850,1
41851,6
41852,2
41853,0
41854,2
41855,4
41856,1
41857,3
41858,4
41859,0
41860,1
41861,3
41862,4
41863,2
41864,6
41865,3
41866,2
41867,5
41868,2
41869,2
41870,4
41871,0
41872,4
41873,1
41874,6
41875,6
41876,5
41877,1
41878,6
41879,1
41880,5
41881,5
41882,2
41883,3
41884,2
41885,3
41886,0
41887,0
41888,0
41889,3
41890,3
41891,0
41892,1
41893,0
41894,1
41895,1
41896,1
41897,0
41898,4
41899,5
41900,6
41901,3
41902,2
41903,5
41904,1
41905,6
41906,4
41907,0
41908,2
41909,2
41910,6
41911,5
41912,3
41913,0
41914,6
41915,5
41916,3
41917,0
41918,3
41919,4
41920,0
41921,4
41922,2
41923,2
41924,5
41925,5
41926,2
41927,3
41928,0
41929,1
41930,6
41931,2
41932,4
41933,3
41934,6
41935,2
41936,5
41937,6
41938,0
41939,0
41940,6
41941,0
41942,4
41943,1
41944,3
41945,1
41946,4
41947,1
41948,4
41949,1
41950,0
41951,0
41952,2
41953,2
41954,0
41955,3
41956,6
41957,2
41958,2
41959,4
41960,4
41961,3
41962,2
41963,3
41964,0
41965,3
41966,0
41967,5
41968,1
41969,2
41970,1
41971,1
41972,1
41973,3
41974,1
41975,4
41976,5
41977,2
41978,2
41979,1
41980,0
41981,4
41982,3
41983,2
41984,6
41985,0
41986,5
41987,3
41988,2
41989,1
41990,5
41991,3
41992,6
41993,5
41994,4
41995,3
41996,4
41997,1
41998,2
41999,0
42000,6
42001,0
42002,5
42003,0
42004,3
42005,2
42006,3
42007,3
42008,0
42009,2
42010,1
42011,5
42012,6
42013,0
42014,2
42015,0
42016,0
42017,4
42018,5
42019,6
42020,4
42021,6
42022,2
42023,1
42024,5
42025,6
42026,6
42027,5
42028,5
42029,4
42030,0
42031,6
42032,0
42033,4
42034,2
42035,3
42036,4
42037,5
42038,6
42039,3
42040,4
42041,0
42042,0
42043,4
42044,3
42045,0
42046,0
42047,2
42048,5
42049,0
42050,4
42051,1
42052,4
42053,3
42054,1
42055,0
42056,3
42057,3
42058,5
42059,3
42060,5
42061,2
42062,1
42063,0
42064,6
42065,3
42066,5
42067,1
42068,0
42069,3
42070,1
42071,0
42072,6
42073,3
42074,5
42075,0
42076,0
42077,2
42078,0
42079,5
42080,4
42081,4
42082,6
42083,3
42084,5
42085,0
42086,4
42087,0
42088,0
42089,3
42090,0
42091,5
42092,1
42093,0
42094,2
42095,5
42096,3
42097,0
42098,0
42099,1
42100,2
42101,4
42102,2
42103,0
42104,0
42105,1
42106,1
42107,2
42108,4
42109,2
42110,4
42111,3
42112,5
42113,1
42114,0
42115,4
42116,5
42117,3
42118,4
42119,6
42120,2
42121,3
42122,6
42123,6
42124,3
42125,4
42126,0
42127,4
42128,4
42129,6
42130,0
42131,0
42132,4
42133,3
42134,1
42135,1
42136,4
42137,1
42138,3
42139,2
42140,3
42141,0
42142,5
42143,1
42144,0
42145,5
42146,2
42147,5
42148,0
42149,0
42150,5
42151,2
42152,0
42153,1
42154,2
42155,1
42156,5
42157,1
42158,5
42159,3
42160,0
42161,0
42162,5
42163,5
42164,6
42165,4
42166,2
42167,2
42168,4
42169,1
42170,0
42171,4
42172,0
42173,0
42174,4
42175,4
42176,5
42177,2
42178,0
42179,2
42180,0
42181,0
42182,6
42183,6
42184,0
42185,4
42186,3
42187,3
42188,3
42189,4
42190,6
42191,3
42192,0
42193,5
42194,5
42195,1
42196,2
42197,2
42198,3
42199,4
42200,5
42201,4
42202,0
42203,2
42204,5
42205,5
42206,6
42207,3
42208,3
42209,2
42210,3
42211,0
42212,3
42213,4
42214,0
42215,5
42216,0
42217,4
42218,4
42219,4
42220,3
42221,6
42222,5
42223,6
42224,1
42225,2
42226,0
42227,2
42228,0
42229,5
42230,1
42231,2
42232,6
42233,5
42234,2
42235,6
42236,4
42237,0
42238,4
42239,5
42240,2
42241,1
42242,4
42243,4
42244,0
42245,4
42246,2
42247,4
42248,3
42249,5
42250,0
42251,1
42252,1
42253,6
42254,2
42255,5
42256,1
42257,0
42258,0
42259,3
42260,6
42261,5
42262,0
42263,4
42264,5
42265,0
42266,4
42267,0
42268,2
42269,3
42270,6
42271,1
42272,4
42273,0
42274,2
42275,2
42276,1
42277,5
42278,5
42279,0
42280,6
42281,2
42282,5
42283,4
42284,2
42285,3
42286,6
42287,0
42288,4
42289,3
42290,0
42291,2
42292,3
42293,4
42294,1
42295,1
42296,3
42297,3
42298,5
42299,6
42300,3
42301,3
42302,3
42303,4
42304,4
42305,3
42306,0
42307,2
42308,3
42309,0
42310,5
42311,0
42312,1
42313,3
42314,6
42315,6
42316,1
42317,2
42318,5
42319,2
42320,5
42321,0
42322,2
42323,2
42324,2
42325,6
42326,4
42327,5
42328,4
42329,6
42330,3
42331,4
42332,0
42333,4
42334,0
42335,1
42336,5
42337,4
42338,5
42339,5
42340,6
42341,2
42342,5
42343,0
42344,2
42345,0
42346,1
42347,1
42348,6
42349,5
42350,6
42351,0
42352,5
42353,5
42354,1
42355,6
42356,5
42357,0
42358,0
42359,0
42360,6
42361,0
42362,0
42363,2
42364,3
42365,4
42366,1
42367,5
42368,2
42369,3
42370,2
42371,2
42372,6
42373,0
42374,5
42375,4
42376,6
42377,0
42378,2
42379,6
42380,0
42381,1
42382,2
42383,2
42384,4
42385,2
42386,4
42387,4
42388,5
42389,0
42390,5
42391,5
42392,2
42393,6
42394,1
42395,5
42396,3
42397,2
42398,2
42399,2
42400,4
42401,0
42402,3
42403,4
42404,2
42405,2
42406,4
42407,1
42408,0
42409,4
42410,6
42411,6
42412,3
42413,4
42414,1
42415,4
42416,2
42417,2
42418,4
42419,4
42420,2
42421,3
42422,6
42423,1
42424,3
42425,2
42426,5
42427,0
42428,0
42429,2
42430,6
42431,4
42432,6
42433,1
42434,3
42435,4
42436,6
42437,4
42438,1
42439,3
42440,4
42441,0
42442,5
42443,0
42444,3
42445,5
42446,6
42447,2
42448,5
42449,0
42450,2
42451,1
42452,2
42453,6
42454,6
42455,2
42456,4
42457,2
42458,2
42459,3
42460,0
42461,4
42462,6
42463,4
42464,2
42465,6
42466,3
42467,0
42468,0
42469,4
42470,0
42471,6
42472,0
42473,2
42474,2
42475,3
42476,1
42477,0
42478,1
42479,1
42480,3
42481,0
42482,4
42483,4
42484,0
42485,0
42486,6
42487,1
42488,0
42489,5
42490,5
42491,4
42492,6
42493,0
42494,1
42495,6
42496,3
42497,4
42498,6
42499,3
42500,1
42501,2
42502,0
42503,5
42504,4
42505,6
42506,3
42507,6
42508,5
42509,0
42510,2
42511,2
42512,4
42513,3
42514,3
42515,3
42516,5
42517,6
42518,2
42519,1
42520,5
42521,4
42522,0
42523,3
42524,2
42525,3
42526,5
42527,6
42528,2
42529,4
42530,1
42531,5
42532,3
42533,3
42534,2
42535,4
42536,2
42537,5
42538,3
42539,4
42540,0
42541,6
42542,0
42543,4
42544,5
42545,4
42546,6
42547,0
42548,5
42549,6
42550,4
42551,6
42552,6
42553,4
42554,2
42555,1
42556,3
42557,2
42558,6
42559,4
42560,0
42561,0
42562,6
42563,6
42564,5
42565,0
42566,5
42567,0
42568,5
42569,3
42570,4
42571,5
42572,4
42573,1
42574,6
42575,3
42576,3
42577,4
42578,5
42579,1
42580,0
42581,4
42582,4
42583,3
42584,0
42585,0
42586,4
42587,5
42588,5
42589,5
42590,6
42591,5
42592,0
42593,1
42594,3
42595,5
42596,4
42597,0
42598,2
42599,0
42600,4
42601,4
42602,1
42603,0
42604,3
42605,6
42606,4
42607,2
42608,2
42609,0
42610,5
42611,5
42612,5
42613,4
42614,0
42615,3
42616,5
42617,6
42618,6
42619,0
42620,1
42621,3
42622,3
42623,6
42624,6
42625,2
42626,1
42627,4
42628,5
42629,3
42630,6
42631,6
42632,2
42633,5
42634,0
42635,5
42636,4
42637,2
42638,1
42639,0
42640,2
42641,4
42642,1
42643,3
42644,1
42645,5
42646,5
42647,4
42648,2
42649,4
42650,4
42651,4
42652,3
42653,4
42654,5
42655,5
42656,5
42657,0
42658,0
42659,6
42660,2
42661,0
42662,3
42663,5
42664,1
42665,5
42666,3
42667,6
42668,6
42669,0
42670,4
42671,1
42672,0
42673,5
42674,3
42675,0
42676,3
42677,6
42678,5
42679,0
42680,6
42681,4
42682,2
42683,0
42684,3
42685,0
42686,1
42687,4
42688,3
42689,3
42690,1
42691,4
42692,5
42693,4
42694,4
42695,1
42696,2
42697,3
42698,0
42699,0
42700,2
42701,1
42702,4
42703,5
42704,4
42705,2
42706,4
42707,0
42708,1
42709,5
42710,1
42711,6
42712,4
42713,4
42714,4
42715,3
42716,2
42717,4
42718,3
42719,6
42720,1
42721,4
42722,0
42723,4
42724,6
42725,0
42726,4
42727,5
42728,0
42729,1
42730,6
42731,1
42732,4
42733,1
42734,5
42735,6
42736,2
42737,1
42738,1
42739,5
42740,2
42741,6
42742,0
42743,5
42744,0
42745,0
42746,6
42747,0
42748,2
42749,2
42750,5
42751,4
42752,3
42753,5
42754,0
42755,4
42756,5
42757,2
42758,2
42759,2
42760,4
42761,0
42762,1
42763,0
42764,6
42765,2
42766,2
42767,5
42768,4
42769,5
42770,5
42771,0
42772,6
42773,1
42774,5
42775,0
42776,4
42777,1
42778,4
42779,0
42780,0
42781,2
42782,4
42783,5
42784,1
42785,1
42786,0
42787,2
42788,2
42789,1
42790,3
42791,5
42792,3
42793,4
42794,0
42795,6
42796,0
42797,2
42798,6
42799,2
42800,2
42801,0
42802,4
42803,3
42804,5
42805,2
42806,3
42807,2
42808,5
42809,5
42810,5
42811,3
42812,3
42813,4
42814,0
42815,5
42816,5
42817,2
42818,5
42819,6
42820,5
42821,4
42822,6
42823,1
42824,2
42825,5
42826,2
42827,1
42828,2
42829,6
42830,3
42831,3
42832,3
42833,4
42834,1
42835,3
42836,3
42837,2
42838,5
42839,1
42840,6
42841,5
42842,5
42843,3
42844,1
42845,2
42846,1
42847,3
42848,3
42849,0
42850,5
42851,6
42852,3
42853,3
42854,2
42855,1
42856,1
42857,0
42858,6
42859,4
42860,6
42861,0
42862,2
42863,4
42864,0
42865,0
42866,5
42867,4
42868,4
42869,0
42870,0
42871,1
42872,0
42873,0
42874,1
42875,2
42876,2
42877,1
42878,3
42879,6
42880,3
42881,1
42882,5
42883,3
42884,1
42885,5
42886,2
42887,1
42888,6
42889,1
42890,1
42891,1
42892,2
42893,6
42894,4
42895,5
42896,3
42897,4
42898,3
42899,6
42900,0
42901,0
42902,2
42903,3
42904,5
42905,2
42906,0
42907,6
42908,2
42909,0
42910,5
42911,3
42912,4
42913,0
42914,2
42915,1
42916,5
42917,4
42918,6
42919,0
42920,5
42921,1
42922,5
42923,5
42924,5
42925,4
42926,3
42927,1
42928,4
42929,3
42930,1
42931,4
42932,0
42933,1
42934,1
42935,5
42936,5
42937,6
42938,6
42939,3
42940,0
42941,4
42942,4
42943,6
42944,5
42945,1
42946,4
42947,1
42948,4
42949,3
42950,5
42951,2
42952,1
42953,0
42954,2
42955,1
42956,4
42957,5
42958,5
42959,2
42960,2
42961,0
42962,6
42963,4
42964,0
42965,0
42966,1
42967,6
42968,2
42969,6
42970,0
42971,0
42972,0
42973,0
42974,1
42975,3
42976,5
42977,3
42978,5
42979,0
42980,2
42981,2
42982,1
42983,1
42984,1
42985,5
42986,1
42987,6
42988,3
42989,2
42990,0
42991,0
42992,5
42993,2
42994,6
42995,2
42996,2
42997,4
42998,5
42999,6
43000,2
43001,6
43002,1
43003,3
43004,3
43005,6
43006,3
43007,6
43008,4
43009,5
43010,3
43011,0
43012,4
43013,5
43014,0
43015,4
43016,5
43017,5
43018,6
43019,1
43020,6
43021,1
43022,4
43023,6
43024,1
43025,3
43026,3
43027,0
43028,1
43029,5
43030,2
43031,3
43032,4
43033,5
43034,0
43035,6
43036,6
43037,3
43038,6
43039,4
43040,6
43041,6
43042,1
43043,4
43044,0
43045,1
43046,6
43047,3
43048,4
43049,4
43050,0
43051,4
43052,0
43053,6
43054,4
43055,0
43056,0
43057,4
43058,1
43059,3
43060,5
43061,3
43062,6
43063,3
43064,5
43065,5
43066,2
43067,0
43068,5
43069,2
43070,1
43071,4
43072,5
43073,4
43074,4
43075,3
43076,6
43077,4
43078,2
43079,6
43080,3
43081,2
43082,0
43083,5
43084,2
43085,1
43086,5
43087,2
43088,4
43089,1
43090,0
43091,1
43092,6
43093,6
43094,4
43095,6
43096,4
43097,0
43098,2
43099,0
43100,5
43101,4
43102,6
43103,0
43104,0
43105,3
43106,5
43107,5
43108,0
43109,1
43110,3
43111,3
43112,5
43113,6
43114,6
43115,0
43116,3
43117,4
43118,2
43119,1
43120,6
43121,0
43122,0
43123,1
43124,2
43125,4
43126,6
43127,3
43128,4
43129,0
43130,5
43131,6
43132,2
43133,6
43134,2
43135,5
43136,1
43137,6
43138,6
43139,4
43140,0
43141,5
43142,6
43143,3
43144,0
43145,5
43146,2
43147,0
43148,1
43149,1
43150,6
43151,2
43152,3
43153,4
43154,6
43155,4
43156,1
43157,3
43158,3
43159,2
43160,4
43161,5
43162,3
43163,0
43164,2
43165,6
43166,0
43167,1
43168,2
43169,3
43170,5
43171,5
43172,0
43173,5
43174,5
43175,0
43176,5
43177,6
43178,3
43179,3
43180,6
43181,4
43182,6
43183,6
43184,2
43185,6
43186,6
43187,4
43188,4
43189,2
43190,5
43191,4
43192,3
43193,0
43194,3
43195,4
43196,0
43197,5
43198,4
43199,4
43200,5
43201,6
43202,4
43203,1
43204,4
43205,4
43206,5
43207,0
43208,2
43209,4
43210,3
43211,1
43212,3
43213,2
43214,4
43215,5
43216,1
43217,1
43218,1
43219,3
43220,1
43221,0
43222,5
43223,0
43224,1
43225,3
43226,5
43227,0
43228,1
43229,3
43230,4
43231,6
43232,3
43233,0
43234,0
43235,5
43236,1
43237,0
43238,4
43239,3
43240,0
43241,1
43242,5
43243,1
43244,2
43245,3
43246,6
43247,5
43248,6
43249,5
43250,6
43251,3
43252,0
43253,3
43254,1
43255,4
43256,4
43257,2
43258,2
43259,6
43260,2
43261,1
43262,2
43263,6
43264,2
43265,4
43266,5
43267,1
43268,4
43269,3
43270,3
43271,2
43272,3
43273,4
43274,4
43275,6
43276,1
43277,2
43278,2
43279,3
43280,1
43281,1
43282,4
43283,3
43284,1
43285,2
43286,4
43287,1
43288,4
43289,4
43290,5
43291,6
43292,6
43293,2
43294,3
43295,5
43296,3
43297,2
43298,5
43299,6
43300,0
43301,4
43302,1
43303,6
43304,4
43305,0
43306,5
43307,5
43308,0
43309,1
43310,4
43311,5
43312,4
43313,2
43314,3
43315,3
43316,5
43317,4
43318,0
43319,3
43320,2
43321,4
43322,6
43323,0
43324,3
43325,1
43326,1
43327,4
43328,0
43329,0
43330,3
43331,3
43332,0
43333,3
43334,0
43335,3
43336,6
43337,4
43338,6
43339,1
43340,0
43341,4
43342,6
43343,1
43344,0
43345,0
43346,0
43347,4
43348,4
43349,4
43350,1
43351,1
43352,0
43353,2
43354,0
43355,6
43356,2
43357,1
43358,6
43359,4
43360,3
43361,2
43362,5
43363,3
43364,5
43365,4
43366,3
43367,0
43368,5
43369,0
43370,6
43371,6
43372,0
43373,4
43374,2
43375,4
43376,5
43377,3
43378,5
43379,0
43380,0
43381,0
43382,4
43383,4
43384,3
43385,3
43386,2
43387,3
43388,6
43389,0
43390,1
43391,2
43392,6
43393,4
43394,1
43395,0
43396,0
43397,2
43398,3
43399,5
43400,3
43401,0
43402,5
43403,0
43404,4
43405,4
43406,6
43407,3
43408,0
43409,4
43410,4
43411,6
43412,0
43413,1
43414,5
43415,4
43416,0
43417,4
43418,3
43419,2
43420,4
43421,0
43422,0
43423,4
43424,0
43425,3
43426,1
43427,0
43428,0
43429,4
43430,2
43431,1
43432,5
43433,6
43434,2
43435,4
43436,5
43437,6
43438,5
43439,5
43440,0
43441,5
43442,4
43443,3
43444,4
43445,0
43446,1
43447,2
43448,2
43449,5
43450,4
43451,2
43452,4
43453,2
43454,4
43455,3
43456,5
43457,2
43458,4
43459,4
43460,2
43461,3
43462,6
43463,4
43464,4
43465,1
43466,4
43467,6
43468,0
43469,6
43470,6
43471,2
43472,2
43473,2
43474,5
43475,1
43476,4
43477,0
43478,5
43479,0
43480,1
43481,3
43482,3
43483,2
43484,3
43485,5
43486,0
43487,4
43488,3
43489,4
43490,6
43491,0
43492,3
43493,5
43494,0
43495,0
43496,5
43497,2
43498,3
43499,1
43500,0
43501,3
43502,6
43503,5
43504,0
43505,1
43506,6
43507,0
43508,0
43509,6
43510,2
43511,6
43512,3
43513,2
43514,1
43515,1
43516,0
43517,1
43518,4
43519,5
43520,4
43521,1
43522,5
43523,5
43524,4
43525,4
43526,2
43527,2
43528,3
43529,3
43530,2
43531,6
43532,4
43533,1
43534,6
43535,6
43536,2
43537,4
43538,5
43539,1
43540,2
43541,5
43542,0
43543,4
43544,3
43545,4
43546,1
43547,6
43548,6
43549,5
43550,6
43551,4
43552,0
43553,5
43554,4
43555,1
43556,2
43557,3
43558,4
43559,0
43560,0
43561,0
43562,0
43563,2
43564,0
43565,2
43566,2
43567,5
43568,1
43569,0
43570,1
43571,1
43572,1
43573,6
43574,6
43575,0
43576,5
43577,1
43578,1
43579,0
43580,4
43581,2
43582,0
43583,1
43584,3
43585,2
43586,4
43587,3
43588,5
43589,4
43590,4
43591,3
43592,0
43593,6
43594,1
43595,2
43596,6
43597,5
43598,6
43599,4
43600,0
43601,5
43602,4
43603,2
43604,4
43605,3
43606,0
43607,4
43608,1
43609,2
43610,5
43611,3
43612,5
43613,5
43614,0
43615,6
43616,0
43617,2
43618,3
43619,0
43620,4
43621,6
43622,4
43623,3
43624,0
43625,1
43626,2
43627,3
43628,0
43629,0
43630,5
43631,2
43632,2
43633,5
43634,4
43635,0
43636,0
43637,3
43638,4
43639,1
43640,3
43641,6
43642,3
43643,4
43644,2
43645,4
43646,6
43647,0
43648,1
43649,6
43650,4
43651,5
43652,3
43653,0
43654,0
43655,4
43656,3
43657,3
43658,6
43659,1
43660,6
43661,2
43662,0
43663,0
43664,5
43665,4
43666,5
43667,1
43668,4
43669,3
43670,6
43671,2
43672,5
43673,2
43674,1
43675,1
43676,3
43677,6
43678,2
43679,4
43680,6
43681,0
43682,5
43683,4
43684,4
43685,2
43686,5
43687,0
43688,5
43689,6
43690,3
43691,5
43692,0
43693,0
43694,3
43695,3
43696,2
43697,3
43698,6
43699,4
43700,6
43701,1
43702,1
43703,6
43704,3
43705,6
43706,6
43707,1
43708,0
43709,1
43710,2
43711,0
43712,5
43713,1
43714,5
43715,0
43716,6
43717,4
43718,2
43719,5
43720,3
43721,0
43722,0
43723,5
43724,6
43725,1
43726,4
43727,6
43728,0
43729,5
43730,4
43731,0
43732,2
43733,0
43734,4
43735,0
43736,1
43737,2
43738,2
43739,2
43740,5
43741,5
43742,5
43743,3
43744,3
43745,0
43746,3
43747,5
43748,1
43749,6
43750,3
43751,5
43752,4
43753,6
43754,2
43755,2
43756,5
43757,2
43758,4
43759,3
43760,0
43761,2
43762,1
43763,4
43764,4
43765,6
43766,3
43767,5
43768,4
43769,1
43770,5
43771,6
43772,2
43773,5
43774,5
43775,3
43776,3
43777,0
43778,3
43779,5
43780,6
43781,4
43782,2
43783,2
43784,0
43785,2
43786,1
43787,1
43788,0
43789,4
43790,6
43791,5
43792,1
43793,3
43794,3
43795,5
43796,4
43797,5
43798,4
43799,4
43800,5
43801,5
43802,5
43803,3
43804,2
43805,6
43806,0
43807,1
43808,2
43809,3
43810,1
43811,5
43812,0
43813,5
43814,4
43815,1
43816,0
43817,0
43818,3
43819,2
43820,0
43821,0
43822,4
43823,4
43824,2
43825,0
43826,3
43827,6
43828,0
43829,0
43830,3
43831,2
43832,5
43833,4
43834,2
43835,0
43836,4
43837,0
43838,4
43839,0
43840,5
43841,0
43842,2
43843,3
43844,1
43845,5
43846,4
43847,1
43848,0
43849,4
43850,1
43851,4
43852,4
43853,6
43854,1
43855,1
43856,1
43857,5
43858,6
43859,3
43860,4
43861,3
43862,2
43863,1
43864,5
43865,4
43866,2
43867,3
43868,1
43869,0
43870,5
43871,0
43872,0
43873,4
43874,0
43875,6
43876,2
43877,4
43878,1
43879,6
43880,4
43881,2
43882,2
43883,1
43884,6
43885,1
43886,3
43887,2
43888,5
43889,5
43890,0
43891,4
43892,1
43893,0
43894,0
43895,2
43896,0
43897,5
43898,6
43899,1
43900,5
43901,2
43902,4
43903,4
43904,3
43905,3
43906,1
43907,1
43908,4
43909,2
43910,4
43911,6
43912,3
43913,4
43914,2
43915,3
43916,4
43917,2
43918,4
43919,5
43920,3
43921,4
43922,0
43923,5
43924,0
43925,5
43926,6
43927,6
43928,1
43929,3
43930,5
43931,1
43932,2
43933,0
43934,4
43935,4
43936,4
43937,4
43938,3
43939,4
43940,5
43941,2
43942,0
43943,3
43944,3
43945,0
43946,3
43947,0
43948,3
43949,1
43950,6
43951,0
43952,2
43953,0
43954,3
43955,5
43956,0
43957,3
43958,1
43959,4
43960,2
43961,2
43962,5
43963,0
43964,0
43965,3
43966,4
43967,6
43968,3
43969,1
43970,3
43971,2
43972,4
43973,2
43974,5
43975,2
43976,0
43977,0
43978,3
43979,4
43980,6
43981,6
43982,1
43983,6
43984,6
43985,0
43986,6
43987,3
43988,1
43989,6
43990,2
43991,6
43992,4
43993,0
43994,2
43995,3
43996,0
43997,3
43998,5
43999,1
44000,4
44001,4
44002,1
44003,6
44004,4
44005,1
44006,2
44007,1
44008,5
44009,1
44010,6
44011,5
44012,2
44013,2
44014,5
44015,4
44016,6
44017,5
44018,2
44019,6
44020,3
44021,1
44022,1
44023,0
44024,5
44025,3
44026,5
44027,5
44028,4
44029,4
44030,6
44031,1
44032,5
44033,2
44034,3
44035,0
44036,1
44037,5
44038,6
44039,6
44040,3
44041,2
44042,6
44043,6
44044,3
44045,6
44046,0
44047,2
44048,3
44049,3
44050,4
44051,6
44052,5
44053,5
44054,4
44055,4
44056,2
44057,0
44058,0
44059,4
44060,4
44061,2
44062,5
44063,3
44064,2
44065,5
44066,3
44067,2
44068,0
44069,4
44070,2
44071,3
44072,2
44073,0
44074,1
44075,5
44076,0
44077,6
44078,0
44079,2
44080,4
44081,0
44082,4
44083,0
44084,5
44085,0
44086,1
44087,3
44088,2
44089,6
44090,6
44091,4
44092,5
44093,5
44094,5
44095,5
44096,2
44097,6
44098,3
44099,3
44100,5
44101,0
44102,1
44103,5
44104,0
44105,5
44106,1
44107,2
44108,4
44109,0
44110,4
44111,6
44112,0
44113,0
44114,5
44115,2
44116,0
44117,0
44118,6
44119,0
44120,3
44121,2
44122,1
44123,5
44124,0
44125,4
44126,0
44127,1
44128,4
44129,2
44130,3
44131,0
44132,6
44133,0
44134,4
44135,3
44136,1
44137,0
44138,4
44139,1
44140,3
44141,2
44142,5
44143,2
44144,6
44145,5
44146,3
44147,5
44148,1
44149,3
44150,2
44151,2
44152,1
44153,2
44154,3
44155,6
44156,5
44157,5
44158,6
44159,6
44160,4
44161,6
44162,3
44163,0
44164,4
44165,4
44166,0
44167,0
44168,0
44169,0
44170,4
44171,0
44172,0
44173,2
44174,4
44175,0
44176,6
44177,3
44178,4
44179,3
44180,4
44181,3
44182,0
44183,6
44184,0
44185,6
44186,1
44187,3
44188,0
44189,0
44190,5
44191,3
44192,5
44193,0
44194,2
44195,0
44196,4
44197,1
44198,4
44199,3
44200,0
44201,2
44202,3
44203,2
44204,3
44205,4
44206,1
44207,2
44208,4
44209,0
44210,4
44211,5
44212,3
44213,1
44214,0
44215,1
44216,5
44217,5
44218,4
44219,1
44220,0
44221,6
44222,5
44223,4
44224,0
44225,3
44226,2
44227,2
44228,0
44229,2
44230,5
44231,3
44232,3
44233,1
44234,2
44235,3
44236,1
44237,5
44238,4
44239,0
44240,5
44241,0
44242,4
44243,4
44244,1
44245,5
44246,3
44247,4
44248,3
44249,3
44250,2
44251,4
44252,0
44253,6
44254,4
44255,0
44256,3
44257,6
44258,2
44259,5
44260,2
44261,6
44262,5
44263,1
44264,1
44265,6
44266,6
44267,3
44268,0
44269,4
44270,3
44271,6
44272,3
44273,4
44274,1
44275,1
44276,3
44277,3
44278,5
44279,0
44280,4
44281,5
44282,0
44283,0
44284,0
44285,0
44286,0
44287,3
44288,0
44289,3
44290,2
44291,5
44292,3
44293,4
44294,3
44295,4
44296,3
44297,0
44298,0
44299,5
44300,6
44301,6
44302,1
44303,0
44304,3
44305,2
44306,4
44307,4
44308,1
44309,4
44310,1
44311,4
44312,1
44313,0
44314,2
44315,0
44316,4
44317,3
44318,5
44319,5
44320,1
44321,0
44322,4
44323,2
44324,0
44325,5
44326,0
44327,5
44328,3
44329,1
44330,5
44331,4
44332,5
44333,3
44334,5
44335,6
44336,3
44337,0
44338,4
44339,3
44340,6
44341,5
44342,5
44343,0
44344,4
44345,0
44346,5
44347,5
44348,4
44349,0
44350,3
44351,6
44352,3
44353,5
44354,3
44355,6
44356,6
44357,0
44358,1
44359,5
44360,3
44361,5
44362,2
44363,4
44364,1
44365,1
44366,6
44367,0
44368,5
44369,3
44370,3
44371,1
44372,1
44373,2
44374,3
44375,3
44376,6
44377,0
44378,6
44379,0
44380,4
44381,2
44382,4
44383,3
44384,6
44385,2
44386,6
44387,4
44388,1
44389,0
44390,5
44391,3
44392,1
44393,0
44394,5
44395,0
44396,5
44397,2
44398,1
44399,2
44400,4
44401,1
44402,4
44403,3
44404,5
44405,4
44406,3
44407,0
44408,0
44409,0
44410,0
44411,1
44412,0
44413,4
44414,5
44415,6
44416,5
44417,3
44418,4
44419,1
44420,5
44421,2
44422,6
44423,2
44424,1
44425,0
44426,1
44427,4
44428,6
44429,2
44430,1
44431,1
44432,2
44433,0
44434,6
44435,4
44436,4
44437,2
44438,6
44439,3
44440,4
44441,4
44442,1
44443,4
44444,2
44445,4
44446,1
44447,0
44448,5
44449,2
44450,2
44451,1
44452,4
44453,2
44454,3
44455,3
44456,1
44457,4
44458,2
44459,1
44460,5
44461,6
44462,4
44463,2
44464,2
44465,6
44466,1
44467,6
44468,5
44469,2
44470,1
44471,1
44472,5
44473,0
44474,6
44475,0
44476,1
44477,1
44478,4
44479,3
44480,6
44481,3
44482,5
44483,1
44484,1
44485,1
44486,0
44487,3
44488,3
44489,2
44490,0
44491,4
44492,0
44493,6
44494,5
44495,6
44496,6
44497,2
44498,5
44499,6
44500,6
44501,2
44502,6
44503,0
44504,0
44505,3
44506,4
44507,0
44508,0
44509,5
44510,4
44511,5
44512,2
44513,4
44514,6
44515,4
44516,2
44517,5
44518,4
44519,3
44520,6
44521,0
44522,6
44523,4
44524,2
44525,5
44526,2
44527,0
44528,2
44529,4
44530,2
44531,2
44532,0
44533,5
44534,4
44535,6
44536,0
44537,4
44538,1
44539,3
44540,0
44541,1
44542,0
44543,2
44544,3
44545,5
44546,3
44547,2
44548,1
44549,2
44550,6
44551,1
44552,3
44553,0
44554,4
44555,6
44556,2
44557,6
44558,0
44559,2
44560,2
44561,4
44562,1
44563,1
44564,0
44565,1
44566,6
44567,2
44568,2
44569,5
44570,0
44571,6
44572,1
44573,2
44574,3
44575,6
44576,5
44577,0
44578,1
44579,6
44580,6
44581,0
44582,2
44583,0
44584,4
44585,3
44586,0
44587,5
44588,1
44589,1
44590,6
44591,4
44592,4
44593,1
44594,3
44595,2
44596,5
44597,3
44598,5
44599,6
44600,4
44601,4
44602,0
44603,5
44604,2
44605,4
44606,4
44607,0
44608,2
44609,1
44610,6
44611,2
44612,5
44613,3
44614,5
44615,0
44616,4
44617,3
44618,6
44619,0
44620,1
44621,3
44622,0
44623,2
44624,1
44625,1
44626,4
44627,1
44628,2
44629,1
44630,3
44631,3
44632,0
44633,1
44634,2
44635,2
44636,1
44637,0
44638,0
44639,0
44640,0
44641,4
44642,5
44643,1
44644,1
44645,4
44646,4
44647,2
44648,5
44649,6
44650,1
44651,6
44652,1
44653,4
44654,5
44655,0
44656,1
44657,4
44658,4
44659,4
44660,3
44661,4
44662,0
44663,4
44664,0
44665,4
44666,4
44667,3
44668,3
44669,1
44670,0
44671,0
44672,3
44673,1
44674,5
44675,2
44676,6
44677,4
44678,6
44679,0
44680,6
44681,3
44682,5
44683,1
44684,4
44685,0
44686,5
44687,4
44688,0
44689,3
44690,2
44691,3
44692,3
44693,5
44694,6
44695,2
44696,4
44697,0
44698,1
44699,6
44700,4
44701,0
44702,6
44703,6
44704,2
44705,0
44706,0
44707,3
44708,2
44709,0
44710,4
44711,3
44712,4
44713,0
44714,0
44715,5
44716,6
44717,6
44718,0
44719,1
44720,5
44721,5
44722,2
44723,5
44724,0
44725,5
44726,0
44727,3
44728,5
44729,2
44730,0
44731,4
44732,4
44733,0
44734,4
44735,1
44736,2
44737,6
44738,6
44739,5
44740,2
44741,0
44742,3
44743,1
44744,3
44745,4
44746,0
44747,4
44748,5
44749,3
44750,4
44751,2
44752,4
44753,0
44754,4
44755,6
44756,6
44757,6
44758,5
44759,2
44760,0
44761,5
44762,6
44763,5
44764,1
44765,1
44766,0
44767,0
44768,0
44769,0
44770,3
44771,4
44772,4
44773,6
44774,5
44775,1
44776,5
44777,6
44778,6
44779,1
44780,0
44781,4
44782,5
44783,5
44784,3
44785,2
44786,6
44787,3
44788,4
44789,0
44790,0
44791,1
44792,0
44793,6
44794,0
44795,0
44796,2
44797,6
44798,0
44799,4
44800,6
44801,0
44802,4
44803,1
44804,0
44805,2
44806,0
44807,2
44808,5
44809,0
44810,4
44811,2
44812,4
44813,2
44814,0
44815,0
44816,5
44817,0
44818,3
44819,5
44820,3
44821,4
44822,4
44823,6
44824,6
44825,6
44826,6
44827,2
44828,4
44829,5
44830,5
44831,2
44832,0
44833,3
44834,2
44835,4
44836,5
44837,5
44838,3
44839,4
44840,4
44841,3
44842,3
44843,5
44844,0
44845,2
44846,4
44847,6
44848,0
44849,5
44850,4
44851,4
44852,3
44853,4
44854,5
44855,5
44856,1
44857,6
44858,5
44859,2
44860,1
44861,5
44862,0
44863,3
44864,3
44865,5
44866,4
44867,2
44868,3
44869,5
44870,2
44871,2
44872,1
44873,5
44874,5
44875,6
44876,2
44877,1
44878,3
44879,6
44880,1
44881,6
44882,0
44883,3
44884,6
44885,2
44886,4
44887,5
44888,6
44889,3
44890,1
44891,6
44892,3
44893,3
44894,2
44895,5
44896,0
44897,3
44898,5
44899,4
44900,5
44901,5
44902,5
44903,5
44904,1
44905,0
44906,3
44907,0
44908,6
44909,0
44910,4
44911,0
44912,0
44913,3
44914,5
44915,6
44916,0
44917,0
44918,1
44919,3
44920,1
44921,5
44922,2
44923,5
44924,4
44925,6
44926,0
44927,3
44928,3
44929,0
44930,2
44931,1
44932,5
44933,0
44934,1
44935,5
44936,0
44937,2
44938,1
44939,2
44940,5
44941,3
44942,1
44943,6
44944,6
44945,2
44946,0
44947,2
44948,6
44949,6
44950,3
44951,3
44952,3
44953,3
44954,3
44955,3
44956,1
44957,3
44958,6
44959,3
44960,6
44961,3
44962,3
44963,4
44964,6
44965,0
44966,3
44967,1
44968,1
44969,0
44970,5
44971,2
44972,2
44973,0
44974,2
44975,2
44976,0
44977,5
44978,1
44979,2
44980,2
44981,3
44982,5
44983,3
44984,1
44985,2
44986,5
44987,5
44988,0
44989,1
44990,0
44991,3
44992,6
44993,4
44994,2
44995,3
44996,6
44997,1
44998,3
44999,4
45000,0
45001,0
45002,2
45003,6
45004,3
45005,3
45006,6
45007,4
45008,0
45009,3
45010,5
45011,3
45012,3
45013,5
45014,5
45015,3
45016,2
45017,4
45018,0
45019,2
45020,0
45021,4
45022,2
45023,2
45024,3
45025,6
45026,2
45027,5
45028,2
45029,1
45030,0
45031,2
45032,2
45033,1
45034,4
45035,2
45036,5
45037,5
45038,4
45039,1
45040,1
45041,5
45042,2
45043,0
45044,2
45045,5
45046,2
45047,1
45048,3
45049,2
45050,4
45051,4
45052,1
45053,4
45054,5
45055,0
45056,1
45057,6
45058,3
45059,6
45060,0
45061,0
45062,3
45063,5
45064,6
45065,4
45066,3
45067,3
45068,1
45069,5
45070,4
45071,6
45072,6
45073,0
45074,6
45075,0
45076,4
45077,6
45078,2
45079,6
45080,4
45081,0
45082,2
45083,2
45084,4
45085,0
45086,6
45087,2
45088,1
45089,0
45090,2
45091,3
45092,2
45093,6
45094,1
45095,5
45096,0
45097,5
45098,3
45099,6
45100,0
45101,5
45102,6
45103,2
45104,5
45105,4
45106,1
45107,3
45108,5
45109,2
45110,0
45111,2
45112,0
45113,6
45114,1
45115,5
45116,5
45117,5
45118,0
45119,4
45120,2
45121,0
45122,0
45123,0
45124,5
45125,3
45126,0
45127,6
45128,0
45129,1
45130,5
45131,1
45132,0
45133,6
45134,1
45135,2
45136,6
45137,0
45138,1
45139,3
45140,6
45141,0
45142,6
45143,3
45144,2
45145,4
45146,5
45147,2
45148,1
45149,4
45150,3
45151,3
45152,0
45153,5
45154,2
45155,3
45156,0
45157,5
45158,1
45159,4
45160,0
45161,6
45162,3
45163,4
45164,6
45165,6
45166,4
45167,0
45168,3
45169,5
45170,0
45171,6
45172,4
45173,0
45174,4
45175,2
45176,3
45177,0
45178,6
45179,2
45180,0
45181,3
45182,5
45183,4
45184,4
45185,2
45186,0
45187,1
45188,2
45189,4
45190,5
45191,1
45192,2
45193,2
45194,3
45195,6
45196,4
45197,4
45198,0
45199,2
45200,0
45201,0
45202,4
45203,3
45204,0
45205,2
45206,3
45207,2
45208,3
45209,5
45210,0
45211,2
45212,4
45213,3
45214,1
45215,5
45216,6
45217,1
45218,5
45219,2
45220,0
45221,5
45222,2
45223,6
45224,4
45225,3
45226,1
45227,0
45228,1
45229,5
45230,2
45231,0
45232,4
45233,2
45234,4
45235,5
45236,5
45237,1
45238,2
45239,3
45240,3
45241,3
45242,3
45243,0
45244,0
45245,4
45246,5
45247,3
45248,4
45249,1
45250,0
45251,2
45252,3
45253,0
45254,0
45255,5
45256,0
45257,2
45258,2
45259,0
45260,6
45261,4
45262,3
45263,4
45264,1
45265,0
45266,0
45267,5
45268,3
45269,6
45270,0
45271,4
45272,5
45273,3
45274,2
45275,1
45276,4
45277,3
45278,6
45279,5
45280,4
45281,0
45282,6
45283,1
45284,6
45285,4
45286,0
45287,5
45288,1
45289,6
45290,6
45291,2
45292,6
45293,0
45294,4
45295,5
45296,4
45297,2
45298,4
45299,4
45300,4
45301,1
45302,3
45303,6
45304,1
45305,3
45306,6
45307,6
45308,6
45309,3
45310,5
45311,3
45312,4
45313,0
45314,3
45315,5
45316,3
45317,4
45318,1
45319,1
45320,5
45321,2
45322,3
45323,0
45324,0
45325,5
45326,2
45327,2
45328,6
45329,5
45330,3
45331,4
45332,0
45333,1
45334,3
45335,6
45336,4
45337,1
45338,5
45339,5
45340,0
45341,3
45342,3
45343,4
45344,2
45345,1
45346,5
45347,0
45348,0
45349,0
45350,2
45351,0
45352,2
45353,0
45354,0
45355,1
45356,5
45357,0
45358,6
45359,6
45360,1
45361,5
45362,1
45363,4
45364,0
45365,1
45366,2
45367,0
45368,3
45369,3
45370,6
45371,5
45372,4
45373,4
45374,0
45375,2
45376,0
45377,3
45378,5
45379,3
45380,1
45381,3
45382,1
45383,5
45384,0
45385,1
45386,5
45387,0
45388,4
45389,2
45390,0
45391,3
45392,1
45393,2
45394,6
45395,3
45396,2
45397,6
45398,1
45399,1
45400,0
45401,2
45402,1
45403,2
45404,3
45405,4
45406,3
45407,3
45408,4
45409,5
45410,2
45411,4
45412,5
45413,5
45414,4
45415,1
45416,3
45417,6
45418,3
45419,5
45420,4
45421,2
45422,0
45423,5
45424,4
45425,1
45426,4
45427,1
45428,6
45429,6
45430,1
45431,3
45432,1
45433,1
45434,4
45435,0
45436,3
45437,6
45438,0
45439,2
45440,4
45441,6
45442,4
45443,3
45444,3
45445,2
45446,4
45447,2
45448,2
45449,3
45450,2
45451,3
45452,0
45453,3
45454,4
45455,3
45456,0
45457,4
45458,6
45459,6
45460,1
45461,5
45462,1
45463,0
45464,6
45465,1
45466,6
45467,1
45468,2
45469,5
45470,5
45471,2
45472,6
45473,5
45474,1
45475,4
45476,4
45477,3
45478,4
45479,0
45480,0
45481,0
45482,1
45483,5
45484,3
45485,0
45486,1
45487,4
45488,2
45489,5
45490,3
45491,4
45492,6
45493,2
45494,4
45495,2
45496,4
45497,2
45498,2
45499,1
45500,6
45501,5
45502,2
45503,3
45504,4
45505,4
45506,6
45507,1
45508,1
45509,4
45510,6
45511,0
45512,0
45513,1
45514,3
45515,2
45516,1
45517,4
45518,0
45519,0
45520,3
45521,0
45522,4
45523,5
45524,0
45525,3
45526,3
45527,5
45528,4
45529,4
45530,3
45531,5
45532,2
45533,0
45534,0
45535,0
45536,5
45537,0
45538,6
45539,1
45540,4
45541,2
45542,4
45543,2
45544,1
45545,5
45546,4
45547,2
45548,4
45549,2
45550,2
45551,5
45552,0
45553,0
45554,1
45555,1
45556,5
45557,4
45558,2
45559,3
45560,5
45561,3
45562,5
45563,5
45564,1
45565,4
45566,6
45567,3
45568,5
45569,5
45570,3
45571,4
45572,4
45573,1
45574,1
45575,4
45576,0
45577,0
45578,3
45579,0
45580,5
45581,1
45582,5
45583,6
45584,5
45585,2
45586,5
45587,1
45588,4
45589,4
45590,1
45591,0
45592,2
45593,0
45594,4
45595,0
45596,0
45597,4
45598,2
45599,5
45600,4
45601,2
45602,6
45603,3
45604,2
45605,0
45606,4
45607,6
45608,3
45609,5
45610,3
45611,2
45612,5
45613,6
45614,5
45615,0
45616,6
45617,5
45618,0
45619,0
45620,3
45621,0
45622,0
45623,0
45624,0
45625,5
45626,5
45627,6
45628,4
45629,5
45630,4
45631,4
45632,1
45633,0
45634,0
45635,4
45636,1
45637,0
45638,0
45639,0
45640,1
45641,3
45642,3
45643,2
45644,2
45645,1
45646,2
45647,1
45648,0
45649,3
45650,1
45651,3
45652,5
45653,4
45654,0
45655,0
45656,0
45657,4
45658,2
45659,3
45660,5
45661,3
45662,4
45663,0
45664,3
45665,0
45666,4
45667,6
45668,4
45669,6
45670,0
45671,0
45672,0
45673,4
45674,3
45675,2
45676,0
45677,3
45678,2
45679,2
45680,2
45681,5
45682,4
45683,1
45684,3
45685,1
45686,6
45687,2
45688,5
45689,3
45690,5
45691,5
45692,5
45693,3
45694,6
45695,5
45696,5
45697,4
45698,4
45699,0
45700,6
45701,2
45702,0
45703,0
45704,4
45705,2
45706,4
45707,2
45708,6
45709,2
45710,3
45711,4
45712,4
45713,2
45714,6
45715,4
45716,6
45717,2
45718,4
45719,2
45720,1
45721,0
45722,4
45723,6
45724,0
45725,4
45726,1
45727,0
45728,3
45729,4
45730,6
45731,3
45732,4
45733,2
45734,0
45735,4
45736,2
45737,6
45738,6
45739,3
45740,4
45741,1
45742,5
45743,1
45744,0
45745,0
45746,5
45747,2
45748,3
45749,1
45750,1
45751,6
45752,5
45753,0
45754,5
45755,1
45756,1
45757,0
45758,0
45759,4
45760,2
45761,3
45762,1
45763,1
45764,0
45765,0
45766,4
45767,4
45768,1
45769,0
45770,0
45771,1
45772,1
45773,4
45774,6
45775,1
45776,3
45777,5
45778,0
45779,5
45780,2
45781,4
45782,2
45783,2
45784,2
45785,0
45786,5
45787,1
45788,2
45789,3
45790,5
45791,0
45792,3
45793,4
45794,1
45795,3
45796,0
45797,6
45798,1
45799,6
45800,2
45801,5
45802,0
45803,4
45804,1
45805,1
45806,6
45807,2
45808,3
45809,3
45810,1
45811,3
45812,5
45813,4
45814,4
45815,6
45816,3
45817,0
45818,1
45819,1
45820,0
45821,4
45822,0
45823,2
45824,2
45825,1
45826,2
45827,4
45828,3
45829,1
45830,1
45831,4
45832,4
45833,0
45834,1
45835,3
45836,2
45837,6
45838,4
45839,2
45840,2
45841,3
45842,5
45843,3
45844,6
45845,6
45846,6
45847,3
45848,1
45849,0
45850,5
45851,6
45852,6
45853,6
45854,5
45855,4
45856,4
45857,3
45858,6
45859,3
45860,3
45861,6
45862,0
45863,0
45864,2
45865,0
45866,4
45867,6
45868,1
45869,3
45870,6
45871,3
45872,1
45873,5
45874,4
45875,1
45876,3
45877,2
45878,3
45879,3
45880,0
45881,4
45882,1
45883,0
45884,6
45885,5
45886,3
45887,5
45888,4
45889,2
45890,0
45891,0
45892,5
45893,5
45894,0
45895,6
45896,2
45897,1
45898,0
45899,6
45900,0
45901,5
45902,3
45903,6
45904,4
45905,2
45906,4
45907,6
45908,5
45909,5
45910,5
45911,4
45912,4
45913,2
45914,0
45915,0
45916,0
45917,6
45918,1
45919,6
45920,4
45921,2
45922,3
45923,4
45924,4
45925,1
45926,2
45927,3
45928,2
45929,5
45930,0
45931,3
45932,6
45933,3
45934,2
45935,0
45936,0
45937,3
45938,1
45939,1
45940,5
45941,1
45942,5
45943,3
45944,5
45945,0
45946,4
45947,2
45948,0
45949,0
45950,5
45951,4
45952,0
45953,0
45954,2
45955,4
45956,3
45957,1
45958,5
45959,0
45960,5
45961,0
45962,4
45963,6
45964,3
45965,1
45966,1
45967,0
45968,3
45969,6
45970,1
45971,4
45972,0
45973,0
45974,4
45975,1
45976,2
45977,2
45978,5
45979,6
45980,6
45981,0
45982,0
45983,0
45984,6
45985,4
45986,0
45987,0
45988,0
45989,2
45990,0
45991,3
45992,2
45993,1
45994,5
45995,2
45996,6
45997,6
45998,3
45999,5
46000,3
46001,0
46002,5
46003,3
46004,1
46005,3
46006,2
46007,0
46008,0
46009,5
46010,2
46011,2
46012,4
46013,1
46014,1
46015,0
46016,5
46017,2
46018,4
46019,0
46020,2
46021,0
46022,1
46023,1
46024,2
46025,2
46026,3
46027,6
46028,2
46029,4
46030,3
46031,2
46032,4
46033,0
46034,6
46035,0
46036,0
46037,6
46038,5
46039,3
46040,6
46041,6
46042,1
46043,0
46044,4
46045,6
46046,4
46047,3
46048,0
46049,5
46050,5
46051,1
46052,3
46053,0
46054,3
46055,5
46056,1
46057,4
46058,5
46059,5
46060,0
46061,1
46062,1
46063,5
46064,3
46065,2
46066,3
46067,4
46068,5
46069,4
46070,3
46071,0
46072,3
46073,2
46074,3
46075,1
46076,6
46077,0
46078,2
46079,5
46080,5
46081,0
46082,2
46083,6
46084,6
46085,5
46086,4
46087,1
46088,3
46089,0
46090,6
46091,3
46092,6
46093,2
46094,3
46095,0
46096,2
46097,1
46098,0
46099,0
46100,6
46101,1
46102,0
46103,5
46104,6
46105,4
46106,5
46107,5
46108,2
46109,3
46110,0
46111,5
46112,0
46113,2
46114,1
46115,4
46116,1
46117,5
46118,4
46119,0
46120,4
46121,0
46122,5
46123,2
46124,0
46125,0
46126,2
46127,0
46128,3
46129,4
46130,0
46131,0
46132,5
46133,5
46134,5
46135,0
46136,0
46137,5
46138,3
46139,4
46140,5
46141,6
46142,5
46143,1
46144,3
46145,6
46146,5
46147,0
46148,2
46149,0
46150,0
46151,1
46152,3
46153,0
46154,0
46155,0
46156,4
46157,6
46158,0
46159,0
46160,6
46161,4
46162,0
46163,0
46164,1
46165,4
46166,5
46167,5
46168,3
46169,5
46170,4
46171,3
46172,5
46173,5
46174,0
46175,5
46176,3
46177,6
46178,6
46179,0
46180,1
46181,0
46182,2
46183,4
46184,4
46185,1
46186,3
46187,6
46188,0
46189,1
46190,6
46191,0
46192,4
46193,3
46194,3
46195,5
46196,4
46197,3
46198,0
46199,4
46200,2
46201,3
46202,3
46203,2
46204,0
46205,5
46206,0
46207,0
46208,5
46209,2
46210,5
46211,4
46212,4
46213,4
46214,4
46215,4
46216,2
46217,4
46218,3
46219,4
46220,0
46221,1
46222,5
46223,3
46224,5
46225,0
46226,1
46227,4
46228,1
46229,5
46230,5
46231,2
46232,3
46233,6
46234,4
46235,2
46236,4
46237,5
46238,5
46239,4
46240,6
46241,2
46242,4
46243,6
46244,3
46245,0
46246,2
46247,0
46248,0
46249,3
46250,1
46251,3
46252,4
46253,6
46254,4
46255,1
46256,5
46257,6
46258,6
46259,2
46260,3
46261,3
46262,6
46263,5
46264,2
46265,6
46266,0
46267,3
46268,0
46269,1
46270,2
46271,6
46272,6
46273,2
46274,0
46275,5
46276,4
46277,2
46278,4
46279,4
46280,6
46281,2
46282,5
46283,2
46284,5
46285,4
46286,4
46287,0
46288,4
46289,3
46290,0
46291,0
46292,2
46293,2
46294,3
46295,3
46296,3
46297,0
46298,4
46299,5
46300,0
46301,1
46302,2
46303,0
46304,6
46305,4
46306,5
46307,5
46308,4
46309,2
46310,1
46311,1
46312,2
46313,1
46314,4
46315,3
46316,4
46317,2
46318,0
46319,6
46320,1
46321,3
46322,5
46323,2
46324,1
46325,3
46326,1
46327,6
46328,0
46329,5
46330,4
46331,1
46332,1
46333,4
46334,4
46335,2
46336,0
46337,4
46338,1
46339,5
46340,5
46341,3
46342,1
46343,4
46344,2
46345,2
46346,3
46347,1
46348,5
46349,5
46350,0
46351,1
46352,1
46353,2
46354,2
46355,2
46356,5
46357,4
46358,0
46359,4
46360,2
46361,1
46362,3
46363,4
46364,6
46365,2
46366,4
46367,6
46368,1
46369,0
46370,5
46371,0
46372,0
46373,6
46374,2
46375,4
46376,2
46377,0
46378,0
46379,4
46380,6
46381,2
46382,6
46383,2
46384,2
46385,6
46386,0
46387,4
46388,5
46389,6
46390,0
46391,3
46392,2
46393,0
46394,0
46395,3
46396,3
46397,1
46398,3
46399,4
46400,4
46401,4
46402,6
46403,5
46404,0
46405,6
46406,0
46407,4
46408,2
46409,6
46410,1
46411,5
46412,2
46413,0
46414,4
46415,2
46416,2
46417,0
46418,2
46419,4
46420,4
46421,6
46422,0
46423,5
46424,1
46425,4
46426,2
46427,3
46428,0
46429,1
46430,0
46431,4
46432,3
46433,4
46434,4
46435,5
46436,0
46437,5
46438,2
46439,0
46440,2
46441,4
46442,3
46443,6
46444,0
46445,4
46446,3
46447,6
46448,6
46449,4
46450,4
46451,1
46452,4
46453,3
46454,0
46455,6
46456,1
46457,4
46458,1
46459,0
46460,4
46461,5
46462,2
46463,3
46464,0
46465,6
46466,0
46467,3
46468,6
46469,0
46470,6
46471,2
46472,5
46473,1
46474,5
46475,1
46476,2
46477,5
46478,6
46479,0
46480,2
46481,4
46482,0
46483,1
46484,0
46485,0
46486,1
46487,4
46488,4
46489,1
46490,4
46491,0
46492,5
46493,5
46494,0
46495,3
46496,1
46497,6
46498,3
46499,2
46500,4
46501,1
46502,4
46503,1
46504,3
46505,0
46506,2
46507,0
46508,3
46509,5
46510,3
46511,6
46512,6
46513,4
46514,5
46515,4
46516,6
46517,6
46518,4
46519,4
46520,4
46521,4
46522,2
46523,4
46524,6
46525,4
46526,1
46527,1
46528,2
46529,5
46530,4
46531,5
46532,1
46533,0
46534,4
46535,0
46536,2
46537,4
46538,4
46539,1
46540,2
46541,6
46542,2
46543,4
46544,4
46545,1
46546,6
46547,6
46548,5
46549,3
46550,0
46551,3
46552,2
46553,0
46554,6
46555,0
46556,0
46557,5
46558,1
46559,1
46560,3
46561,0
46562,4
46563,4
46564,0
46565,3
46566,4
46567,2
46568,5
46569,5
46570,1
46571,0
46572,4
46573,4
46574,1
46575,4
46576,0
46577,2
46578,0
46579,3
46580,4
46581,3
46582,3
46583,4
46584,4
46585,6
46586,0
46587,4
46588,2
46589,6
46590,4
46591,5
46592,3
46593,5
46594,0
46595,2
46596,5
46597,5
46598,1
46599,5
46600,0
46601,1
46602,4
46603,1
46604,4
46605,4
46606,1
46607,5
46608,5
46609,2
46610,0
46611,5
46612,2
46613,6
46614,3
46615,0
46616,3
46617,6
46618,1
46619,2
46620,0
46621,4
46622,5
46623,1
46624,2
46625,4
46626,4
46627,3
46628,4
46629,3
46630,0
46631,6
46632,0
46633,4
46634,6
46635,4
46636,0
46637,5
46638,1
46639,2
46640,0
46641,0
46642,2
46643,1
46644,6
46645,0
46646,1
46647,3
46648,2
46649,3
46650,2
46651,4
46652,3
46653,0
46654,4
46655,6
46656,5
46657,0
46658,3
46659,5
46660,3
46661,6
46662,2
46663,6
46664,0
46665,0
46666,1
46667,2
46668,0
46669,6
46670,5
46671,6
46672,6
46673,4
46674,0
46675,6
46676,2
46677,0
46678,1
46679,4
46680,3
46681,2
46682,5
46683,0
46684,3
46685,1
46686,1
46687,6
46688,0
46689,3
46690,0
46691,3
46692,4
46693,5
46694,5
46695,5
46696,0
46697,6
46698,0
46699,5
46700,0
46701,6
46702,0
46703,5
46704,4
46705,5
46706,0
46707,1
46708,5
46709,4
46710,0
46711,3
46712,1
46713,6
46714,4
46715,0
46716,4
46717,5
46718,1
46719,5
46720,4
46721,1
46722,5
46723,2
46724,3
46725,4
46726,4
46727,4
46728,2
46729,0
46730,4
46731,4
46732,2
46733,2
46734,3
46735,2
46736,5
46737,4
46738,5
46739,1
46740,1
46741,2
46742,6
46743,4
46744,2
46745,5
46746,6
46747,5
46748,6
46749,4
46750,4
46751,1
46752,5
46753,5
46754,0
46755,0
46756,3
46757,1
46758,2
46759,6
46760,4
46761,2
46762,6
46763,1
46764,0
46765,2
46766,2
46767,3
46768,3
46769,4
46770,2
46771,4
46772,0
46773,0
46774,5
46775,1
46776,2
46777,0
46778,0
46779,4
46780,6
46781,2
46782,6
46783,5
46784,2
46785,1
46786,5
46787,4
46788,4
46789,6
46790,0
46791,4
46792,6
46793,3
46794,5
46795,0
46796,5
46797,4
46798,1
46799,4
46800,3
46801,3
46802,2
46803,1
46804,0
46805,0
46806,1
46807,3
46808,1
46809,2
46810,6
46811,5
46812,4
46813,5
46814,5
46815,5
46816,1
46817,1
46818,0
46819,1
46820,1
46821,2
46822,4
46823,6
46824,1
46825,4
46826,2
46827,5
46828,6
46829,3
46830,0
46831,6
46832,5
46833,2
46834,3
46835,0
46836,0
46837,0
46838,6
46839,2
46840,5
46841,6
46842,3
46843,3
46844,3
46845,0
46846,0
46847,4
46848,3
46849,4
46850,1
46851,5
46852,0
46853,3
46854,4
46855,0
46856,4
46857,1
46858,6
46859,3
46860,6
46861,3
46862,4
46863,3
46864,0
46865,0
46866,5
46867,2
46868,6
46869,0
46870,6
46871,4
46872,0
46873,2
46874,0
46875,0
46876,3
46877,0
46878,3
46879,1
46880,2
46881,6
46882,1
46883,3
46884,3
46885,0
46886,3
46887,1
46888,3
46889,2
46890,2
46891,5
46892,4
46893,4
46894,0
46895,0
46896,0
46897,4
46898,0
46899,2
46900,0
46901,1
46902,4
46903,6
46904,3
46905,2
46906,4
46907,1
46908,6
46909,6
46910,1
46911,3
46912,4
46913,5
46914,2
46915,3
46916,4
46917,2
46918,6
46919,2
46920,0
46921,3
46922,0
46923,0
46924,6
46925,5
46926,4
46927,4
46928,5
46929,0
46930,2
46931,5
46932,1
46933,2
46934,0
46935,4
46936,4
46937,3
46938,3
46939,2
46940,4
46941,6
46942,0
46943,5
46944,4
46945,0
46946,1
46947,0
46948,3
46949,6
46950,2
46951,0
46952,0
46953,2
46954,2
46955,4
46956,5
46957,0
46958,1
46959,6
46960,0
46961,3
46962,1
46963,5
46964,6
46965,1
46966,0
46967,0
46968,0
46969,6
46970,0
46971,4
46972,4
46973,4
46974,1
46975,5
46976,5
46977,0
46978,2
46979,6
46980,2
46981,2
46982,2
46983,4
46984,3
46985,0
46986,3
46987,5
46988,6
46989,3
46990,3
46991,6
46992,4
46993,2
46994,1
46995,5
46996,4
46997,0
46998,2
46999,0
47000,4
47001,6
47002,1
47003,2
47004,2
47005,2
47006,3
47007,3
47008,2
47009,5
47010,5
47011,2
47012,0
47013,5
47014,2
47015,5
47016,1
47017,1
47018,2
47019,3
47020,4
47021,6
47022,5
47023,0
47024,0
47025,5
47026,3
47027,3
47028,3
47029,3
47030,5
47031,5
47032,6
47033,4
47034,0
47035,4
47036,1
47037,2
47038,0
47039,3
47040,3
47041,1
47042,1
47043,6
47044,6
47045,5
47046,5
47047,4
47048,1
47049,6
47050,2
47051,1
47052,6
47053,0
47054,0
47055,3
47056,4
47057,5
47058,6
47059,2
47060,5
47061,4
47062,5
47063,2
47064,4
47065,2
47066,0
47067,4
47068,1
47069,4
47070,5
47071,5
47072,6
47073,6
47074,3
47075,3
47076,2
47077,0
47078,1
47079,1
47080,5
47081,6
47082,1
47083,3
47084,0
47085,3
47086,2
47087,2
47088,2
47089,0
47090,3
47091,2
47092,1
47093,4
47094,4
47095,5
47096,0
47097,4
47098,6
47099,2
47100,2
47101,1
47102,0
47103,2
47104,5
47105,2
47106,3
47107,6
47108,3
47109,6
47110,3
47111,4
47112,3
47113,3
47114,4
47115,2
47116,3
47117,3
47118,1
47119,5
47120,1
47121,6
47122,1
47123,2
47124,3
47125,3
47126,4
47127,5
47128,6
47129,6
47130,6
47131,3
47132,0
47133,5
47134,3
47135,6
47136,3
47137,1
47138,1
47139,3
47140,2
47141,4
47142,3
47143,5
47144,2
47145,4
47146,2
47147,0
47148,4
47149,6
47150,2
47151,0
47152,2
47153,5
47154,6
47155,3
47156,3
47157,0
47158,0
47159,0
47160,5
47161,2
47162,1
47163,3
47164,0
47165,3
47166,6
47167,0
47168,5
47169,0
47170,0
47171,4
47172,2
47173,1
47174,3
47175,2
47176,5
47177,0
47178,4
47179,6
47180,6
47181,2
47182,5
47183,2
47184,4
47185,4
47186,3
47187,3
47188,2
47189,3
47190,4
47191,3
47192,5
47193,4
47194,2
47195,6
47196,0
47197,1
47198,3
47199,2
47200,6
47201,2
47202,0
47203,2
47204,3
47205,0
47206,4
47207,3
47208,1
47209,1
47210,3
47211,3
47212,1
47213,3
47214,4
47215,6
47216,0
47217,1
47218,1
47219,6
47220,5
47221,5
47222,2
47223,5
47224,0
47225,1
47226,5
47227,2
47228,2
47229,4
47230,6
47231,3
47232,3
47233,0
47234,6
47235,2
47236,0
47237,4
47238,2
47239,1
47240,1
47241,6
47242,5
47243,5
47244,5
47245,6
47246,0
47247,4
47248,5
47249,1
47250,6
47251,3
47252,6
47253,2
47254,4
47255,3
47256,2
47257,3
47258,5
47259,4
47260,4
47261,4
47262,4
47263,4
47264,3
47265,2
47266,2
47267,4
47268,1
47269,2
47270,0
47271,1
47272,2
47273,0
47274,1
47275,4
47276,0
47277,5
47278,1
47279,2
47280,5
47281,4
47282,0
47283,2
47284,2
47285,5
47286,3
47287,2
47288,0
47289,1
47290,1
47291,3
47292,2
47293,3
47294,6
47295,1
47296,2
47297,3
47298,2
47299,5
47300,6
47301,5
47302,5
47303,5
47304,5
47305,3
47306,2
47307,0
47308,0
47309,4
47310,4
47311,0
47312,1
47313,4
47314,5
47315,0
47316,0
47317,5
47318,0
47319,6
47320,2
47321,5
47322,5
47323,2
47324,4
47325,2
47326,6
47327,4
47328,3
47329,0
47330,2
47331,0
47332,0
47333,2
47334,6
47335,6
47336,1
47337,5
47338,4
47339,4
47340,1
47341,2
47342,2
47343,6
47344,0
47345,6
47346,3
47347,0
47348,1
47349,3
47350,3
47351,3
47352,5
47353,0
47354,5
47355,6
47356,4
47357,0
47358,1
47359,5
47360,2
47361,2
47362,5
47363,6
47364,1
47365,6
47366,5
47367,3
47368,2
47369,3
47370,5
47371,3
47372,2
47373,5
47374,3
47375,0
47376,0
47377,0
47378,0
47379,1
47380,6
47381,0
47382,2
47383,5
47384,0
47385,0
47386,2
47387,1
47388,1
47389,1
47390,6
47391,6
47392,4
47393,1
47394,5
47395,0
47396,0
47397,6
47398,4
47399,4
47400,6
47401,6
47402,6
47403,3
47404,1
47405,1
47406,2
47407,6
47408,3
47409,3
47410,2
47411,4
47412,5
47413,3
47414,2
47415,0
47416,0
47417,2
47418,6
47419,4
47420,1
47421,3
47422,0
47423,2
47424,3
47425,0
47426,6
47427,0
47428,5
47429,2
47430,5
47431,6
47432,3
47433,4
47434,3
47435,3
47436,6
47437,5
47438,1
47439,3
47440,3
47441,1
47442,0
47443,6
47444,3
47445,0
47446,4
47447,5
47448,4
47449,4
47450,4
47451,6
47452,3
47453,0
47454,4
47455,1
47456,6
47457,2
47458,6
47459,2
47460,1
47461,6
47462,4
47463,2
47464,1
47465,5
47466,5
47467,5
47468,6
47469,5
47470,5
47471,3
47472,5
47473,6
47474,6
47475,5
47476,1
47477,4
47478,1
47479,5
47480,0
47481,4
47482,5
47483,4
47484,0
47485,1
47486,4
47487,4
47488,4
47489,5
47490,0
47491,0
47492,1
47493,4
47494,1
47495,3
47496,2
47497,3
47498,4
47499,5
47500,4
47501,2
47502,1
47503,4
47504,4
47505,0
47506,1
47507,5
47508,2
47509,4
47510,3
47511,4
47512,3
47513,0
47514,6
47515,2
47516,4
47517,4
47518,4
47519,1
47520,3
47521,6
47522,5
47523,2
47524,2
47525,5
47526,3
47527,4
47528,5
47529,1
47530,1
47531,5
47532,1
47533,1
47534,5
47535,2
47536,1
47537,3
47538,6
47539,0
47540,1
47541,1
47542,3
47543,1
47544,0
47545,1
47546,2
47547,0
47548,2
47549,6
47550,3
47551,2
47552,2
47553,3
47554,1
47555,5
47556,4
47557,0
47558,6
47559,4
47560,6
47561,3
47562,4
47563,2
47564,1
47565,5
47566,4
47567,4
47568,6
47569,1
47570,4
47571,0
47572,5
47573,5
47574,4
47575,2
47576,6
47577,5
47578,5
47579,5
47580,0
47581,2
47582,0
47583,6
47584,6
47585,0
47586,4
47587,5
47588,6
47589,1
47590,5
47591,2
47592,1
47593,3
47594,1
47595,0
47596,6
47597,5
47598,5
47599,5
47600,0
47601,0
47602,5
47603,2
47604,5
47605,0
47606,1
47607,1
47608,4
47609,4
47610,3
47611,2
47612,4
47613,3
47614,2
47615,2
47616,4
47617,1
47618,0
47619,1
47620,4
47621,3
47622,4
47623,0
47624,1
47625,6
47626,4
47627,0
47628,6
47629,1
47630,0
47631,4
47632,1
47633,3
47634,2
47635,3
47636,6
47637,3
47638,4
47639,6
47640,6
47641,0
47642,0
47643,5
47644,0
47645,4
47646,0
47647,1
47648,0
47649,1
47650,6
47651,0
47652,6
47653,4
47654,6
47655,5
47656,6
47657,5
47658,4
47659,1
47660,6
47661,1
47662,2
47663,2
47664,2
47665,2
47666,6
47667,2
47668,5
47669,1
47670,4
47671,3
47672,1
47673,4
47674,4
47675,4
47676,6
47677,6
47678,0
47679,3
47680,2
47681,0
47682,6
47683,4
47684,3
47685,5
47686,3
47687,2
47688,2
47689,5
47690,2
47691,6
47692,5
47693,6
47694,4
47695,3
47696,3
47697,4
47698,0
47699,0
47700,4
47701,0
47702,5
47703,3
47704,0
47705,3
47706,4
47707,6
47708,3
47709,3
47710,3
47711,0
47712,3
47713,0
47714,6
47715,2
47716,5
47717,2
47718,0
47719,5
47720,3
47721,0
47722,4
47723,2
47724,3
47725,4
47726,0
47727,4
47728,2
47729,1
47730,3
47731,2
47732,1
47733,2
47734,4
47735,2
47736,0
47737,3
47738,6
47739,6
47740,3
47741,4
47742,3
47743,5
47744,3
47745,5
47746,4
47747,4
47748,6
47749,2
47750,1
47751,2
47752,3
47753,2
47754,5
47755,0
47756,0
47757,1
47758,5
47759,5
47760,3
47761,3
47762,6
47763,3
47764,6
47765,3
47766,0
47767,3
47768,5
47769,1
47770,4
47771,3
47772,5
47773,5
47774,4
47775,2
47776,5
47777,3
47778,0
47779,4
47780,4
47781,1
47782,6
47783,0
47784,3
47785,0
47786,6
47787,2
47788,4
47789,0
47790,6
47791,1
47792,2
47793,3
47794,1
47795,6
47796,5
47797,4
47798,3
47799,1
47800,5
47801,2
47802,2
47803,5
47804,1
47805,5
47806,6
47807,6
47808,0
47809,1
47810,6
47811,1
47812,4
47813,4
47814,5
47815,5
47816,0
47817,6
47818,1
47819,1
47820,4
47821,0
47822,3
47823,6
47824,3
47825,3
47826,1
47827,2
47828,1
47829,2
47830,2
47831,0
47832,3
47833,5
47834,6
47835,0
47836,5
47837,4
47838,6
47839,5
47840,6
47841,5
47842,3
47843,6
47844,1
47845,5
47846,0
47847,5
47848,2
47849,1
47850,6
47851,3
47852,5
47853,3
47854,2
47855,6
47856,1
47857,3
47858,4
47859,0
47860,4
47861,1
47862,5
47863,0
47864,0
47865,2
47866,0
47867,1
47868,1
47869,1
47870,2
47871,1
47872,4
47873,2
47874,5
47875,6
47876,3
47877,3
47878,5
47879,4
47880,4
47881,1
47882,2
47883,3
47884,5
47885,0
47886,6
47887,0
47888,2
47889,1
47890,2
47891,1
47892,0
47893,0
47894,2
47895,1
47896,2
47897,2
47898,6
47899,2
47900,2
47901,0
47902,2
47903,0
47904,4
47905,1
47906,5
47907,1
47908,3
47909,3
47910,2
47911,1
47912,1
47913,5
47914,2
47915,4
47916,4
47917,4
47918,0
47919,0
47920,1
47921,6
47922,1
47923,4
47924,3
47925,6
47926,3
47927,5
47928,1
47929,1
47930,5
47931,4
47932,0
47933,1
47934,1
47935,5
47936,4
47937,3
47938,0
47939,0
47940,3
47941,3
47942,0
47943,0
47944,3
47945,3
47946,3
47947,5
47948,2
47949,1
47950,5
47951,1
47952,1
47953,4
47954,5
47955,4
47956,5
47957,1
47958,6
47959,0
47960,6
47961,3
47962,5
47963,3
47964,5
47965,5
47966,6
47967,6
47968,0
47969,2
47970,0
47971,5
47972,2
47973,5
47974,2
47975,0
47976,1
47977,6
47978,5
47979,2
47980,6
47981,5
47982,5
47983,5
47984,4
47985,3
47986,6
47987,2
47988,0
47989,5
47990,5
47991,5
47992,0
47993,5
47994,4
47995,3
47996,4
47997,6
47998,3
47999,2
48000,1
48001,4
48002,4
48003,1
48004,5
48005,6
48006,6
48007,0
48008,1
48009,4
48010,5
48011,5
48012,0
48013,4
48014,4
48015,2
48016,6
48017,1
48018,3
48019,3
48020,3
48021,4
48022,0
48023,3
48024,5
48025,3
48026,4
48027,2
48028,1
48029,0
48030,1
48031,1
48032,2
48033,3
48034,6
48035,5
48036,4
48037,3
48038,4
48039,5
48040,0
48041,3
48042,0
48043,2
48044,1
48045,6
48046,0
48047,3
48048,1
48049,5
48050,2
48051,4
48052,4
48053,1
48054,1
48055,2
48056,5
48057,6
48058,0
48059,5
48060,6
48061,0
48062,4
48063,4
48064,3
48065,3
48066,2
48067,5
48068,0
48069,6
48070,6
48071,2
48072,5
48073,0
48074,3
48075,3
48076,4
48077,3
48078,0
48079,1
48080,5
48081,0
48082,3
48083,2
48084,2
48085,1
48086,5
48087,3
48088,6
48089,3
48090,0
48091,5
48092,6
48093,6
48094,4
48095,6
48096,3
48097,4
48098,4
48099,3
48100,1
48101,4
48102,1
48103,0
48104,0
48105,2
48106,5
48107,2
48108,4
48109,2
48110,0
48111,5
48112,4
48113,6
48114,0
48115,2
48116,1
48117,4
48118,2
48119,4
48120,3
48121,2
48122,2
48123,5
48124,0
48125,6
48126,5
48127,3
48128,1
48129,3
48130,0
48131,5
48132,0
48133,0
48134,6
48135,2
48136,5
48137,1
48138,6
48139,4
48140,1
48141,1
48142,3
48143,0
48144,5
48145,3
48146,1
48147,5
48148,5
48149,5
48150,6
48151,2
48152,5
48153,0
48154,3
48155,3
48156,6
48157,6
48158,1
48159,3
48160,4
48161,4
48162,2
48163,3
48164,6
48165,6
48166,5
48167,5
48168,2
48169,3
48170,2
48171,1
48172,4
48173,1
48174,0
48175,6
48176,6
48177,4
48178,6
48179,2
48180,1
48181,5
48182,5
48183,1
48184,4
48185,0
48186,5
48187,4
48188,5
48189,2
48190,1
48191,2
48192,0
48193,3
48194,6
48195,3
48196,1
48197,0
48198,3
48199,1
48200,2
48201,2
48202,4
48203,1
48204,5
48205,1
48206,0
48207,3
48208,5
48209,1
48210,6
48211,4
48212,3
48213,5
48214,1
48215,0
48216,4
48217,1
48218,4
48219,0
48220,5
48221,0
48222,3
48223,1
48224,4
48225,3
48226,4
48227,2
48228,5
48229,0
48230,3
48231,0
48232,2
48233,0
48234,6
48235,4
48236,6
48237,5
48238,0
48239,5
48240,0
48241,5
48242,6
48243,4
48244,2
48245,5
48246,2
48247,5
48248,5
48249,1
48250,4
48251,0
48252,0
48253,1
48254,6
48255,2
48256,4
48257,5
48258,2
48259,3
48260,0
48261,4
48262,3
48263,5
48264,2
48265,2
48266,4
48267,4
48268,2
48269,2
48270,0
48271,2
48272,4
48273,0
48274,2
48275,5
48276,4
48277,6
48278,0
48279,0
48280,4
48281,6
48282,6
48283,1
48284,1
48285,5
48286,6
48287,0
48288,0
48289,3
48290,4
48291,6
48292,3
48293,0
48294,2
48295,1
48296,5
48297,2
48298,2
48299,5
48300,0
48301,4
48302,1
48303,0
48304,0
48305,4
48306,4
48307,0
48308,1
48309,5
48310,5
48311,1
48312,5
48313,0
48314,0
48315,2
48316,1
48317,5
48318,4
48319,5
48320,3
48321,2
48322,2
48323,3
48324,6
48325,2
48326,4
48327,1
48328,4
48329,0
48330,6
48331,4
48332,4
48333,4
48334,5
48335,5
48336,5
48337,0
48338,1
48339,4
48340,1
48341,4
48342,2
48343,5
48344,6
48345,3
48346,0
48347,0
48348,4
48349,3
48350,5
48351,3
48352,3
48353,0
48354,6
48355,1
48356,4
48357,6
48358,4
48359,5
48360,1
48361,3
48362,0
48363,6
48364,4
48365,5
48366,6
48367,4
48368,3
48369,6
48370,4
48371,4
48372,4
48373,0
48374,5
48375,1
48376,6
48377,2
48378,4
48379,2
48380,2
48381,6
48382,4
48383,4
48384,5
48385,0
48386,0
48387,2
48388,2
48389,0
48390,1
48391,3
48392,0
48393,6
48394,1
48395,4
48396,6
48397,5
48398,5
48399,5
48400,3
48401,2
48402,2
48403,4
48404,6
48405,4
48406,3
48407,5
48408,0
48409,6
48410,3
48411,0
48412,6
48413,1
48414,1
48415,0
48416,4
48417,1
48418,2
48419,6
48420,5
48421,4
48422,1
48423,5
48424,4
48425,0
48426,4
48427,4
48428,4
48429,4
48430,1
48431,6
48432,6
48433,2
48434,5
48435,0
48436,6
48437,3
48438,0
48439,4
48440,5
48441,3
48442,1
48443,0
48444,0
48445,1
48446,1
48447,0
48448,5
48449,1
48450,6
48451,5
48452,6
48453,3
48454,2
48455,2
48456,6
48457,3
48458,5
48459,2
48460,0
48461,2
48462,1
48463,3
48464,3
48465,1
48466,6
48467,3
48468,0
48469,2
48470,1
48471,5
48472,6
48473,5
48474,3
48475,0
48476,3
48477,1
48478,1
48479,2
48480,4
48481,6
48482,3
48483,6
48484,0
48485,0
48486,6
48487,6
48488,2
48489,4
48490,3
48491,6
48492,3
48493,4
48494,0
48495,0
48496,0
48497,2
48498,5
48499,1
48500,3
48501,3
48502,0
48503,2
48504,0
48505,4
48506,1
48507,3
48508,3
48509,2
48510,4
48511,6
48512,1
48513,3
48514,1
48515,5
48516,4
48517,3
48518,2
48519,2
48520,5
48521,2
48522,6
48523,1
48524,5
48525,5
48526,4
48527,4
48528,0
48529,2
48530,0
48531,5
48532,3
48533,5
48534,4
48535,3
48536,2
48537,3
48538,1
48539,2
48540,3
48541,6
48542,1
48543,5
48544,2
48545,1
48546,0
48547,3
48548,4
48549,4
48550,1
48551,5
48552,6
48553,3
48554,5
48555,6
48556,4
48557,0
48558,3
48559,0
48560,0
48561,4
48562,0
48563,4
48564,0
48565,5
48566,3
48567,3
48568,2
48569,6
48570,5
48571,3
48572,2
48573,0
48574,3
48575,3
48576,2
48577,4
48578,6
48579,4
48580,6
48581,4
48582,1
48583,5
48584,5
48585,0
48586,1
48587,5
48588,0
48589,1
48590,0
48591,0
48592,6
48593,1
48594,2
48595,6
48596,0
48597,6
48598,4
48599,3
48600,0
48601,2
48602,4
48603,5
48604,3
48605,5
48606,2
48607,3
48608,5
48609,1
48610,0
48611,0
48612,1
48613,1
48614,6
48615,1
48616,2
48617,6
48618,3
48619,6
48620,4
48621,0
48622,1
48623,0
48624,5
48625,4
48626,2
48627,6
48628,2
48629,3
48630,6
48631,5
48632,3
48633,2
48634,3
48635,4
48636,6
48637,5
48638,4
48639,0
48640,0
48641,0
48642,0
48643,4
48644,5
48645,2
48646,5
48647,2
48648,2
48649,3
48650,1
48651,2
48652,5
48653,0
48654,4
48655,3
48656,2
48657,6
48658,3
48659,1
48660,1
48661,2
48662,6
48663,4
48664,3
48665,2
48666,3
48667,1
48668,0
48669,6
48670,5
48671,3
48672,0
48673,4
48674,2
48675,6
48676,4
48677,1
48678,4
48679,2
48680,1
48681,1
48682,2
48683,3
48684,1
48685,6
48686,1
48687,4
48688,3
48689,4
48690,1
48691,0
48692,5
48693,2
48694,2
48695,3
48696,5
48697,4
48698,6
48699,2
48700,6
48701,4
48702,1
48703,2
48704,4
48705,5
48706,5
48707,2
48708,2
48709,1
48710,4
48711,0
48712,5
48713,1
48714,6
48715,0
48716,6
48717,5
48718,1
48719,2
48720,6
48721,5
48722,3
48723,5
48724,6
48725,1
48726,0
48727,2
48728,4
48729,1
48730,0
48731,4
48732,5
48733,2
48734,6
48735,0
48736,1
48737,3
48738,4
48739,2
48740,3
48741,5
48742,6
48743,4
48744,2
48745,0
48746,2
48747,5
48748,6
48749,3
48750,0
48751,0
48752,3
48753,6
48754,0
48755,2
48756,0
48757,4
48758,6
48759,5
48760,4
48761,3
48762,2
48763,1
48764,6
48765,4
48766,1
48767,6
48768,1
48769,6
48770,5
48771,1
48772,5
48773,4
48774,3
48775,0
48776,5
48777,6
48778,3
48779,2
48780,3
48781,2
48782,1
48783,1
48784,4
48785,4
48786,2
48787,4
48788,3
48789,2
48790,1
48791,0
48792,4
48793,2
48794,2
48795,0
48796,0
48797,4
48798,0
48799,4
48800,2
48801,1
48802,6
48803,6
48804,4
48805,0
48806,0
48807,2
48808,4
48809,4
48810,1
48811,6
48812,1
48813,1
48814,1
48815,4
48816,6
48817,1
48818,2
48819,1
48820,6
48821,5
48822,3
48823,2
48824,5
48825,2
48826,5
48827,0
48828,5
48829,6
48830,4
48831,5
48832,3
48833,3
48834,3
48835,4
48836,0
48837,2
48838,0
48839,5
48840,5
48841,4
48842,0
48843,6
48844,0
48845,0
48846,3
48847,2
48848,1
48849,3
48850,2
48851,1
48852,4
48853,1
48854,0
48855,2
48856,6
48857,6
48858,1
48859,3
48860,1
48861,5
48862,0
48863,4
48864,3
48865,3
48866,0
48867,2
48868,5
48869,0
48870,3
48871,0
48872,3
48873,3
48874,1
48875,6
48876,2
48877,1
48878,6
48879,5
48880,4
48881,0
48882,0
48883,5
48884,2
48885,5
48886,5
48887,1
48888,0
48889,4
48890,4
48891,2
48892,5
48893,6
48894,4
48895,2
48896,3
48897,0
48898,1
48899,1
48900,0
48901,3
48902,3
48903,4
48904,5
48905,0
48906,2
48907,0
48908,2
48909,1
48910,3
48911,0
48912,2
48913,5
48914,1
48915,1
48916,3
48917,2
48918,6
48919,5
48920,4
48921,3
48922,5
48923,4
48924,2
48925,0
48926,2
48927,3
48928,3
48929,2
48930,1
48931,3
48932,2
48933,3
48934,4
48935,6
48936,0
48937,1
48938,0
48939,3
48940,3
48941,0
48942,2
48943,3
48944,3
48945,5
48946,2
48947,0
48948,5
48949,5
48950,4
48951,3
48952,5
48953,6
48954,1
48955,5
48956,4
48957,5
48958,0
48959,6
48960,2
48961,2
48962,6
48963,4
48964,5
48965,2
48966,6
48967,3
48968,3
48969,5
48970,4
48971,5
48972,1
48973,3
48974,4
48975,3
48976,0
48977,3
48978,3
48979,2
48980,1
48981,1
48982,4
48983,3
48984,2
48985,1
48986,2
48987,1
48988,2
48989,6
48990,3
48991,5
48992,6
48993,1
48994,1
48995,5
48996,1
48997,3
48998,2
48999,4
49000,5
49001,6
49002,0
49003,4
49004,5
49005,3
49006,2
49007,6
49008,4
49009,4
49010,1
49011,0
49012,4
49013,1
49014,2
49015,0
49016,5
49017,0
49018,3
49019,0
49020,3
49021,5
49022,5
49023,4
49024,3
49025,3
49026,6
49027,6
49028,4
49029,2
49030,6
49031,0
49032,6
49033,5
49034,3
49035,6
49036,1
49037,1
49038,5
49039,5
49040,5
49041,5
49042,0
49043,0
49044,5
49045,0
49046,1
49047,1
49048,2
49049,0
49050,1
49051,0
49052,1
49053,2
49054,3
49055,0
49056,4
49057,3
49058,2
49059,6
49060,3
49061,1
49062,3
49063,1
49064,3
49065,2
49066,0
49067,1
49068,1
49069,2
49070,4
49071,5
49072,2
49073,0
49074,4
49075,3
49076,2
49077,6
49078,5
49079,1
49080,5
49081,0
49082,3
49083,3
49084,2
49085,1
49086,1
49087,3
49088,4
49089,3
49090,6
49091,5
49092,1
49093,6
49094,3
49095,6
49096,3
49097,0
49098,4
49099,2
49100,4
49101,1
49102,1
49103,5
49104,6
49105,0
49106,1
49107,2
49108,3
49109,2
49110,3
49111,0
49112,0
49113,2
49114,2
49115,1
49116,0
49117,3
49118,5
49119,5
49120,3
49121,5
49122,6
49123,2
49124,2
49125,2
49126,2
49127,0
49128,2
49129,1
49130,5
49131,6
49132,3
49133,1
49134,2
49135,1
49136,6
49137,3
49138,4
49139,5
49140,2
49141,4
49142,4
49143,2
49144,5
49145,1
49146,1
49147,3
49148,3
49149,6
49150,6
49151,4
49152,5
49153,3
49154,2
49155,0
49156,0
49157,0
49158,3
49159,6
49160,3
49161,5
49162,3
49163,3
49164,6
49165,1
49166,2
49167,6
49168,0
49169,5
49170,1
49171,6
49172,5
49173,1
49174,3
49175,0
49176,3
49177,5
49178,6
49179,5
49180,6
49181,4
49182,5
49183,2
49184,1
49185,6
49186,0
49187,0
49188,4
49189,6
49190,5
49191,5
49192,6
49193,4
49194,0
49195,3
49196,6
49197,5
49198,0
49199,2
49200,2
49201,6
49202,4
49203,0
49204,3
49205,0
49206,6
49207,6
49208,6
49209,5
49210,0
49211,5
49212,2
49213,0
49214,4
49215,0
49216,5
49217,2
49218,0
49219,4
49220,5
49221,3
49222,5
49223,1
49224,5
49225,4
49226,4
49227,0
49228,3
49229,4
49230,2
49231,3
49232,6
49233,3
49234,3
49235,0
49236,1
49237,1
49238,4
49239,0
49240,2
49241,0
49242,0
49243,3
49244,4
49245,6
49246,5
49247,3
49248,5
49249,6
49250,0
49251,1
49252,1
49253,6
49254,3
49255,3
49256,1
49257,5
49258,4
49259,2
49260,4
49261,0
49262,6
49263,3
49264,4
49265,3
49266,3
49267,5
49268,0
49269,2
49270,1
49271,0
49272,6
49273,4
49274,5
49275,0
49276,4
49277,2
49278,6
49279,2
49280,4
49281,0
49282,2
49283,3
49284,4
49285,3
49286,4
49287,5
49288,0
49289,6
49290,3
49291,0
49292,3
49293,5
49294,0
49295,6
49296,3
49297,1
49298,0
49299,4
49300,5
49301,5
49302,0
49303,4
49304,6
49305,4
49306,6
49307,0
49308,2
49309,1
49310,6
49311,2
49312,3
49313,3
49314,6
49315,3
49316,4
49317,3
49318,0
49319,3
49320,6
49321,4
49322,0
49323,3
49324,2
49325,6
49326,2
49327,2
49328,1
49329,1
49330,0
49331,4
49332,3
49333,1
49334,4
49335,0
49336,6
49337,2
49338,0
49339,2
49340,5
49341,1
49342,6
49343,5
49344,5
49345,5
49346,1
49347,1
49348,1
49349,1
49350,1
49351,5
49352,3
49353,5
49354,3
49355,4
49356,0
49357,0
49358,4
49359,0
49360,1
49361,2
49362,6
49363,6
49364,5
49365,3
49366,1
49367,1
49368,3
49369,0
49370,4
49371,6
49372,3
49373,6
49374,3
49375,0
49376,4
49377,3
49378,3
49379,4
49380,6
49381,0
49382,0
49383,4
49384,6
49385,6
49386,2
49387,6
49388,3
49389,6
49390,3
49391,0
49392,5
49393,4
49394,6
49395,4
49396,0
49397,0
49398,4
49399,2
49400,1
49401,3
49402,1
49403,3
49404,0
49405,4
49406,1
49407,5
49408,1
49409,3
49410,3
49411,1
49412,1
49413,0
49414,5
49415,1
49416,6
49417,5
49418,2
49419,2
49420,4
49421,0
49422,4
49423,2
49424,4
49425,5
49426,5
49427,4
49428,4
49429,4
49430,4
49431,4
49432,0
49433,1
49434,1
49435,1
49436,2
49437,2
49438,1
49439,4
49440,6
49441,4
49442,6
49443,6
49444,6
49445,6
49446,0
49447,5
49448,2
49449,2
49450,3
49451,2
49452,3
49453,4
49454,4
49455,5
49456,5
49457,1
49458,4
49459,1
49460,5
49461,1
49462,5
49463,2
49464,0
49465,3
49466,5
49467,3
49468,0
49469,0
49470,1
49471,5
49472,4
49473,3
49474,0
49475,2
49476,6
49477,4
49478,4
49479,1
49480,0
49481,1
49482,6
49483,5
49484,1
49485,1
49486,0
49487,0
49488,5
49489,1
49490,5
49491,2
49492,2
49493,0
49494,2
49495,0
49496,6
49497,4
49498,0
49499,0
49500,6
49501,2
49502,1
49503,4
49504,6
49505,6
49506,4
49507,6
49508,5
49509,3
49510,0
49511,2
49512,2
49513,5
49514,2
49515,5
49516,5
49517,3
49518,2
49519,6
49520,3
49521,0
49522,4
49523,4
49524,1
49525,2
49526,5
49527,1
49528,5
49529,2
49530,0
49531,5
49532,4
49533,5
49534,2
49535,0
49536,0
49537,0
49538,4
49539,1
49540,6
49541,4
49542,3
49543,3
49544,3
49545,3
49546,1
49547,2
49548,3
49549,0
49550,6
49551,3
49552,2
49553,2
49554,0
49555,3
49556,5
49557,2
49558,3
49559,4
49560,4
49561,5
49562,3
49563,3
49564,4
49565,4
49566,4
49567,4
49568,0
49569,6
49570,3
49571,4
49572,0
49573,1
49574,3
49575,4
49576,0
49577,6
49578,3
49579,0
49580,0
49581,6
49582,5
49583,5
49584,1
49585,5
49586,1
49587,6
49588,6
49589,2
49590,6
49591,3
49592,0
49593,4
49594,0
49595,6
49596,3
49597,4
49598,5
49599,3
49600,3
49601,2
49602,5
49603,0
49604,3
49605,4
49606,5
49607,4
49608,5
49609,3
49610,5
49611,5
49612,4
49613,0
49614,5
49615,6
49616,4
49617,2
49618,3
49619,4
49620,1
49621,1
49622,0
49623,4
49624,2
49625,5
49626,0
49627,5
49628,4
49629,6
49630,3
49631,2
49632,0
49633,4
49634,6
49635,1
49636,0
49637,0
49638,1
49639,5
49640,1
49641,0
49642,4
49643,0
49644,5
49645,2
49646,0
49647,3
49648,0
49649,3
49650,3
49651,4
49652,4
49653,4
49654,6
49655,1
49656,3
49657,0
49658,1
49659,5
49660,2
49661,5
49662,6
49663,0
49664,4
49665,3
49666,5
49667,3
49668,0
49669,0
49670,1
49671,1
49672,4
49673,2
49674,6
49675,6
49676,2
49677,5
49678,0
49679,4
49680,2
49681,0
49682,0
49683,1
49684,0
49685,4
49686,2
49687,1
49688,6
49689,4
49690,1
49691,3
49692,3
49693,3
49694,2
49695,4
49696,3
49697,3
49698,3
49699,0
49700,4
49701,1
49702,2
49703,6
49704,6
49705,6
49706,0
49707,5
49708,6
49709,3
49710,6
49711,1
49712,6
49713,4
49714,0
49715,6
49716,4
49717,6
49718,3
49719,2
49720,6
49721,1
49722,2
49723,0
49724,4
49725,0
49726,0
49727,0
49728,5
49729,5
49730,2
49731,4
49732,4
49733,1
49734,0
49735,5
49736,2
49737,5
49738,4
49739,2
49740,2
49741,5
49742,6
49743,6
49744,0
49745,2
49746,0
49747,3
49748,5
49749,3
49750,3
49751,5
49752,3
49753,3
49754,4
49755,0
49756,4
49757,1
49758,2
49759,5
49760,6
49761,4
49762,2
49763,1
49764,0
49765,5
49766,3
49767,0
49768,2
49769,5
49770,6
49771,5
49772,6
49773,2
49774,1
49775,6
49776,6
49777,4
49778,1
49779,6
49780,0
49781,0
49782,1
49783,5
49784,2
49785,3
49786,6
49787,4
49788,2
49789,3
49790,6
49791,5
49792,0
49793,0
49794,4
49795,4
49796,3
49797,6
49798,6
49799,3
49800,4
49801,6
49802,1
49803,2
49804,4
49805,1
49806,4
49807,2
49808,1
49809,3
49810,6
49811,4
49812,4
49813,6
49814,5
49815,4
49816,0
49817,4
49818,6
49819,1
49820,5
49821,3
49822,4
49823,6
49824,0
49825,1
49826,3
49827,0
49828,5
49829,0
49830,6
49831,5
49832,3
49833,3
49834,5
49835,6
49836,4
49837,0
49838,3
49839,3
49840,4
49841,0
49842,5
49843,4
49844,2
49845,3
49846,3
49847,5
49848,1
49849,0
49850,3
49851,6
49852,3
49853,6
49854,3
49855,6
49856,2
49857,2
49858,1
49859,1
49860,4
49861,6
49862,5
49863,0
49864,6
49865,1
49866,0
49867,1
49868,0
49869,0
49870,0
49871,0
49872,1
49873,0
49874,2
49875,3
49876,5
49877,2
49878,6
49879,1
49880,5
49881,4
49882,1
49883,4
49884,6
49885,0
49886,4
49887,1
49888,4
49889,6
49890,1
49891,4
49892,5
49893,0
49894,3
49895,3
49896,6
49897,3
49898,1
49899,5
49900,2
49901,0
49902,0
49903,1
49904,2
49905,1
49906,2
49907,3
49908,5
49909,2
49910,3
49911,6
49912,2
49913,1
49914,4
49915,1
49916,0
49917,4
49918,5
49919,1
49920,4
49921,2
49922,4
49923,0
49924,3
49925,6
49926,4
49927,5
49928,3
49929,3
49930,3
49931,5
49932,6
49933,0
49934,2
49935,3
49936,3
49937,1
49938,3
49939,6
49940,0
49941,3
49942,6
49943,4
49944,3
49945,2
49946,5
49947,1
49948,0
49949,2
49950,1
49951,4
49952,4
49953,4
49954,3
49955,2
49956,4
49957,2
49958,2
49959,0
49960,6
49961,0
49962,5
49963,4
49964,3
49965,0
49966,0
49967,2
49968,4
49969,0
49970,5
49971,5
49972,6
49973,5
49974,0
49975,3
49976,1
49977,5
49978,4
49979,3
49980,4
49981,2
49982,6
49983,5
49984,2
49985,5
49986,1
49987,3
49988,5
49989,3
49990,0
49991,6
49992,6
49993,2
49994,3
49995,3
49996,0
49997,4
49998,2
49999,6
50000,3
50001,3
50002,4
50003,0
50004,0
50005,0
50006,3
50007,6
50008,4
50009,5
50010,1
50011,0
50012,5
50013,2
50014,4
50015,5
50016,4
50017,4
50018,5
50019,0
50020,6
50021,3
50022,3
50023,1
50024,3
50025,3
50026,2
50027,4
50028,4
50029,2
50030,1
50031,2
50032,6
50033,6
50034,2
50035,1
50036,0
50037,1
50038,2
50039,1
50040,3
50041,5
50042,2
50043,1
50044,3
50045,2
50046,2
50047,2
50048,3
50049,4
50050,5
50051,0
50052,0
50053,5
50054,6
50055,3
50056,3
50057,4
50058,0
50059,2
50060,4
50061,6
50062,6
50063,6
50064,4
50065,5
50066,0
50067,1
50068,3
50069,2
50070,4
50071,0
50072,2
50073,5
50074,4
50075,5
50076,5
50077,0
50078,0
50079,1
50080,4
50081,3
50082,2
50083,3
50084,0
50085,0
50086,5
50087,6
50088,5
50089,4
50090,0
50091,2
50092,5
50093,6
50094,6
50095,5
50096,4
50097,1
50098,6
50099,4
50100,6
50101,6
50102,6
50103,6
50104,0
50105,0
50106,3
50107,5
50108,0
50109,0
50110,0
50111,4
50112,0
50113,2
50114,2
50115,2
50116,1
50117,3
50118,5
50119,1
50120,6
50121,0
50122,4
50123,1
50124,0
50125,0
50126,5
50127,3
50128,4
50129,0
50130,1
50131,1
50132,3
50133,0
50134,0
50135,0
50136,6
50137,2
50138,3
50139,1
50140,0
50141,5
50142,6
50143,1
50144,3
50145,4
50146,6
50147,6
50148,3
50149,0
50150,2
50151,0
50152,1
50153,4
50154,5
50155,6
50156,0
50157,6
50158,1
50159,2
50160,3
50161,0
50162,2
50163,0
50164,2
50165,1
50166,5
50167,5
50168,4
50169,5
50170,0
50171,6
50172,2
50173,0
50174,3
50175,0
50176,0
50177,4
50178,3
50179,3
50180,3
50181,6
50182,1
50183,5
50184,2
50185,4
50186,4
50187,3
50188,1
50189,6
50190,2
50191,5
50192,1
50193,1
50194,0
50195,5
50196,2
50197,0
50198,6
50199,3
50200,5
50201,1
50202,4
50203,6
50204,0
50205,5
50206,6
50207,5
50208,6
50209,0
50210,2
50211,4
50212,2
50213,0
50214,5
50215,4
50216,5
50217,0
50218,6
50219,4
50220,2
50221,1
50222,6
50223,6
50224,5
50225,2
50226,2
50227,3
50228,4
50229,4
50230,0
50231,4
50232,3
50233,1
50234,0
50235,6
50236,4
50237,3
50238,4
50239,6
50240,2
50241,6
50242,2
50243,3
50244,6
50245,6
50246,1
50247,1
50248,6
50249,4
50250,3
50251,2
50252,3
50253,6
50254,5
50255,1
50256,6
50257,5
50258,1
50259,0
50260,2
50261,2
50262,5
50263,1
50264,5
50265,3
50266,0
50267,5
50268,1
50269,0
50270,4
50271,3
50272,1
50273,1
50274,0
50275,5
50276,1
50277,5
50278,0
50279,1
50280,4
50281,0
50282,2
50283,2
50284,1
50285,1
50286,6
50287,0
50288,6
50289,6
50290,0
50291,0
50292,6
50293,4
50294,6
50295,0
50296,6
50297,1
50298,4
50299,4
50300,5
50301,6
50302,0
50303,6
50304,3
50305,0
50306,4
50307,0
50308,2
50309,0
50310,3
50311,4
50312,3
50313,2
50314,0
50315,3
50316,0
50317,4
50318,1
50319,5
50320,6
50321,0
50322,2
50323,5
50324,6
50325,4
50326,6
50327,5
50328,2
50329,6
50330,0
50331,6
50332,1
50333,0
50334,4
50335,4
50336,6
50337,3
50338,6
50339,3
50340,5
50341,1
50342,5
50343,6
50344,2
50345,1
50346,1
50347,3
50348,3
50349,0
50350,6
50351,6
50352,6
50353,4
50354,6
50355,6
50356,2
50357,5
50358,5
50359,5
50360,0
50361,4
50362,1
50363,0
50364,4
50365,3
50366,0
50367,1
50368,6
50369,0
50370,1
50371,4
50372,0
50373,0
50374,0
50375,2
50376,5
50377,5
50378,1
50379,2
50380,0
50381,5
50382,5
50383,1
50384,4
50385,3
50386,3
50387,1
50388,0
50389,1
50390,4
50391,5
50392,2
50393,1
50394,3
50395,2
50396,3
50397,6
50398,6
50399,5
50400,2
50401,4
50402,4
50403,1
50404,5
50405,5
50406,2
50407,0
50408,2
50409,3
50410,1
50411,0
50412,3
50413,0
50414,0
50415,6
50416,0
50417,4
50418,2
50419,5
50420,0
50421,6
50422,5
50423,2
50424,2
50425,0
50426,3
50427,0
50428,5
50429,6
50430,3
50431,2
50432,5
50433,4
50434,2
50435,2
50436,5
50437,0
50438,4
50439,2
50440,5
50441,5
50442,6
50443,6
50444,5
50445,5
50446,2
50447,3
50448,6
50449,5
50450,2
50451,2
50452,3
50453,5
50454,6
50455,2
50456,3
50457,1
50458,4
50459,2
50460,1
50461,0
50462,0
50463,4
50464,4
50465,3
50466,3
50467,1
50468,3
50469,5
50470,4
50471,4
50472,3
50473,3
50474,0
50475,2
50476,4
50477,3
50478,6
50479,4
50480,0
50481,3
50482,0
50483,2
50484,6
50485,3
50486,4
50487,3
50488,5
50489,1
50490,5
50491,0
50492,1
50493,0
50494,6
50495,1
50496,4
50497,6
50498,1
50499,1
50500,0
50501,0
50502,4
50503,0
50504,4
50505,6
50506,1
50507,0
50508,3
50509,4
50510,1
50511,6
50512,4
50513,3
50514,6
50515,1
50516,3
50517,6
50518,5
50519,1
50520,1
50521,4
50522,3
50523,5
50524,2
50525,5
50526,0
50527,0
50528,6
50529,5
50530,6
50531,0
50532,4
50533,0
50534,4
50535,0
50536,5
50537,2
50538,3
50539,2
50540,5
50541,4
50542,3
50543,0
50544,5
50545,5
50546,4
50547,5
50548,3
50549,5
50550,4
50551,0
50552,1
50553,4
50554,5
50555,6
50556,3
50557,1
50558,3
50559,3
50560,1
50561,5
50562,3
50563,3
50564,4
50565,4
50566,2
50567,2
50568,2
50569,1
50570,0
50571,1
50572,0
50573,2
50574,0
50575,1
50576,2
50577,0
50578,4
50579,1
50580,6
50581,1
50582,4
50583,4
50584,3
50585,3
50586,4
50587,5
50588,1
50589,3
50590,6
50591,0
50592,4
50593,3
50594,3
50595,5
50596,1
50597,5
50598,2
50599,5
50600,3
50601,6
50602,3
50603,6
50604,5
50605,1
50606,0
50607,4
50608,2
50609,2
50610,6
50611,0
50612,4
50613,5
50614,0
50615,0
50616,5
50617,1
50618,0
50619,5
50620,0
50621,0
50622,3
50623,3
50624,6
50625,4
50626,1
50627,2
50628,4
50629,6
50630,1
50631,0
50632,1
50633,0
50634,4
50635,1
50636,4
50637,1
50638,5
50639,5
50640,4
50641,6
50642,5
50643,3
50644,6
50645,1
50646,4
50647,5
50648,5
50649,6
50650,6
50651,4
50652,3
50653,5
50654,5
50655,4
50656,4
50657,4
50658,5
50659,0
50660,3
50661,0
50662,5
50663,5
50664,5
50665,1
50666,1
50667,0
50668,0
50669,4
50670,4
50671,3
50672,5
50673,3
50674,5
50675,3
50676,0
50677,6
50678,6
50679,6
50680,5
50681,0
50682,5
50683,6
50684,4
50685,2
50686,3
50687,4
50688,6
50689,3
50690,1
50691,3
50692,4
50693,5
50694,5
50695,4
50696,2
50697,5
50698,2
50699,2
50700,1
50701,5
50702,1
50703,5
50704,2
50705,0
50706,0
50707,0
50708,5
50709,3
50710,5
50711,2
50712,4
50713,6
50714,0
50715,0
50716,0
50717,4
50718,4
50719,5
50720,3
50721,4
50722,2
50723,2
50724,2
50725,0
50726,2
50727,2
50728,4
50729,1
50730,4
50731,5
50732,3
50733,3
50734,4
50735,2
50736,4
50737,0
50738,0
50739,6
50740,6
50741,6
50742,1
50743,6
50744,6
50745,6
50746,5
50747,1
50748,4
50749,6
50750,1
50751,3
50752,0
50753,1
50754,6
50755,3
50756,3
50757,5
50758,3
50759,4
50760,6
50761,3
50762,5
50763,1
50764,5
50765,0
50766,5
50767,2
50768,5
50769,2
50770,1
50771,5
50772,4
50773,5
50774,3
50775,2
50776,3
50777,2
50778,4
50779,0
50780,1
50781,5
50782,4
50783,6
50784,2
50785,5
50786,2
50787,5
50788,4
50789,0
50790,5
50791,0
50792,5
50793,1
50794,2
50795,4
50796,4
50797,5
50798,0
50799,4
50800,6
50801,6
50802,4
50803,1
50804,4
50805,6
50806,1
50807,6
50808,4
50809,4
50810,6
50811,1
50812,6
50813,5
50814,4
50815,0
50816,0
50817,2
50818,1
50819,3
50820,5
50821,5
50822,0
50823,1
50824,3
50825,0
50826,0
50827,3
50828,3
50829,4
50830,3
50831,2
50832,3
50833,6
50834,3
50835,5
50836,0
50837,1
50838,4
50839,2
50840,2
50841,5
50842,6
50843,5
50844,1
50845,0
50846,2
50847,5
50848,4
50849,1
50850,4
50851,5
50852,4
50853,6
50854,5
50855,0
50856,5
50857,4
50858,0
50859,4
50860,0
50861,4
50862,4
50863,0
50864,4
50865,6
50866,3
50867,0
50868,6
50869,3
50870,5
50871,2
50872,6
50873,3
50874,1
50875,1
50876,6
50877,0
50878,3
50879,5
50880,5
50881,3
50882,5
50883,1
50884,5
50885,3
50886,5
50887,0
50888,5
50889,3
50890,0
50891,2
50892,1
50893,3
50894,3
50895,1
50896,2
50897,5
50898,4
50899,0
50900,6
50901,0
50902,0
50903,6
50904,2
50905,0
50906,3
50907,1
50908,0
50909,4
50910,3
50911,3
50912,4
50913,0
50914,5
50915,6
50916,1
50917,5
50918,0
50919,1
50920,4
50921,6
50922,6
50923,4
50924,0
50925,6
50926,3
50927,0
50928,5
50929,1
50930,5
50931,3
50932,5
50933,0
50934,6
50935,5
50936,5
50937,0
50938,4
50939,3
50940,3
50941,3
50942,0
50943,4
50944,6
50945,2
50946,4
50947,0
50948,5
50949,4
50950,5
50951,1
50952,0
50953,5
50954,1
50955,5
50956,4
50957,3
50958,0
50959,2
50960,3
50961,4
50962,1
50963,5
50964,3
50965,2
50966,0
50967,6
50968,3
50969,4
50970,5
50971,0
50972,1
50973,0
50974,0
50975,4
50976,4
50977,4
50978,1
50979,6
50980,0
50981,3
50982,3
50983,1
50984,1
50985,6
50986,3
50987,2
50988,0
50989,4
50990,1
50991,5
50992,6
50993,4
50994,1
50995,1
50996,4
50997,1
50998,5
50999,1
51000,6
51001,4
51002,1
51003,1
51004,6
51005,1
51006,4
51007,3
51008,0
51009,6
51010,3
51011,5
51012,4
51013,4
51014,1
51015,4
51016,2
51017,2
51018,5
51019,5
51020,2
51021,5
51022,2
51023,6
51024,0
51025,5
51026,1
51027,3
51028,5
51029,2
51030,1
51031,0
51032,4
51033,6
51034,2
51035,3
51036,5
51037,3
51038,0
51039,0
51040,1
51041,0
51042,2
51043,1
51044,5
51045,5
51046,3
51047,3
51048,2
51049,4
51050,4
51051,6
51052,0
51053,4
51054,6
51055,3
51056,1
51057,4
51058,6
51059,1
51060,4
51061,0
51062,5
51063,4
51064,3
51065,4
51066,4
51067,2
51068,6
51069,4
51070,3
51071,4
51072,1
51073,4
51074,4
51075,1
51076,3
51077,6
51078,4
51079,2
51080,2
51081,2
51082,4
51083,0
51084,0
51085,2
51086,5
51087,5
51088,5
51089,0
51090,0
51091,5
51092,2
51093,4
51094,4
51095,6
51096,5
51097,4
51098,2
51099,1
51100,5
51101,2
51102,0
51103,4
51104,2
51105,4
51106,0
51107,1
51108,2
51109,4
51110,4
51111,4
51112,1
51113,2
51114,0
51115,3
51116,5
51117,0
51118,2
51119,5
51120,3
51121,1
51122,5
51123,0
51124,0
51125,5
51126,4
51127,2
51128,2
51129,1
51130,6
51131,1
51132,2
51133,4
51134,6
51135,5
51136,3
51137,2
51138,1
51139,6
51140,3
51141,0
51142,4
51143,5
51144,0
51145,3
51146,3
51147,6
51148,2
51149,0
51150,0
51151,5
51152,6
51153,6
51154,4
51155,4
51156,2
51157,1
51158,5
51159,6
51160,4
51161,2
51162,6
51163,5
51164,6
51165,6
51166,0
51167,0
51168,4
51169,1
51170,0
51171,4
51172,0
51173,3
51174,5
51175,2
51176,6
51177,3
51178,1
51179,2
51180,1
51181,4
51182,4
51183,5
51184,5
51185,3
51186,6
51187,1
51188,3
51189,2
51190,4
51191,1
51192,2
51193,1
51194,0
51195,3
51196,0
51197,1
51198,2
51199,4
51200,0
51201,1
51202,6
51203,2
51204,1
51205,6
51206,2
51207,2
51208,0
51209,3
51210,3
51211,3
51212,4
51213,3
51214,5
51215,0
51216,1
51217,3
51218,4
51219,5
51220,6
51221,6
51222,0
51223,5
51224,2
51225,4
51226,0
51227,1
51228,5
51229,3
51230,3
51231,4
51232,4
51233,5
51234,1
51235,0
51236,0
51237,1
51238,1
51239,3
51240,5
51241,5
51242,5
51243,5
51244,3
51245,3
51246,1
51247,3
51248,3
51249,6
51250,4
51251,6
51252,5
51253,1
51254,6
51255,0
51256,6
51257,3
51258,5
51259,4
51260,6
51261,3
51262,3
51263,1
51264,4
51265,6
51266,3
51267,5
51268,0
51269,1
51270,6
51271,1
51272,4
51273,4
51274,3
51275,5
51276,0
51277,4
51278,0
51279,5
51280,5
51281,1
51282,2
51283,1
51284,5
51285,4
51286,0
51287,1
51288,1
51289,6
51290,3
51291,6
51292,0
51293,2
51294,5
51295,4
51296,5
51297,5
51298,6
51299,6
51300,4
51301,5
51302,4
51303,0
51304,4
51305,1
51306,1
51307,1
51308,3
51309,5
51310,0
51311,6
51312,1
51313,1
51314,1
51315,5
51316,0
51317,1
51318,3
51319,1
51320,0
51321,0
51322,3
51323,1
51324,3
51325,2
51326,0
51327,6
51328,2
51329,4
51330,3
51331,6
51332,1
51333,4
51334,4
51335,4
51336,3
51337,4
51338,6
51339,2
51340,0
51341,0
51342,2
51343,3
51344,4
51345,6
51346,4
51347,4
51348,4
51349,3
51350,2
51351,4
51352,1
51353,6
51354,6
51355,0
51356,2
51357,3
51358,4
51359,0
51360,4
51361,2
51362,6
51363,1
51364,3
51365,2
51366,0
51367,4
51368,0
51369,4
51370,2
51371,2
51372,3
51373,0
51374,4
51375,1
51376,2
51377,2
51378,6
51379,3
51380,2
51381,5
51382,0
51383,5
51384,2
51385,6
51386,4
51387,6
51388,2
51389,1
51390,0
51391,6
51392,5
51393,5
51394,5
51395,6
51396,5
51397,0
51398,1
51399,6
51400,5
51401,4
51402,3
51403,3
51404,6
51405,1
51406,1
51407,4
51408,5
51409,0
51410,6
51411,4
51412,5
51413,5
51414,2
51415,0
51416,5
51417,5
51418,0
51419,2
51420,6
51421,4
51422,0
51423,5
51424,3
51425,6
51426,0
51427,4
51428,1
51429,1
51430,2
51431,6
51432,6
51433,0
51434,4
51435,6
51436,5
51437,3
51438,2
51439,0
51440,2
51441,6
51442,4
51443,6
51444,6
51445,4
51446,5
51447,5
51448,6
51449,1
51450,2
51451,6
51452,5
51453,0
51454,4
51455,3
51456,3
51457,0
51458,6
51459,2
51460,1
51461,6
51462,2
51463,3
51464,2
51465,1
51466,2
51467,1
51468,0
51469,3
51470,6
51471,4
51472,6
51473,5
51474,4
51475,4
51476,1
51477,0
51478,3
51479,6
51480,4
51481,3
51482,0
51483,2
51484,6
51485,3
51486,2
51487,0
51488,0
51489,5
51490,0
51491,4
51492,1
51493,2
51494,3
51495,5
51496,1
51497,0
51498,2
51499,3
51500,2
51501,6
51502,2
51503,0
51504,0
51505,5
51506,2
51507,0
51508,6
51509,2
51510,4
51511,6
51512,5
51513,2
51514,4
51515,1
51516,3
51517,0
51518,3
51519,6
51520,4
51521,0
51522,4
51523,6
51524,4
51525,6
51526,4
51527,0
51528,1
51529,1
51530,0
51531,4
51532,2
51533,1
51534,6
51535,0
51536,4
51537,5
51538,5
51539,5
51540,6
51541,4
51542,2
51543,3
51544,3
51545,6
51546,4
51547,0
51548,5
51549,2
51550,3
51551,0
51552,4
51553,1
51554,3
51555,6
51556,6
51557,0
51558,5
51559,6
51560,2
51561,2
51562,0
51563,2
51564,6
51565,0
51566,2
51567,1
51568,0
51569,3
51570,3
51571,2
51572,6
51573,1
51574,0
51575,0
51576,4
51577,4
51578,3
51579,4
51580,0
51581,4
51582,2
51583,3
51584,1
51585,5
51586,5
51587,6
51588,5
51589,6
51590,5
51591,4
51592,3
51593,6
51594,0
51595,5
51596,3
51597,3
51598,5
51599,4
51600,3
51601,3
51602,5
51603,4
51604,3
51605,4
51606,4
51607,5
51608,0
51609,0
51610,0
51611,1
51612,4
51613,6
51614,6
51615,5
51616,5
51617,1
51618,5
51619,3
51620,1
51621,0
51622,3
51623,2
51624,1
51625,5
51626,0
51627,4
51628,6
51629,5
51630,4
51631,6
51632,3
51633,5
51634,4
51635,1
51636,0
51637,2
51638,2
51639,3
51640,3
51641,2
51642,5
51643,2
51644,3
51645,5
51646,6
51647,4
51648,0
51649,0
51650,4
51651,5
51652,1
51653,5
51654,2
51655,0
51656,5
51657,4
51658,5
51659,0
51660,5
51661,5
51662,4
51663,2
51664,4
51665,3
51666,5
51667,3
51668,4
51669,3
51670,2
51671,2
51672,4
51673,2
51674,0
51675,1
51676,4
51677,0
51678,0
51679,3
51680,1
51681,0
51682,5
51683,5
51684,1
51685,1
51686,4
51687,4
51688,3
51689,3
51690,5
51691,3
51692,5
51693,5
51694,0
51695,4
51696,3
51697,4
51698,1
51699,0
51700,6
51701,4
51702,2
51703,3
51704,4
51705,0
51706,1
51707,5
51708,5
51709,5
51710,0
51711,4
51712,4
51713,3
51714,0
51715,5
51716,2
51717,6
51718,1
51719,1
51720,6
51721,2
51722,1
51723,3
51724,5
51725,1
51726,0
51727,0
51728,1
51729,4
51730,6
51731,2
51732,3
51733,3
51734,3
51735,6
51736,5
51737,0
51738,3
51739,5
51740,0
51741,3
51742,1
51743,0
51744,2
51745,6
51746,1
51747,4
51748,0
51749,0
51750,3
51751,5
51752,0
51753,2
51754,4
51755,0
51756,1
51757,0
51758,4
51759,3
51760,4
51761,0
51762,5
51763,2
51764,4
51765,4
51766,6
51767,0
51768,3
51769,4
51770,1
51771,4
51772,3
51773,2
51774,1
51775,0
51776,2
51777,0
51778,1
51779,3
51780,6
51781,2
51782,3
51783,2
51784,6
51785,5
51786,4
51787,5
51788,6
51789,1
51790,5
51791,3
51792,6
51793,4
51794,4
51795,6
51796,2
51797,6
51798,2
51799,6
51800,6
51801,4
51802,1
51803,1
51804,0
51805,2
51806,6
51807,0
51808,4
51809,0
51810,4
51811,5
51812,6
51813,4
51814,5
51815,3
51816,6
51817,4
51818,2
51819,6
51820,4
51821,5
51822,4
51823,5
51824,4
51825,6
51826,1
51827,6
51828,6
51829,5
51830,2
51831,4
51832,0
51833,6
51834,3
51835,6
51836,3
51837,6
51838,3
51839,4
51840,0
51841,0
51842,5
51843,2
51844,1
51845,0
51846,2
51847,5
51848,6
51849,1
51850,5
51851,0
51852,0
51853,6
51854,1
51855,5
51856,0
51857,0
51858,3
51859,5
51860,2
51861,3
51862,1
51863,5
51864,6
51865,2
51866,1
51867,3
51868,1
51869,4
51870,5
51871,1
51872,5
51873,1
51874,3
51875,3
51876,5
51877,3
51878,0
51879,4
51880,6
51881,3
51882,1
51883,6
51884,5
51885,0
51886,6
51887,5
51888,4
51889,2
51890,6
51891,3
51892,0
51893,0
51894,0
51895,5
51896,0
51897,3
51898,2
51899,1
51900,6
51901,6
51902,0
51903,1
51904,2
51905,0
51906,1
51907,3
51908,2
51909,6
51910,5
51911,1
51912,5
51913,2
51914,4
51915,3
51916,4
51917,5
51918,5
51919,1
51920,6
51921,6
51922,0
51923,4
51924,0
51925,6
51926,1
51927,5
51928,4
51929,5
51930,0
51931,1
51932,2
51933,5
51934,4
51935,1
51936,0
51937,6
51938,2
51939,2
51940,6
51941,6
51942,0
51943,2
51944,6
51945,4
51946,6
51947,6
51948,0
51949,4
51950,4
51951,5
51952,3
51953,5
51954,5
51955,3
51956,6
51957,6
51958,6
51959,5
51960,3
51961,6
51962,2
51963,1
51964,1
51965,5
51966,1
51967,0
51968,4
51969,4
51970,2
51971,6
51972,0
51973,1
51974,3
51975,0
51976,4
51977,0
51978,0
51979,0
51980,0
51981,4
51982,3
51983,2
51984,1
51985,0
51986,1
51987,5
51988,4
51989,2
51990,2
51991,1
51992,4
51993,1
51994,3
51995,0
51996,2
51997,0
51998,3
51999,0
52000,4
52001,1
52002,2
52003,5
52004,1
52005,5
52006,4
52007,4
52008,1
52009,6
52010,4
52011,3
52012,1
52013,2
52014,2
52015,1
52016,3
52017,2
52018,6
52019,1
52020,5
52021,4
52022,4
52023,3
52024,1
52025,4
52026,2
52027,6
52028,3
52029,5
52030,5
52031,4
52032,4
52033,1
52034,0
52035,6
52036,6
52037,3
52038,4
52039,1
52040,4
52041,1
52042,3
52043,3
52044,3
52045,0
52046,4
52047,6
52048,0
52049,3
52050,6
52051,0
52052,5
52053,1
52054,4
52055,6
52056,0
52057,0
52058,6
52059,6
52060,1
52061,0
52062,3
52063,2
52064,1
52065,1
52066,4
52067,5
52068,4
52069,3
52070,6
52071,5
52072,4
52073,4
52074,3
52075,6
52076,6
52077,6
52078,6
52079,0
52080,4
52081,2
52082,6
52083,1
52084,2
52085,6
52086,4
52087,6
52088,6
52089,0
52090,5
52091,1
52092,1
52093,2
52094,6
52095,5
52096,0
52097,3
52098,6
52099,1
52100,3
52101,2
52102,0
52103,1
52104,0
52105,1
52106,4
52107,0
52108,1
52109,4
52110,2
52111,2
52112,2
52113,0
52114,3
52115,0
52116,2
52117,2
52118,2
52119,0
52120,2
52121,3
52122,4
52123,6
52124,6
52125,0
52126,0
52127,1
52128,3
52129,3
52130,3
52131,1
52132,5
52133,4
52134,5
52135,1
52136,0
52137,2
52138,4
52139,3
52140,4
52141,1
52142,4
52143,0
52144,5
52145,0
52146,0
52147,4
52148,0
52149,4
52150,2
52151,3
52152,6
52153,1
52154,2
52155,3
52156,4
52157,1
52158,2
52159,6
52160,6
52161,5
52162,1
52163,1
52164,0
52165,5
52166,4
52167,4
52168,6
52169,1
52170,6
52171,5
52172,5
52173,2
52174,3
52175,6
52176,3
52177,3
52178,1
52179,5
52180,5
52181,2
52182,1
52183,0
52184,0
52185,6
52186,3
52187,2
52188,1
52189,4
52190,0
52191,1
52192,4
52193,2
52194,1
52195,5
52196,5
52197,1
52198,1
52199,3
52200,0
52201,6
52202,6
52203,0
52204,2
52205,4
52206,0
52207,4
52208,0
52209,3
52210,0
52211,4
52212,0
52213,4
52214,0
52215,1
52216,6
52217,4
52218,0
52219,1
52220,2
52221,5
52222,0
52223,3
52224,1
52225,6
52226,4
52227,4
52228,5
52229,5
52230,4
52231,6
52232,4
52233,4
52234,6
52235,2
52236,2
52237,5
52238,1
52239,3
52240,0
52241,6
52242,3
52243,0
52244,0
52245,1
52246,4
52247,6
52248,5
52249,3
52250,1
52251,4
52252,3
52253,5
52254,2
52255,0
52256,5
52257,3
52258,4
52259,3
52260,1
52261,5
52262,3
52263,6
52264,1
52265,0
52266,3
52267,0
52268,3
52269,0
52270,0
52271,0
52272,4
52273,0
52274,4
52275,6
52276,3
52277,5
52278,1
52279,4
52280,6
52281,0
52282,1
52283,6
52284,6
52285,2
52286,3
52287,3
52288,3
52289,5
52290,5
52291,4
52292,0
52293,3
52294,6
52295,0
52296,3
52297,6
52298,1
52299,1
52300,0
52301,6
52302,5
52303,2
52304,3
52305,5
52306,5
52307,6
52308,6
52309,1
52310,0
52311,3
52312,0
52313,4
52314,1
52315,0
52316,0
52317,1
52318,1
52319,4
52320,0
52321,5
52322,1
52323,0
52324,2
52325,1
52326,0
52327,2
52328,5
52329,3
52330,5
52331,6
52332,0
52333,2
52334,0
52335,3
52336,6
52337,4
52338,0
52339,1
52340,4
52341,3
52342,1
52343,1
52344,3
52345,1
52346,2
52347,3
52348,1
52349,3
52350,1
52351,6
52352,6
52353,2
52354,3
52355,2
52356,5
52357,2
52358,1
52359,0
52360,3
52361,0
52362,1
52363,6
52364,1
52365,4
52366,6
52367,3
52368,2
52369,0
52370,0
52371,0
52372,0
52373,3
52374,0
52375,3
52376,3
52377,1
52378,4
52379,5
52380,5
52381,3
52382,0
52383,4
52384,6
52385,4
52386,3
52387,6
52388,4
52389,5
52390,6
52391,1
52392,0
52393,1
52394,6
52395,3
52396,5
52397,6
52398,0
52399,5
52400,4
52401,1
52402,3
52403,2
52404,2
52405,5
52406,2
52407,1
52408,3
52409,5
52410,0
52411,5
52412,3
52413,3
52414,3
52415,5
52416,4
52417,2
52418,3
52419,1
52420,6
52421,5
52422,4
52423,1
52424,3
52425,5
52426,5
52427,2
52428,3
52429,0
52430,4
52431,0
52432,3
52433,3
52434,3
52435,3
52436,0
52437,6
52438,4
52439,0
52440,2
52441,4
52442,1
52443,5
52444,0
52445,4
52446,3
52447,5
52448,3
52449,3
52450,5
52451,1
52452,4
52453,4
52454,0
52455,5
52456,6
52457,2
52458,2
52459,5
52460,5
52461,5
52462,0
52463,0
52464,3
52465,6
52466,0
52467,2
52468,5
52469,5
52470,1
52471,5
52472,6
52473,1
52474,3
52475,1
52476,3
52477,4
52478,4
52479,0
52480,3
52481,0
52482,3
52483,1
52484,3
52485,6
52486,2
52487,5
52488,4
52489,0
52490,5
52491,4
52492,4
52493,6
52494,2
52495,5
52496,1
52497,1
52498,5
52499,4
52500,4
52501,0
52502,4
52503,6
52504,2
52505,5
52506,1
52507,3
52508,3
52509,1
52510,3
52511,4
52512,4
52513,5
52514,4
52515,3
52516,0
52517,2
52518,0
52519,1
52520,0
52521,2
52522,6
52523,0
52524,0
52525,2
52526,1
52527,5
52528,1
52529,0
52530,4
52531,4
52532,0
52533,6
52534,0
52535,0
52536,0
52537,1
52538,5
52539,6
52540,0
52541,6
52542,2
52543,4
52544,3
52545,5
52546,1
52547,5
52548,5
52549,2
52550,2
52551,0
52552,0
52553,6
52554,5
52555,3
52556,4
52557,2
52558,4
52559,2
52560,1
52561,5
52562,6
52563,1
52564,3
52565,5
52566,4
52567,3
52568,4
52569,0
52570,0
52571,4
52572,0
52573,1
52574,5
52575,4
52576,3
52577,5
52578,3
52579,2
52580,1
52581,2
52582,1
52583,3
52584,2
52585,3
52586,3
52587,1
52588,0
52589,2
52590,6
52591,1
52592,3
52593,5
52594,2
52595,5
52596,5
52597,5
52598,0
52599,1
52600,0
52601,5
52602,4
52603,3
52604,2
52605,0
52606,4
52607,2
52608,5
52609,6
52610,0
52611,4
52612,3
52613,1
52614,0
52615,2
52616,4
52617,2
52618,4
52619,2
52620,3
52621,0
52622,6
52623,2
52624,3
52625,2
52626,0
52627,2
52628,4
52629,3
52630,3
52631,5
52632,2
52633,3
52634,3
52635,2
52636,6
52637,6
52638,1
52639,3
52640,1
52641,4
52642,6
52643,6
52644,3
52645,2
52646,3
52647,0
52648,4
52649,3
52650,0
52651,5
52652,6
52653,0
52654,5
52655,0
52656,1
52657,0
52658,0
52659,5
52660,4
52661,0
52662,3
52663,0
52664,1
52665,6
52666,0
52667,0
52668,5
52669,0
52670,4
52671,2
52672,6
52673,1
52674,3
52675,1
52676,6
52677,5
52678,4
52679,1
52680,3
52681,6
52682,3
52683,4
52684,4
52685,5
52686,3
52687,0
52688,6
52689,1
52690,5
52691,1
52692,1
52693,3
52694,2
52695,4
52696,6
52697,2
52698,3
52699,3
52700,6
52701,4
52702,2
52703,3
52704,4
52705,2
52706,6
52707,1
52708,2
52709,5
52710,4
52711,4
52712,5
52713,0
52714,1
52715,0
52716,4
52717,6
52718,1
52719,3
52720,2
52721,0
52722,2
52723,6
52724,4
52725,4
52726,2
52727,3
52728,0
52729,3
52730,3
52731,5
52732,2
52733,3
52734,0
52735,5
52736,4
52737,6
52738,0
52739,5
52740,2
52741,1
52742,3
52743,0
52744,1
52745,2
52746,4
52747,5
52748,4
52749,1
52750,6
52751,5
52752,4
52753,0
52754,0
52755,4
52756,0
52757,1
52758,6
52759,4
52760,4
52761,0
52762,5
52763,6
52764,1
52765,0
52766,5
52767,0
52768,5
52769,4
52770,4
52771,5
52772,5
52773,2
52774,3
52775,3
52776,1
52777,0
52778,4
52779,0
52780,3
52781,0
52782,6
52783,2
52784,4
52785,3
52786,5
52787,1
52788,0
52789,0
52790,6
52791,2
52792,3
52793,2
52794,2
52795,5
52796,3
52797,6
52798,3
52799,4
52800,2
52801,0
52802,1
52803,1
52804,2
52805,3
52806,3
52807,5
52808,6
52809,2
52810,1
52811,4
52812,4
52813,0
52814,4
52815,2
52816,4
52817,2
52818,6
52819,2
52820,0
52821,4
52822,0
52823,5
52824,5
52825,3
52826,3
52827,4
52828,1
52829,0
52830,2
52831,6
52832,2
52833,5
52834,5
52835,4
52836,6
52837,4
52838,4
52839,4
52840,2
52841,5
52842,0
52843,1
52844,2
52845,2
52846,4
52847,1
52848,1
52849,4
52850,5
52851,0
52852,3
52853,2
52854,0
52855,2
52856,1
52857,2
52858,1
52859,4
52860,2
52861,5
52862,5
52863,1
52864,0
52865,0
52866,4
52867,5
52868,6
52869,4
52870,4
52871,5
52872,4
52873,2
52874,0
52875,4
52876,4
52877,5
52878,2
52879,5
52880,3
52881,6
52882,3
52883,0
52884,2
52885,0
52886,1
52887,0
52888,1
52889,6
52890,1
52891,3
52892,5
52893,6
52894,6
52895,2
52896,4
52897,3
52898,2
52899,3
52900,6
52901,6
52902,5
52903,0
52904,5
52905,3
52906,0
52907,5
52908,2
52909,3
52910,0
52911,0
52912,2
52913,4
52914,6
52915,6
52916,0
52917,0
52918,1
52919,6
52920,2
52921,4
52922,6
52923,4
52924,2
52925,2
52926,5
52927,0
52928,0
52929,4
52930,5
52931,5
52932,0
52933,2
52934,1
52935,3
52936,5
52937,4
52938,6
52939,5
52940,2
52941,1
52942,4
52943,1
52944,5
52945,6
52946,3
52947,2
52948,6
52949,5
52950,6
52951,4
52952,2
52953,4
52954,3
52955,3
52956,4
52957,2
52958,6
52959,5
52960,1
52961,0
52962,3
52963,2
52964,6
52965,0
52966,6
52967,1
52968,6
52969,2
52970,1
52971,1
52972,2
52973,4
52974,0
52975,0
52976,2
52977,3
52978,4
52979,2
52980,0
52981,3
52982,0
52983,5
52984,3
52985,3
52986,3
52987,3
52988,5
52989,4
52990,0
52991,5
52992,0
52993,2
52994,5
52995,1
52996,6
52997,2
52998,4
52999,1
53000,5
53001,4
53002,3
53003,5
53004,2
53005,1
53006,4
53007,0
53008,0
53009,4
53010,0
53011,3
53012,2
53013,6
53014,2
53015,3
53016,5
53017,3
53018,5
53019,4
53020,5
53021,0
53022,4
53023,5
53024,4
53025,3
53026,0
53027,6
53028,2
53029,6
53030,5
53031,5
53032,0
53033,4
53034,1
53035,5
53036,0
53037,3
53038,1
53039,0
53040,0
53041,0
53042,1
53043,5
53044,1
53045,5
53046,5
53047,0
53048,0
53049,4
53050,4
53051,4
53052,0
53053,4
53054,5
53055,2
53056,5
53057,5
53058,3
53059,0
53060,0
53061,6
53062,5
53063,5
53064,4
53065,4
53066,3
53067,1
53068,6
53069,4
53070,1
53071,3
53072,5
53073,6
53074,0
53075,1
53076,0
53077,1
53078,2
53079,3
53080,6
53081,3
53082,2
53083,3
53084,1
53085,4
53086,0
53087,0
53088,4
53089,0
53090,4
53091,3
53092,6
53093,3
53094,2
53095,0
53096,4
53097,2
53098,1
53099,0
53100,6
53101,6
53102,3
53103,5
53104,2
53105,0
53106,5
53107,0
53108,6
53109,0
53110,6
53111,0
53112,4
53113,1
53114,6
53115,5
53116,5
53117,0
53118,3
53119,1
53120,0
53121,2
53122,3
53123,0
53124,4
53125,3
53126,3
53127,3
53128,5
53129,0
53130,5
53131,0
53132,3
53133,4
53134,5
53135,0
53136,5
53137,4
53138,1
53139,4
53140,0
53141,2
53142,6
53143,3
53144,5
53145,2
53146,4
53147,2
53148,2
53149,4
53150,0
53151,1
53152,2
53153,0
53154,4
53155,4
53156,2
53157,4
53158,6
53159,0
53160,2
53161,3
53162,1
53163,0
53164,5
53165,6
53166,0
53167,5
53168,1
53169,4
53170,3
53171,2
53172,0
53173,5
53174,2
53175,5
53176,4
53177,6
53178,4
53179,0
53180,5
53181,2
53182,1
53183,4
53184,6
53185,4
53186,5
53187,1
53188,5
53189,0
53190,0
53191,5
53192,6
53193,0
53194,6
53195,4
53196,0
53197,2
53198,1
53199,4
53200,1
53201,5
53202,6
53203,1
53204,1
53205,5
53206,4
53207,2
53208,0
53209,0
53210,0
53211,5
53212,3
53213,4
53214,3
53215,2
53216,3
53217,6
53218,0
53219,1
53220,3
53221,4
53222,1
53223,0
53224,5
53225,4
53226,0
53227,1
53228,6
53229,2
53230,6
53231,1
53232,0
53233,3
53234,3
53235,0
53236,3
53237,1
53238,5
53239,5
53240,0
53241,3
53242,6
53243,4
53244,1
53245,0
53246,0
53247,0
53248,5
53249,0
53250,6
53251,4
53252,5
53253,4
53254,3
53255,4
53256,1
53257,5
53258,3
53259,2
53260,6
53261,4
53262,0
53263,5
53264,6
53265,1
53266,4
53267,6
53268,3
53269,4
53270,3
53271,5
53272,1
53273,2
53274,0
53275,0
53276,1
53277,2
53278,2
53279,0
53280,3
53281,3
53282,6
53283,4
53284,5
53285,1
53286,6
53287,4
53288,2
53289,2
53290,2
53291,4
53292,2
53293,4
53294,6
53295,5
53296,3
53297,5
53298,6
53299,3
53300,5
53301,1
53302,2
53303,3
53304,3
53305,5
53306,3
53307,0
53308,6
53309,3
53310,2
53311,5
53312,1
53313,6
53314,2
53315,2
53316,2
53317,3
53318,4
53319,3
53320,3
53321,1
53322,0
53323,5
53324,5
53325,2
53326,4
53327,2
53328,2
53329,5
53330,3
53331,2
53332,0
53333,3
53334,6
53335,2
53336,1
53337,1
53338,1
53339,2
53340,1
53341,6
53342,0
53343,4
53344,5
53345,3
53346,4
53347,4
53348,6
53349,5
53350,6
53351,0
53352,4
53353,0
53354,2
53355,2
53356,6
53357,3
53358,6
53359,6
53360,1
53361,3
53362,1
53363,2
53364,4
53365,3
53366,3
53367,0
53368,1
53369,1
53370,0
53371,2
53372,1
53373,3
53374,0
53375,4
53376,3
53377,2
53378,1
53379,4
53380,6
53381,6
53382,4
53383,1
53384,6
53385,5
53386,6
53387,4
53388,0
53389,3
53390,1
53391,6
53392,3
53393,4
53394,0
53395,2
53396,5
53397,0
53398,2
53399,4
53400,1
53401,6
53402,5
53403,4
53404,3
53405,5
53406,2
53407,0
53408,1
53409,0
53410,3
53411,4
53412,5
53413,0
53414,0
53415,1
53416,2
53417,5
53418,1
53419,5
53420,5
53421,5
53422,5
53423,0
53424,3
53425,2
53426,6
53427,0
53428,0
53429,1
53430,6
53431,1
53432,4
53433,1
53434,4
53435,4
53436,2
53437,4
53438,0
53439,0
53440,4
53441,0
53442,5
53443,3
53444,0
53445,2
53446,4
53447,1
53448,4
53449,4
53450,3
53451,1
53452,6
53453,0
53454,3
53455,1
53456,1
53457,0
53458,0
53459,3
53460,3
53461,0
53462,2
53463,0
53464,3
53465,6
53466,1
53467,3
53468,0
53469,1
53470,5
53471,0
53472,5
53473,1
53474,0
53475,4
53476,4
53477,1
53478,2
53479,1
53480,4
53481,2
53482,5
53483,0
53484,2
53485,5
53486,0
53487,3
53488,5
53489,4
53490,5
53491,5
53492,4
53493,0
53494,1
53495,6
53496,2
53497,0
53498,1
53499,5
53500,1
53501,6
53502,4
53503,5
53504,0
53505,5
53506,6
53507,0
53508,3
53509,2
53510,3
53511,0
53512,2
53513,5
53514,0
53515,3
53516,4
53517,0
53518,5
53519,2
53520,6
53521,2
53522,4
53523,5
53524,4
53525,2
53526,0
53527,3
53528,5
53529,1
53530,0
53531,4
53532,1
53533,5
53534,6
53535,6
53536,0
53537,5
53538,3
53539,1
53540,3
53541,6
53542,1
53543,3
53544,6
53545,1
53546,5
53547,3
53548,3
53549,5
53550,5
53551,3
53552,3
53553,6
53554,3
53555,3
53556,1
53557,5
53558,4
53559,1
53560,0
53561,4
53562,3
53563,5
53564,3
53565,6
53566,3
53567,4
53568,5
53569,6
53570,4
53571,0
53572,5
53573,6
53574,5
53575,6
53576,1
53577,0
53578,5
53579,3
53580,3
53581,1
53582,0
53583,5
53584,0
53585,5
53586,0
53587,6
53588,5
53589,2
53590,2
53591,1
53592,5
53593,1
53594,2
53595,2
53596,4
53597,4
53598,3
53599,4
53600,0
53601,4
53602,4
53603,6
53604,6
53605,5
53606,2
53607,4
53608,0
53609,0
53610,4
53611,2
53612,2
53613,4
53614,4
53615,1
53616,0
53617,5
53618,0
53619,1
53620,1
53621,6
53622,0
53623,1
53624,1
53625,6
53626,0
53627,2
53628,5
53629,0
53630,0
53631,5
53632,5
53633,2
53634,2
53635,6
53636,6
53637,6
53638,2
53639,5
53640,3
53641,1
53642,0
53643,2
53644,0
53645,6
53646,6
53647,0
53648,1
53649,2
53650,0
53651,3
53652,6
53653,1
53654,5
53655,0
53656,6
53657,0
53658,1
53659,3
53660,3
53661,5
53662,1
53663,5
53664,2
53665,6
53666,5
53667,6
53668,6
53669,6
53670,5
53671,2
53672,2
53673,2
53674,4
53675,2
53676,0
53677,1
53678,3
53679,0
53680,4
53681,6
53682,0
53683,3
53684,6
53685,1
53686,3
53687,6
53688,5
53689,0
53690,1
53691,0
53692,4
53693,2
53694,3
53695,2
53696,2
53697,4
53698,3
53699,2
53700,0
53701,0
53702,4
53703,0
53704,1
53705,2
53706,3
53707,4
53708,0
53709,3
53710,4
53711,2
53712,6
53713,5
53714,3
53715,2
53716,3
53717,1
53718,4
53719,1
53720,4
53721,3
53722,0
53723,2
53724,4
53725,2
53726,4
53727,3
53728,3
53729,5
53730,5
53731,5
53732,6
53733,5
53734,4
53735,4
53736,1
53737,0
53738,0
53739,0
53740,3
53741,4
53742,4
53743,3
53744,3
53745,6
53746,2
53747,5
53748,0
53749,4
53750,5
53751,3
53752,5
53753,4
53754,2
53755,2
53756,4
53757,5
53758,1
53759,1
53760,0
53761,0
53762,0
53763,3
53764,5
53765,3
53766,1
53767,3
53768,6
53769,0
53770,0
53771,1
53772,5
53773,0
53774,0
53775,4
53776,4
53777,0
53778,5
53779,4
53780,4
53781,1
53782,3
53783,3
53784,1
53785,3
53786,4
53787,0
53788,4
53789,5
53790,1
53791,4
53792,4
53793,4
53794,5
53795,3
53796,3
53797,4
53798,6
53799,2
53800,1
53801,3
53802,3
53803,5
53804,0
53805,3
53806,4
53807,0
53808,2
53809,2
53810,4
53811,4
53812,0
53813,4
53814,3
53815,5
53816,6
53817,5
53818,4
53819,6
53820,6
53821,3
53822,5
53823,5
53824,5
53825,3
53826,0
53827,0
53828,6
53829,4
53830,2
53831,4
53832,6
53833,6
53834,3
53835,0
53836,1
53837,5
53838,4
53839,5
53840,2
53841,6
53842,3
53843,4
53844,0
53845,3
53846,6
53847,4
53848,3
53849,3
53850,6
53851,4
53852,4
53853,0
53854,1
53855,5
53856,2
53857,0
53858,3
53859,4
53860,1
53861,1
53862,6
53863,3
53864,1
53865,6
53866,2
53867,3
53868,2
53869,1
53870,5
53871,2
53872,2
53873,4
53874,4
53875,2
53876,2
53877,4
53878,3
53879,6
53880,4
53881,1
53882,1
53883,2
53884,5
53885,6
53886,2
53887,5
53888,0
53889,2
53890,5
53891,5
53892,6
53893,4
53894,0
53895,3
53896,6
53897,0
53898,4
53899,5
53900,2
53901,0
53902,1
53903,4
53904,1
53905,2
53906,2
53907,6
53908,0
53909,1
53910,3
53911,4
53912,5
53913,3
53914,5
53915,0
53916,4
53917,2
53918,2
53919,3
53920,5
53921,0
53922,6
53923,6
53924,3
53925,4
53926,4
53927,6
53928,0
53929,0
53930,4
53931,6
53932,4
53933,6
53934,6
53935,4
53936,0
53937,3
53938,4
53939,5
53940,2
53941,5
53942,2
53943,2
53944,3
53945,0
53946,0
53947,6
53948,6
53949,2
53950,0
53951,1
53952,1
53953,6
53954,1
53955,5
53956,2
53957,3
53958,2
53959,1
53960,0
53961,0
53962,1
53963,0
53964,2
53965,1
53966,2
53967,4
53968,4
53969,3
53970,6
53971,5
53972,2
53973,4
53974,1
53975,4
53976,6
53977,6
53978,4
53979,3
53980,2
53981,3
53982,0
53983,6
53984,3
53985,2
53986,1
53987,4
53988,4
53989,6
53990,2
53991,3
53992,6
53993,0
53994,1
53995,1
53996,5
53997,6
53998,3
53999,0
54000,5
54001,2
54002,2
54003,2
54004,1
54005,1
54006,3
54007,3
54008,0
54009,4
54010,6
54011,2
54012,5
54013,6
54014,4
54015,1
54016,4
54017,1
54018,1
54019,5
54020,6
54021,2
54022,4
54023,2
54024,6
54025,2
54026,0
54027,4
54028,1
54029,5
54030,2
54031,6
54032,1
54033,2
54034,3
54035,4
54036,5
54037,0
54038,4
54039,1
54040,1
54041,3
54042,5
54043,3
54044,3
54045,4
54046,3
54047,1
54048,5
54049,4
54050,6
54051,4
54052,4
54053,4
54054,0
54055,6
54056,2
54057,5
54058,0
54059,6
54060,4
54061,1
54062,3
54063,6
54064,5
54065,5
54066,1
54067,5
54068,2
54069,5
54070,1
54071,3
54072,6
54073,4
54074,6
54075,3
54076,5
54077,2
54078,1
54079,3
54080,1
54081,4
54082,6
54083,1
54084,3
54085,1
54086,4
54087,4
54088,6
54089,5
54090,6
54091,5
54092,5
54093,4
54094,5
54095,3
54096,3
54097,5
54098,0
54099,3
54100,3
54101,3
54102,4
54103,4
54104,5
54105,5
54106,0
54107,4
54108,2
54109,3
54110,5
54111,0
54112,4
54113,2
54114,2
54115,0
54116,5
54117,4
54118,5
54119,4
54120,6
54121,3
54122,2
54123,6
54124,4
54125,1
54126,3
54127,0
54128,2
54129,3
54130,3
54131,4
54132,3
54133,0
54134,0
54135,0
54136,4
54137,4
54138,5
54139,0
54140,0
54141,3
54142,6
54143,6
54144,2
54145,0
54146,0
54147,4
54148,3
54149,5
54150,6
54151,3
54152,6
54153,6
54154,6
54155,5
54156,1
54157,6
54158,6
54159,4
54160,6
54161,0
54162,3
54163,3
54164,5
54165,3
54166,6
54167,3
54168,6
54169,1
54170,4
54171,5
54172,3
54173,4
54174,4
54175,5
54176,2
54177,0
54178,3
54179,0
54180,3
54181,3
54182,0
54183,5
54184,4
54185,0
54186,5
54187,2
54188,1
54189,0
54190,0
54191,1
54192,2
54193,6
54194,2
54195,1
54196,2
54197,6
54198,3
54199,1
54200,1
54201,0
54202,3
54203,1
54204,5
54205,0
54206,1
54207,3
54208,1
54209,3
54210,1
54211,4
54212,3
54213,4
54214,0
54215,5
54216,2
54217,2
54218,0
54219,5
54220,6
54221,6
54222,5
54223,3
54224,1
54225,0
54226,5
54227,5
54228,1
54229,3
54230,1
54231,3
54232,1
54233,1
54234,5
54235,2
54236,5
54237,3
54238,1
54239,4
54240,4
54241,4
54242,5
54243,6
54244,1
54245,4
54246,1
54247,4
54248,1
54249,0
54250,5
54251,3
54252,3
54253,0
54254,4
54255,3
54256,3
54257,0
54258,3
54259,3
54260,5
54261,2
54262,2
54263,3
54264,6
54265,1
54266,0
54267,3
54268,3
54269,3
54270,2
54271,3
54272,1
54273,3
54274,3
54275,1
54276,2
54277,3
54278,0
54279,2
54280,5
54281,3
54282,5
54283,6
54284,4
54285,1
54286,1
54287,0
54288,4
54289,1
54290,4
54291,0
54292,1
54293,5
54294,3
54295,4
54296,3
54297,6
54298,5
54299,3
54300,6
54301,6
54302,6
54303,2
54304,6
54305,4
54306,2
54307,5
54308,3
54309,1
54310,3
54311,6
54312,4
54313,5
54314,4
54315,0
54316,0
54317,3
54318,6
54319,4
54320,6
54321,3
54322,6
54323,6
54324,0
54325,1
54326,1
54327,5
54328,4
54329,0
54330,3
54331,1
54332,3
54333,3
54334,4
54335,0
54336,3
54337,4
54338,6
54339,2
54340,4
54341,4
54342,4
54343,1
54344,2
54345,1
54346,2
54347,3
54348,1
54349,1
54350,0
54351,5
54352,4
54353,5
54354,2
54355,0
54356,2
54357,0
54358,6
54359,5
54360,3
54361,2
54362,4
54363,2
54364,1
54365,6
54366,5
54367,4
54368,0
54369,1
54370,5
54371,2
54372,0
54373,5
54374,1
54375,5
54376,2
54377,6
54378,4
54379,5
54380,3
54381,2
54382,6
54383,5
54384,2
54385,4
54386,4
54387,5
54388,3
54389,5
54390,6
54391,6
54392,4
54393,0
54394,3
54395,6
54396,5
54397,1
54398,6
54399,3
54400,6
54401,5
54402,2
54403,6
54404,2
54405,4
54406,6
54407,1
54408,0
54409,4
54410,2
54411,3
54412,5
54413,5
54414,4
54415,0
54416,4
54417,0
54418,1
54419,5
54420,4
54421,0
54422,0
54423,0
54424,1
54425,4
54426,3
54427,3
54428,4
54429,0
54430,6
54431,5
54432,3
54433,4
54434,5
54435,1
54436,4
54437,0
54438,4
54439,1
54440,6
54441,4
54442,5
54443,0
54444,0
54445,0
54446,5
54447,6
54448,2
54449,4
54450,2
54451,5
54452,3
54453,2
54454,2
54455,0
54456,2
54457,5
54458,4
54459,6
54460,0
54461,1
54462,6
54463,2
54464,4
54465,0
54466,2
54467,3
54468,3
54469,0
54470,1
54471,5
54472,0
54473,6
54474,6
54475,3
54476,5
54477,5
54478,1
54479,3
54480,3
54481,3
54482,6
54483,4
54484,3
54485,2
54486,0
54487,1
54488,2
54489,1
54490,4
54491,1
54492,4
54493,0
54494,2
54495,1
54496,2
54497,5
54498,3
54499,0
54500,3
54501,2
54502,0
54503,5
54504,4
54505,0
54506,3
54507,3
54508,0
54509,6
54510,1
54511,1
54512,4
54513,0
54514,0
54515,4
54516,3
54517,1
54518,5
54519,2
54520,6
54521,3
54522,5
54523,4
54524,3
54525,1
54526,3
54527,4
54528,0
54529,0
54530,0
54531,2
54532,3
54533,5
54534,4
54535,4
54536,2
54537,4
54538,2
54539,3
54540,1
54541,4
54542,6
54543,2
54544,1
54545,0
54546,2
54547,3
54548,0
54549,4
54550,5
54551,5
54552,0
54553,0
54554,3
54555,0
54556,5
54557,2
54558,5
54559,4
54560,2
54561,0
54562,4
54563,4
54564,0
54565,5
54566,0
54567,3
54568,4
54569,5
54570,6
54571,1
54572,2
54573,6
54574,3
54575,4
54576,1
54577,0
54578,6
54579,0
54580,1
54581,3
54582,0
54583,1
54584,4
54585,0
54586,2
54587,2
54588,1
54589,3
54590,0
54591,1
54592,3
54593,3
54594,2
54595,1
54596,3
54597,6
54598,5
54599,5
54600,4
54601,2
54602,1
54603,4
54604,3
54605,3
54606,5
54607,5
54608,6
54609,6
54610,4
54611,3
54612,6
54613,6
54614,0
54615,5
54616,6
54617,0
54618,5
54619,4
54620,1
54621,5
54622,3
54623,3
54624,5
54625,0
54626,1
54627,6
54628,0
54629,5
54630,3
54631,1
54632,2
54633,5
54634,0
54635,2
54636,4
54637,3
54638,1
54639,1
54640,0
54641,5
54642,3
54643,3
54644,2
54645,1
54646,0
54647,4
54648,3
54649,4
54650,0
54651,5
54652,5
54653,6
54654,2
54655,1
54656,4
54657,1
54658,3
54659,2
54660,4
54661,1
54662,3
54663,0
54664,5
54665,2
54666,0
54667,4
54668,0
54669,4
54670,1
54671,5
54672,0
54673,3
54674,5
54675,4
54676,2
54677,6
54678,4
54679,0
54680,5
54681,3
54682,5
54683,2
54684,5
54685,4
54686,5
54687,0
54688,4
54689,1
54690,4
54691,5
54692,2
54693,3
54694,3
54695,3
54696,5
54697,1
54698,0
54699,3
54700,5
54701,1
54702,5
54703,0
54704,3
54705,1
54706,0
54707,4
54708,2
54709,3
54710,2
54711,6
54712,4
54713,4
54714,5
54715,3
54716,6
54717,2
54718,1
54719,4
54720,0
54721,4
54722,1
54723,2
54724,1
54725,1
54726,6
54727,0
54728,6
54729,3
54730,3
54731,1
54732,4
54733,2
54734,6
54735,6
54736,6
54737,1
54738,1
54739,1
54740,4
54741,2
54742,3
54743,0
54744,5
54745,4
54746,3
54747,0
54748,4
54749,3
54750,3
54751,3
54752,0
54753,0
54754,2
54755,2
54756,3
54757,0
54758,6
54759,0
54760,2
54761,4
54762,3
54763,1
54764,1
54765,1
54766,3
54767,2
54768,0
54769,6
54770,0
54771,1
54772,2
54773,0
54774,4
54775,4
54776,5
54777,0
54778,1
54779,4
54780,2
54781,3
54782,1
54783,2
54784,0
54785,3
54786,6
54787,5
54788,0
54789,6
54790,1
54791,1
54792,6
54793,6
54794,3
54795,2
54796,4
54797,3
54798,0
54799,0
54800,3
54801,1
54802,2
54803,3
54804,0
54805,0
54806,6
54807,3
54808,5
54809,0
54810,2
54811,0
54812,5
54813,0
54814,6
54815,4
54816,2
54817,1
54818,3
54819,6
54820,5
54821,0
54822,0
54823,4
54824,4
54825,2
54826,2
54827,0
54828,5
54829,3
54830,0
54831,4
54832,3
54833,6
54834,2
54835,3
54836,2
54837,4
54838,4
54839,4
54840,5
54841,0
54842,5
54843,6
54844,4
54845,6
54846,6
54847,3
54848,2
54849,6
54850,0
54851,6
54852,1
54853,1
54854,6
54855,0
54856,2
54857,1
54858,6
54859,1
54860,4
54861,5
54862,1
54863,4
54864,3
54865,6
54866,5
54867,1
54868,5
54869,3
54870,3
54871,0
54872,0
54873,5
54874,6
54875,2
54876,3
54877,1
54878,2
54879,0
54880,5
54881,0
54882,6
54883,4
54884,2
54885,6
54886,2
54887,0
54888,2
54889,0
54890,0
54891,3
54892,3
54893,3
54894,6
54895,1
54896,3
54897,4
54898,2
54899,2
54900,5
54901,1
54902,2
54903,1
54904,6
54905,4
54906,4
54907,3
54908,0
54909,0
54910,1
54911,6
54912,5
54913,6
54914,1
54915,0
54916,0
54917,1
54918,5
54919,0
54920,1
54921,5
54922,3
54923,4
54924,3
54925,1
54926,0
54927,0
54928,2
54929,0
54930,0
54931,5
54932,3
54933,6
54934,0
54935,0
54936,3
54937,1
54938,4
54939,1
54940,4
54941,6
54942,4
54943,5
54944,1
54945,4
54946,0
54947,6
54948,6
54949,1
54950,5
54951,1
54952,1
54953,5
54954,1
54955,3
54956,6
54957,2
54958,3
54959,2
54960,1
54961,4
54962,2
54963,3
54964,6
54965,2
54966,5
54967,1
54968,0
54969,6
54970,2
54971,4
54972,4
54973,1
54974,3
54975,0
54976,4
54977,4
54978,1
54979,3
54980,2
54981,4
54982,6
54983,6
54984,1
54985,2
54986,5
54987,0
54988,5
54989,3
54990,1
54991,2
54992,3
54993,3
54994,4
54995,3
54996,1
54997,3
54998,3
54999,3
55000,4
55001,0
55002,4
55003,5
55004,4
55005,4
55006,3
55007,4
55008,6
55009,5
55010,1
55011,4
55012,2
55013,6
55014,4
55015,4
55016,0
55017,5
55018,3
55019,6
55020,3
55021,6
55022,0
55023,2
55024,4
55025,0
55026,4
55027,2
55028,5
55029,6
55030,3
55031,5
55032,5
55033,3
55034,3
55035,5
55036,1
55037,0
55038,3
55039,4
55040,6
55041,4
55042,3
55043,0
55044,3
55045,0
55046,6
55047,0
55048,2
55049,6
55050,6
55051,4
55052,6
55053,0
55054,4
55055,5
55056,0
55057,4
55058,3
55059,0
55060,0
55061,0
55062,5
55063,6
55064,2
55065,3
55066,5
55067,3
55068,3
55069,5
55070,2
55071,5
55072,2
55073,4
55074,2
55075,6
55076,3
55077,6
55078,1
55079,1
55080,6
55081,2
55082,1
55083,0
55084,6
55085,1
55086,2
55087,3
55088,6
55089,5
55090,4
55091,0
55092,4
55093,5
55094,3
55095,4
55096,6
55097,2
55098,3
55099,2
55100,1
55101,4
55102,2
55103,6
55104,3
55105,2
55106,0
55107,6
55108,4
55109,1
55110,2
55111,0
55112,4
55113,1
55114,3
55115,5
55116,3
55117,5
55118,1
55119,6
55120,0
55121,0
55122,3
55123,1
55124,0
55125,3
55126,2
55127,4
55128,4
55129,5
55130,3
55131,4
55132,2
55133,4
55134,6
55135,4
55136,1
55137,0
55138,5
55139,0
55140,6
55141,3
55142,0
55143,5
55144,5
55145,1
55146,3
55147,0
55148,1
55149,6
55150,2
55151,3
55152,4
55153,5
55154,3
55155,5
55156,5
55157,1
55158,4
55159,1
55160,4
55161,1
55162,6
55163,0
55164,6
55165,5
55166,6
55167,4
55168,0
55169,6
55170,3
55171,6
55172,2
55173,6
55174,5
55175,4
55176,0
55177,3
55178,4
55179,4
55180,6
55181,6
55182,0
55183,6
55184,4
55185,1
55186,3
55187,3
55188,0
55189,5
55190,6
55191,5
55192,1
55193,5
55194,0
55195,4
55196,2
55197,1
55198,2
55199,4
55200,2
55201,1
55202,0
55203,4
55204,4
55205,1
55206,4
55207,1
55208,0
55209,2
55210,2
55211,5
55212,1
55213,0
55214,6
55215,1
55216,1
55217,2
55218,1
55219,5
55220,0
55221,5
55222,4
55223,6
55224,6
55225,2
55226,4
55227,0
55228,0
55229,1
55230,5
55231,6
55232,6
55233,4
55234,6
55235,4
55236,4
55237,5
55238,4
55239,0
55240,5
55241,6
55242,3
55243,6
55244,0
55245,0
55246,6
55247,3
55248,6
55249,4
55250,1
55251,6
55252,2
55253,4
55254,5
55255,0
55256,4
55257,0
55258,2
55259,3
55260,5
55261,3
55262,1
55263,2
55264,4
55265,1
55266,2
55267,4
55268,1
55269,5
55270,0
55271,2
55272,0
55273,2
55274,1
55275,0
55276,1
55277,2
55278,3
55279,0
55280,1
55281,0
55282,0
55283,5
55284,0
55285,3
55286,4
55287,4
55288,5
55289,4
55290,3
55291,4
55292,0
55293,4
55294,6
55295,3
55296,4
55297,6
55298,1
55299,6
55300,1
55301,3
55302,5
55303,0
55304,5
55305,0
55306,1
55307,5
55308,2
55309,4
55310,6
55311,6
55312,1
55313,1
55314,0
55315,3
55316,3
55317,3
55318,0
55319,0
55320,0
55321,5
55322,1
55323,5
55324,4
55325,0
55326,3
55327,5
55328,2
55329,6
55330,4
55331,1
55332,0
55333,1
55334,5
55335,5
55336,2
55337,5
55338,4
55339,2
55340,5
55341,4
55342,2
55343,2
55344,1
55345,1
55346,5
55347,3
55348,3
55349,3
55350,3
55351,2
55352,3
55353,5
55354,6
55355,3
55356,5
55357,2
55358,5
55359,4
55360,0
55361,5
55362,0
55363,5
55364,0
55365,3
55366,5
55367,0
55368,6
55369,5
55370,0
55371,4
55372,6
55373,2
55374,4
55375,3
55376,5
55377,2
55378,0
55379,1
55380,3
55381,1
55382,2
55383,5
55384,0
55385,0
55386,5
55387,4
55388,1
55389,2
55390,0
55391,1
55392,5
55393,0
55394,1
55395,0
55396,5
55397,2
55398,6
55399,4
55400,5
55401,4
55402,6
55403,1
55404,0
55405,3
55406,6
55407,6
55408,4
55409,2
55410,5
55411,2
55412,4
55413,3
55414,6
55415,1
55416,6
55417,5
55418,5
55419,0
55420,0
55421,5
55422,1
55423,5
55424,2
55425,4
55426,2
55427,6
55428,5
55429,2
55430,6
55431,5
55432,6
55433,0
55434,0
55435,4
55436,4
55437,5
55438,3
55439,1
55440,4
55441,5
55442,5
55443,3
55444,2
55445,4
55446,3
55447,4
55448,4
55449,0
55450,4
55451,4
55452,2
55453,6
55454,6
55455,0
55456,3
55457,4
55458,3
55459,0
55460,6
55461,3
55462,6
55463,2
55464,0
55465,3
55466,3
55467,5
55468,5
55469,5
55470,4
55471,0
55472,1
55473,6
55474,2
55475,4
55476,2
55477,3
55478,1
55479,1
55480,0
55481,4
55482,2
55483,2
55484,0
55485,0
55486,1
55487,0
55488,4
55489,0
55490,6
55491,5
55492,1
55493,2
55494,3
55495,3
55496,0
55497,5
55498,2
55499,5
55500,4
55501,0
55502,4
55503,0
55504,0
55505,3
55506,4
55507,1
55508,5
55509,5
55510,4
55511,1
55512,1
55513,6
55514,3
55515,1
55516,1
55517,0
55518,4
55519,0
55520,4
55521,0
55522,3
55523,4
55524,3
55525,0
55526,3
55527,1
55528,1
55529,6
55530,0
55531,0
55532,2
55533,4
55534,5
55535,5
55536,2
55537,6
55538,3
55539,1
55540,0
55541,4
55542,1
55543,4
55544,4
55545,0
55546,4
55547,3
55548,6
55549,5
55550,0
55551,5
55552,6
55553,3
55554,4
55555,6
55556,2
55557,4
55558,1
55559,2
55560,1
55561,4
55562,3
55563,6
55564,4
55565,3
55566,1
55567,0
55568,5
55569,0
55570,4
55571,2
55572,5
55573,2
55574,6
55575,3
55576,0
55577,4
55578,4
55579,6
55580,5
55581,5
55582,5
55583,0
55584,5
55585,2
55586,6
55587,6
55588,3
55589,4
55590,0
55591,0
55592,1
55593,2
55594,4
55595,4
55596,3
55597,2
55598,1
55599,2
55600,0
55601,1
55602,1
55603,0
55604,2
55605,0
55606,4
55607,6
55608,4
55609,1
55610,4
55611,4
55612,1
55613,6
55614,1
55615,1
55616,6
55617,3
55618,3
55619,5
55620,0
55621,1
55622,4
55623,5
55624,4
55625,5
55626,5
55627,0
55628,1
55629,5
55630,4
55631,3
55632,0
55633,5
55634,0
55635,4
55636,3
55637,6
55638,1
55639,6
55640,1
55641,1
55642,1
55643,4
55644,4
55645,2
55646,4
55647,1
55648,5
55649,6
55650,0
55651,3
55652,5
55653,5
55654,4
55655,1
55656,6
55657,2
55658,3
55659,3
55660,5
55661,3
55662,2
55663,5
55664,0
55665,3
55666,0
55667,4
55668,5
55669,3
55670,1
55671,2
55672,3
55673,0
55674,3
55675,2
55676,1
55677,3
55678,3
55679,3
55680,1
55681,4
55682,4
55683,5
55684,3
55685,4
55686,0
55687,1
55688,6
55689,0
55690,1
55691,2
55692,2
55693,1
55694,0
55695,1
55696,0
55697,0
55698,5
55699,2
55700,2
55701,2
55702,5
55703,2
55704,4
55705,1
55706,2
55707,6
55708,3
55709,2
55710,5
55711,0
55712,6
55713,2
55714,3
55715,5
55716,4
55717,5
55718,0
55719,1
55720,2
55721,2
55722,6
55723,3
55724,6
55725,3
55726,4
55727,0
55728,4
55729,6
55730,3
55731,0
55732,1
55733,4
55734,6
55735,3
55736,4
55737,4
55738,5
55739,2
55740,6
55741,3
55742,2
55743,1
55744,5
55745,1
55746,2
55747,2
55748,4
55749,0
55750,6
55751,5
55752,0
55753,4
55754,4
55755,4
55756,0
55757,5
55758,4
55759,0
55760,1
55761,2
55762,5
55763,1
55764,4
55765,5
55766,0
55767,4
55768,2
55769,4
55770,0
55771,5
55772,0
55773,2
55774,2
55775,3
55776,5
55777,1
55778,5
55779,5
55780,6
55781,5
55782,5
55783,0
55784,1
55785,6
55786,1
55787,6
55788,6
55789,5
55790,1
55791,4
55792,2
55793,2
55794,2
55795,6
55796,4
55797,3
55798,5
55799,4
55800,2
55801,4
55802,6
55803,2
55804,5
55805,5
55806,0
55807,5
55808,2
55809,0
55810,2
55811,3
55812,5
55813,4
55814,0
55815,4
55816,5
55817,6
55818,4
55819,6
55820,6
55821,1
55822,3
55823,1
55824,6
55825,4
55826,5
55827,3
55828,6
55829,0
55830,2
55831,2
55832,4
55833,0
55834,1
55835,6
55836,1
55837,5
55838,2
55839,3
55840,0
55841,4
55842,1
55843,3
55844,2
55845,2
55846,4
55847,4
55848,5
55849,1
55850,3
55851,0
55852,5
55853,5
55854,5
55855,6
55856,4
55857,3
55858,0
55859,3
55860,3
55861,3
55862,5
55863,2
55864,2
55865,5
55866,2
55867,5
55868,6
55869,5
55870,0
55871,6
55872,0
55873,3
55874,1
55875,4
55876,3
55877,1
55878,5
55879,6
55880,0
55881,6
55882,5
55883,3
55884,6
55885,2
55886,0
55887,4
55888,2
55889,3
55890,3
55891,1
55892,2
55893,1
55894,0
55895,3
55896,6
55897,3
55898,3
55899,5
55900,4
55901,2
55902,2
55903,1
55904,3
55905,5
55906,3
55907,1
55908,5
55909,6
55910,5
55911,4
55912,3
55913,3
55914,5
55915,2
55916,6
55917,6
55918,2
55919,4
55920,2
55921,3
55922,0
55923,3
55924,6
55925,1
55926,2
55927,6
55928,0
55929,0
55930,0
55931,4
55932,4
55933,6
55934,4
55935,3
55936,1
55937,4
55938,4
55939,5
55940,4
55941,1
55942,0
55943,5
55944,6
55945,3
55946,1
55947,4
55948,4
55949,3
55950,5
55951,5
55952,0
55953,5
55954,1
55955,0
55956,4
55957,5
55958,3
55959,0
55960,0
55961,0
55962,1
55963,3
55964,5
55965,5
55966,4
55967,1
55968,4
55969,6
55970,3
55971,6
55972,2
55973,5
55974,5
55975,0
55976,2
55977,6
55978,1
55979,5
55980,2
55981,0
55982,5
55983,2
55984,5
55985,4
55986,6
55987,5
55988,6
55989,5
55990,5
55991,4
55992,4
55993,2
55994,5
55995,6
55996,4
55997,6
55998,0
55999,3
56000,5
56001,4
56002,3
56003,1
56004,6
56005,0
56006,6
56007,0
56008,5
56009,4
56010,0
56011,1
56012,4
56013,0
56014,5
56015,3
56016,1
56017,1
56018,1
56019,1
56020,5
56021,5
56022,3
56023,3
56024,2
56025,1
56026,6
56027,3
56028,2
56029,0
56030,3
56031,3
56032,3
56033,1
56034,2
56035,4
56036,2
56037,0
56038,2
56039,3
56040,3
56041,5
56042,0
56043,4
56044,3
56045,1
56046,0
56047,2
56048,4
56049,0
56050,4
56051,4
56052,0
56053,6
56054,6
56055,2
56056,2
56057,1
56058,1
56059,0
56060,6
56061,3
56062,3
56063,2
56064,0
56065,0
56066,0
56067,3
56068,5
56069,3
56070,3
56071,6
56072,2
56073,2
56074,1
56075,2
56076,0
56077,0
56078,0
56079,6
56080,1
56081,2
56082,4
56083,6
56084,5
56085,1
56086,1
56087,0
56088,2
56089,1
56090,0
56091,6
56092,1
56093,4
56094,5
56095,0
56096,2
56097,3
56098,5
56099,3
56100,2
56101,4
56102,0
56103,0
56104,1
56105,5
56106,1
56107,1
56108,3
56109,1
56110,5
56111,6
56112,3
56113,4
56114,0
56115,3
56116,3
56117,0
56118,2
56119,4
56120,2
56121,1
56122,6
56123,1
56124,0
56125,3
56126,0
56127,2
56128,0
56129,4
56130,0
56131,1
56132,0
56133,1
56134,4
56135,2
56136,2
56137,3
56138,6
56139,0
56140,3
56141,0
56142,1
56143,2
56144,0
56145,2
56146,6
56147,6
56148,5
56149,0
56150,2
56151,4
56152,3
56153,2
56154,1
56155,6
56156,0
56157,0
56158,6
56159,4
56160,5
56161,4
56162,0
56163,0
56164,6
56165,6
56166,4
56167,3
56168,6
56169,5
56170,0
56171,4
56172,3
56173,0
56174,4
56175,1
56176,5
56177,1
56178,5
56179,4
56180,0
56181,4
56182,1
56183,4
56184,4
56185,6
56186,3
56187,0
56188,1
56189,4
56190,1
56191,1
56192,6
56193,5
56194,1
56195,4
56196,0
56197,3
56198,6
56199,4
56200,3
56201,3
56202,2
56203,4
56204,1
56205,3
56206,0
56207,5
56208,3
56209,5
56210,2
56211,0
56212,6
56213,4
56214,5
56215,2
56216,4
56217,1
56218,5
56219,0
56220,6
56221,6
56222,3
56223,2
56224,4
56225,1
56226,4
56227,1
56228,3
56229,6
56230,4
56231,4
56232,1
56233,0
56234,6
56235,0
56236,3
56237,4
56238,3
56239,4
56240,0
56241,3
56242,5
56243,5
56244,5
56245,3
56246,5
56247,4
56248,0
56249,6
56250,1
56251,6
56252,5
56253,5
56254,5
56255,3
56256,4
56257,2
56258,5
56259,3
56260,4
56261,0
56262,5
56263,5
56264,0
56265,2
56266,5
56267,0
56268,3
56269,4
56270,6
56271,3
56272,3
56273,3
56274,3
56275,0
56276,0
56277,3
56278,3
56279,4
56280,5
56281,6
56282,3
56283,1
56284,5
56285,5
56286,0
56287,5
56288,4
56289,2
56290,0
56291,3
56292,0
56293,1
56294,5
56295,4
56296,6
56297,4
56298,4
56299,1
56300,4
56301,1
56302,1
56303,2
56304,5
56305,5
56306,0
56307,3
56308,5
56309,1
56310,3
56311,6
56312,1
56313,3
56314,3
56315,5
56316,3
56317,4
56318,6
56319,3
56320,0
56321,3
56322,2
56323,1
56324,5
56325,2
56326,4
56327,4
56328,0
56329,6
56330,5
56331,4
56332,4
56333,3
56334,2
56335,2
56336,4
56337,0
56338,5
56339,4
56340,2
56341,4
56342,3
56343,2
56344,2
56345,0
56346,1
56347,3
56348,0
56349,0
56350,2
56351,6
56352,0
56353,5
56354,0
56355,2
56356,0
56357,4
56358,0
56359,6
56360,0
56361,1
56362,0
56363,5
56364,6
56365,6
56366,3
56367,1
56368,0
56369,5
56370,0
56371,2
56372,1
56373,3
56374,0
56375,0
56376,1
56377,3
56378,1
56379,3
56380,6
56381,1
56382,6
56383,4
56384,6
56385,3
56386,5
56387,0
56388,4
56389,4
56390,4
56391,3
56392,2
56393,1
56394,3
56395,0
56396,3
56397,6
56398,1
56399,2
56400,3
56401,5
56402,2
56403,5
56404,3
56405,2
56406,3
56407,3
56408,6
56409,2
56410,0
56411,4
56412,3
56413,3
56414,3
56415,6
56416,3
56417,6
56418,6
56419,3
56420,4
56421,2
56422,4
56423,3
56424,0
56425,0
56426,4
56427,4
56428,3
56429,1
56430,1
56431,5
56432,1
56433,0
56434,4
56435,1
56436,4
56437,3
56438,2
56439,3
56440,3
56441,5
56442,3
56443,0
56444,3
56445,2
56446,3
56447,4
56448,5
56449,1
56450,4
56451,2
56452,0
56453,6
56454,3
56455,4
56456,5
56457,1
56458,0
56459,4
56460,6
56461,0
56462,0
56463,2
56464,4
56465,5
56466,4
56467,2
56468,6
56469,4
56470,5
56471,4
56472,6
56473,1
56474,6
56475,3
56476,5
56477,5
56478,4
56479,2
56480,6
56481,6
56482,3
56483,3
56484,3
56485,3
56486,2
56487,3
56488,4
56489,6
56490,2
56491,2
56492,3
56493,1
56494,0
56495,0
56496,3
56497,0
56498,4
56499,1
56500,4
56501,1
56502,6
56503,0
56504,3
56505,5
56506,0
56507,2
56508,1
56509,5
56510,6
56511,4
56512,3
56513,4
56514,1
56515,1
56516,3
56517,1
56518,3
56519,4
56520,4
56521,3
56522,0
56523,1
56524,5
56525,1
56526,2
56527,6
56528,0
56529,2
56530,1
56531,5
56532,2
56533,6
56534,1
56535,2
56536,5
56537,1
56538,5
56539,3
56540,4
56541,2
56542,0
56543,2
56544,5
56545,1
56546,1
56547,1
56548,2
56549,1
56550,5
56551,1
56552,4
56553,0
56554,4
56555,0
56556,3
56557,0
56558,1
56559,2
56560,1
56561,3
56562,3
56563,4
56564,6
56565,6
56566,6
56567,2
56568,6
56569,3
56570,1
56571,1
56572,3
56573,4
56574,4
56575,3
56576,0
56577,2
56578,2
56579,3
56580,3
56581,5
56582,1
56583,1
56584,3
56585,3
56586,6
56587,1
56588,4
56589,5
56590,0
56591,5
56592,6
56593,2
56594,2
56595,3
56596,0
56597,5
56598,6
56599,1
56600,6
56601,4
56602,2
56603,4
56604,1
56605,6
56606,6
56607,5
56608,4
56609,0
56610,2
56611,2
56612,2
56613,6
56614,0
56615,2
56616,4
56617,1
56618,2
56619,6
56620,0
56621,2
56622,6
56623,5
56624,6
56625,5
56626,4
56627,5
56628,0
56629,0
56630,6
56631,1
56632,2
56633,0
56634,5
56635,1
56636,5
56637,5
56638,6
56639,6
56640,5
56641,0
56642,0
56643,0
56644,4
56645,6
56646,4
56647,0
56648,4
56649,3
56650,2
56651,4
56652,6
56653,4
56654,5
56655,4
56656,0
56657,3
56658,0
56659,2
56660,6
56661,5
56662,6
56663,5
56664,2
56665,1
56666,4
56667,3
56668,4
56669,1
56670,0
56671,5
56672,6
56673,0
56674,0
56675,4
56676,6
56677,1
56678,2
56679,6
56680,6
56681,5
56682,2
56683,4
56684,5
56685,0
56686,4
56687,6
56688,1
56689,6
56690,6
56691,1
56692,0
56693,6
56694,0
56695,5
56696,1
56697,3
56698,6
56699,6
56700,1
56701,2
56702,0
56703,5
56704,3
56705,3
56706,0
56707,0
56708,6
56709,6
56710,0
56711,1
56712,1
56713,5
56714,5
56715,4
56716,2
56717,1
56718,4
56719,6
56720,2
56721,1
56722,5
56723,4
56724,0
56725,4
56726,6
56727,6
56728,0
56729,5
56730,4
56731,1
56732,3
56733,0
56734,4
56735,2
56736,0
56737,3
56738,1
56739,1
56740,0
56741,2
56742,2
56743,4
56744,5
56745,1
56746,1
56747,3
56748,2
56749,1
56750,0
56751,0
56752,1
56753,3
56754,5
56755,0
56756,0
56757,1
56758,5
56759,6
56760,1
56761,1
56762,0
56763,2
56764,6
56765,4
56766,1
56767,3
56768,0
56769,6
56770,4
56771,4
56772,2
56773,6
56774,0
56775,3
56776,4
56777,6
56778,5
56779,1
56780,0
56781,2
56782,2
56783,2
56784,4
56785,4
56786,3
56787,4
56788,5
56789,5
56790,3
56791,1
56792,4
56793,0
56794,4
56795,4
56796,2
56797,5
56798,2
56799,1
56800,4
56801,6
56802,3
56803,0
56804,0
56805,1
56806,4
56807,0
56808,3
56809,6
56810,4
56811,0
56812,3
56813,6
56814,1
56815,4
56816,5
56817,1
56818,2
56819,2
56820,1
56821,6
56822,2
56823,4
56824,5
56825,5
56826,6
56827,0
56828,3
56829,3
56830,1
56831,0
56832,0
56833,6
56834,4
56835,4
56836,0
56837,1
56838,0
56839,0
56840,6
56841,0
56842,6
56843,6
56844,3
56845,1
56846,4
56847,4
56848,5
56849,3
56850,3
56851,2
56852,6
56853,6
56854,0
56855,1
56856,5
56857,3
56858,3
56859,3
56860,3
56861,3
56862,1
56863,1
56864,1
56865,1
56866,2
56867,1
56868,1
56869,4
56870,2
56871,3
56872,6
56873,0
56874,4
56875,6
56876,5
56877,4
56878,3
56879,5
56880,0
56881,3
56882,5
56883,2
56884,5
56885,4
56886,6
56887,0
56888,3
56889,4
56890,6
56891,5
56892,1
56893,5
56894,0
56895,5
56896,6
56897,1
56898,2
56899,5
56900,3
56901,6
56902,5
56903,1
56904,1
56905,5
56906,0
56907,0
56908,1
56909,4
56910,0
56911,5
56912,4
56913,2
56914,6
56915,2
56916,6
56917,0
56918,0
56919,6
56920,4
56921,2
56922,0
56923,2
56924,6
56925,6
56926,2
56927,5
56928,0
56929,1
56930,2
56931,5
56932,3
56933,0
56934,3
56935,2
56936,0
56937,4
56938,5
56939,5
56940,5
56941,4
56942,3
56943,6
56944,3
56945,3
56946,2
56947,3
56948,3
56949,6
56950,1
56951,2
56952,4
56953,4
56954,4
56955,2
56956,0
56957,3
56958,2
56959,5
56960,6
56961,3
56962,5
56963,2
56964,1
56965,4
56966,5
56967,5
56968,1
56969,2
56970,4
56971,2
56972,1
56973,3
56974,0
56975,2
56976,5
56977,0
56978,5
56979,4
56980,5
56981,2
56982,6
56983,6
56984,6
56985,1
56986,4
56987,2
56988,2
56989,5
56990,5
56991,3
56992,4
56993,4
56994,6
56995,2
56996,2
56997,3
56998,3
56999,3
57000,0
57001,4
57002,6
57003,6
57004,5
57005,1
57006,2
57007,3
57008,3
57009,2
57010,6
57011,3
57012,6
57013,2
57014,0
57015,2
57016,6
57017,6
57018,6
57019,4
57020,0
57021,0
57022,5
57023,0
57024,3
57025,5
57026,4
57027,3
57028,4
57029,6
57030,5
57031,6
57032,0
57033,6
57034,6
57035,6
57036,2
57037,6
57038,3
57039,5
57040,4
57041,3
57042,5
57043,3
57044,4
57045,3
57046,4
57047,0
57048,0
57049,0
57050,0
57051,3
57052,4
57053,0
57054,2
57055,2
57056,0
57057,1
57058,1
57059,1
57060,1
57061,4
57062,4
57063,2
57064,4
57065,0
57066,5
57067,6
57068,6
57069,6
57070,5
57071,6
57072,3
57073,0
57074,2
57075,6
57076,6
57077,3
57078,0
57079,5
57080,3
57081,1
57082,1
57083,5
57084,4
57085,6
57086,1
57087,3
57088,5
57089,2
57090,5
57091,3
57092,1
57093,2
57094,3
57095,1
57096,5
57097,6
57098,6
57099,5
57100,0
57101,0
57102,5
57103,3
57104,3
57105,6
57106,2
57107,0
57108,5
57109,1
57110,4
57111,0
57112,6
57113,2
57114,5
57115,2
57116,2
57117,1
57118,5
57119,4
57120,5
57121,3
57122,6
57123,3
57124,5
57125,6
57126,4
57127,5
57128,3
57129,6
57130,2
57131,3
57132,6
57133,4
57134,6
57135,0
57136,0
57137,3
57138,3
57139,6
57140,1
57141,1
57142,3
57143,0
57144,4
57145,0
57146,0
57147,1
57148,1
57149,3
57150,3
57151,4
57152,2
57153,1
57154,4
57155,2
57156,1
57157,3
57158,6
57159,1
57160,5
57161,6
57162,6
57163,2
57164,3
57165,4
57166,3
57167,5
57168,3
57169,1
57170,6
57171,2
57172,4
57173,5
57174,2
57175,3
57176,5
57177,3
57178,2
57179,2
57180,6
57181,0
57182,3
57183,3
57184,1
57185,4
57186,4
57187,2
57188,0
57189,1
57190,0
57191,1
57192,5
57193,2
57194,5
57195,4
57196,4
57197,5
57198,0
57199,5
57200,0
57201,4
57202,5
57203,4
57204,0
57205,0
57206,0
57207,3
57208,6
57209,3
57210,0
57211,5
57212,5
57213,0
57214,3
57215,1
57216,4
57217,1
57218,1
57219,0
57220,0
57221,1
57222,6
57223,5
57224,3
57225,4
57226,5
57227,3
57228,6
57229,4
57230,4
57231,3
57232,3
57233,2
57234,1
57235,5
57236,1
57237,6
57238,0
57239,5
57240,0
57241,1
57242,3
57243,1
57244,1
57245,5
57246,5
57247,6
57248,1
57249,0
57250,1
57251,6
57252,4
57253,1
57254,5
57255,5
57256,4
57257,0
57258,4
57259,4
57260,5
57261,5
57262,6
57263,4
57264,0
57265,1
57266,3
57267,2
57268,1
57269,0
57270,2
57271,6
57272,1
57273,0
57274,0
57275,3
57276,0
57277,4
57278,6
57279,3
57280,3
57281,3
57282,1
57283,1
57284,3
57285,0
57286,4
57287,4
57288,1
57289,2
57290,1
57291,1
57292,5
57293,1
57294,2
57295,5
57296,0
57297,6
57298,3
57299,2
57300,3
57301,0
57302,6
57303,1
57304,1
57305,4
57306,0
57307,6
57308,5
57309,4
57310,6
57311,6
57312,6
57313,5
57314,3
57315,6
57316,6
57317,4
57318,6
57319,2
57320,5
57321,5
57322,1
57323,3
57324,6
57325,6
57326,2
57327,4
57328,6
57329,2
57330,1
57331,5
57332,4
57333,2
57334,5
57335,4
57336,5
57337,6
57338,4
57339,2
57340,6
57341,6
57342,4
57343,6
57344,5
57345,1
57346,0
57347,1
57348,4
57349,0
57350,2
57351,2
57352,2
57353,2
57354,5
57355,0
57356,4
57357,4
57358,0
57359,6
57360,3
57361,4
57362,1
57363,5
57364,2
57365,2
57366,2
57367,6
57368,5
57369,5
57370,1
57371,3
57372,6
57373,3
57374,2
57375,5
57376,0
57377,3
57378,4
57379,4
57380,1
57381,3
57382,0
57383,0
57384,5
57385,5
57386,0
57387,6
57388,6
57389,0
57390,5
57391,4
57392,1
57393,1
57394,0
57395,0
57396,4
57397,1
57398,2
57399,1
57400,3
57401,0
57402,1
57403,4
57404,1
57405,6
57406,4
57407,0
57408,3
57409,1
57410,2
57411,5
57412,0
57413,3
57414,4
57415,2
57416,5
57417,6
57418,1
57419,0
57420,1
57421,5
57422,3
57423,3
57424,1
57425,5
57426,5
57427,6
57428,5
57429,3
57430,2
57431,4
57432,2
57433,1
57434,1
57435,2
57436,5
57437,0
57438,0
57439,4
57440,4
57441,3
57442,4
57443,4
57444,6
57445,4
57446,4
57447,0
57448,5
57449,1
57450,1
57451,4
57452,3
57453,2
57454,6
57455,1
57456,5
57457,4
57458,4
57459,2
57460,2
57461,6
57462,3
57463,4
57464,3
57465,4
57466,6
57467,4
57468,3
57469,5
57470,2
57471,1
57472,2
57473,6
57474,1
57475,3
57476,4
57477,5
57478,0
57479,5
57480,0
57481,4
57482,2
57483,2
57484,0
57485,3
57486,5
57487,1
57488,3
57489,4
57490,4
57491,4
57492,5
57493,0
57494,5
57495,4
57496,4
57497,4
57498,6
57499,4
57500,5
57501,0
57502,2
57503,4
57504,5
57505,6
57506,5
57507,2
57508,5
57509,4
57510,5
57511,4
57512,1
57513,2
57514,4
57515,1
57516,4
57517,2
57518,3
57519,3
57520,4
57521,3
57522,4
57523,4
57524,4
57525,4
57526,0
57527,0
57528,4
57529,3
57530,2
57531,3
57532,6
57533,3
57534,1
57535,1
57536,1
57537,5
57538,2
57539,5
57540,1
57541,0
57542,6
57543,3
57544,0
57545,3
57546,1
57547,2
57548,6
57549,4
57550,6
57551,2
57552,3
57553,3
57554,1
57555,3
57556,2
57557,3
57558,0
57559,0
57560,4
57561,0
57562,6
57563,1
57564,0
57565,2
57566,0
57567,5
57568,3
57569,5
57570,6
57571,6
57572,3
57573,4
57574,1
57575,1
57576,5
57577,6
57578,6
57579,4
57580,4
57581,3
57582,1
57583,3
57584,6
57585,5
57586,3
57587,0
57588,5
57589,2
57590,0
57591,0
57592,5
57593,4
57594,0
57595,3
57596,6
57597,1
57598,0
57599,2
57600,4
57601,3
57602,0
57603,3
57604,3
57605,2
57606,0
57607,1
57608,5
57609,5
57610,5
57611,2
57612,6
57613,1
57614,1
57615,4
57616,4
57617,5
57618,6
57619,2
57620,6
57621,4
57622,4
57623,5
57624,4
57625,6
57626,0
57627,3
57628,2
57629,0
57630,6
57631,6
57632,4
57633,0
57634,3
57635,6
57636,3
57637,2
57638,3
57639,3
57640,0
57641,0
57642,2
57643,6
57644,4
57645,5
57646,4
57647,2
57648,4
57649,1
57650,2
57651,6
57652,0
57653,2
57654,2
57655,1
57656,5
57657,3
57658,3
57659,5
57660,5
57661,0
57662,1
57663,3
57664,0
57665,0
57666,2
57667,1
57668,2
57669,0
57670,2
57671,6
57672,3
57673,5
57674,5
57675,2
57676,1
57677,5
57678,5
57679,6
57680,0
57681,1
57682,3
57683,0
57684,6
57685,1
57686,6
57687,2
57688,0
57689,3
57690,4
57691,2
57692,6
57693,6
57694,4
57695,3
57696,6
57697,5
57698,5
57699,6
57700,1
57701,5
57702,0
57703,6
57704,3
57705,2
57706,5
57707,6
57708,4
57709,5
57710,2
57711,5
57712,6
57713,6
57714,4
57715,0
57716,1
57717,5
57718,5
57719,0
57720,3
57721,4
57722,5
57723,3
57724,1
57725,2
57726,4
57727,5
57728,1
57729,3
57730,0
57731,5
57732,5
57733,3
57734,2
57735,3
57736,5
57737,5
57738,6
57739,6
57740,3
57741,4
57742,0
57743,5
57744,0
57745,5
57746,1
57747,1
57748,5
57749,5
57750,2
57751,1
57752,3
57753,4
57754,6
57755,4
57756,0
57757,2
57758,5
57759,3
57760,3
57761,5
57762,1
57763,3
57764,0
57765,5
57766,3
57767,2
57768,5
57769,4
57770,4
57771,6
57772,2
57773,2
57774,3
57775,1
57776,6
57777,3
57778,0
57779,0
57780,2
57781,5
57782,4
57783,4
57784,1
57785,6
57786,2
57787,4
57788,4
57789,5
57790,2
57791,3
57792,6
57793,2
57794,0
57795,6
57796,0
57797,0
57798,3
57799,3
57800,0
57801,2
57802,3
57803,1
57804,4
57805,6
57806,6
57807,5
57808,5
57809,5
57810,4
57811,5
57812,0
57813,6
57814,2
57815,4
57816,5
57817,3
57818,3
57819,3
57820,6
57821,2
57822,4
57823,5
57824,4
57825,3
57826,4
57827,3
57828,1
57829,4
57830,0
57831,1
57832,3
57833,0
57834,4
57835,4
57836,4
57837,3
57838,0
57839,5
57840,5
57841,0
57842,4
57843,1
57844,2
57845,0
57846,5
57847,1
57848,0
57849,3
57850,6
57851,0
57852,2
57853,2
57854,2
57855,1
57856,5
57857,1
57858,0
57859,0
57860,2
57861,4
57862,0
57863,1
57864,1
57865,5
57866,4
57867,4
57868,2
57869,4
57870,3
57871,6
57872,5
57873,5
57874,4
57875,1
57876,3
57877,1
57878,0
57879,0
57880,2
57881,0
57882,0
57883,3
57884,4
57885,2
57886,1
57887,1
57888,1
57889,5
57890,3
57891,2
57892,2
57893,5
57894,0
57895,3
57896,6
57897,5
57898,4
57899,4
57900,5
57901,5
57902,4
57903,4
57904,0
57905,1
57906,4
57907,5
57908,3
57909,3
57910,4
57911,6
57912,1
57913,0
57914,4
57915,4
57916,4
57917,4
57918,1
57919,4
57920,1
57921,4
57922,3
57923,6
57924,5
57925,2
57926,3
57927,0
57928,2
57929,6
57930,1
57931,1
57932,3
57933,2
57934,5
57935,3
57936,5
57937,3
57938,6
57939,3
57940,3
57941,3
57942,1
57943,4
57944,6
57945,4
57946,4
57947,1
57948,1
57949,6
57950,5
57951,5
57952,6
57953,5
57954,5
57955,4
57956,0
57957,3
57958,4
57959,3
57960,2
57961,6
57962,6
57963,6
57964,3
57965,2
57966,3
57967,4
57968,3
57969,5
57970,3
57971,3
57972,3
57973,0
57974,5
57975,4
57976,4
57977,1
57978,3
57979,3
57980,2
57981,5
57982,1
57983,0
57984,4
57985,4
57986,3
57987,2
57988,5
57989,5
57990,5
57991,4
57992,6
57993,4
57994,2
57995,2
57996,5
57997,3
57998,4
57999,0
58000,0
58001,0
58002,0
58003,6
58004,6
58005,3
58006,0
58007,2
58008,4
58009,3
58010,3
58011,4
58012,5
58013,0
58014,2
58015,1
58016,5
58017,0
58018,5
58019,3
58020,6
58021,6
58022,0
58023,0
58024,5
58025,6
58026,0
58027,5
58028,2
58029,4
58030,5
58031,0
58032,6
58033,4
58034,6
58035,0
58036,0
58037,6
58038,4
58039,3
58040,4
58041,5
58042,5
58043,2
58044,0
58045,3
58046,5
58047,3
58048,1
58049,0
58050,0
58051,1
58052,2
58053,4
58054,0
58055,1
58056,3
58057,5
58058,3
58059,6
58060,1
58061,2
58062,4
58063,0
58064,1
58065,1
58066,5
58067,5
58068,4
58069,2
58070,3
58071,5
58072,3
58073,4
58074,4
58075,2
58076,6
58077,2
58078,5
58079,3
58080,4
58081,2
58082,3
58083,2
58084,2
58085,0
58086,0
58087,0
58088,2
58089,1
58090,0
58091,0
58092,6
58093,6
58094,5
58095,0
58096,4
58097,1
58098,2
58099,3
58100,3
58101,2
58102,1
58103,0
58104,5
58105,4
58106,6
58107,5
58108,6
58109,3
58110,4
58111,2
58112,1
58113,0
58114,0
58115,2
58116,2
58117,5
58118,0
58119,3
58120,0
58121,0
58122,0
58123,4
58124,5
58125,5
58126,6
58127,0
58128,6
58129,5
58130,5
58131,6
58132,3
58133,0
58134,5
58135,4
58136,5
58137,0
58138,4
58139,1
58140,4
58141,3
58142,5
58143,1
58144,4
58145,3
58146,4
58147,3
58148,3
58149,4
58150,5
58151,5
58152,0
58153,2
58154,6
58155,4
58156,5
58157,3
58158,6
58159,1
58160,4
58161,6
58162,1
58163,4
58164,0
58165,3
58166,0
58167,4
58168,4
58169,6
58170,2
58171,4
58172,0
58173,4
58174,0
58175,2
58176,1
58177,4
58178,0
58179,0
58180,3
58181,5
58182,0
58183,3
58184,0
58185,2
58186,1
58187,2
58188,2
58189,3
58190,4
58191,2
58192,6
58193,6
58194,2
58195,3
58196,1
58197,5
58198,0
58199,1
58200,5
58201,4
58202,3
58203,5
58204,3
58205,6
58206,4
58207,2
58208,2
58209,0
58210,4
58211,6
58212,5
58213,6
58214,4
58215,5
58216,2
58217,1
58218,1
58219,3
58220,6
58221,6
58222,4
58223,0
58224,1
58225,6
58226,3
58227,2
58228,0
58229,6
58230,1
58231,6
58232,0
58233,0
58234,3
58235,6
58236,6
58237,5
58238,3
58239,1
58240,6
58241,0
58242,2
58243,0
58244,6
58245,5
58246,2
58247,2
58248,4
58249,4
58250,4
58251,6
58252,2
58253,0
58254,0
58255,6
58256,6
58257,5
58258,6
58259,2
58260,1
58261,6
58262,0
58263,5
58264,4
58265,1
58266,6
58267,5
58268,2
58269,2
58270,3
58271,4
58272,2
58273,6
58274,0
58275,1
58276,0
58277,1
58278,6
58279,0
58280,0
58281,3
58282,3
58283,0
58284,6
58285,4
58286,2
58287,4
58288,5
58289,3
58290,0
58291,3
58292,0
58293,0
58294,2
58295,3
58296,6
58297,3
58298,5
58299,3
58300,1
58301,6
58302,0
58303,0
58304,4
58305,0
58306,3
58307,0
58308,0
58309,1
58310,0
58311,1
58312,0
58313,6
58314,1
58315,0
58316,5
58317,3
58318,2
58319,3
58320,5
58321,2
58322,5
58323,4
58324,0
58325,3
58326,4
58327,1
58328,1
58329,2
58330,5
58331,6
58332,0
58333,5
58334,5
58335,6
58336,5
58337,0
58338,4
58339,0
58340,4
58341,4
58342,0
58343,4
58344,0
58345,3
58346,6
58347,1
58348,0
58349,2
58350,5
58351,5
58352,5
58353,3
58354,2
58355,3
58356,2
58357,1
58358,4
58359,2
58360,1
58361,0
58362,6
58363,5
58364,3
58365,2
58366,5
58367,3
58368,5
58369,0
58370,5
58371,1
58372,1
58373,6
58374,0
58375,5
58376,6
58377,0
58378,1
58379,2
58380,5
58381,2
58382,1
58383,5
58384,3
58385,4
58386,1
58387,3
58388,2
58389,4
58390,0
58391,3
58392,6
58393,1
58394,5
58395,2
58396,6
58397,5
58398,3
58399,0
58400,4
58401,3
58402,4
58403,6
58404,4
58405,4
58406,6
58407,5
58408,2
58409,3
58410,0
58411,3
58412,0
58413,2
58414,5
58415,5
58416,0
58417,0
58418,3
58419,4
58420,0
58421,2
58422,0
58423,0
58424,1
58425,4
58426,4
58427,1
58428,1
58429,5
58430,5
58431,5
58432,0
58433,2
58434,4
58435,1
58436,4
58437,5
58438,5
58439,0
58440,0
58441,3
58442,4
58443,5
58444,2
58445,2
58446,1
58447,0
58448,0
58449,0
58450,4
58451,2
58452,0
58453,3
58454,0
58455,0
58456,5
58457,6
58458,2
58459,3
58460,1
58461,2
58462,4
58463,1
58464,0
58465,2
58466,4
58467,6
58468,2
58469,3
58470,1
58471,2
58472,3
58473,5
58474,0
58475,5
58476,0
58477,2
58478,3
58479,1
58480,1
58481,5
58482,3
58483,0
58484,2
58485,4
58486,3
58487,2
58488,1
58489,2
58490,3
58491,5
58492,0
58493,5
58494,4
58495,0
58496,6
58497,3
58498,3
58499,4
58500,2
58501,0
58502,0
58503,3
58504,0
58505,0
58506,6
58507,3
58508,2
58509,0
58510,1
58511,5
58512,3
58513,2
58514,4
58515,0
58516,5
58517,2
58518,3
58519,2
58520,2
58521,6
58522,5
58523,2
58524,5
58525,4
58526,3
58527,4
58528,3
58529,0
58530,0
58531,3
58532,2
58533,1
58534,4
58535,4
58536,5
58537,6
58538,2
58539,1
58540,3
58541,6
58542,2
58543,4
58544,2
58545,3
58546,0
58547,4
58548,0
58549,4
58550,5
58551,6
58552,2
58553,2
58554,3
58555,2
58556,0
58557,3
58558,4
58559,0
58560,0
58561,1
58562,5
58563,1
58564,1
58565,4
58566,3
58567,1
58568,5
58569,6
58570,0
58571,5
58572,2
58573,4
58574,5
58575,4
58576,5
58577,6
58578,3
58579,2
58580,6
58581,1
58582,5
58583,6
58584,5
58585,0
58586,2
58587,1
58588,3
58589,6
58590,4
58591,4
58592,4
58593,4
58594,4
58595,3
58596,0
58597,3
58598,2
58599,5
58600,0
58601,2
58602,1
58603,4
58604,6
58605,1
58606,3
58607,4
58608,0
58609,3
58610,1
58611,6
58612,6
58613,4
58614,2
58615,3
58616,4
58617,5
58618,6
58619,4
58620,3
58621,5
58622,5
58623,1
58624,4
58625,6
58626,4
58627,1
58628,4
58629,6
58630,1
58631,4
58632,2
58633,0
58634,5
58635,2
58636,2
58637,6
58638,1
58639,6
58640,3
58641,2
58642,5
58643,3
58644,5
58645,3
58646,4
58647,4
58648,4
58649,2
58650,1
58651,3
58652,1
58653,4
58654,4
58655,5
58656,3
58657,0
58658,4
58659,6
58660,3
58661,4
58662,5
58663,0
58664,0
58665,1
58666,0
58667,4
58668,6
58669,1
58670,4
58671,4
58672,1
58673,5
58674,3
58675,0
58676,0
58677,5
58678,4
58679,0
58680,1
58681,4
58682,5
58683,4
58684,2
58685,4
58686,4
58687,4
58688,6
58689,6
58690,3
58691,6
58692,2
58693,5
58694,5
58695,1
58696,2
58697,3
58698,4
58699,6
58700,2
58701,3
58702,6
58703,3
58704,3
58705,3
58706,5
58707,2
58708,6
58709,4
58710,2
58711,4
58712,6
58713,0
58714,3
58715,0
58716,1
58717,5
58718,0
58719,2
58720,3
58721,4
58722,1
58723,0
58724,3
58725,4
58726,0
58727,1
58728,5
58729,0
58730,6
58731,2
58732,4
58733,1
58734,2
58735,0
58736,6
58737,3
58738,4
58739,4
58740,0
58741,6
58742,3
58743,5
58744,3
58745,5
58746,6
58747,5
58748,1
58749,6
58750,4
58751,4
58752,4
58753,6
58754,5
58755,4
58756,3
58757,2
58758,0
58759,1
58760,3
58761,1
58762,3
58763,3
58764,6
58765,2
58766,6
58767,0
58768,3
58769,0
58770,2
58771,5
58772,5
58773,3
58774,4
58775,3
58776,2
58777,6
58778,5
58779,1
58780,2
58781,2
58782,0
58783,3
58784,2
58785,5
58786,4
58787,6
58788,4
58789,3
58790,0
58791,1
58792,0
58793,2
58794,2
58795,2
58796,4
58797,4
58798,0
58799,3
58800,6
58801,6
58802,0
58803,4
58804,6
58805,6
58806,2
58807,2
58808,5
58809,4
58810,5
58811,3
58812,0
58813,3
58814,2
58815,3
58816,0
58817,5
58818,0
58819,2
58820,0
58821,3
58822,2
58823,0
58824,3
58825,6
58826,5
58827,6
58828,5
58829,0
58830,6
58831,0
58832,0
58833,5
58834,3
58835,0
58836,5
58837,4
58838,2
58839,4
58840,6
58841,6
58842,1
58843,5
58844,0
58845,4
58846,3
58847,1
58848,2
58849,0
58850,2
58851,4
58852,4
58853,2
58854,0
58855,3
58856,1
58857,0
58858,1
58859,5
58860,0
58861,3
58862,0
58863,2
58864,5
58865,2
58866,0
58867,1
58868,5
58869,3
58870,2
58871,1
58872,4
58873,1
58874,1
58875,1
58876,5
58877,4
58878,4
58879,1
58880,1
58881,0
58882,3
58883,3
58884,6
58885,5
58886,2
58887,5
58888,0
58889,1
58890,5
58891,1
58892,5
58893,0
58894,3
58895,0
58896,1
58897,4
58898,5
58899,1
58900,0
58901,0
58902,3
58903,6
58904,4
58905,3
58906,2
58907,0
58908,1
58909,1
58910,6
58911,0
58912,1
58913,0
58914,4
58915,4
58916,1
58917,6
58918,4
58919,0
58920,2
58921,6
58922,6
58923,4
58924,5
58925,3
58926,6
58927,0
58928,2
58929,6
58930,6
58931,5
58932,6
58933,2
58934,3
58935,3
58936,0
58937,0
58938,4
58939,5
58940,4
58941,1
58942,1
58943,0
58944,0
58945,4
58946,5
58947,6
58948,4
58949,0
58950,3
58951,0
58952,5
58953,4
58954,0
58955,3
58956,1
58957,4
58958,6
58959,4
58960,3
58961,5
58962,5
58963,4
58964,6
58965,3
58966,1
58967,1
58968,5
58969,0
58970,5
58971,4
58972,1
58973,0
58974,2
58975,3
58976,0
58977,2
58978,2
58979,1
58980,1
58981,0
58982,6
58983,2
58984,5
58985,4
58986,0
58987,3
58988,4
58989,4
58990,2
58991,2
58992,3
58993,5
58994,4
58995,3
58996,2
58997,2
58998,4
58999,1
59000,4
59001,0
59002,6
59003,6
59004,4
59005,0
59006,2
59007,2
59008,2
59009,0
59010,5
59011,0
59012,5
59013,2
59014,3
59015,0
59016,5
59017,0
59018,6
59019,0
59020,0
59021,1
59022,2
59023,0
59024,6
59025,4
59026,5
59027,2
59028,1
59029,3
59030,4
59031,1
59032,4
59033,2
59034,6
59035,5
59036,4
59037,1
59038,4
59039,2
59040,2
59041,3
59042,6
59043,1
59044,0
59045,4
59046,3
59047,2
59048,5
59049,0
59050,2
59051,3
59052,1
59053,3
59054,3
59055,1
59056,6
59057,6
59058,3
59059,4
59060,2
59061,5
59062,1
59063,4
59064,1
59065,5
59066,4
59067,5
59068,6
59069,0
59070,6
59071,3
59072,6
59073,2
59074,6
59075,3
59076,2
59077,2
59078,4
59079,1
59080,1
59081,2
59082,3
59083,0
59084,6
59085,6
59086,4
59087,1
59088,4
59089,2
59090,6
59091,2
59092,5
59093,1
59094,2
59095,2
59096,5
59097,2
59098,5
59099,0
59100,6
59101,2
59102,0
59103,1
59104,6
59105,6
59106,2
59107,1
59108,4
59109,4
59110,2
59111,3
59112,0
59113,5
59114,3
59115,1
59116,5
59117,4
59118,6
59119,2
59120,1
59121,1
59122,6
59123,3
59124,3
59125,3
59126,1
59127,1
59128,0
59129,0
59130,3
59131,2
59132,4
59133,0
59134,1
59135,0
59136,1
59137,2
59138,4
59139,3
59140,1
59141,3
59142,1
59143,0
59144,5
59145,6
59146,5
59147,5
59148,0
59149,2
59150,3
59151,6
59152,5
59153,0
59154,2
59155,1
59156,3
59157,5
59158,4
59159,5
59160,4
59161,5
59162,3
59163,3
59164,4
59165,1
59166,2
59167,4
59168,2
59169,4
59170,1
59171,2
59172,4
59173,1
59174,1
59175,4
59176,5
59177,5
59178,1
59179,2
59180,2
59181,4
59182,4
59183,3
59184,4
59185,0
59186,2
59187,1
59188,0
59189,2
59190,1
59191,0
59192,5
59193,0
59194,3
59195,4
59196,0
59197,1
59198,4
59199,4
59200,5
59201,0
59202,1
59203,6
59204,2
59205,3
59206,3
59207,1
59208,3
59209,5
59210,6
59211,0
59212,5
59213,5
59214,6
59215,3
59216,2
59217,6
59218,0
59219,1
59220,6
59221,4
59222,4
59223,3
59224,2
59225,5
59226,1
59227,0
59228,3
59229,0
59230,0
59231,5
59232,2
59233,3
59234,0
59235,0
59236,2
59237,3
59238,2
59239,0
59240,1
59241,4
59242,5
59243,0
59244,5
59245,3
59246,6
59247,4
59248,1
59249,0
59250,5
59251,6
59252,5
59253,2
59254,3
59255,2
59256,2
59257,4
59258,4
59259,4
59260,5
59261,1
59262,3
59263,0
59264,2
59265,6
59266,1
59267,3
59268,0
59269,3
59270,2
59271,0
59272,2
59273,4
59274,0
59275,4
59276,3
59277,4
59278,5
59279,1
59280,5
59281,2
59282,0
59283,5
59284,2
59285,3
59286,4
59287,4
59288,4
59289,4
59290,6
59291,0
59292,3
59293,0
59294,6
59295,1
59296,2
59297,2
59298,6
59299,5
59300,4
59301,0
59302,5
59303,4
59304,2
59305,4
59306,4
59307,1
59308,5
59309,3
59310,3
59311,1
59312,5
59313,0
59314,3
59315,6
59316,0
59317,1
59318,3
59319,4
59320,5
59321,6
59322,6
59323,4
59324,3
59325,1
59326,4
59327,2
59328,6
59329,0
59330,0
59331,0
59332,6
59333,0
59334,0
59335,4
59336,1
59337,2
59338,2
59339,5
59340,6
59341,3
59342,6
59343,3
59344,2
59345,3
59346,6
59347,1
59348,0
59349,0
59350,5
59351,2
59352,2
59353,3
59354,4
59355,3
59356,0
59357,4
59358,3
59359,2
59360,5
59361,6
59362,5
59363,4
59364,6
59365,4
59366,3
59367,5
59368,6
59369,3
59370,0
59371,3
59372,4
59373,3
59374,2
59375,1
59376,3
59377,0
59378,2
59379,3
59380,5
59381,2
59382,2
59383,1
59384,2
59385,4
59386,0
59387,4
59388,0
59389,4
59390,3
59391,0
59392,3
59393,0
59394,5
59395,4
59396,1
59397,6
59398,5
59399,3
59400,0
59401,0
59402,1
59403,0
59404,4
59405,6
59406,1
59407,4
59408,4
59409,4
59410,2
59411,3
59412,4
59413,4
59414,2
59415,3
59416,0
59417,2
59418,1
59419,4
59420,0
59421,5
59422,4
59423,4
59424,3
59425,4
59426,1
59427,2
59428,6
59429,3
59430,3
59431,1
59432,3
59433,5
59434,2
59435,0
59436,1
59437,1
59438,2
59439,5
59440,6
59441,0
59442,1
59443,4
59444,3
59445,1
59446,2
59447,0
59448,1
59449,2
59450,3
59451,3
59452,4
59453,0
59454,0
59455,6
59456,0
59457,1
59458,1
59459,1
59460,4
59461,4
59462,0
59463,0
59464,3
59465,6
59466,0
59467,4
59468,5
59469,3
59470,1
59471,1
59472,5
59473,2
59474,6
59475,0
59476,6
59477,1
59478,1
59479,0
59480,4
59481,1
59482,4
59483,4
59484,2
59485,0
59486,2
59487,5
59488,3
59489,2
59490,6
59491,5
59492,4
59493,2
59494,6
59495,4
59496,5
59497,6
59498,0
59499,6
59500,3
59501,0
59502,0
59503,5
59504,2
59505,1
59506,0
59507,2
59508,4
59509,1
59510,3
59511,2
59512,5
59513,5
59514,6
59515,6
59516,2
59517,4
59518,3
59519,5
59520,4
59521,5
59522,5
59523,4
59524,0
59525,0
59526,0
59527,0
59528,2
59529,5
59530,3
59531,6
59532,5
59533,6
59534,6
59535,4
59536,0
59537,4
59538,0
59539,0
59540,6
59541,6
59542,5
59543,2
59544,4
59545,2
59546,0
59547,1
59548,2
59549,0
59550,3
59551,5
59552,4
59553,0
59554,4
59555,0
59556,6
59557,4
59558,2
59559,0
59560,4
59561,5
59562,0
59563,1
59564,6
59565,3
59566,3
59567,3
59568,5
59569,2
59570,2
59571,6
59572,5
59573,5
59574,5
59575,1
59576,3
59577,3
59578,4
59579,3
59580,5
59581,2
59582,2
59583,3
59584,0
59585,3
59586,5
59587,1
59588,1
59589,2
59590,6
59591,2
59592,3
59593,0
59594,4
59595,0
59596,0
59597,5
59598,3
59599,6
59600,5
59601,1
59602,4
59603,0
59604,4
59605,3
59606,4
59607,3
59608,0
59609,0
59610,5
59611,3
59612,5
59613,0
59614,4
59615,4
59616,1
59617,2
59618,4
59619,0
59620,6
59621,1
59622,6
59623,6
59624,4
59625,0
59626,2
59627,0
59628,5
59629,4
59630,1
59631,5
59632,3
59633,1
59634,6
59635,4
59636,5
59637,0
59638,4
59639,3
59640,6
59641,4
59642,0
59643,2
59644,3
59645,5
59646,2
59647,4
59648,3
59649,5
59650,4
59651,4
59652,4
59653,1
59654,0
59655,5
59656,1
59657,3
59658,5
59659,0
59660,4
59661,5
59662,4
59663,3
59664,0
59665,0
59666,4
59667,0
59668,3
59669,0
59670,6
59671,2
59672,2
59673,5
59674,1
59675,2
59676,1
59677,1
59678,3
59679,6
59680,1
59681,1
59682,0
59683,4
59684,6
59685,6
59686,4
59687,3
59688,3
59689,5
59690,3
59691,0
59692,2
59693,4
59694,2
59695,3
59696,1
59697,6
59698,1
59699,1
59700,0
59701,3
59702,2
59703,3
59704,2
59705,1
59706,1
59707,5
59708,3
59709,3
59710,0
59711,0
59712,0
59713,2
59714,3
59715,3
59716,2
59717,3
59718,4
59719,6
59720,3
59721,4
59722,5
59723,1
59724,1
59725,3
59726,3
59727,4
59728,1
59729,2
59730,4
59731,0
59732,2
59733,6
59734,6
59735,3
59736,1
59737,5
59738,1
59739,3
59740,3
59741,3
59742,5
59743,6
59744,4
59745,0
59746,3
59747,3
59748,5
59749,5
59750,6
59751,5
59752,1
59753,5
59754,6
59755,2
59756,3
59757,0
59758,6
59759,6
59760,0
59761,5
59762,1
59763,6
59764,6
59765,3
59766,4
59767,2
59768,5
59769,6
59770,5
59771,1
59772,1
59773,6
59774,4
59775,6
59776,3
59777,5
59778,4
59779,1
59780,5
59781,3
59782,2
59783,4
59784,2
59785,5
59786,3
59787,2
59788,3
59789,6
59790,0
59791,0
59792,6
59793,6
59794,3
59795,5
59796,0
59797,6
59798,3
59799,6
59800,4
59801,6
59802,6
59803,5
59804,1
59805,4
59806,1
59807,6
59808,0
59809,1
59810,6
59811,2
59812,3
59813,4
59814,3
59815,0
59816,1
59817,3
59818,0
59819,4
59820,5
59821,3
59822,5
59823,6
59824,4
59825,1
59826,5
59827,1
59828,2
59829,3
59830,6
59831,6
59832,6
59833,0
59834,1
59835,1
59836,3
59837,3
59838,2
59839,4
59840,0
59841,1
59842,5
59843,3
59844,5
59845,0
59846,6
59847,4
59848,4
59849,3
59850,0
59851,1
59852,5
59853,6
59854,3
59855,6
59856,1
59857,4
59858,1
59859,2
59860,4
59861,0
59862,6
59863,2
59864,0
59865,0
59866,4
59867,5
59868,5
59869,6
59870,6
59871,3
59872,4
59873,0
59874,1
59875,5
59876,5
59877,0
59878,0
59879,5
59880,5
59881,1
59882,2
59883,2
59884,4
59885,6
59886,6
59887,3
59888,2
59889,0
59890,3
59891,4
59892,2
59893,5
59894,6
59895,4
59896,5
59897,6
59898,1
59899,4
59900,2
59901,3
59902,6
59903,0
59904,6
59905,0
59906,6
59907,1
59908,5
59909,1
59910,6
59911,6
59912,5
59913,0
59914,4
59915,3
59916,4
59917,3
59918,4
59919,2
59920,6
59921,5
59922,0
59923,2
59924,2
59925,5
59926,6
59927,0
59928,1
59929,1
59930,3
59931,3
59932,0
59933,4
59934,1
59935,0
59936,5
59937,4
59938,4
59939,4
59940,0
59941,2
59942,6
59943,5
59944,2
59945,4
59946,2
59947,2
59948,6
59949,1
59950,6
59951,4
59952,1
59953,0
59954,0
59955,4
59956,4
59957,6
59958,6
59959,1
59960,6
59961,0
59962,4
59963,4
59964,6
59965,3
59966,4
59967,2
59968,6
59969,4
59970,4
59971,5
59972,0
59973,0
59974,5
59975,4
59976,0
59977,2
59978,0
59979,2
59980,6
59981,6
59982,0
59983,6
59984,2
59985,4
59986,2
59987,0
59988,5
59989,5
59990,1
59991,3
59992,5
59993,4
59994,5
59995,0
59996,6
59997,2
59998,4
59999,3
60000,3
60001,5
60002,0
60003,0
60004,1
60005,2
60006,5
60007,5
60008,2
60009,1
60010,4
60011,2
60012,0
60013,3
60014,6
60015,1
60016,6
60017,5
60018,1
60019,2
60020,3
60021,2
60022,0
60023,5
60024,2
60025,6
60026,4
60027,0
60028,4
60029,3
60030,2
60031,6
60032,2
60033,5
60034,2
60035,0
60036,3
60037,6
60038,6
60039,6
60040,3
60041,3
60042,1
60043,3
60044,3
60045,5
60046,4
60047,3
60048,6
60049,1
60050,5
60051,5
60052,4
60053,5
60054,2
60055,3
60056,1
60057,5
60058,6
60059,1
60060,5
60061,6
60062,0
60063,6
60064,3
60065,1
60066,4
60067,4
60068,6
60069,5
60070,3
60071,4
60072,5
60073,3
60074,5
60075,4
60076,1
60077,4
60078,2
60079,0
60080,5
60081,5
60082,2
60083,4
60084,2
60085,6
60086,1
60087,0
60088,4
60089,2
60090,1
60091,6
60092,2
60093,0
60094,6
60095,2
60096,5
60097,3
60098,5
60099,4
60100,0
60101,4
60102,6
60103,0
60104,3
60105,3
60106,4
60107,2
60108,3
60109,1
60110,4
60111,3
60112,6
60113,6
60114,3
60115,4
60116,1
60117,1
60118,3
60119,0
60120,0
60121,4
60122,6
60123,4
60124,5
60125,4
60126,1
60127,4
60128,1
60129,6
60130,1
60131,3
60132,4
60133,4
60134,3
60135,2
60136,0
60137,4
60138,5
60139,3
60140,6
60141,2
60142,1
60143,3
60144,3
60145,2
60146,0
60147,3
60148,5
60149,4
60150,6
60151,1
60152,4
60153,0
60154,4
60155,2
60156,1
60157,5
60158,0
60159,4
60160,4
60161,4
60162,2
60163,3
60164,4
60165,0
60166,5
60167,4
60168,5
60169,0
60170,2
60171,1
60172,5
60173,0
60174,6
60175,5
60176,1
60177,3
60178,0
60179,4
60180,2
60181,6
60182,1
60183,5
60184,1
60185,0
60186,5
60187,0
60188,5
60189,5
60190,5
60191,2
60192,5
60193,1
60194,0
60195,6
60196,0
60197,4
60198,6
60199,1
60200,2
60201,0
60202,2
60203,1
60204,2
60205,2
60206,0
60207,4
60208,3
60209,0
60210,4
60211,0
60212,2
60213,3
60214,2
60215,0
60216,4
60217,2
60218,6
60219,6
60220,2
60221,6
60222,5
60223,1
60224,2
60225,4
60226,4
60227,0
60228,3
60229,1
60230,5
60231,1
60232,5
60233,4
60234,0
60235,5
60236,1
60237,4
60238,0
60239,0
60240,5
60241,6
60242,3
60243,3
60244,4
60245,1
60246,4
60247,2
60248,3
60249,3
60250,1
60251,5
60252,5
60253,2
60254,3
60255,1
60256,0
60257,5
60258,2
60259,1
60260,6
60261,6
60262,5
60263,1
60264,3
60265,5
60266,5
60267,3
60268,3
60269,4
60270,0
60271,5
60272,6
60273,0
60274,4
60275,1
60276,5
60277,5
60278,0
60279,1
60280,4
60281,6
60282,0
60283,1
60284,0
60285,1
60286,0
60287,5
60288,2
60289,2
60290,3
60291,2
60292,0
60293,5
60294,3
60295,3
60296,6
60297,1
60298,6
60299,3
60300,4
60301,6
60302,1
60303,4
60304,4
60305,6
60306,1
60307,0
60308,5
60309,4
60310,0
60311,6
60312,6
60313,3
60314,1
60315,5
60316,3
60317,2
60318,1
60319,0
60320,1
60321,4
60322,5
60323,0
60324,0
60325,3
60326,1
60327,1
60328,5
60329,2
60330,0
60331,2
60332,4
60333,1
60334,4
60335,3
60336,4
60337,3
60338,2
60339,3
60340,1
60341,0
60342,4
60343,5
60344,6
60345,6
60346,5
60347,6
60348,5
60349,5
60350,2
60351,4
60352,4
60353,2
60354,6
60355,1
60356,4
60357,5
60358,5
60359,1
60360,3
60361,0
60362,3
60363,3
60364,5
60365,5
60366,5
60367,4
60368,3
60369,6
60370,5
60371,5
60372,3
60373,5
60374,3
60375,0
60376,3
60377,5
60378,1
60379,3
60380,4
60381,6
60382,1
60383,3
60384,3
60385,0
60386,5
60387,4
60388,5
60389,0
60390,0
60391,0
60392,5
60393,4
60394,0
60395,5
60396,0
60397,1
60398,3
60399,5
60400,4
60401,3
60402,1
60403,2
60404,0
60405,5
60406,4
60407,5
60408,3
60409,1
60410,0
60411,3
60412,6
60413,2
60414,0
60415,2
60416,5
60417,2
60418,4
60419,3
60420,2
60421,1
60422,6
60423,6
60424,4
60425,4
60426,0
60427,2
60428,5
60429,4
60430,1
60431,4
60432,6
60433,4
60434,6
60435,3
60436,3
60437,1
60438,0
60439,0
60440,5
60441,3
60442,2
60443,5
60444,0
60445,1
60446,2
60447,3
60448,4
60449,2
60450,1
60451,5
60452,4
60453,0
60454,2
60455,1
60456,1
60457,3
60458,2
60459,2
60460,2
60461,5
60462,4
60463,3
60464,6
60465,3
60466,1
60467,2
60468,5
60469,5
60470,5
60471,4
60472,6
60473,4
60474,2
60475,5
60476,0
60477,2
60478,0
60479,5
60480,0
60481,3
60482,6
60483,2
60484,0
60485,0
60486,0
60487,2
60488,2
60489,3
60490,3
60491,3
60492,0
60493,2
60494,3
60495,5
60496,3
60497,5
60498,4
60499,3
60500,0
60501,5
60502,3
60503,5
60504,2
60505,2
60506,5
60507,4
60508,3
60509,2
60510,4
60511,1
60512,2
60513,1
60514,5
60515,1
60516,5
60517,2
60518,3
60519,3
60520,1
60521,1
60522,5
60523,0
60524,1
60525,0
60526,5
60527,1
60528,4
60529,5
60530,4
60531,1
60532,3
60533,1
60534,2
60535,1
60536,1
60537,3
60538,6
60539,1
60540,3
60541,6
60542,0
60543,4
60544,2
60545,0
60546,3
60547,3
60548,1
60549,4
60550,6
60551,4
60552,2
60553,2
60554,6
60555,2
60556,0
60557,6
60558,2
60559,4
60560,2
60561,0
60562,5
60563,0
60564,3
60565,5
60566,2
60567,6
60568,5
60569,0
60570,5
60571,2
60572,4
60573,2
60574,3
60575,1
60576,2
60577,2
60578,4
60579,6
60580,4
60581,2
60582,0
60583,2
60584,0
60585,5
60586,5
60587,6
60588,2
60589,5
60590,0
60591,2
60592,5
60593,6
60594,2
60595,6
60596,4
60597,6
60598,4
60599,2
60600,2
60601,1
60602,1
60603,1
60604,6
60605,0
60606,3
60607,6
60608,0
60609,3
60610,4
60611,4
60612,1
60613,0
60614,1
60615,6
60616,1
60617,2
60618,5
60619,5
60620,3
60621,4
60622,5
60623,0
60624,3
60625,0
60626,4
60627,3
60628,4
60629,5
60630,3
60631,4
60632,6
60633,4
60634,5
60635,0
60636,0
60637,5
60638,2
60639,2
60640,0
60641,1
60642,1
60643,4
60644,6
60645,4
60646,0
60647,1
60648,5
60649,5
60650,1
60651,1
60652,6
60653,0
60654,1
60655,1
60656,1
60657,6
60658,5
60659,6
60660,0
60661,1
60662,0
60663,1
60664,0
60665,5
60666,4
60667,0
60668,3
60669,2
60670,4
60671,1
60672,0
60673,4
60674,0
60675,4
60676,5
60677,6
60678,5
60679,0
60680,2
60681,1
60682,6
60683,3
60684,0
60685,2
60686,3
60687,5
60688,0
60689,5
60690,4
60691,3
60692,5
60693,0
60694,6
60695,5
60696,4
60697,2
60698,0
60699,5
60700,2
60701,4
60702,6
60703,5
60704,5
60705,5
60706,3
60707,1
60708,3
60709,0
60710,2
60711,1
60712,4
60713,4
60714,3
60715,5
60716,0
60717,1
60718,1
60719,4
60720,1
60721,6
60722,1
60723,1
60724,3
60725,0
60726,0
60727,5
60728,2
60729,1
60730,3
60731,1
60732,0
60733,5
60734,5
60735,6
60736,0
60737,6
60738,3
60739,2
60740,5
60741,6
60742,1
60743,1
60744,0
60745,0
60746,6
60747,1
60748,5
60749,5
60750,1
60751,2
60752,0
60753,0
60754,4
60755,2
60756,6
60757,3
60758,0
60759,0
60760,3
60761,4
60762,6
60763,6
60764,2
60765,2
60766,6
60767,3
60768,3
60769,4
60770,5
60771,1
60772,6
60773,2
60774,6
60775,6
60776,1
60777,0
60778,1
60779,2
60780,4
60781,3
60782,3
60783,0
60784,4
60785,6
60786,3
60787,6
60788,5
60789,1
60790,0
60791,4
60792,2
60793,3
60794,4
60795,6
60796,4
60797,4
60798,3
60799,4
60800,6
60801,6
60802,1
60803,6
60804,3
60805,6
60806,6
60807,6
60808,5
60809,0
60810,1
60811,6
60812,1
60813,3
60814,2
60815,0
60816,6
60817,0
60818,4
60819,3
60820,0
60821,2
60822,1
60823,4
60824,3
60825,6
60826,1
60827,3
60828,2
60829,2
60830,5
60831,0
60832,0
60833,2
60834,1
60835,6
60836,1
60837,2
60838,0
60839,2
60840,6
60841,5
60842,5
60843,3
60844,5
60845,0
60846,0
60847,0
60848,4
60849,0
60850,4
60851,2
60852,4
60853,4
60854,5
60855,3
60856,4
60857,6
60858,5
60859,1
60860,0
60861,0
60862,5
60863,2
60864,2
60865,5
60866,2
60867,1
60868,3
60869,3
60870,3
60871,1
60872,6
60873,4
60874,6
60875,6
60876,0
60877,0
60878,5
60879,4
60880,4
60881,4
60882,2
60883,4
60884,4
60885,2
60886,5
60887,3
60888,1
60889,1
60890,6
60891,0
60892,3
60893,4
60894,4
60895,5
60896,0
60897,2
60898,3
60899,6
60900,4
60901,5
60902,1
60903,1
60904,1
60905,0
60906,5
60907,2
60908,6
60909,5
60910,1
60911,4
60912,2
60913,1
60914,4
60915,0
60916,3
60917,2
60918,3
60919,5
60920,4
60921,6
60922,0
60923,5
60924,0
60925,3
60926,5
60927,6
60928,0
60929,1
60930,3
60931,0
60932,2
60933,3
60934,4
60935,3
60936,1
60937,3
60938,4
60939,2
60940,2
60941,5
60942,5
60943,0
60944,6
60945,1
60946,6
60947,5
60948,5
60949,0
60950,5
60951,1
60952,4
60953,1
60954,0
60955,4
60956,5
60957,4
60958,5
60959,5
60960,0
60961,1
60962,3
60963,0
60964,0
60965,1
60966,0
60967,0
60968,5
60969,2
60970,5
60971,2
60972,3
60973,6
60974,3
60975,2
60976,6
60977,6
60978,2
60979,3
60980,4
60981,0
60982,5
60983,4
60984,0
60985,0
60986,2
60987,5
60988,5
60989,0
60990,0
60991,0
60992,0
60993,0
60994,6
60995,6
60996,1
60997,1
60998,3
60999,4
61000,6
61001,6
61002,4
61003,5
61004,2
61005,5
61006,0
61007,5
61008,2
61009,6
61010,2
61011,3
61012,0
61013,1
61014,4
61015,6
61016,2
61017,4
61018,3
61019,1
61020,4
61021,0
61022,4
61023,2
61024,3
61025,0
61026,6
61027,1
61028,3
61029,0
61030,2
61031,0
61032,1
61033,2
61034,1
61035,3
61036,1
61037,1
61038,3
61039,0
61040,1
61041,3
61042,1
61043,3
61044,2
61045,5
61046,4
61047,3
61048,3
61049,3
61050,6
61051,0
61052,5
61053,5
61054,1
61055,2
61056,1
61057,6
61058,5
61059,2
61060,0
61061,6
61062,3
61063,3
61064,1
61065,0
61066,1
61067,0
61068,2
61069,5
61070,3
61071,1
61072,3
61073,0
61074,2
61075,5
61076,0
61077,1
61078,5
61079,2
61080,2
61081,6
61082,5
61083,0
61084,6
61085,2
61086,4
61087,6
61088,3
61089,4
61090,1
61091,0
61092,1
61093,3
61094,2
61095,4
61096,3
61097,5
61098,0
61099,1
61100,0
61101,4
61102,6
61103,4
61104,1
61105,4
61106,3
61107,1
61108,0
61109,4
61110,3
61111,2
61112,3
61113,5
61114,6
61115,5
61116,2
61117,5
61118,6
61119,6
61120,5
61121,3
61122,3
61123,0
61124,3
61125,4
61126,2
61127,0
61128,2
61129,3
61130,3
61131,6
61132,2
61133,5
61134,5
61135,2
61136,0
61137,0
61138,3
61139,4
61140,4
61141,1
61142,5
61143,1
61144,3
61145,0
61146,2
61147,4
61148,5
61149,3
61150,6
61151,5
61152,5
61153,6
61154,6
61155,5
61156,0
61157,3
61158,3
61159,4
61160,4
61161,6
61162,5
61163,4
61164,4
61165,3
61166,0
61167,0
61168,1
61169,3
61170,3
61171,0
61172,4
61173,6
61174,5
61175,1
61176,0
61177,1
61178,2
61179,1
61180,3
61181,3
61182,4
61183,5
61184,1
61185,4
61186,0
61187,2
61188,4
61189,2
61190,6
61191,6
61192,5
61193,4
61194,6
61195,0
61196,0
61197,1
61198,1
61199,2
61200,6
61201,5
61202,6
61203,4
61204,5
61205,2
61206,2
61207,0
61208,4
61209,4
61210,1
61211,4
61212,1
61213,5
61214,3
61215,0
61216,4
61217,6
61218,0
61219,0
61220,1
61221,5
61222,4
61223,3
61224,2
61225,0
61226,1
61227,0
61228,5
61229,3
61230,1
61231,6
61232,2
61233,4
61234,6
61235,5
61236,0
61237,4
61238,1
61239,1
61240,0
61241,0
61242,1
61243,3
61244,5
61245,3
61246,0
61247,1
61248,5
61249,3
61250,5
61251,4
61252,4
61253,4
61254,4
61255,4
61256,3
61257,6
61258,3
61259,1
61260,1
61261,5
61262,0
61263,4
61264,4
61265,2
61266,0
61267,1
61268,6
61269,1
61270,2
61271,1
61272,4
61273,0
61274,2
61275,2
61276,1
61277,2
61278,3
61279,0
61280,3
61281,5
61282,6
61283,0
61284,6
61285,5
61286,6
61287,2
61288,5
61289,1
61290,5
61291,0
61292,5
61293,3
61294,2
61295,5
61296,4
61297,5
61298,6
61299,4
61300,2
61301,1
61302,0
61303,1
61304,2
61305,1
61306,1
61307,0
61308,3
61309,6
61310,2
61311,1
61312,5
61313,0
61314,1
61315,4
61316,5
61317,0
61318,2
61319,1
61320,3
61321,2
61322,1
61323,6
61324,6
61325,4
61326,1
61327,2
61328,1
61329,5
61330,1
61331,6
61332,2
61333,6
61334,6
61335,5
61336,6
61337,4
61338,1
61339,2
61340,5
61341,1
61342,6
61343,1
61344,4
61345,1
61346,5
61347,1
61348,4
61349,1
61350,4
61351,3
61352,5
61353,3
61354,2
61355,3
61356,1
61357,3
61358,0
61359,3
61360,3
61361,3
61362,6
61363,3
61364,3
61365,6
61366,2
61367,2
61368,4
61369,1
61370,0
61371,0
61372,0
61373,5
61374,5
61375,1
61376,1
61377,4
61378,6
61379,6
61380,0
61381,6
61382,4
61383,4
61384,2
61385,4
61386,4
61387,1
61388,5
61389,0
61390,3
61391,0
61392,2
61393,0
61394,2
61395,5
61396,2
61397,0
61398,5
61399,0
61400,1
61401,4
61402,6
61403,3
61404,1
61405,1
61406,6
61407,3
61408,4
61409,4
61410,0
61411,2
61412,2
61413,4
61414,0
61415,0
61416,2
61417,4
61418,2
61419,0
61420,0
61421,2
61422,1
61423,2
61424,3
61425,5
61426,1
61427,2
61428,0
61429,2
61430,0
61431,0
61432,3
61433,0
61434,1
61435,5
61436,3
61437,3
61438,4
61439,5
61440,5
61441,6
61442,1
61443,5
61444,2
61445,0
61446,6
61447,0
61448,4
61449,1
61450,3
61451,1
61452,4
61453,4
61454,4
61455,3
61456,0
61457,4
61458,0
61459,2
61460,2
61461,0
61462,3
61463,0
61464,2
61465,3
61466,2
61467,4
61468,3
61469,2
61470,5
61471,0
61472,3
61473,4
61474,6
61475,6
61476,0
61477,2
61478,0
61479,6
61480,5
61481,1
61482,1
61483,1
61484,3
61485,4
61486,6
61487,5
61488,5
61489,1
61490,5
61491,6
61492,5
61493,6
61494,0
61495,4
61496,4
61497,3
61498,2
61499,4
61500,6
61501,6
61502,5
61503,5
61504,0
61505,0
61506,6
61507,3
61508,0
61509,3
61510,4
61511,3
61512,3
61513,6
61514,0
61515,3
61516,3
61517,5
61518,6
61519,6
61520,0
61521,5
61522,1
61523,4
61524,4
61525,6
61526,6
61527,0
61528,6
61529,0
61530,1
61531,5
61532,0
61533,6
61534,6
61535,5
61536,4
61537,3
61538,1
61539,1
61540,2
61541,6
61542,4
61543,4
61544,3
61545,2
61546,5
61547,0
61548,4
61549,4
61550,0
61551,3
61552,6
61553,4
61554,2
61555,4
61556,3
61557,0
61558,5
61559,4
61560,4
61561,6
61562,0
61563,0
61564,5
61565,1
61566,1
61567,2
61568,6
61569,2
61570,5
61571,5
61572,0
61573,6
61574,4
61575,3
61576,5
61577,4
61578,6
61579,2
61580,2
61581,6
61582,4
61583,6
61584,5
61585,3
61586,3
61587,4
61588,3
61589,5
61590,3
61591,0
61592,4
61593,2
61594,6
61595,4
61596,0
61597,4
61598,1
61599,5
61600,3
61601,6
61602,5
61603,6
61604,0
61605,6
61606,3
61607,3
61608,5
61609,1
61610,3
61611,5
61612,1
61613,1
61614,6
61615,6
61616,5
61617,2
61618,5
61619,6
61620,3
61621,1
61622,6
61623,1
61624,2
61625,5
61626,5
61627,1
61628,3
61629,5
61630,1
61631,2
61632,1
61633,6
61634,2
61635,0
61636,6
61637,5
61638,5
61639,2
61640,3
61641,0
61642,4
61643,6
61644,5
61645,2
61646,5
61647,0
61648,1
61649,1
61650,3
61651,1
61652,5
61653,5
61654,3
61655,6
61656,1
61657,6
61658,0
61659,0
61660,2
61661,5
61662,6
61663,0
61664,1
61665,2
61666,2
61667,6
61668,3
61669,4
61670,2
61671,5
61672,4
61673,3
61674,6
61675,3
61676,6
61677,0
61678,4
61679,5
61680,6
61681,0
61682,2
61683,2
61684,4
61685,3
61686,5
61687,6
61688,4
61689,6
61690,4
61691,4
61692,5
61693,0
61694,0
61695,0
61696,5
61697,4
61698,3
61699,3
61700,5
61701,4
61702,4
61703,5
61704,1
61705,5
61706,1
61707,4
61708,4
61709,5
61710,1
61711,0
61712,2
61713,5
61714,6
61715,3
61716,6
61717,6
61718,0
61719,5
61720,6
61721,0
61722,3
61723,0
61724,0
61725,2
61726,1
61727,0
61728,0
61729,0
61730,4
61731,5
61732,3
61733,5
61734,6
61735,0
61736,0
61737,2
61738,0
61739,3
61740,3
61741,4
61742,6
61743,6
61744,2
61745,3
61746,1
61747,5
61748,2
61749,2
61750,4
61751,4
61752,3
61753,1
61754,2
61755,0
61756,3
61757,6
61758,1
61759,2
61760,2
61761,4
61762,0
61763,0
61764,5
61765,5
61766,2
61767,4
61768,3
61769,5
61770,3
61771,4
61772,5
61773,0
61774,0
61775,0
61776,1
61777,4
61778,0
61779,3
61780,1
61781,0
61782,0
61783,1
61784,4
61785,5
61786,6
61787,3
61788,5
61789,2
61790,5
61791,2
61792,5
61793,2
61794,0
61795,0
61796,4
61797,1
61798,3
61799,5
61800,2
61801,1
61802,5
61803,2
61804,4
61805,5
61806,6
61807,2
61808,2
61809,1
61810,0
61811,5
61812,2
61813,1
61814,3
61815,4
61816,2
61817,6
61818,6
61819,6
61820,6
61821,4
61822,2
61823,3
61824,5
61825,1
61826,3
61827,3
61828,3
61829,1
61830,4
61831,4
61832,5
61833,4
61834,6
61835,0
61836,2
61837,4
61838,1
61839,4
61840,5
61841,1
61842,0
61843,3
61844,0
61845,0
61846,6
61847,3
61848,0
61849,0
61850,3
61851,1
61852,3
61853,0
61854,0
61855,0
61856,6
61857,4
61858,0
61859,5
61860,4
61861,0
61862,3
61863,2
61864,5
61865,1
61866,4
61867,0
61868,4
61869,3
61870,4
61871,6
61872,0
61873,1
61874,0
61875,5
61876,4
61877,1
61878,1
61879,0
61880,6
61881,3
61882,4
61883,6
61884,6
61885,1
61886,2
61887,5
61888,0
61889,4
61890,6
61891,5
61892,4
61893,4
61894,1
61895,6
61896,5
61897,4
61898,2
61899,6
61900,4
61901,6
61902,0
61903,4
61904,0
61905,0
61906,0
61907,4
61908,3
61909,4
61910,6
61911,4
61912,2
61913,6
61914,1
61915,5
61916,6
61917,3
61918,5
61919,4
61920,0
61921,5
61922,5
61923,4
61924,3
61925,4
61926,0
61927,1
61928,2
61929,3
61930,2
61931,3
61932,3
61933,3
61934,3
61935,4
61936,6
61937,4
61938,4
61939,5
61940,5
61941,5
61942,1
61943,1
61944,2
61945,3
61946,4
61947,5
61948,3
61949,5
61950,6
61951,1
61952,2
61953,5
61954,5
61955,5
61956,0
61957,1
61958,6
61959,0
61960,0
61961,6
61962,4
61963,2
61964,1
61965,6
61966,5
61967,0
61968,0
61969,4
61970,1
61971,0
61972,4
61973,5
61974,5
61975,3
61976,5
61977,0
61978,1
61979,6
61980,3
61981,5
61982,5
61983,6
61984,5
61985,6
61986,0
61987,6
61988,1
61989,2
61990,0
61991,3
61992,6
61993,4
61994,1
61995,3
61996,2
61997,5
61998,2
61999,0
62000,2
62001,3
62002,2
62003,4
62004,3
62005,4
62006,0
62007,2
62008,0
62009,6
62010,2
62011,4
62012,5
62013,6
62014,1
62015,2
62016,5
62017,3
62018,3
62019,5
62020,2
62021,0
62022,5
62023,6
62024,0
62025,6
62026,6
62027,3
62028,4
62029,3
62030,1
62031,1
62032,4
62033,5
62034,5
62035,0
62036,2
62037,2
62038,6
62039,1
62040,1
62041,3
62042,0
62043,4
62044,2
62045,1
62046,5
62047,6
62048,2
62049,3
62050,6
62051,5
62052,4
62053,3
62054,0
62055,5
62056,4
62057,0
62058,4
62059,4
62060,1
62061,0
62062,6
62063,4
62064,6
62065,3
62066,3
62067,1
62068,2
62069,3
62070,1
62071,6
62072,2
62073,3
62074,5
62075,0
62076,3
62077,4
62078,0
62079,4
62080,1
62081,4
62082,0
62083,1
62084,5
62085,0
62086,1
62087,1
62088,2
62089,0
62090,1
62091,0
62092,3
62093,4
62094,3
62095,4
62096,4
62097,1
62098,0
62099,2
62100,3
62101,6
62102,1
62103,4
62104,1
62105,6
62106,2
62107,2
62108,3
62109,5
62110,2
62111,2
62112,0
62113,4
62114,0
62115,5
62116,6
62117,2
62118,6
62119,4
62120,4
62121,6
62122,5
62123,6
62124,1
62125,6
62126,6
62127,2
62128,4
62129,5
62130,6
62131,5
62132,1
62133,2
62134,6
62135,3
62136,4
62137,5
62138,4
62139,0
62140,2
62141,0
62142,1
62143,4
62144,2
62145,3
62146,5
62147,5
62148,3
62149,0
62150,6
62151,3
62152,5
62153,6
62154,2
62155,5
62156,2
62157,0
62158,5
62159,3
62160,2
62161,1
62162,4
62163,0
62164,3
62165,1
62166,6
62167,6
62168,6
62169,1
62170,0
62171,4
62172,6
62173,5
62174,1
62175,4
62176,0
62177,2
62178,1
62179,2
62180,3
62181,1
62182,6
62183,2
62184,1
62185,3
62186,4
62187,3
62188,3
62189,1
62190,6
62191,2
62192,0
62193,5
62194,0
62195,2
62196,4
62197,6
62198,4
62199,6
62200,3
62201,5
62202,1
62203,0
62204,0
62205,2
62206,2
62207,1
62208,2
62209,4
62210,5
62211,3
62212,3
62213,4
62214,5
62215,3
62216,1
62217,4
62218,1
62219,4
62220,6
62221,5
62222,5
62223,4
62224,1
62225,5
62226,4
62227,3
62228,4
62229,1
62230,4
62231,4
62232,1
62233,2
62234,2
62235,2
62236,2
62237,5
62238,0
62239,4
62240,4
62241,1
62242,6
62243,1
62244,1
62245,0
62246,0
62247,2
62248,6
62249,6
62250,3
62251,2
62252,6
62253,4
62254,2
62255,3
62256,4
62257,0
62258,4
62259,5
62260,2
62261,0
62262,4
62263,0
62264,0
62265,2
62266,3
62267,4
62268,2
62269,1
62270,5
62271,4
62272,1
62273,6
62274,2
62275,1
62276,2
62277,0
62278,1
62279,0
62280,5
62281,0
62282,4
62283,2
62284,1
62285,4
62286,6
62287,1
62288,2
62289,4
62290,0
62291,4
62292,2
62293,6
62294,4
62295,0
62296,0
62297,3
62298,0
62299,2
62300,1
62301,2
62302,2
62303,3
62304,1
62305,6
62306,2
62307,0
62308,6
62309,4
62310,4
62311,0
62312,6
62313,2
62314,2
62315,6
62316,6
62317,2
62318,3
62319,1
62320,4
62321,0
62322,0
62323,1
62324,6
62325,1
62326,1
62327,0
62328,0
62329,4
62330,0
62331,2
62332,2
62333,3
62334,2
62335,5
62336,4
62337,3
62338,3
62339,3
62340,5
62341,5
62342,6
62343,4
62344,3
62345,5
62346,0
62347,2
62348,4
62349,1
62350,4
62351,5
62352,6
62353,4
62354,5
62355,0
62356,6
62357,4
62358,4
62359,5
62360,2
62361,1
62362,4
62363,5
62364,2
62365,0
62366,4
62367,0
62368,2
62369,3
62370,3
62371,3
62372,4
62373,6
62374,2
62375,3
62376,3
62377,3
62378,5
62379,4
62380,2
62381,0
62382,3
62383,2
62384,0
62385,4
62386,3
62387,4
62388,3
62389,3
62390,4
62391,4
62392,2
62393,5
62394,5
62395,0
62396,4
62397,4
62398,6
62399,1
62400,4
62401,2
62402,0
62403,5
62404,4
62405,5
62406,0
62407,2
62408,4
62409,0
62410,3
62411,6
62412,5
62413,4
62414,4
62415,4
62416,2
62417,1
62418,4
62419,1
62420,6
62421,2
62422,6
62423,3
62424,2
62425,5
62426,0
62427,0
62428,6
62429,0
62430,4
62431,1
62432,0
62433,5
62434,0
62435,6
62436,5
62437,6
62438,6
62439,2
62440,6
62441,4
62442,0
62443,0
62444,3
62445,1
62446,5
62447,2
62448,4
62449,0
62450,1
62451,1
62452,2
62453,3
62454,2
62455,1
62456,1
62457,3
62458,1
62459,5
62460,4
62461,3
62462,6
62463,2
62464,0
62465,1
62466,0
62467,1
62468,2
62469,3
62470,0
62471,0
62472,1
62473,6
62474,3
62475,0
62476,3
62477,0
62478,6
62479,3
62480,1
62481,5
62482,2
62483,2
62484,3
62485,5
62486,4
62487,4
62488,2
62489,5
62490,2
62491,2
62492,1
62493,6
62494,4
62495,4
62496,1
62497,4
62498,5
62499,1
62500,4
62501,6
62502,5
62503,1
62504,2
62505,5
62506,2
62507,0
62508,2
62509,3
62510,0
62511,6
62512,6
62513,4
62514,2
62515,5
62516,3
62517,5
62518,3
62519,0
62520,0
62521,4
62522,3
62523,5
62524,6
62525,6
62526,4
62527,5
62528,5
62529,0
62530,4
62531,0
62532,4
62533,5
62534,0
62535,3
62536,3
62537,0
62538,6
62539,6
62540,1
62541,3
62542,4
62543,5
62544,4
62545,5
62546,5
62547,1
62548,6
62549,0
62550,0
62551,4
62552,0
62553,4
62554,0
62555,4
62556,5
62557,2
62558,3
62559,5
62560,0
62561,0
62562,0
62563,4
62564,6
62565,5
62566,2
62567,0
62568,3
62569,6
62570,0
62571,3
62572,5
62573,5
62574,4
62575,0
62576,5
62577,5
62578,4
62579,0
62580,2
62581,5
62582,1
62583,3
62584,6
62585,3
62586,2
62587,0
62588,4
62589,4
62590,4
62591,1
62592,0
62593,4
62594,5
62595,4
62596,5
62597,6
62598,0
62599,6
62600,0
62601,4
62602,5
62603,5
62604,2
62605,1
62606,6
62607,3
62608,4
62609,5
62610,1
62611,6
62612,5
62613,6
62614,1
62615,3
62616,4
62617,0
62618,6
62619,2
62620,4
62621,1
62622,5
62623,2
62624,2
62625,6
62626,2
62627,2
62628,0
62629,0
62630,0
62631,4
62632,0
62633,6
62634,0
62635,3
62636,6
62637,1
62638,6
62639,0
62640,3
62641,5
62642,5
62643,2
62644,3
62645,2
62646,4
62647,3
62648,5
62649,3
62650,0
62651,5
62652,2
62653,2
62654,4
62655,1
62656,1
62657,4
62658,5
62659,2
62660,3
62661,0
62662,3
62663,2
62664,0
62665,4
62666,4
62667,1
62668,2
62669,1
62670,1
62671,4
62672,5
62673,6
62674,4
62675,5
62676,4
62677,6
62678,0
62679,1
62680,0
62681,2
62682,0
62683,2
62684,4
62685,3
62686,0
62687,3
62688,6
62689,0
62690,1
62691,0
62692,0
62693,6
62694,2
62695,0
62696,0
62697,5
62698,6
62699,3
62700,5
62701,2
62702,1
62703,3
62704,6
62705,6
62706,0
62707,0
62708,4
62709,5
62710,3
62711,4
62712,0
62713,3
62714,1
62715,4
62716,3
62717,4
62718,2
62719,4
62720,5
62721,0
62722,5
62723,3
62724,6
62725,2
62726,0
62727,2
62728,2
62729,2
62730,0
62731,3
62732,3
62733,0
62734,4
62735,6
62736,6
62737,4
62738,5
62739,1
62740,3
62741,5
62742,2
62743,3
62744,0
62745,3
62746,5
62747,6
62748,0
62749,5
62750,3
62751,2
62752,5
62753,3
62754,5
62755,6
62756,1
62757,6
62758,2
62759,1
62760,6
62761,5
62762,0
62763,3
62764,6
62765,4
62766,6
62767,2
62768,2
62769,2
62770,2
62771,5
62772,6
62773,2
62774,4
62775,3
62776,2
62777,2
62778,6
62779,1
62780,0
62781,4
62782,4
62783,3
62784,3
62785,3
62786,2
62787,4
62788,5
62789,5
62790,4
62791,5
62792,0
62793,2
62794,5
62795,6
62796,3
62797,1
62798,1
62799,4
62800,2
62801,3
62802,3
62803,3
62804,3
62805,6
62806,1
62807,1
62808,6
62809,4
62810,0
62811,2
62812,1
62813,3
62814,3
62815,1
62816,3
62817,3
62818,5
62819,4
62820,0
62821,3
62822,3
62823,3
62824,5
62825,6
62826,5
62827,3
62828,5
62829,5
62830,3
62831,4
62832,3
62833,2
62834,2
62835,2
62836,1
62837,6
62838,2
62839,2
62840,1
62841,5
62842,4
62843,4
62844,0
62845,2
62846,1
62847,3
62848,3
62849,1
62850,5
62851,3
62852,4
62853,4
62854,1
62855,0
62856,2
62857,4
62858,0
62859,2
62860,3
62861,3
62862,6
62863,6
62864,5
62865,5
62866,1
62867,5
62868,0
62869,0
62870,1
62871,6
62872,0
62873,2
62874,4
62875,0
62876,0
62877,4
62878,6
62879,5
62880,3
62881,2
62882,0
62883,0
62884,3
62885,0
62886,3
62887,5
62888,3
62889,6
62890,1
62891,3
62892,2
62893,5
62894,5
62895,6
62896,2
62897,4
62898,0
62899,6
62900,4
62901,6
62902,0
62903,4
62904,4
62905,4
62906,5
62907,4
62908,0
62909,6
62910,4
62911,0
62912,4
62913,3
62914,4
62915,2
62916,4
62917,3
62918,4
62919,4
62920,1
62921,0
62922,2
62923,5
62924,0
62925,5
62926,1
62927,3
62928,0
62929,4
62930,5
62931,6
62932,6
62933,0
62934,6
62935,4
62936,6
62937,0
62938,0
62939,2
62940,4
62941,1
62942,4
62943,5
62944,1
62945,1
62946,4
62947,0
62948,0
62949,0
62950,1
62951,4
62952,2
62953,2
62954,1
62955,0
62956,1
62957,4
62958,0
62959,0
62960,3
62961,4
62962,5
62963,5
62964,6
62965,2
62966,3
62967,1
62968,6
62969,2
62970,3
62971,4
62972,0
62973,0
62974,4
62975,5
62976,1
62977,0
62978,6
62979,4
62980,4
62981,0
62982,1
62983,6
62984,5
62985,1
62986,0
62987,1
62988,5
62989,4
62990,1
62991,6
62992,4
62993,1
62994,0
62995,4
62996,3
62997,0
62998,1
62999,2
63000,5
63001,3
63002,0
63003,3
63004,0
63005,2
63006,4
63007,1
63008,2
63009,2
63010,2
63011,6
63012,0
63013,6
63014,3
63015,3
63016,0
63017,1
63018,0
63019,6
63020,6
63021,1
63022,2
63023,0
63024,4
63025,6
63026,0
63027,4
63028,5
63029,0
63030,2
63031,4
63032,0
63033,4
63034,1
63035,0
63036,0
63037,5
63038,2
63039,0
63040,3
63041,3
63042,5
63043,3
63044,1
63045,5
63046,3
63047,5
63048,6
63049,4
63050,2
63051,3
63052,3
63053,2
63054,2
63055,6
63056,1
63057,6
63058,4
63059,2
63060,3
63061,4
63062,4
63063,2
63064,6
63065,1
63066,6
63067,0
63068,0
63069,2
63070,4
63071,4
63072,3
63073,4
63074,5
63075,0
63076,4
63077,6
63078,3
63079,5
63080,0
63081,1
63082,3
63083,4
63084,5
63085,0
63086,1
63087,3
63088,3
63089,3
63090,0
63091,2
63092,3
63093,1
63094,0
63095,2
63096,3
63097,5
63098,6
63099,4
63100,0
63101,0
63102,6
63103,1
63104,4
63105,6
63106,4
63107,3
63108,2
63109,0
63110,0
63111,1
63112,6
63113,4
63114,3
63115,4
63116,4
63117,5
63118,6
63119,6
63120,3
63121,4
63122,6
63123,5
63124,6
63125,3
63126,5
63127,4
63128,2
63129,6
63130,5
63131,0
63132,4
63133,6
63134,2
63135,4
63136,1
63137,6
63138,3
63139,4
63140,2
63141,1
63142,1
63143,2
63144,2
63145,2
63146,5
63147,3
63148,6
63149,0
63150,5
63151,0
63152,0
63153,2
63154,4
63155,4
63156,5
63157,1
63158,3
63159,1
63160,0
63161,3
63162,6
63163,6
63164,5
63165,6
63166,3
63167,3
63168,0
63169,6
63170,4
63171,5
63172,5
63173,1
63174,1
63175,5
63176,0
63177,3
63178,2
63179,3
63180,2
63181,3
63182,0
63183,4
63184,2
63185,3
63186,5
63187,5
63188,1
63189,3
63190,0
63191,2
63192,1
63193,5
63194,1
63195,3
63196,0
63197,3
63198,1
63199,1
63200,5
63201,5
63202,3
63203,4
63204,3
63205,3
63206,0
63207,1
63208,4
63209,3
63210,6
63211,5
63212,2
63213,0
63214,3
63215,1
63216,0
63217,0
63218,5
63219,2
63220,4
63221,3
63222,5
63223,0
63224,6
63225,4
63226,1
63227,3
63228,2
63229,5
63230,4
63231,2
63232,5
63233,3
63234,2
63235,3
63236,0
63237,0
63238,6
63239,4
63240,4
63241,1
63242,3
63243,3
63244,0
63245,3
63246,4
63247,4
63248,1
63249,3
63250,2
63251,5
63252,3
63253,4
63254,0
63255,6
63256,3
63257,0
63258,0
63259,0
63260,2
63261,1
63262,2
63263,4
63264,0
63265,5
63266,5
63267,0
63268,6
63269,1
63270,4
63271,0
63272,1
63273,3
63274,6
63275,0
63276,3
63277,5
63278,5
63279,6
63280,1
63281,0
63282,2
63283,6
63284,4
63285,5
63286,3
63287,5
63288,6
63289,6
63290,5
63291,5
63292,6
63293,1
63294,3
63295,0
63296,0
63297,5
63298,5
63299,6
63300,4
63301,1
63302,5
63303,4
63304,0
63305,0
63306,6
63307,5
63308,3
63309,3
63310,6
63311,3
63312,2
63313,3
63314,4
63315,0
63316,6
63317,6
63318,6
63319,4
63320,5
63321,6
63322,2
63323,4
63324,4
63325,3
63326,4
63327,3
63328,6
63329,6
63330,0
63331,3
63332,4
63333,1
63334,0
63335,3
63336,5
63337,3
63338,1
63339,3
63340,5
63341,0
63342,3
63343,3
63344,6
63345,0
63346,1
63347,4
63348,0
63349,4
63350,0
63351,6
63352,2
63353,4
63354,1
63355,3
63356,3
63357,5
63358,0
63359,5
63360,6
63361,1
63362,4
63363,1
63364,2
63365,1
63366,2
63367,2
63368,3
63369,0
63370,6
63371,6
63372,1
63373,0
63374,3
63375,0
63376,0
63377,2
63378,0
63379,2
63380,0
63381,3
63382,5
63383,2
63384,1
63385,0
63386,5
63387,5
63388,5
63389,3
63390,1
63391,1
63392,4
63393,4
63394,3
63395,1
63396,6
63397,1
63398,0
63399,3
63400,2
63401,3
63402,4
63403,0
63404,1
63405,5
63406,1
63407,0
63408,5
63409,6
63410,1
63411,3
63412,0
63413,6
63414,3
63415,6
63416,3
63417,2
63418,3
63419,4
63420,5
63421,0
63422,0
63423,4
63424,1
63425,5
63426,5
63427,4
63428,1
63429,5
63430,3
63431,6
63432,0
63433,3
63434,2
63435,0
63436,5
63437,2
63438,0
63439,4
63440,1
63441,5
63442,2
63443,4
63444,0
63445,6
63446,2
63447,1
63448,3
63449,2
63450,6
63451,0
63452,0
63453,6
63454,1
63455,2
63456,3
63457,1
63458,1
63459,1
63460,3
63461,0
63462,6
63463,3
63464,1
63465,3
63466,1
63467,0
63468,3
63469,2
63470,4
63471,0
63472,0
63473,1
63474,0
63475,1
63476,3
63477,0
63478,4
63479,1
63480,0
63481,5
63482,4
63483,6
63484,6
63485,3
63486,5
63487,4
63488,3
63489,4
63490,5
63491,2
63492,6
63493,4
63494,4
63495,1
63496,2
63497,2
63498,4
63499,1
63500,1
63501,0
63502,4
63503,0
63504,4
63505,0
63506,3
63507,2
63508,1
63509,3
63510,1
63511,5
63512,3
63513,1
63514,0
63515,3
63516,6
63517,5
63518,3
63519,2
63520,2
63521,5
63522,5
63523,4
63524,0
63525,0
63526,6
63527,6
63528,1
63529,5
63530,1
63531,5
63532,3
63533,3
63534,2
63535,0
63536,3
63537,5
63538,3
63539,4
63540,0
63541,6
63542,1
63543,4
63544,4
63545,6
63546,6
63547,0
63548,6
63549,4
63550,2
63551,0
63552,2
63553,2
63554,6
63555,5
63556,5
63557,3
63558,1
63559,1
63560,1
63561,3
63562,1
63563,5
63564,1
63565,5
63566,5
63567,5
63568,2
63569,1
63570,1
63571,5
63572,1
63573,3
63574,3
63575,6
63576,4
63577,4
63578,4
63579,3
63580,3
63581,0
63582,0
63583,0
63584,3
63585,1
63586,6
63587,3
63588,6
63589,1
63590,0
63591,3
63592,6
63593,6
63594,1
63595,6
63596,2
63597,0
63598,5
63599,5
63600,4
63601,1
63602,2
63603,6
63604,4
63605,6
63606,0
63607,4
63608,3
63609,1
63610,0
63611,5
63612,2
63613,0
63614,6
63615,4
63616,4
63617,4
63618,1
63619,4
63620,1
63621,5
63622,2
63623,3
63624,2
63625,4
63626,0
63627,6
63628,2
63629,5
63630,3
63631,5
63632,1
63633,5
63634,3
63635,1
63636,2
63637,1
63638,5
63639,0
63640,0
63641,6
63642,4
63643,2
63644,0
63645,2
63646,2
63647,3
63648,6
63649,5
63650,6
63651,3
63652,6
63653,4
63654,3
63655,4
63656,0
63657,3
63658,3
63659,0
63660,5
63661,3
63662,3
63663,0
63664,4
63665,0
63666,6
63667,2
63668,1
63669,4
63670,1
63671,2
63672,0
63673,5
63674,5
63675,0
63676,0
63677,1
63678,3
63679,6
63680,4
63681,6
63682,2
63683,3
63684,0
63685,2
63686,5
63687,3
63688,1
63689,2
63690,3
63691,4
63692,4
63693,3
63694,0
63695,2
63696,3
63697,3
63698,0
63699,5
63700,4
63701,3
63702,2
63703,4
63704,3
63705,5
63706,1
63707,6
63708,1
63709,1
63710,0
63711,5
63712,6
63713,3
63714,0
63715,3
63716,4
63717,4
63718,0
63719,0
63720,0
63721,6
63722,6
63723,5
63724,1
63725,3
63726,6
63727,0
63728,1
63729,1
63730,4
63731,6
63732,0
63733,4
63734,4
63735,3
63736,0
63737,3
63738,0
63739,4
63740,0
63741,5
63742,4
63743,3
63744,5
63745,2
63746,3
63747,1
63748,4
63749,4
63750,3
63751,4
63752,1
63753,3
63754,2
63755,2
63756,5
63757,1
63758,3
63759,5
63760,0
63761,2
63762,2
63763,3
63764,0
63765,2
63766,2
63767,1
63768,5
63769,2
63770,0
63771,2
63772,6
63773,3
63774,6
63775,6
63776,3
63777,2
63778,3
63779,2
63780,4
63781,0
63782,1
63783,5
63784,4
63785,4
63786,4
63787,3
63788,5
63789,3
63790,1
63791,5
63792,1
63793,5
63794,2
63795,0
63796,0
63797,0
63798,2
63799,4
63800,4
63801,0
63802,6
63803,0
63804,0
63805,3
63806,6
63807,6
63808,2
63809,2
63810,1
63811,0
63812,5
63813,3
63814,6
63815,5
63816,1
63817,0
63818,1
63819,4
63820,4
63821,1
63822,2
63823,3
63824,2
63825,4
63826,0
63827,5
63828,4
63829,2
63830,4
63831,6
63832,2
63833,3
63834,1
63835,2
63836,0
63837,5
63838,1
63839,5
63840,1
63841,3
63842,1
63843,1
63844,5
63845,4
63846,0
63847,5
63848,0
63849,4
63850,1
63851,3
63852,3
63853,1
63854,3
63855,1
63856,6
63857,4
63858,4
63859,0
63860,1
63861,3
63862,2
63863,5
63864,3
63865,0
63866,4
63867,5
63868,6
63869,1
63870,1
63871,1
63872,5
63873,5
63874,4
63875,2
63876,6
63877,6
63878,6
63879,4
63880,3
63881,3
63882,3
63883,5
63884,2
63885,5
63886,2
63887,1
63888,2
63889,2
63890,0
63891,6
63892,5
63893,6
63894,5
63895,6
63896,6
63897,3
63898,0
63899,2
63900,2
63901,2
63902,4
63903,4
63904,3
63905,4
63906,5
63907,4
63908,0
63909,1
63910,6
63911,2
63912,2
63913,4
63914,0
63915,1
63916,0
63917,0
63918,1
63919,0
63920,5
63921,6
63922,4
63923,1
63924,0
63925,0
63926,1
63927,5
63928,6
63929,1
63930,1
63931,1
63932,0
63933,3
63934,0
63935,6
63936,3
63937,4
63938,1
63939,6
63940,5
63941,6
63942,5
63943,1
63944,6
63945,5
63946,0
63947,6
63948,4
63949,2
63950,1
63951,6
63952,1
63953,3
63954,2
63955,1
63956,1
63957,5
63958,0
63959,0
63960,1
63961,4
63962,6
63963,1
63964,0
63965,5
63966,5
63967,5
63968,0
63969,4
63970,6
63971,3
63972,6
63973,2
63974,2
63975,1
63976,2
63977,1
63978,6
63979,6
63980,3
63981,3
63982,3
63983,4
63984,0
63985,6
63986,5
63987,1
63988,3
63989,5
63990,4
63991,2
63992,6
63993,4
63994,2
63995,6
63996,1
63997,6
63998,5
63999,4
64000,2
64001,3
64002,6
64003,6
64004,1
64005,3
64006,1
64007,1
64008,3
64009,5
64010,0
64011,6
64012,3
64013,5
64014,4
64015,1
64016,0
64017,4
64018,2
64019,5
64020,1
64021,1
64022,4
64023,0
64024,2
64025,6
64026,1
64027,4
64028,0
64029,4
64030,6
64031,4
64032,5
64033,6
64034,3
64035,2
64036,3
64037,3
64038,5
64039,2
64040,1
64041,0
64042,2
64043,3
64044,5
64045,4
64046,6
64047,0
64048,0
64049,6
64050,6
64051,4
64052,1
64053,5
64054,2
64055,3
64056,0
64057,0
64058,0
64059,2
64060,5
64061,2
64062,2
64063,6
64064,6
64065,6
64066,0
64067,3
64068,5
64069,2
64070,0
64071,1
64072,0
64073,0
64074,6
64075,1
64076,0
64077,4
64078,5
64079,5
64080,5
64081,4
64082,6
64083,0
64084,2
64085,2
64086,2
64087,5
64088,3
64089,3
64090,5
64091,3
64092,5
64093,1
64094,0
64095,3
64096,1
64097,6
64098,6
64099,2
64100,5
64101,5
64102,4
64103,5
64104,4
64105,6
64106,4
64107,1
64108,0
64109,6
64110,4
64111,2
64112,2
64113,6
64114,0
64115,2
64116,0
64117,2
64118,0
64119,3
64120,5
64121,2
64122,5
64123,4
64124,6
64125,5
64126,0
64127,4
64128,0
64129,5
64130,0
64131,3
64132,6
64133,5
64134,4
64135,2
64136,1
64137,5
64138,3
64139,6
64140,6
64141,2
64142,5
64143,1
64144,0
64145,2
64146,2
64147,0
64148,1
64149,6
64150,5
64151,4
64152,2
64153,3
64154,0
64155,6
64156,4
64157,2
64158,2
64159,6
64160,5
64161,0
64162,2
64163,0
64164,1
64165,6
64166,1
64167,0
64168,1
64169,2
64170,3
64171,5
64172,0
64173,6
64174,0
64175,5
64176,2
64177,4
64178,3
64179,6
64180,2
64181,5
64182,6
64183,0
64184,5
64185,3
64186,0
64187,6
64188,5
64189,4
64190,1
64191,5
64192,5
64193,6
64194,6
64195,3
64196,2
64197,6
64198,1
64199,0
64200,5
64201,3
64202,2
64203,3
64204,4
64205,2
64206,6
64207,1
64208,5
64209,0
64210,1
64211,4
64212,6
64213,3
64214,1
64215,5
64216,1
64217,0
64218,0
64219,6
64220,4
64221,0
64222,2
64223,1
64224,6
64225,4
64226,6
64227,1
64228,6
64229,2
64230,6
64231,2
64232,5
64233,6
64234,6
64235,6
64236,0
64237,4
64238,5
64239,5
64240,5
64241,0
64242,2
64243,4
64244,5
64245,2
64246,0
64247,1
64248,2
64249,0
64250,3
64251,4
64252,1
64253,0
64254,3
64255,5
64256,0
64257,3
64258,5
64259,0
64260,5
64261,4
64262,3
64263,3
64264,5
64265,4
64266,5
64267,1
64268,5
64269,3
64270,3
64271,1
64272,0
64273,2
64274,3
64275,6
64276,4
64277,3
64278,3
64279,1
64280,4
64281,3
64282,5
64283,0
64284,6
64285,5
64286,3
64287,6
64288,2
64289,6
64290,6
64291,1
64292,2
64293,5
64294,2
64295,4
64296,4
64297,1
64298,3
64299,5
64300,5
64301,4
64302,1
64303,2
64304,4
64305,5
64306,5
64307,4
64308,4
64309,2
64310,1
64311,3
64312,2
64313,2
64314,4
64315,4
64316,4
64317,0
64318,1
64319,3
64320,5
64321,5
64322,2
64323,2
64324,0
64325,2
64326,0
64327,5
64328,1
64329,0
64330,1
64331,3
64332,1
64333,0
64334,6
64335,3
64336,0
64337,2
64338,3
64339,6
64340,0
64341,6
64342,2
64343,0
64344,5
64345,5
64346,5
64347,6
64348,5
64349,4
64350,3
64351,1
64352,2
64353,0
64354,1
64355,1
64356,6
64357,4
64358,6
64359,6
64360,6
64361,0
64362,6
64363,2
64364,6
64365,2
64366,6
64367,4
64368,6
64369,6
64370,2
64371,2
64372,3
64373,6
64374,5
64375,2
64376,6
64377,5
64378,5
64379,4
64380,0
64381,1
64382,1
64383,5
64384,0
64385,6
64386,3
64387,5
64388,1
64389,0
64390,5
64391,0
64392,0
64393,0
64394,0
64395,2
64396,5
64397,0
64398,2
64399,3
64400,3
64401,6
64402,3
64403,6
64404,4
64405,0
64406,6
64407,3
64408,3
64409,6
64410,6
64411,5
64412,1
64413,0
64414,4
64415,1
64416,4
64417,6
64418,2
64419,4
64420,2
64421,6
64422,6
64423,0
64424,3
64425,1
64426,1
64427,5
64428,3
64429,3
64430,5
64431,0
64432,6
64433,0
64434,6
64435,6
64436,2
64437,5
64438,3
64439,3
64440,0
64441,1
64442,2
64443,0
64444,2
64445,1
64446,0
64447,2
64448,5
64449,2
64450,1
64451,2
64452,0
64453,2
64454,5
64455,2
64456,6
64457,0
64458,4
64459,3
64460,3
64461,3
64462,3
64463,2
64464,0
64465,2
64466,1
64467,0
64468,0
64469,1
64470,3
64471,3
64472,2
64473,3
64474,2
64475,5
64476,4
64477,1
64478,4
64479,5
64480,0
64481,4
64482,2
64483,2
64484,0
64485,0
64486,1
64487,0
64488,4
64489,3
64490,5
64491,5
64492,1
64493,4
64494,1
64495,0
64496,6
64497,4
64498,1
64499,6
64500,2
64501,5
64502,0
64503,5
64504,0
64505,3
64506,0
64507,1
64508,3
64509,0
64510,6
64511,0
64512,0
64513,4
64514,5
64515,0
64516,5
64517,3
64518,3
64519,0
64520,2
64521,4
64522,2
64523,6
64524,5
64525,2
64526,6
64527,0
64528,4
64529,3
64530,0
64531,4
64532,3
64533,5
64534,3
64535,0
64536,3
64537,6
64538,6
64539,3
64540,3
64541,3
64542,5
64543,5
64544,4
64545,5
64546,0
64547,0
64548,0
64549,1
64550,5
64551,6
64552,5
64553,4
64554,5
64555,2
64556,5
64557,2
64558,2
64559,1
64560,2
64561,6
64562,3
64563,0
64564,4
64565,1
64566,4
64567,5
64568,0
64569,2
64570,3
64571,1
64572,6
64573,0
64574,2
64575,3
64576,6
64577,1
64578,3
64579,4
64580,2
64581,5
64582,4
64583,6
64584,5
64585,5
64586,2
64587,1
64588,2
64589,5
64590,0
64591,3
64592,1
64593,4
64594,0
64595,2
64596,5
64597,6
64598,3
64599,1
64600,2
64601,3
64602,6
64603,3
64604,0
64605,4
64606,4
64607,6
64608,4
64609,5
64610,5
64611,4
64612,4
64613,2
64614,1
64615,1
64616,2
64617,4
64618,2
64619,5
64620,4
64621,3
64622,1
64623,0
64624,1
64625,4
64626,5
64627,5
64628,3
64629,5
64630,2
64631,4
64632,6
64633,2
64634,4
64635,0
64636,1
64637,3
64638,3
64639,3
64640,0
64641,2
64642,0
64643,0
64644,4
64645,3
64646,6
64647,3
64648,6
64649,0
64650,4
64651,0
64652,2
64653,3
64654,5
64655,4
64656,2
64657,3
64658,1
64659,5
64660,2
64661,2
64662,3
64663,4
64664,0
64665,5
64666,0
64667,6
64668,4
64669,2
64670,2
64671,4
64672,5
64673,2
64674,3
64675,2
64676,3
64677,0
64678,3
64679,2
64680,1
64681,2
64682,0
64683,5
64684,5
64685,0
64686,4
64687,4
64688,2
64689,0
64690,6
64691,0
64692,0
64693,0
64694,2
64695,1
64696,0
64697,4
64698,1
64699,1
64700,0
64701,4
64702,3
64703,3
64704,3
64705,4
64706,6
64707,6
64708,4
64709,0
64710,4
64711,2
64712,5
64713,3
64714,3
64715,0
64716,6
64717,5
64718,6
64719,6
64720,6
64721,3
64722,5
64723,4
64724,4
64725,5
64726,6
64727,2
64728,3
64729,2
64730,4
64731,1
64732,2
64733,2
64734,4
64735,3
64736,4
64737,4
64738,6
64739,1
64740,4
64741,3
64742,4
64743,5
64744,6
64745,3
64746,6
64747,2
64748,6
64749,1
64750,4
64751,4
64752,2
64753,1
64754,3
64755,4
64756,0
64757,5
64758,4
64759,6
64760,4
64761,4
64762,4
64763,2
64764,3
64765,0
64766,6
64767,2
64768,0
64769,1
64770,6
64771,2
64772,6
64773,6
64774,5
64775,1
64776,0
64777,0
64778,6
64779,0
64780,5
64781,5
64782,3
64783,6
64784,4
64785,6
64786,2
64787,2
64788,3
64789,4
64790,6
64791,2
64792,4
64793,4
64794,4
64795,4
64796,5
64797,3
64798,6
64799,0
64800,2
64801,4
64802,3
64803,0
64804,4
64805,2
64806,1
64807,2
64808,4
64809,5
64810,0
64811,6
64812,0
64813,2
64814,3
64815,2
64816,3
64817,5
64818,2
64819,4
64820,3
64821,2
64822,5
64823,3
64824,2
64825,1
64826,0
64827,2
64828,6
64829,0
64830,1
64831,6
64832,5
64833,2
64834,5
64835,1
64836,2
64837,4
64838,2
64839,0
64840,0
64841,3
64842,6
64843,4
64844,1
64845,1
64846,4
64847,4
64848,0
64849,0
64850,0
64851,5
64852,1
64853,1
64854,0
64855,3
64856,6
64857,6
64858,3
64859,4
64860,6
64861,1
64862,5
64863,0
64864,6
64865,0
64866,3
64867,3
64868,5
64869,2
64870,4
64871,5
64872,5
64873,5
64874,2
64875,0
64876,1
64877,6
64878,2
64879,2
64880,1
64881,5
64882,0
64883,3
64884,0
64885,3
64886,3
64887,2
64888,2
64889,3
64890,2
64891,6
64892,2
64893,5
64894,4
64895,0
64896,6
64897,3
64898,0
64899,0
64900,0
64901,0
64902,5
64903,0
64904,4
64905,4
64906,5
64907,1
64908,3
64909,5
64910,4
64911,6
64912,4
64913,2
64914,4
64915,3
64916,6
64917,0
64918,0
64919,0
64920,0
64921,3
64922,4
64923,3
64924,1
64925,4
64926,5
64927,0
64928,0
64929,3
64930,3
64931,4
64932,4
64933,5
64934,3
64935,5
64936,2
64937,4
64938,3
64939,4
64940,0
64941,4
64942,3
64943,6
64944,4
64945,2
64946,5
64947,2
64948,5
64949,1
64950,6
64951,2
64952,5
64953,2
64954,2
64955,6
64956,5
64957,1
64958,0
64959,5
64960,5
64961,0
64962,0
64963,2
64964,2
64965,5
64966,4
64967,0
64968,0
64969,0
64970,2
64971,4
64972,6
64973,1
64974,0
64975,3
64976,6
64977,3
64978,4
64979,6
64980,4
64981,1
64982,0
64983,3
64984,0
64985,0
64986,3
64987,2
64988,5
64989,4
64990,6
64991,2
64992,6
64993,1
64994,4
64995,5
64996,2
64997,2
64998,6
64999,6
65000,5
65001,4
65002,6
65003,6
65004,4
65005,0
65006,6
65007,2
65008,6
65009,5
65010,5
65011,6
65012,3
65013,3
65014,6
65015,5
65016,4
65017,4
65018,1
65019,4
65020,4
65021,1
65022,3
65023,4
65024,2
65025,0
65026,5
65027,4
65028,1
65029,2
65030,4
65031,3
65032,1
65033,4
65034,3
65035,3
65036,3
65037,5
65038,0
65039,0
65040,4
65041,6
65042,1
65043,4
65044,0
65045,2
65046,5
65047,1
65048,1
65049,0
65050,2
65051,2
65052,0
65053,5
65054,0
65055,6
65056,0
65057,3
65058,6
65059,2
65060,4
65061,2
65062,3
65063,1
65064,5
65065,1
65066,3
65067,6
65068,5
65069,2
65070,4
65071,3
65072,6
65073,6
65074,2
65075,5
65076,2
65077,4
65078,0
65079,0
65080,6
65081,3
65082,5
65083,1
65084,1
65085,5
65086,5
65087,0
65088,5
65089,1
65090,1
65091,0
65092,5
65093,2
65094,5
65095,0
65096,2
65097,5
65098,3
65099,2
65100,4
65101,6
65102,6
65103,0
65104,4
65105,0
65106,1
65107,6
65108,0
65109,2
65110,5
65111,6
65112,3
65113,2
65114,5
65115,0
65116,5
65117,6
65118,1
65119,3
65120,2
65121,1
65122,4
65123,4
65124,2
65125,1
65126,0
65127,2
65128,5
65129,6
65130,0
65131,6
65132,4
65133,4
65134,1
65135,4
65136,6
65137,5
65138,2
65139,1
65140,1
65141,6
65142,0
65143,6
65144,6
65145,6
65146,2
65147,6
65148,5
65149,4
65150,5
65151,1
65152,4
65153,4
65154,0
65155,6
65156,6
65157,5
65158,5
65159,1
65160,0
65161,2
65162,0
65163,1
65164,4
65165,3
65166,5
65167,2
65168,6
65169,2
65170,6
65171,4
65172,6
65173,5
65174,2
65175,1
65176,0
65177,2
65178,5
65179,3
65180,0
65181,4
65182,5
65183,5
65184,1
65185,3
65186,3
65187,0
65188,0
65189,4
65190,0
65191,0
65192,3
65193,3
65194,6
65195,6
65196,0
65197,5
65198,0
65199,5
65200,5
65201,4
65202,0
65203,5
65204,5
65205,1
65206,0
65207,6
65208,4
65209,3
65210,2
65211,4
65212,5
65213,4
65214,2
65215,0
65216,2
65217,5
65218,2
65219,6
65220,3
65221,6
65222,0
65223,6
65224,6
65225,0
65226,1
65227,3
65228,2
65229,5
65230,6
65231,1
65232,3
65233,1
65234,5
65235,3
65236,0
65237,2
65238,5
65239,4
65240,2
65241,3
65242,4
65243,5
65244,1
65245,4
65246,1
65247,6
65248,2
65249,0
65250,6
65251,2
65252,0
65253,3
65254,1
65255,1
65256,6
65257,4
65258,6
65259,5
65260,0
65261,2
65262,4
65263,2
65264,6
65265,5
65266,3
65267,0
65268,3
65269,2
65270,0
65271,1
65272,6
65273,3
65274,0
65275,2
65276,5
65277,1
65278,5
65279,3
65280,1
65281,2
65282,4
65283,6
65284,6
65285,6
65286,6
65287,6
65288,6
65289,3
65290,6
65291,4
65292,5
65293,6
65294,0
65295,3
65296,4
65297,0
65298,5
65299,0
65300,0
65301,6
65302,2
65303,3
65304,2
65305,4
65306,2
65307,1
65308,6
65309,1
65310,3
65311,2
65312,1
65313,0
65314,0
65315,0
65316,1
65317,1
65318,4
65319,5
65320,2
65321,1
65322,4
65323,4
65324,3
65325,2
65326,0
65327,3
65328,4
65329,1
65330,1
65331,1
65332,3
65333,1
65334,3
65335,3
65336,4
65337,5
65338,6
65339,2
65340,3
65341,5
65342,0
65343,6
65344,4
65345,0
65346,6
65347,2
65348,6
65349,4
65350,2
65351,3
65352,5
65353,4
65354,3
65355,4
65356,3
65357,4
65358,1
65359,0
65360,6
65361,6
65362,4
65363,4
65364,0
65365,2
65366,0
65367,5
65368,0
65369,6
65370,4
65371,4
65372,4
65373,3
65374,5
65375,3
65376,6
65377,6
65378,2
65379,6
65380,2
65381,2
65382,4
65383,0
65384,0
65385,6
65386,4
65387,5
65388,5
65389,3
65390,4
65391,4
65392,1
65393,4
65394,2
65395,6
65396,3
65397,5
65398,1
65399,6
65400,3
65401,0
65402,4
65403,3
65404,5
65405,4
65406,6
65407,4
65408,4
65409,1
65410,0
65411,5
65412,0
65413,4
65414,4
65415,5
65416,6
65417,1
65418,3
65419,0
65420,2
65421,3
65422,5
65423,5
65424,5
65425,4
65426,0
65427,1
65428,1
65429,1
65430,2
65431,4
65432,5
65433,2
65434,4
65435,2
65436,3
65437,0
65438,4
65439,0
65440,1
65441,2
65442,0
65443,1
65444,4
65445,1
65446,6
65447,6
65448,1
65449,2
65450,1
65451,6
65452,6
65453,0
65454,4
65455,3
65456,1
65457,4
65458,1
65459,1
65460,0
65461,4
65462,2
65463,6
65464,3
65465,4
65466,5
65467,5
65468,4
65469,2
65470,0
65471,1
65472,4
65473,0
65474,2
65475,2
65476,0
65477,1
65478,3
65479,3
65480,5
65481,6
65482,3
65483,0
65484,2
65485,0
65486,2
65487,4
65488,2
65489,5
65490,1
65491,5
65492,1
65493,2
65494,2
65495,5
65496,1
65497,5
65498,5
65499,2
65500,3
65501,5
65502,0
65503,5
65504,0
65505,4
65506,4
65507,1
65508,0
65509,5
65510,6
65511,6
65512,3
65513,3
65514,3
65515,1
65516,2
65517,2
65518,3
65519,5
65520,0
65521,0
65522,4
65523,2
65524,1
65525,3
65526,2
65527,1
65528,3
65529,6
65530,1
65531,3
65532,4
65533,1
65534,3
65535,2
65536,0
65537,2
65538,6
65539,0
65540,6
65541,3
65542,3
65543,2
65544,6
65545,1
65546,0
65547,6
65548,4
65549,6
65550,0
65551,3
65552,6
65553,0
65554,0
65555,3
65556,5
65557,5
65558,1
65559,6
65560,6
65561,3
65562,5
65563,1
65564,3
65565,4
65566,6
65567,6
65568,4
65569,5
65570,3
65571,2
65572,1
65573,3
65574,5
65575,2
65576,4
65577,3
65578,3
65579,2
65580,6
65581,2
65582,5
65583,3
65584,4
65585,1
65586,5
65587,6
65588,0
65589,3
65590,5
65591,3
65592,4
65593,6
65594,4
65595,3
65596,4
65597,3
65598,1
65599,1
65600,2
65601,0
65602,3
65603,2
65604,2
65605,1
65606,5
65607,3
65608,1
65609,3
65610,2
65611,2
65612,3
65613,5
65614,2
65615,2
65616,6
65617,1
65618,2
65619,0
65620,5
65621,3
65622,5
65623,6
65624,0
65625,4
65626,4
65627,1
65628,5
65629,1
65630,2
65631,2
65632,1
65633,4
65634,0
65635,0
65636,5
65637,3
65638,1
65639,4
65640,6
65641,6
65642,3
65643,3
65644,6
65645,1
65646,3
65647,4
65648,5
65649,2
65650,1
65651,6
65652,5
65653,4
65654,4
65655,0
65656,0
65657,1
65658,3
65659,1
65660,2
65661,3
65662,1
65663,4
65664,2
65665,0
65666,2
65667,4
65668,4
65669,5
65670,3
65671,2
65672,5
65673,1
65674,2
65675,3
65676,4
65677,3
65678,4
65679,5
65680,6
65681,1
65682,4
65683,4
65684,0
65685,1
65686,0
65687,4
65688,2
65689,1
65690,5
65691,0
65692,0
65693,6
65694,2
65695,5
65696,3
65697,4
65698,1
65699,6
65700,6
65701,3
65702,0
65703,5
65704,4
65705,1
65706,0
65707,2
65708,5
65709,5
65710,2
65711,0
65712,6
65713,6
65714,4
65715,1
65716,6
65717,4
65718,0
65719,5
65720,3
65721,2
65722,1
65723,1
65724,6
65725,5
65726,2
65727,1
65728,6
65729,6
65730,1
65731,4
65732,2
65733,2
65734,1
65735,0
65736,4
65737,4
65738,2
65739,1
65740,3
65741,2
65742,4
65743,6
65744,1
65745,1
65746,3
65747,5
65748,1
65749,3
65750,1
65751,4
65752,3
65753,0
65754,5
65755,4
65756,3
65757,0
65758,0
65759,5
65760,0
65761,1
65762,5
65763,3
65764,1
65765,6
65766,3
65767,1
65768,5
65769,1
65770,4
65771,4
65772,2
65773,5
65774,0
65775,4
65776,6
65777,3
65778,0
65779,6
65780,6
65781,4
65782,4
65783,2
65784,5
65785,0
65786,6
65787,5
65788,6
65789,1
65790,5
65791,3
65792,4
65793,0
65794,0
65795,0
65796,3
65797,1
65798,2
65799,2
65800,4
65801,3
65802,0
65803,3
65804,2
65805,3
65806,0
65807,3
65808,1
65809,0
65810,5
65811,2
65812,0
65813,6
65814,3
65815,5
65816,4
65817,2
65818,3
65819,4
65820,4
65821,2
65822,4
65823,0
65824,3
65825,3
65826,0
65827,5
65828,1
65829,6
65830,1
65831,0
65832,6
65833,4
65834,4
65835,1
65836,4
65837,3
65838,3
65839,3
65840,0
65841,4
65842,1
65843,3
65844,2
65845,0
65846,1
65847,2
65848,6
65849,5
65850,6
65851,0
65852,5
65853,1
65854,4
65855,0
65856,1
65857,1
65858,1
65859,1
65860,3
65861,6
65862,2
65863,2
65864,3
65865,0
65866,5
65867,2
65868,3
65869,4
65870,5
65871,1
65872,0
65873,2
65874,1
65875,4
65876,0
65877,2
65878,1
65879,6
65880,3
65881,3
65882,3
65883,6
65884,6
65885,2
65886,0
65887,4
65888,3
65889,2
65890,5
65891,4
65892,5
65893,1
65894,4
65895,4
65896,1
65897,1
65898,1
65899,0
65900,3
65901,5
65902,0
65903,4
65904,4
65905,4
65906,2
65907,5
65908,4
65909,5
65910,4
65911,0
65912,3
65913,0
65914,0
65915,6
65916,2
65917,4
65918,2
65919,3
65920,4
65921,1
65922,5
65923,4
65924,4
65925,3
65926,0
65927,6
65928,4
65929,0
65930,5
65931,6
65932,6
65933,5
65934,6
65935,2
65936,4
65937,2
65938,0
65939,4
65940,2
65941,3
65942,1
65943,2
65944,0
65945,0
65946,2
65947,4
65948,5
65949,6
65950,6
65951,3
65952,0
65953,2
65954,3
65955,1
65956,1
65957,0
65958,6
65959,6
65960,4
65961,1
65962,6
65963,5
65964,2
65965,1
65966,3
65967,5
65968,0
65969,0
65970,4
65971,2
65972,3
65973,3
65974,6
65975,3
65976,6
65977,0
65978,6
65979,0
65980,3
65981,6
65982,4
65983,6
65984,2
65985,2
65986,3
65987,6
65988,6
65989,2
65990,0
65991,5
65992,0
65993,1
65994,3
65995,3
65996,3
65997,3
65998,3
65999,2
66000,5
66001,6
66002,5
66003,4
66004,2
66005,4
66006,4
66007,1
66008,6
66009,4
66010,0
66011,5
66012,5
66013,3
66014,3
66015,5
66016,0
66017,1
66018,1
66019,4
66020,0
66021,3
66022,5
66023,2
66024,4
66025,0
66026,0
66027,3
66028,3
66029,5
66030,6
66031,5
66032,5
66033,2
66034,3
66035,1
66036,1
66037,6
66038,3
66039,2
66040,1
66041,4
66042,0
66043,3
66044,3
66045,3
66046,0
66047,3
66048,6
66049,2
66050,5
66051,3
66052,1
66053,0
66054,3
66055,2
66056,2
66057,0
66058,6
66059,2
66060,5
66061,2
66062,2
66063,0
66064,3
66065,2
66066,5
66067,6
66068,0
66069,6
66070,5
66071,0
66072,5
66073,2
66074,5
66075,4
66076,6
66077,6
66078,3
66079,5
66080,0
66081,2
66082,0
66083,1
66084,3
66085,0
66086,1
66087,1
66088,0
66089,2
66090,1
66091,5
66092,3
66093,1
66094,2
66095,6
66096,0
66097,0
66098,5
66099,4
66100,4
66101,4
66102,0
66103,5
66104,0
66105,5
66106,2
66107,6
66108,4
66109,2
66110,3
66111,2
66112,3
66113,4
66114,3
66115,1
66116,2
66117,2
66118,6
66119,5
66120,3
66121,0
66122,2
66123,0
66124,1
66125,2
66126,2
66127,4
66128,1
66129,1
66130,5
66131,0
66132,2
66133,6
66134,6
66135,5
66136,0
66137,0
66138,1
66139,6
66140,1
66141,5
66142,3
66143,6
66144,1
66145,1
66146,3
66147,6
66148,0
66149,4
66150,5
66151,5
66152,4
66153,0
66154,2
66155,0
66156,1
66157,6
66158,1
66159,5
66160,3
66161,2
66162,1
66163,5
66164,6
66165,3
66166,6
66167,2
66168,5
66169,1
66170,6
66171,5
66172,2
66173,5
66174,4
66175,2
66176,1
66177,4
66178,2
66179,0
66180,1
66181,0
66182,5
66183,1
66184,5
66185,0
66186,5
66187,3
66188,3
66189,0
66190,3
66191,1
66192,6
66193,3
66194,1
66195,4
66196,0
66197,3
66198,5
66199,0
66200,5
66201,1
66202,4
66203,0
66204,1
66205,3
66206,0
66207,0
66208,3
66209,3
66210,2
66211,4
66212,2
66213,3
66214,2
66215,1
66216,3
66217,6
66218,6
66219,5
66220,4
66221,4
66222,5
66223,3
66224,5
66225,1
66226,6
66227,2
66228,1
66229,3
66230,2
66231,1
66232,0
66233,6
66234,2
66235,4
66236,4
66237,6
66238,5
66239,1
66240,3
66241,4
66242,6
66243,1
66244,0
66245,3
66246,0
66247,5
66248,5
66249,3
66250,0
66251,0
66252,4
66253,6
66254,4
66255,2
66256,4
66257,3
66258,0
66259,6
66260,5
66261,2
66262,3
66263,5
66264,4
66265,4
66266,3
66267,6
66268,6
66269,0
66270,5
66271,2
66272,2
66273,4
66274,2
66275,6
66276,5
66277,5
66278,5
66279,3
66280,4
66281,3
66282,6
66283,5
66284,4
66285,1
66286,4
66287,5
66288,0
66289,2
66290,1
66291,5
66292,6
66293,0
66294,0
66295,1
66296,5
66297,3
66298,3
66299,6
66300,0
66301,6
66302,6
66303,6
66304,5
66305,4
66306,2
66307,5
66308,1
66309,5
66310,6
66311,0
66312,1
66313,6
66314,5
66315,1
66316,2
66317,0
66318,5
66319,4
66320,1
66321,0
66322,6
66323,4
66324,3
66325,0
66326,5
66327,6
66328,5
66329,4
66330,0
66331,3
66332,4
66333,1
66334,1
66335,2
66336,0
66337,0
66338,3
66339,4
66340,6
66341,0
66342,3
66343,0
66344,3
66345,0
66346,4
66347,2
66348,4
66349,0
66350,0
66351,3
66352,1
66353,3
66354,2
66355,3
66356,4
66357,5
66358,6
66359,4
66360,4
66361,1
66362,1
66363,0
66364,6
66365,0
66366,3
66367,2
66368,2
66369,5
66370,4
66371,6
66372,6
66373,2
66374,3
66375,0
66376,5
66377,6
66378,5
66379,2
66380,2
66381,4
66382,4
66383,1
66384,3
66385,0
66386,2
66387,4
66388,1
66389,3
66390,2
66391,2
66392,6
66393,2
66394,1
66395,0
66396,0
66397,0
66398,3
66399,1
66400,1
66401,2
66402,0
66403,2
66404,0
66405,5
66406,1
66407,5
66408,5
66409,3
66410,4
66411,3
66412,1
66413,6
66414,3
66415,6
66416,2
66417,1
66418,4
66419,5
66420,3
66421,5
66422,4
66423,2
66424,2
66425,4
66426,4
66427,5
66428,3
66429,5
66430,1
66431,6
66432,1
66433,4
66434,2
66435,0
66436,5
66437,6
66438,4
66439,5
66440,0
66441,1
66442,4
66443,3
66444,2
66445,4
66446,4
66447,3
66448,6
66449,2
66450,2
66451,1
66452,4
66453,5
66454,0
66455,5
66456,5
66457,5
66458,2
66459,2
66460,3
66461,3
66462,2
66463,6
66464,1
66465,0
66466,3
66467,3
66468,6
66469,1
66470,1
66471,4
66472,0
66473,0
66474,5
66475,6
66476,0
66477,5
66478,2
66479,0
66480,2
66481,6
66482,4
66483,2
66484,0
66485,2
66486,5
66487,3
66488,4
66489,1
66490,3
66491,2
66492,0
66493,0
66494,3
66495,6
66496,0
66497,3
66498,1
66499,5
66500,6
66501,1
66502,6
66503,4
66504,4
66505,1
66506,3
66507,2
66508,3
66509,3
66510,3
66511,2
66512,6
66513,4
66514,5
66515,6
66516,3
66517,3
66518,6
66519,0
66520,6
66521,5
66522,5
66523,2
66524,0
66525,5
66526,2
66527,2
66528,0
66529,3
66530,5
66531,6
66532,5
66533,5
66534,2
66535,4
66536,3
66537,0
66538,5
66539,1
66540,3
66541,6
66542,2
66543,5
66544,3
66545,4
66546,3
66547,3
66548,1
66549,0
66550,0
66551,6
66552,5
66553,1
66554,1
66555,6
66556,6
66557,5
66558,0
66559,0
66560,5
66561,0
66562,4
66563,6
66564,2
66565,5
66566,0
66567,1
66568,5
66569,5
66570,3
66571,5
66572,6
66573,2
66574,0
66575,0
66576,1
66577,6
66578,5
66579,6
66580,0
66581,1
66582,3
66583,0
66584,3
66585,0
66586,2
66587,6
66588,1
66589,5
66590,6
66591,0
66592,5
66593,2
66594,6
66595,2
66596,0
66597,6
66598,3
66599,0
66600,1
66601,4
66602,4
66603,3
66604,4
66605,3
66606,5
66607,0
66608,2
66609,4
66610,4
66611,1
66612,4
66613,0
66614,5
66615,2
66616,4
66617,1
66618,0
66619,4
66620,4
66621,2
66622,5
66623,5
66624,3
66625,2
66626,1
66627,3
66628,6
66629,5
66630,5
66631,4
66632,2
66633,6
66634,5
66635,3
66636,2
66637,5
66638,6
66639,1
66640,5
66641,3
66642,5
66643,6
66644,2
66645,1
66646,3
66647,6
66648,0
66649,2
66650,5
66651,4
66652,0
66653,1
66654,3
66655,3
66656,2
66657,5
66658,3
66659,4
66660,5
66661,4
66662,5
66663,6
66664,3
66665,3
66666,4
66667,4
66668,6
66669,1
66670,0
66671,1
66672,0
66673,4
66674,5
66675,2
66676,4
66677,4
66678,1
66679,6
66680,6
66681,4
66682,3
66683,3
66684,4
66685,4
66686,4
66687,4
66688,6
66689,4
66690,4
66691,0
66692,4
66693,0
66694,6
66695,2
66696,5
66697,5
66698,3
66699,3
66700,0
66701,3
66702,3
66703,4
66704,6
66705,1
66706,4
66707,5
66708,3
66709,1
66710,3
66711,3
66712,2
66713,4
66714,5
66715,0
66716,5
66717,3
66718,6
66719,0
66720,5
66721,1
66722,6
66723,3
66724,4
66725,1
66726,4
66727,6
66728,4
66729,3
66730,0
66731,3
66732,0
66733,2
66734,5
66735,6
66736,0
66737,0
66738,3
66739,6
66740,6
66741,3
66742,6
66743,0
66744,3
66745,4
66746,5
66747,5
66748,0
66749,3
66750,3
66751,5
66752,0
66753,4
66754,2
66755,5
66756,6
66757,2
66758,0
66759,3
66760,0
66761,0
66762,6
66763,4
66764,4
66765,2
66766,4
66767,4
66768,0
66769,5
66770,0
66771,0
66772,6
66773,4
66774,5
66775,5
66776,2
66777,3
66778,4
66779,4
66780,2
66781,1
66782,3
66783,6
66784,4
66785,1
66786,5
66787,1
66788,4
66789,6
66790,5
66791,2
66792,0
66793,2
66794,4
66795,2
66796,1
66797,4
66798,6
66799,1
66800,3
66801,3
66802,2
66803,1
66804,6
66805,5
66806,2
66807,4
66808,5
66809,3
66810,0
66811,4
66812,2
66813,1
66814,3
66815,6
66816,1
66817,0
66818,5
66819,5
66820,0
66821,3
66822,4
66823,3
66824,1
66825,5
66826,6
66827,0
66828,6
66829,3
66830,5
66831,5
66832,6
66833,1
66834,0
66835,6
66836,6
66837,4
66838,3
66839,3
66840,5
66841,3
66842,6
66843,3
66844,3
66845,0
66846,4
66847,4
66848,2
66849,4
66850,5
66851,0
66852,5
66853,2
66854,6
66855,4
66856,3
66857,0
66858,1
66859,2
66860,5
66861,0
66862,0
66863,4
66864,0
66865,6
66866,0
66867,1
66868,2
66869,6
66870,3
66871,0
66872,4
66873,4
66874,2
66875,1
66876,2
66877,2
66878,4
66879,1
66880,4
66881,6
66882,5
66883,0
66884,5
66885,0
66886,6
66887,0
66888,0
66889,5
66890,3
66891,3
66892,4
66893,2
66894,3
66895,1
66896,1
66897,4
66898,4
66899,6
66900,0
66901,0
66902,2
66903,6
66904,4
66905,2
66906,3
66907,0
66908,6
66909,1
66910,0
66911,5
66912,2
66913,6
66914,0
66915,2
66916,3
66917,2
66918,1
66919,4
66920,6
66921,6
66922,2
66923,1
66924,6
66925,5
66926,3
66927,0
66928,5
66929,0
66930,3
66931,0
66932,4
66933,2
66934,5
66935,6
66936,2
66937,3
66938,5
66939,2
66940,0
66941,0
66942,2
66943,1
66944,3
66945,0
66946,2
66947,4
66948,4
66949,2
66950,4
66951,3
66952,3
66953,3
66954,6
66955,0
66956,5
66957,3
66958,6
66959,3
66960,4
66961,0
66962,5
66963,6
66964,1
66965,3
66966,0
66967,3
66968,5
66969,3
66970,4
66971,4
66972,0
66973,0
66974,3
66975,4
66976,0
66977,3
66978,0
66979,5
66980,2
66981,4
66982,2
66983,0
66984,2
66985,1
66986,1
66987,1
66988,3
66989,4
66990,0
66991,5
66992,6
66993,3
66994,1
66995,2
66996,1
66997,0
66998,4
66999,1
67000,1
67001,6
67002,6
67003,0
67004,5
67005,1
67006,2
67007,3
67008,5
67009,0
67010,3
67011,5
67012,3
67013,0
67014,3
67015,5
67016,4
67017,1
67018,0
67019,6
67020,3
67021,1
67022,1
67023,4
67024,1
67025,6
67026,6
67027,5
67028,4
67029,2
67030,6
67031,5
67032,4
67033,5
67034,1
67035,1
67036,3
67037,4
67038,4
67039,4
67040,0
67041,5
67042,0
67043,5
67044,6
67045,0
67046,4
67047,2
67048,1
67049,4
67050,3
67051,2
67052,1
67053,5
67054,5
67055,6
67056,1
67057,1
67058,0
67059,1
67060,1
67061,5
67062,5
67063,5
67064,3
67065,3
67066,0
67067,0
67068,2
67069,1
67070,2
67071,2
67072,1
67073,1
67074,3
67075,1
67076,0
67077,3
67078,1
67079,0
67080,0
67081,3
67082,1
67083,6
67084,2
67085,6
67086,1
67087,5
67088,5
67089,0
67090,6
67091,2
67092,2
67093,3
67094,2
67095,5
67096,5
67097,4
67098,2
67099,3
67100,6
67101,1
67102,3
67103,3
67104,6
67105,2
67106,4
67107,5
67108,0
67109,3
67110,6
67111,1
67112,6
67113,5
67114,3
67115,5
67116,2
67117,3
67118,0
67119,0
67120,4
67121,5
67122,4
67123,3
67124,1
67125,0
67126,5
67127,4
67128,6
67129,4
67130,4
67131,5
67132,4
67133,4
67134,1
67135,2
67136,4
67137,1
67138,5
67139,6
67140,0
67141,5
67142,6
67143,3
67144,2
67145,3
67146,1
67147,2
67148,5
67149,1
67150,2
67151,2
67152,4
67153,0
67154,6
67155,6
67156,6
67157,0
67158,6
67159,1
67160,4
67161,4
67162,6
67163,1
67164,4
67165,4
67166,1
67167,4
67168,0
67169,1
67170,0
67171,4
67172,3
67173,1
67174,2
67175,2
67176,0
67177,4
67178,1
67179,6
67180,4
67181,4
67182,2
67183,6
67184,4
67185,5
67186,6
67187,4
67188,5
67189,0
67190,6
67191,4
67192,2
67193,3
67194,6
67195,3
67196,0
67197,0
67198,0
67199,5
67200,1
67201,4
67202,2
67203,1
67204,1
67205,2
67206,6
67207,0
67208,2
67209,2
67210,0
67211,4
67212,3
67213,4
67214,3
67215,0
67216,6
67217,3
67218,1
67219,6
67220,0
67221,5
67222,5
67223,0
67224,5
67225,4
67226,6
67227,6
67228,5
67229,4
67230,3
67231,2
67232,3
67233,5
67234,5
67235,6
67236,3
67237,5
67238,4
67239,4
67240,4
67241,1
67242,4
67243,3
67244,0
67245,4
67246,2
67247,0
67248,1
67249,2
67250,6
67251,5
67252,6
67253,0
67254,4
67255,6
67256,3
67257,1
67258,0
67259,5
67260,1
67261,5
67262,5
67263,4
67264,6
67265,2
67266,0
67267,3
67268,3
67269,3
67270,2
67271,0
67272,5
67273,1
67274,4
67275,0
67276,6
67277,0
67278,3
67279,5
67280,0
67281,3
67282,6
67283,5
67284,6
67285,2
67286,0
67287,3
67288,3
67289,1
67290,1
67291,5
67292,5
67293,4
67294,5
67295,3
67296,6
67297,2
67298,3
67299,0
67300,6
67301,2
67302,2
67303,1
67304,4
67305,5
67306,5
67307,3
67308,4
67309,6
67310,3
67311,1
67312,3
67313,3
67314,0
67315,2
67316,0
67317,4
67318,0
67319,3
67320,4
67321,6
67322,0
67323,2
67324,4
67325,0
67326,0
67327,5
67328,1
67329,3
67330,4
67331,2
67332,3
67333,3
67334,1
67335,4
67336,0
67337,1
67338,5
67339,3
67340,0
67341,3
67342,4
67343,3
67344,6
67345,3
67346,5
67347,6
67348,6
67349,1
67350,6
67351,4
67352,5
67353,3
67354,1
67355,2
67356,3
67357,2
67358,6
67359,2
67360,5
67361,2
67362,5
67363,2
67364,0
67365,2
67366,4
67367,2
67368,3
67369,2
67370,5
67371,6
67372,1
67373,6
67374,6
67375,3
67376,3
67377,4
67378,6
67379,5
67380,6
67381,5
67382,6
67383,2
67384,5
67385,3
67386,5
67387,3
67388,5
67389,1
67390,2
67391,1
67392,1
67393,0
67394,1
67395,6
67396,6
67397,4
67398,1
67399,1
67400,4
67401,0
67402,5
67403,0
67404,4
67405,0
67406,1
67407,3
67408,2
67409,6
67410,6
67411,6
67412,0
67413,5
67414,2
67415,4
67416,2
67417,0
67418,2
67419,0
67420,4
67421,1
67422,4
67423,2
67424,4
67425,4
67426,0
67427,1
67428,5
67429,1
67430,0
67431,5
67432,0
67433,0
67434,6
67435,4
67436,4
67437,1
67438,4
67439,2
67440,4
67441,0
67442,2
67443,1
67444,3
67445,3
67446,2
67447,0
67448,3
67449,1
67450,5
67451,4
67452,4
67453,4
67454,2
67455,6
67456,3
67457,2
67458,0
67459,3
67460,5
67461,6
67462,5
67463,0
67464,5
67465,5
67466,1
67467,0
67468,0
67469,1
67470,1
67471,3
67472,6
67473,0
67474,2
67475,2
67476,1
67477,6
67478,1
67479,6
67480,0
67481,3
67482,0
67483,0
67484,5
67485,0
67486,2
67487,6
67488,1
67489,1
67490,5
67491,1
67492,2
67493,6
67494,3
67495,4
67496,6
67497,1
67498,2
67499,5
67500,6
67501,4
67502,3
67503,4
67504,1
67505,3
67506,6
67507,6
67508,4
67509,0
67510,6
67511,1
67512,2
67513,1
67514,4
67515,4
67516,6
67517,6
67518,4
67519,3
67520,1
67521,5
67522,6
67523,3
67524,0
67525,0
67526,3
67527,4
67528,4
67529,2
67530,1
67531,4
67532,2
67533,3
67534,6
67535,4
67536,3
67537,4
67538,3
67539,2
67540,2
67541,1
67542,0
67543,1
67544,4
67545,3
67546,5
67547,3
67548,0
67549,5
67550,0
67551,4
67552,4
67553,1
67554,3
67555,5
67556,3
67557,0
67558,1
67559,6
67560,1
67561,6
67562,0
67563,1
67564,4
67565,1
67566,5
67567,2
67568,1
67569,2
67570,4
67571,2
67572,3
67573,4
67574,2
67575,3
67576,2
67577,6
67578,4
67579,5
67580,1
67581,2
67582,5
67583,6
67584,5
67585,0
67586,6
67587,0
67588,2
67589,0
67590,6
67591,3
67592,0
67593,3
67594,4
67595,3
67596,5
67597,6
67598,4
67599,5
67600,3
67601,6
67602,5
67603,1
67604,3
67605,6
67606,5
67607,1
67608,5
67609,2
67610,0
67611,6
67612,2
67613,4
67614,0
67615,5
67616,5
67617,2
67618,6
67619,0
67620,4
67621,4
67622,4
67623,3
67624,5
67625,4
67626,0
67627,4
67628,1
67629,0
67630,4
67631,6
67632,1
67633,2
67634,3
67635,6
67636,3
67637,5
67638,1
67639,2
67640,2
67641,0
67642,5
67643,1
67644,3
67645,1
67646,0
67647,2
67648,2
67649,6
67650,0
67651,1
67652,1
67653,3
67654,2
67655,2
67656,0
67657,1
67658,0
67659,2
67660,0
67661,4
67662,6
67663,4
67664,0
67665,6
67666,4
67667,6
67668,4
67669,5
67670,1
67671,5
67672,2
67673,1
67674,3
67675,4
67676,3
67677,5
67678,3
67679,5
67680,2
67681,4
67682,1
67683,0
67684,4
67685,2
67686,3
67687,5
67688,5
67689,4
67690,3
67691,0
67692,4
67693,4
67694,5
67695,5
67696,2
67697,1
67698,4
67699,5
67700,0
67701,0
67702,2
67703,0
67704,4
67705,3
67706,3
67707,1
67708,1
67709,0
67710,0
67711,3
67712,0
67713,3
67714,4
67715,5
67716,3
67717,3
67718,6
67719,3
67720,1
67721,5
67722,3
67723,0
67724,0
67725,1
67726,4
67727,4
67728,1
67729,0
67730,6
67731,4
67732,5
67733,4
67734,1
67735,6
67736,6
67737,0
67738,1
67739,0
67740,1
67741,6
67742,5
67743,3
67744,2
67745,2
67746,2
67747,4
67748,3
67749,6
67750,4
67751,0
67752,0
67753,3
67754,3
67755,4
67756,1
67757,3
67758,2
67759,0
67760,6
67761,4
67762,6
67763,6
67764,3
67765,5
67766,2
67767,0
67768,3
67769,1
67770,4
67771,3
67772,4
67773,5
67774,0
67775,1
67776,5
67777,6
67778,5
67779,4
67780,5
67781,4
67782,0
67783,6
67784,1
67785,2
67786,0
67787,6
67788,1
67789,5
67790,2
67791,0
67792,5
67793,6
67794,4
67795,2
67796,2
67797,6
67798,6
67799,5
67800,6
67801,6
67802,4
67803,4
67804,4
67805,2
67806,3
67807,0
67808,3
67809,0
67810,6
67811,1
67812,1
67813,2
67814,0
67815,2
67816,5
67817,4
67818,0
67819,0
67820,6
67821,6
67822,4
67823,0
67824,1
67825,1
67826,0
67827,5
67828,4
67829,3
67830,1
67831,1
67832,6
67833,5
67834,1
67835,0
67836,3
67837,3
67838,5
67839,1
67840,0
67841,1
67842,5
67843,0
67844,1
67845,4
67846,4
67847,0
67848,1
67849,3
67850,6
67851,4
67852,5
67853,5
67854,1
67855,1
67856,3
67857,3
67858,5
67859,3
67860,3
67861,0
67862,1
67863,6
67864,4
67865,0
67866,3
67867,1
67868,4
67869,6
67870,4
67871,3
67872,5
67873,0
67874,3
67875,4
67876,5
67877,5
67878,6
67879,3
67880,4
67881,4
67882,6
67883,6
67884,4
67885,3
67886,2
67887,0
67888,6
67889,5
67890,1
67891,5
67892,0
67893,3
67894,0
67895,1
67896,4
67897,6
67898,2
67899,3
67900,2
67901,0
67902,4
67903,6
67904,1
67905,3
67906,4
67907,2
67908,6
67909,0
67910,3
67911,4
67912,2
67913,6
67914,2
67915,4
67916,6
67917,6
67918,1
67919,4
67920,0
67921,0
67922,5
67923,0
67924,1
67925,4
67926,5
67927,4
67928,5
67929,1
67930,0
67931,5
67932,1
67933,0
67934,2
67935,6
67936,6
67937,5
67938,2
67939,4
67940,6
67941,0
67942,3
67943,1
67944,6
67945,4
67946,0
67947,4
67948,0
67949,4
67950,6
67951,5
67952,2
67953,2
67954,4
67955,0
67956,1
67957,2
67958,3
67959,5
67960,0
67961,1
67962,0
67963,0
67964,3
67965,1
67966,5
67967,4
67968,6
67969,4
67970,3
67971,4
67972,2
67973,0
67974,6
67975,2
67976,5
67977,6
67978,2
67979,5
67980,1
67981,2
67982,3
67983,2
67984,4
67985,0
67986,4
67987,4
67988,3
67989,6
67990,6
67991,4
67992,1
67993,0
67994,6
67995,5
67996,4
67997,6
67998,6
67999,6
68000,2
68001,1
68002,0
68003,0
68004,5
68005,0
68006,5
68007,6
68008,2
68009,4
68010,1
68011,5
68012,6
68013,4
68014,6
68015,1
68016,3
68017,2
68018,4
68019,6
68020,6
68021,4
68022,5
68023,0
68024,5
68025,4
68026,0
68027,2
68028,3
68029,3
68030,4
68031,3
68032,3
68033,4
68034,3
68035,3
68036,6
68037,3
68038,1
68039,0
68040,4
68041,6
68042,1
68043,2
68044,5
68045,0
68046,4
68047,5
68048,5
68049,0
68050,3
68051,5
68052,1
68053,2
68054,3
68055,3
68056,4
68057,5
68058,6
68059,0
68060,2
68061,4
68062,4
68063,3
68064,3
68065,5
68066,3
68067,5
68068,3
68069,2
68070,0
68071,1
68072,1
68073,0
68074,5
68075,2
68076,2
68077,3
68078,0
68079,6
68080,0
68081,5
68082,4
68083,3
68084,2
68085,5
68086,4
68087,1
68088,0
68089,4
68090,3
68091,4
68092,1
68093,6
68094,0
68095,2
68096,0
68097,2
68098,4
68099,4
68100,2
68101,6
68102,5
68103,5
68104,2
68105,3
68106,2
68107,2
68108,2
68109,4
68110,6
68111,0
68112,4
68113,0
68114,5
68115,5
68116,2
68117,6
68118,0
68119,1
68120,3
68121,6
68122,6
68123,3
68124,6
68125,0
68126,1
68127,5
68128,4
68129,4
68130,0
68131,3
68132,2
68133,3
68134,0
68135,5
68136,6
68137,4
68138,0
68139,2
68140,5
68141,0
68142,3
68143,0
68144,3
68145,4
68146,6
68147,0
68148,5
68149,0
68150,4
68151,2
68152,2
68153,1
68154,5
68155,6
68156,0
68157,4
68158,1
68159,0
68160,5
68161,5
68162,6
68163,4
68164,2
68165,4
68166,1
68167,2
68168,4
68169,0
68170,3
68171,5
68172,4
68173,0
68174,6
68175,0
68176,5
68177,0
68178,3
68179,0
68180,4
68181,5
68182,6
68183,1
68184,5
68185,0
68186,0
68187,0
68188,0
68189,1
68190,3
68191,3
68192,4
68193,3
68194,5
68195,0
68196,4
68197,0
68198,0
68199,4
68200,2
68201,0
68202,2
68203,2
68204,6
68205,0
68206,2
68207,1
68208,3
68209,3
68210,5
68211,3
68212,4
68213,3
68214,3
68215,0
68216,1
68217,0
68218,1
68219,4
68220,2
68221,5
68222,1
68223,1
68224,5
68225,1
68226,0
68227,1
68228,6
68229,1
68230,2
68231,1
68232,3
68233,2
68234,1
68235,5
68236,1
68237,5
68238,0
68239,4
68240,5
68241,3
68242,4
68243,1
68244,0
68245,4
68246,1
68247,0
68248,3
68249,3
68250,4
68251,1
68252,3
68253,3
68254,3
68255,5
68256,6
68257,2
68258,5
68259,2
68260,2
68261,2
68262,5
68263,3
68264,6
68265,4
68266,6
68267,3
68268,3
68269,4
68270,3
68271,2
68272,4
68273,0
68274,1
68275,0
68276,1
68277,0
68278,2
68279,6
68280,0
68281,2
68282,4
68283,2
68284,1
68285,4
68286,5
68287,4
68288,4
68289,5
68290,6
68291,6
68292,6
68293,6
68294,0
68295,4
68296,0
68297,0
68298,3
68299,0
68300,3
68301,4
68302,3
68303,4
68304,5
68305,5
68306,0
68307,4
68308,4
68309,0
68310,6
68311,1
68312,4
68313,4
68314,1
68315,0
68316,2
68317,6
68318,6
68319,3
68320,2
68321,6
68322,3
68323,6
68324,6
68325,3
68326,3
68327,1
68328,5
68329,3
68330,0
68331,5
68332,5
68333,4
68334,3
68335,0
68336,4
68337,4
68338,4
68339,2
68340,6
68341,1
68342,0
68343,4
68344,5
68345,6
68346,0
68347,0
68348,6
68349,6
68350,0
68351,6
68352,5
68353,4
68354,1
68355,5
68356,0
68357,1
68358,1
68359,3
68360,3
68361,6
68362,6
68363,2
68364,0
68365,3
68366,1
68367,6
68368,0
68369,4
68370,1
68371,2
68372,6
68373,6
68374,2
68375,2
68376,4
68377,2
68378,3
68379,5
68380,4
68381,5
68382,1
68383,6
68384,5
68385,2
68386,5
68387,0
68388,1
68389,1
68390,2
68391,0
68392,3
68393,5
68394,3
68395,2
68396,4
68397,6
68398,2
68399,4
68400,5
68401,2
68402,4
68403,1
68404,4
68405,4
68406,6
68407,3
68408,5
68409,3
68410,3
68411,4
68412,6
68413,1
68414,5
68415,6
68416,3
68417,5
68418,0
68419,5
68420,3
68421,6
68422,5
68423,1
68424,3
68425,4
68426,2
68427,0
68428,4
68429,0
68430,2
68431,6
68432,4
68433,4
68434,4
68435,2
68436,6
68437,4
68438,1
68439,5
68440,0
68441,1
68442,1
68443,0
68444,4
68445,5
68446,6
68447,4
68448,2
68449,0
68450,1
68451,1
68452,4
68453,1
68454,6
68455,0
68456,2
68457,3
68458,1
68459,1
68460,5
68461,5
68462,5
68463,5
68464,2
68465,4
68466,6
68467,2
68468,5
68469,6
68470,0
68471,6
68472,3
68473,0
68474,2
68475,2
68476,0
68477,3
68478,4
68479,5
68480,3
68481,4
68482,4
68483,0
68484,4
68485,6
68486,5
68487,3
68488,6
68489,0
68490,0
68491,5
68492,3
68493,5
68494,3
68495,0
68496,5
68497,0
68498,1
68499,5
68500,5
68501,3
68502,1
68503,2
68504,0
68505,5
68506,6
68507,3
68508,5
68509,4
68510,4
68511,2
68512,3
68513,1
68514,4
68515,5
68516,3
68517,2
68518,4
68519,5
68520,1
68521,0
68522,4
68523,5
68524,6
68525,3
68526,2
68527,1
68528,5
68529,2
68530,0
68531,5
68532,0
68533,5
68534,1
68535,5
68536,6
68537,2
68538,5
68539,4
68540,0
68541,6
68542,3
68543,0
68544,6
68545,3
68546,3
68547,0
68548,4
68549,2
68550,5
68551,3
68552,5
68553,5
68554,3
68555,5
68556,6
68557,3
68558,3
68559,1
68560,4
68561,5
68562,1
68563,6
68564,4
68565,5
68566,1
68567,3
68568,2
68569,2
68570,4
68571,5
68572,4
68573,6
68574,5
68575,2
68576,6
68577,1
68578,4
68579,2
68580,4
68581,1
68582,4
68583,1
68584,3
68585,6
68586,1
68587,2
68588,0
68589,3
68590,1
68591,5
68592,2
68593,1
68594,3
68595,5
68596,5
68597,5
68598,0
68599,2
68600,2
68601,5
68602,3
68603,4
68604,1
68605,4
68606,4
68607,2
68608,5
68609,2
68610,5
68611,0
68612,3
68613,0
68614,5
68615,3
68616,5
68617,4
68618,0
68619,6
68620,1
68621,0
68622,5
68623,6
68624,4
68625,4
68626,0
68627,0
68628,3
68629,2
68630,4
68631,4
68632,2
68633,2
68634,2
68635,6
68636,3
68637,3
68638,0
68639,0
68640,1
68641,1
68642,6
68643,0
68644,0
68645,3
68646,3
68647,1
68648,2
68649,0
68650,0
68651,5
68652,0
68653,6
68654,4
68655,5
68656,5
68657,0
68658,2
68659,4
68660,3
68661,4
68662,5
68663,6
68664,5
68665,4
68666,5
68667,0
68668,3
68669,6
68670,0
68671,4
68672,3
68673,3
68674,4
68675,5
68676,3
68677,5
68678,4
68679,3
68680,5
68681,1
68682,4
68683,4
68684,4
68685,5
68686,0
68687,0
68688,4
68689,3
68690,1
68691,4
68692,5
68693,0
68694,1
68695,6
68696,0
68697,6
68698,3
68699,4
68700,0
68701,3
68702,5
68703,4
68704,1
68705,4
68706,2
68707,5
68708,4
68709,4
68710,3
68711,4
68712,2
68713,1
68714,5
68715,1
68716,4
68717,5
68718,1
68719,4
68720,0
68721,2
68722,4
68723,0
68724,0
68725,2
68726,5
68727,0
68728,2
68729,4
68730,6
68731,1
68732,2
68733,3
68734,2
68735,5
68736,1
68737,0
68738,3
68739,2
68740,6
68741,4
68742,2
68743,2
68744,3
68745,5
68746,0
68747,4
68748,0
68749,1
68750,3
68751,3
68752,1
68753,4
68754,2
68755,0
68756,0
68757,2
68758,4
68759,5
68760,6
68761,2
68762,5
68763,6
68764,3
68765,5
68766,3
68767,1
68768,1
68769,6
68770,6
68771,6
68772,0
68773,1
68774,6
68775,1
68776,4
68777,1
68778,2
68779,6
68780,4
68781,2
68782,5
68783,6
68784,3
68785,6
68786,4
68787,4
68788,5
68789,4
68790,2
68791,5
68792,5
68793,1
68794,1
68795,2
68796,1
68797,1
68798,5
68799,1
68800,0
68801,2
68802,4
68803,0
68804,5
68805,6
68806,0
68807,3
68808,5
68809,6
68810,1
68811,5
68812,3
68813,2
68814,1
68815,2
68816,5
68817,0
68818,2
68819,1
68820,6
68821,0
68822,5
68823,4
68824,1
68825,2
68826,0
68827,0
68828,6
68829,5
68830,3
68831,6
68832,1
68833,0
68834,2
68835,2
68836,0
68837,5
68838,5
68839,3
68840,4
68841,4
68842,3
68843,0
68844,4
68845,0
68846,2
68847,2
68848,6
68849,0
68850,3
68851,6
68852,0
68853,6
68854,3
68855,4
68856,5
68857,2
68858,1
68859,4
68860,3
68861,0
68862,0
68863,3
68864,2
68865,4
68866,2
68867,5
68868,0
68869,1
68870,1
68871,2
68872,3
68873,4
68874,6
68875,1
68876,5
68877,6
68878,4
68879,2
68880,2
68881,0
68882,4
68883,2
68884,0
68885,0
68886,0
68887,2
68888,6
68889,6
68890,4
68891,6
68892,3
68893,0
68894,2
68895,2
68896,6
68897,1
68898,4
68899,2
68900,1
68901,5
68902,3
68903,4
68904,5
68905,1
68906,0
68907,6
68908,0
68909,4
68910,0
68911,6
68912,2
68913,4
68914,0
68915,5
68916,3
68917,3
68918,0
68919,4
68920,4
68921,5
68922,4
68923,0
68924,1
68925,6
68926,2
68927,2
68928,0
68929,3
68930,4
68931,2
68932,5
68933,1
68934,0
68935,1
68936,4
68937,4
68938,5
68939,0
68940,0
68941,6
68942,4
68943,2
68944,4
68945,4
68946,2
68947,2
68948,6
68949,0
68950,6
68951,1
68952,1
68953,2
68954,3
68955,5
68956,3
68957,6
68958,0
68959,1
68960,4
68961,0
68962,4
68963,4
68964,1
68965,3
68966,3
68967,3
68968,2
68969,5
68970,4
68971,3
68972,1
68973,6
68974,5
68975,3
68976,6
68977,2
68978,6
68979,5
68980,0
68981,4
68982,2
68983,1
68984,3
68985,3
68986,5
68987,3
68988,1
68989,5
68990,4
68991,4
68992,1
68993,6
68994,1
68995,6
68996,0
68997,1
68998,5
68999,1
69000,3
69001,1
69002,3
69003,1
69004,4
69005,0
69006,5
69007,3
69008,0
69009,1
69010,2
69011,4
69012,1
69013,0
69014,4
69015,1
69016,3
69017,4
69018,1
69019,5
69020,5
69021,6
69022,1
69023,4
69024,1
69025,4
69026,3
69027,4
69028,1
69029,4
69030,0
69031,4
69032,5
69033,4
69034,4
69035,6
69036,2
69037,2
69038,6
69039,1
69040,0
69041,5
69042,6
69043,0
69044,5
69045,6
69046,1
69047,5
69048,3
69049,5
69050,1
69051,4
69052,4
69053,6
69054,5
69055,1
69056,4
69057,4
69058,2
69059,0
69060,0
69061,4
69062,4
69063,1
69064,5
69065,3
69066,0
69067,5
69068,6
69069,6
69070,0
69071,2
69072,5
69073,2
69074,1
69075,3
69076,3
69077,4
69078,4
69079,2
69080,1
69081,1
69082,2
69083,3
69084,3
69085,3
69086,1
69087,3
69088,6
69089,1
69090,0
69091,5
69092,6
69093,5
69094,4
69095,0
69096,1
69097,2
69098,3
69099,3
69100,6
69101,0
69102,0
69103,4
69104,3
69105,2
69106,0
69107,2
69108,4
69109,5
69110,4
69111,4
69112,3
69113,0
69114,0
69115,0
69116,2
69117,6
69118,5
69119,2
69120,3
69121,0
69122,6
69123,3
69124,6
69125,3
69126,0
69127,4
69128,5
69129,4
69130,3
69131,3
69132,5
69133,1
69134,6
69135,6
69136,6
69137,6
69138,5
69139,3
69140,0
69141,4
69142,5
69143,2
69144,5
69145,2
69146,6
69147,6
69148,3
69149,3
69150,6
69151,5
69152,4
69153,6
69154,1
69155,0
69156,0
69157,3
69158,3
69159,3
69160,2
69161,1
69162,2
69163,4
69164,3
69165,4
69166,5
69167,0
69168,6
69169,0
69170,1
69171,4
69172,6
69173,4
69174,4
69175,1
69176,4
69177,2
69178,6
69179,3
69180,6
69181,0
69182,0
69183,6
69184,5
69185,2
69186,0
69187,3
69188,5
69189,5
69190,3
69191,2
69192,2
69193,5
69194,5
69195,0
69196,5
69197,2
69198,0
69199,0
69200,5
69201,2
69202,6
69203,1
69204,2
69205,6
69206,0
69207,3
69208,1
69209,0
69210,6
69211,4
69212,4
69213,0
69214,6
69215,1
69216,5
69217,0
69218,6
69219,6
69220,5
69221,6
69222,1
69223,0
69224,5
69225,3
69226,5
69227,1
69228,6
69229,4
69230,2
69231,3
69232,6
69233,3
69234,5
69235,5
69236,3
69237,0
69238,1
69239,6
69240,2
69241,1
69242,3
69243,2
69244,3
69245,6
69246,3
69247,3
69248,0
69249,0
69250,2
69251,5
69252,0
69253,6
69254,1
69255,3
69256,4
69257,2
69258,6
69259,1
69260,6
69261,5
69262,1
69263,0
69264,1
69265,2
69266,5
69267,6
69268,1
69269,0
69270,4
69271,4
69272,6
69273,0
69274,1
69275,0
69276,3
69277,3
69278,6
69279,1
69280,6
69281,2
69282,4
69283,1
69284,6
69285,6
69286,3
69287,5
69288,2
69289,2
69290,4
69291,5
69292,5
69293,2
69294,6
69295,0
69296,5
69297,0
69298,3
69299,1
69300,5
69301,4
69302,3
69303,1
69304,3
69305,4
69306,0
69307,5
69308,4
69309,6
69310,1
69311,3
69312,6
69313,2
69314,4
69315,0
69316,1
69317,2
69318,0
69319,1
69320,5
69321,0
69322,2
69323,2
69324,5
69325,6
69326,5
69327,1
69328,5
69329,0
69330,5
69331,0
69332,3
69333,4
69334,1
69335,3
69336,5
69337,6
69338,4
69339,1
69340,2
69341,0
69342,4
69343,0
69344,4
69345,2
69346,6
69347,2
69348,4
69349,4
69350,2
69351,3
69352,5
69353,5
69354,5
69355,0
69356,4
69357,4
69358,1
69359,2
69360,5
69361,0
69362,5
69363,0
69364,1
69365,6
69366,5
69367,4
69368,6
69369,6
69370,1
69371,4
69372,4
69373,6
69374,5
69375,2
69376,6
69377,2
69378,4
69379,6
69380,5
69381,1
69382,1
69383,6
69384,1
69385,2
69386,3
69387,4
69388,0
69389,0
69390,3
69391,1
69392,1
69393,4
69394,4
69395,4
69396,6
69397,2
69398,4
69399,3
69400,1
69401,0
69402,6
69403,0
69404,1
69405,6
69406,4
69407,1
69408,0
69409,6
69410,1
69411,2
69412,6
69413,0
69414,5
69415,5
69416,3
69417,1
69418,0
69419,3
69420,1
69421,5
69422,3
69423,2
69424,1
69425,0
69426,6
69427,2
69428,4
69429,0
69430,4
69431,3
69432,2
69433,4
69434,6
69435,3
69436,3
69437,0
69438,2
69439,5
69440,5
69441,5
69442,0
69443,1
69444,1
69445,0
69446,1
69447,5
69448,4
69449,4
69450,3
69451,5
69452,1
69453,0
69454,3
69455,4
69456,1
69457,6
69458,3
69459,2
69460,3
69461,5
69462,5
69463,1
69464,6
69465,4
69466,1
69467,0
69468,6
69469,3
69470,3
69471,2
69472,6
69473,6
69474,4
69475,3
69476,5
69477,4
69478,5
69479,0
69480,4
69481,4
69482,4
69483,6
69484,5
69485,4
69486,0
69487,6
69488,5
69489,4
69490,0
69491,5
69492,5
69493,2
69494,1
69495,1
69496,0
69497,2
69498,3
69499,2
69500,5
69501,2
69502,5
69503,0
69504,0
69505,4
69506,6
69507,6
69508,6
69509,0
69510,0
69511,5
69512,4
69513,0
69514,0
69515,0
69516,3
69517,1
69518,5
69519,6
69520,0
69521,0
69522,4
69523,5
69524,4
69525,2
69526,0
69527,2
69528,5
69529,2
69530,0
69531,2
69532,1
69533,2
69534,3
69535,1
69536,0
69537,5
69538,4
69539,4
69540,0
69541,4
69542,6
69543,2
69544,4
69545,3
69546,3
69547,0
69548,4
69549,0
69550,2
69551,2
69552,0
69553,3
69554,3
69555,1
69556,0
69557,2
69558,3
69559,3
69560,2
69561,4
69562,5
69563,2
69564,4
69565,2
69566,6
69567,5
69568,4
69569,6
69570,3
69571,1
69572,1
69573,5
69574,2
69575,0
69576,3
69577,5
69578,4
69579,0
69580,0
69581,3
69582,1
69583,4
69584,0
69585,1
69586,2
69587,2
69588,5
69589,4
69590,0
69591,4
69592,4
69593,6
69594,4
69595,4
69596,1
69597,5
69598,0
69599,3
69600,3
69601,0
69602,0
69603,0
69604,3
69605,3
69606,5
69607,2
69608,2
69609,2
69610,6
69611,4
69612,0
69613,5
69614,6
69615,1
69616,6
69617,4
69618,6
69619,4
69620,4
69621,1
69622,4
69623,5
69624,6
69625,0
69626,0
69627,1
69628,6
69629,1
69630,3
69631,3
69632,2
69633,4
69634,0
69635,1
69636,0
69637,5
69638,0
69639,2
69640,6
69641,3
69642,6
69643,5
69644,5
69645,2
69646,3
69647,1
69648,1
69649,4
69650,2
69651,0
69652,4
69653,4
69654,2
69655,6
69656,0
69657,4
69658,5
69659,4
69660,6
69661,4
69662,1
69663,5
69664,2
69665,5
69666,3
69667,4
69668,1
69669,4
69670,3
69671,0
69672,3
69673,5
69674,4
69675,4
69676,1
69677,3
69678,5
69679,3
69680,5
69681,0
69682,3
69683,5
69684,0
69685,0
69686,4
69687,1
69688,0
69689,4
69690,6
69691,2
69692,3
69693,3
69694,6
69695,4
69696,1
69697,6
69698,4
69699,3
69700,3
69701,2
69702,1
69703,1
69704,5
69705,6
69706,6
69707,1
69708,0
69709,0
69710,0
69711,6
69712,3
69713,2
69714,0
69715,0
69716,5
69717,2
69718,3
69719,4
69720,5
69721,3
69722,5
69723,4
69724,3
69725,2
69726,0
69727,0
69728,4
69729,2
69730,3
69731,4
69732,1
69733,4
69734,2
69735,5
69736,6
69737,2
69738,0
69739,1
69740,3
69741,2
69742,2
69743,5
69744,1
69745,1
69746,2
69747,2
69748,4
69749,6
69750,3
69751,4
69752,1
69753,0
69754,5
69755,3
69756,6
69757,3
69758,6
69759,2
69760,5
69761,5
69762,2
69763,3
69764,4
69765,6
69766,0
69767,0
69768,1
69769,1
69770,4
69771,0
69772,5
69773,3
69774,3
69775,0
69776,3
69777,3
69778,5
69779,0
69780,6
69781,2
69782,4
69783,1
69784,5
69785,0
69786,3
69787,3
69788,3
69789,5
69790,6
69791,4
69792,5
69793,5
69794,1
69795,6
69796,3
69797,1
69798,2
69799,6
69800,6
69801,3
69802,1
69803,3
69804,5
69805,5
69806,3
69807,2
69808,0
69809,0
69810,3
69811,4
69812,4
69813,4
69814,0
69815,5
69816,6
69817,2
69818,6
69819,3
69820,5
69821,3
69822,5
69823,1
69824,4
69825,4
69826,3
69827,6
69828,2
69829,0
69830,4
69831,5
69832,5
69833,3
69834,3
69835,0
69836,2
69837,3
69838,6
69839,4
69840,1
69841,1
69842,3
69843,4
69844,0
69845,3
69846,1
69847,2
69848,0
69849,3
69850,2
69851,6
69852,5
69853,2
69854,0
69855,4
69856,3
69857,1
69858,6
69859,0
69860,3
69861,3
69862,0
69863,1
69864,4
69865,0
69866,4
69867,4
69868,0
69869,0
69870,0
69871,6
69872,6
69873,1
69874,2
69875,1
69876,1
69877,4
69878,5
69879,2
69880,3
69881,6
69882,2
69883,4
69884,6
69885,1
69886,5
69887,3
69888,1
69889,5
69890,5
69891,3
69892,4
69893,3
69894,4
69895,4
69896,5
69897,2
69898,5
69899,6
69900,1
69901,1
69902,3
69903,4
69904,4
69905,3
69906,6
69907,1
69908,0
69909,2
69910,4
69911,3
69912,0
69913,1
69914,3
69915,4
69916,5
69917,0
69918,2
69919,0
69920,1
69921,4
69922,1
69923,5
69924,6
69925,2
69926,2
69927,0
69928,1
69929,3
69930,1
69931,0
69932,6
69933,5
69934,5
69935,4
69936,4
69937,5
69938,5
69939,0
69940,6
69941,5
69942,2
69943,3
69944,1
69945,1
69946,4
69947,3
69948,0
69949,0
69950,1
69951,2
69952,2
69953,5
69954,3
69955,3
69956,6
69957,4
69958,0
69959,4
69960,3
69961,1
69962,0
69963,0
69964,1
69965,2
69966,0
69967,6
69968,1
69969,1
69970,4
69971,5
69972,3
69973,0
69974,5
69975,5
69976,3
69977,2
69978,1
69979,6
69980,3
69981,6
69982,0
69983,0
69984,2
69985,6
69986,0
69987,3
69988,3
69989,2
69990,1
69991,6
69992,4
69993,4
69994,3
69995,3
69996,3
69997,3
69998,5
69999,6
70000,3
70001,0
70002,4
70003,0
70004,5
70005,3
70006,3
70007,4
70008,6
70009,0
70010,2
70011,5
70012,3
70013,0
70014,2
70015,3
70016,6
70017,4
70018,1
70019,0
70020,3
70021,0
70022,2
70023,3
70024,6
70025,4
70026,0
70027,1
70028,6
70029,4
70030,4
70031,1
70032,5
70033,1
70034,4
70035,0
70036,0
70037,4
70038,4
70039,6
70040,6
70041,2
70042,5
70043,2
70044,5
70045,5
70046,1
70047,1
70048,1
70049,3
70050,1
70051,2
70052,4
70053,6
70054,3
70055,5
70056,1
70057,0
70058,4
70059,2
70060,5
70061,1
70062,5
70063,0
70064,2
70065,6
70066,4
70067,0
70068,4
70069,1
70070,5
70071,0
70072,4
70073,4
70074,5
70075,4
70076,2
70077,4
70078,0
70079,3
70080,1
70081,6
70082,5
70083,5
70084,6
70085,5
70086,6
70087,4
70088,6
70089,1
70090,2
70091,1
70092,2
70093,5
70094,5
70095,4
70096,3
70097,4
70098,6
70099,3
70100,6
70101,1
70102,2
70103,4
70104,6
70105,4
70106,3
70107,2
70108,3
70109,2
70110,2
70111,1
70112,1
70113,6
70114,1
70115,4
70116,4
70117,5
70118,1
70119,4
70120,0
70121,5
70122,5
70123,5
70124,5
70125,0
70126,0
70127,3
70128,4
70129,2
70130,2
70131,2
70132,3
70133,4
70134,0
70135,6
70136,1
70137,3
70138,5
70139,4
70140,4
70141,5
70142,5
70143,2
70144,3
70145,3
70146,0
70147,0
70148,2
70149,4
70150,2
70151,3
70152,3
70153,0
70154,1
70155,4
70156,4
70157,4
70158,2
70159,4
70160,4
70161,5
70162,4
70163,6
70164,4
70165,6
70166,6
70167,2
70168,1
70169,0
70170,2
70171,0
70172,0
70173,6
70174,5
70175,4
70176,0
70177,1
70178,5
70179,3
70180,1
70181,0
70182,2
70183,0
70184,5
70185,5
70186,3
70187,0
70188,1
70189,5
70190,3
70191,2
70192,1
70193,0
70194,6
70195,1
70196,5
70197,2
70198,6
70199,0
70200,3
70201,6
70202,3
70203,0
70204,6
70205,2
70206,0
70207,5
70208,6
70209,3
70210,3
70211,1
70212,4
70213,5
70214,0
70215,5
70216,2
70217,3
70218,5
70219,5
70220,6
70221,3
70222,3
70223,2
70224,0
70225,4
70226,0
70227,4
70228,6
70229,5
70230,0
70231,2
70232,1
70233,4
70234,4
70235,1
70236,6
70237,2
70238,3
70239,2
70240,0
70241,3
70242,4
70243,0
70244,3
70245,5
70246,2
70247,6
70248,5
70249,6
70250,5
70251,2
70252,0
70253,3
70254,0
70255,0
70256,3
70257,4
70258,0
70259,0
70260,4
70261,2
70262,6
70263,1
70264,0
70265,3
70266,5
70267,6
70268,0
70269,4
70270,2
70271,1
70272,6
70273,2
70274,1
70275,1
70276,2
70277,3
70278,1
70279,0
70280,0
70281,3
70282,4
70283,4
70284,3
70285,3
70286,0
70287,1
70288,0
70289,2
70290,6
70291,3
70292,2
70293,4
70294,0
70295,6
70296,5
70297,4
70298,2
70299,4
70300,4
70301,0
70302,5
70303,3
70304,4
70305,4
70306,0
70307,0
70308,6
70309,5
70310,6
70311,1
70312,3
70313,0
70314,4
70315,4
70316,5
70317,0
70318,2
70319,2
70320,2
70321,6
70322,5
70323,5
70324,0
70325,4
70326,2
70327,4
70328,5
70329,3
70330,4
70331,4
70332,1
70333,4
70334,0
70335,6
70336,6
70337,2
70338,4
70339,0
70340,2
70341,0
70342,5
70343,2
70344,3
70345,4
70346,4
70347,0
70348,2
70349,0
70350,1
70351,1
70352,4
70353,1
70354,2
70355,1
70356,5
70357,5
70358,0
70359,2
70360,5
70361,5
70362,4
70363,5
70364,3
70365,6
70366,3
70367,0
70368,0
70369,6
70370,1
70371,1
70372,2
70373,3
70374,4
70375,1
70376,2
70377,1
70378,0
70379,4
70380,0
70381,3
70382,1
70383,2
70384,5
70385,2
70386,2
70387,5
70388,0
70389,6
70390,3
70391,5
70392,1
70393,2
70394,6
70395,6
70396,4
70397,2
70398,4
70399,6
70400,3
70401,2
70402,2
70403,3
70404,1
70405,3
70406,4
70407,5
70408,4
70409,4
70410,0
70411,5
70412,3
70413,6
70414,2
70415,3
70416,2
70417,2
70418,4
70419,6
70420,6
70421,2
70422,5
70423,5
70424,6
70425,3
70426,6
70427,1
70428,2
70429,2
70430,5
70431,0
70432,6
70433,6
70434,0
70435,2
70436,1
70437,1
70438,4
70439,5
70440,4
70441,3
70442,0
70443,2
70444,6
70445,0
70446,5
70447,4
70448,3
70449,0
70450,3
70451,2
70452,2
70453,3
70454,0
70455,0
70456,4
70457,5
70458,6
70459,5
70460,1
70461,0
70462,1
70463,5
70464,2
70465,0
70466,4
70467,5
70468,0
70469,0
70470,0
70471,5
70472,3
70473,0
70474,3
70475,0
70476,5
70477,1
70478,0
70479,2
70480,3
70481,2
70482,6
70483,1
70484,0
70485,1
70486,0
70487,1
70488,2
70489,0
70490,2
70491,0
70492,4
70493,2
70494,4
70495,3
70496,5
70497,6
70498,4
70499,5
70500,6
70501,1
70502,1
70503,4
70504,2
70505,4
70506,0
70507,3
70508,4
70509,6
70510,2
70511,2
70512,6
70513,4
70514,3
70515,2
70516,6
70517,6
70518,1
70519,4
70520,3
70521,0
70522,0
70523,3
70524,3
70525,5
70526,6
70527,2
70528,1
70529,4
70530,0
70531,1
70532,6
70533,1
70534,2
70535,5
70536,5
70537,0
70538,4
70539,0
70540,6
70541,1
70542,4
70543,4
70544,3
70545,5
70546,3
70547,5
70548,4
70549,1
70550,4
70551,0
70552,1
70553,5
70554,5
70555,2
70556,6
70557,5
70558,5
70559,0
70560,3
70561,6
70562,1
70563,2
70564,4
70565,0
70566,6
70567,1
70568,1
70569,5
70570,0
70571,4
70572,4
70573,4
70574,1
70575,2
70576,2
70577,0
70578,0
70579,0
70580,0
70581,6
70582,1
70583,2
70584,5
70585,6
70586,6
70587,6
70588,2
70589,1
70590,4
70591,6
70592,5
70593,5
70594,4
70595,5
70596,4
70597,1
70598,1
70599,1
70600,5
70601,4
70602,3
70603,2
70604,5
70605,6
70606,4
70607,5
70608,2
70609,0
70610,0
70611,4
70612,5
70613,3
70614,4
70615,4
70616,3
70617,6
70618,5
70619,2
70620,5
70621,3
70622,6
70623,6
70624,0
70625,6
70626,4
70627,5
70628,3
70629,5
70630,1
70631,0
70632,6
70633,2
70634,4
70635,6
70636,4
70637,2
70638,6
70639,3
70640,3
70641,2
70642,6
70643,2
70644,1
70645,6
70646,3
70647,3
70648,5
70649,4
70650,5
70651,3
70652,3
70653,5
70654,3
70655,6
70656,4
70657,5
70658,1
70659,3
70660,0
70661,2
70662,6
70663,4
70664,5
70665,5
70666,0
70667,4
70668,4
70669,2
70670,6
70671,3
70672,6
70673,1
70674,2
70675,5
70676,3
70677,3
70678,4
70679,1
70680,5
70681,6
70682,3
70683,2
70684,1
70685,4
70686,5
70687,5
70688,1
70689,4
70690,3
70691,5
70692,3
70693,3
70694,5
70695,0
70696,6
70697,6
70698,4
70699,0
70700,5
70701,5
70702,5
70703,6
70704,2
70705,0
70706,6
70707,3
70708,4
70709,0
70710,2
70711,4
70712,4
70713,3
70714,1
70715,6
70716,6
70717,1
70718,0
70719,0
70720,5
70721,0
70722,6
70723,0
70724,0
70725,0
70726,1
70727,0
70728,1
70729,3
70730,2
70731,0
70732,2
70733,1
70734,1
70735,3
70736,3
70737,5
70738,3
70739,5
70740,1
70741,0
70742,5
70743,3
70744,5
70745,0
70746,1
70747,2
70748,6
70749,4
70750,1
70751,2
70752,4
70753,1
70754,5
70755,6
70756,4
70757,0
70758,4
70759,3
70760,4
70761,0
70762,3
70763,2
70764,0
70765,5
70766,6
70767,4
70768,3
70769,0
70770,0
70771,0
70772,0
70773,4
70774,2
70775,4
70776,0
70777,3
70778,6
70779,6
70780,5
70781,5
70782,5
70783,0
70784,0
70785,0
70786,1
70787,5
70788,0
70789,0
70790,5
70791,2
70792,1
70793,5
70794,4
70795,6
70796,1
70797,4
70798,5
70799,5
70800,2
70801,6
70802,2
70803,0
70804,6
70805,0
70806,2
70807,4
70808,6
70809,2
70810,5
70811,1
70812,5
70813,4
70814,1
70815,4
70816,6
70817,2
70818,5
70819,4
70820,6
70821,2
70822,5
70823,3
70824,5
70825,5
70826,1
70827,1
70828,5
70829,2
70830,5
70831,2
70832,2
70833,3
70834,0
70835,5
70836,4
70837,4
70838,1
70839,6
70840,0
70841,5
70842,0
70843,3
70844,5
70845,0
70846,0
70847,1
70848,5
70849,0
70850,6
70851,6
70852,4
70853,1
70854,3
70855,2
70856,0
70857,3
70858,4
70859,5
70860,6
70861,6
70862,4
70863,1
70864,3
70865,0
70866,3
70867,5
70868,5
70869,3
70870,3
70871,2
70872,6
70873,5
70874,0
70875,2
70876,6
70877,3
70878,6
70879,3
70880,4
70881,2
70882,4
70883,1
70884,1
70885,3
70886,1
70887,6
70888,3
70889,1
70890,4
70891,4
70892,0
70893,4
70894,4
70895,0
70896,4
70897,4
70898,4
70899,2
70900,6
70901,6
70902,4
70903,5
70904,4
70905,2
70906,5
70907,1
70908,3
70909,2
70910,5
70911,0
70912,2
70913,5
70914,2
70915,3
70916,5
70917,5
70918,0
70919,4
70920,4
70921,4
70922,5
70923,6
70924,1
70925,4
70926,1
70927,0
70928,4
70929,4
70930,6
70931,4
70932,5
70933,4
70934,4
70935,2
70936,5
70937,2
70938,6
70939,0
70940,4
70941,0
70942,4
70943,6
70944,6
70945,2
70946,3
70947,2
70948,1
70949,1
70950,5
70951,3
70952,1
70953,0
70954,0
70955,3
70956,3
70957,3
70958,0
70959,6
70960,4
70961,0
70962,2
70963,0
70964,4
70965,4
70966,3
70967,1
70968,6
70969,0
70970,6
70971,0
70972,5
70973,3
70974,3
70975,2
70976,5
70977,1
70978,4
70979,5
70980,3
70981,4
70982,6
70983,6
70984,6
70985,2
70986,4
70987,1
70988,0
70989,0
70990,2
70991,4
70992,5
70993,6
70994,4
70995,6
70996,0
70997,1
70998,2
70999,4
71000,0
71001,3
71002,5
71003,0
71004,3
71005,3
71006,5
71007,4
71008,2
71009,6
71010,1
71011,5
71012,5
71013,0
71014,6
71015,4
71016,3
71017,2
71018,1
71019,6
71020,2
71021,4
71022,1
71023,6
71024,2
71025,4
71026,5
71027,0
71028,2
71029,1
71030,5
71031,3
71032,3
71033,1
71034,0
71035,3
71036,3
71037,6
71038,2
71039,6
71040,6
71041,5
71042,3
71043,4
71044,2
71045,2
71046,4
71047,4
71048,3
71049,6
71050,0
71051,4
71052,5
71053,2
71054,1
71055,3
71056,5
71057,4
71058,0
71059,6
71060,1
71061,1
71062,2
71063,5
71064,1
71065,3
71066,2
71067,1
71068,0
71069,1
71070,5
71071,1
71072,0
71073,2
71074,5
71075,3
71076,6
71077,2
71078,4
71079,0
71080,1
71081,0
71082,1
71083,1
71084,1
71085,2
71086,5
71087,3
71088,4
71089,3
71090,5
71091,3
71092,4
71093,3
71094,0
71095,5
71096,4
71097,4
71098,0
71099,3
71100,5
71101,0
71102,5
71103,4
71104,6
71105,4
71106,6
71107,3
71108,1
71109,5
71110,0
71111,1
71112,5
71113,2
71114,0
71115,2
71116,0
71117,0
71118,6
71119,4
71120,6
71121,5
71122,6
71123,0
71124,2
71125,0
71126,3
71127,0
71128,4
71129,5
71130,4
71131,5
71132,1
71133,1
71134,3
71135,4
71136,0
71137,4
71138,4
71139,4
71140,4
71141,0
71142,4
71143,3
71144,4
71145,0
71146,0
71147,0
71148,6
71149,5
71150,0
71151,6
71152,3
71153,0
71154,0
71155,2
71156,5
71157,0
71158,2
71159,3
71160,4
71161,6
71162,0
71163,5
71164,3
71165,3
71166,6
71167,1
71168,4
71169,5
71170,5
71171,5
71172,5
71173,0
71174,0
71175,0
71176,6
71177,0
71178,6
71179,1
71180,3
71181,0
71182,6
71183,2
71184,6
71185,3
71186,3
71187,1
71188,1
71189,0
71190,6
71191,2
71192,4
71193,4
71194,3
71195,4
71196,4
71197,5
71198,2
71199,5
71200,2
71201,3
71202,3
71203,4
71204,5
71205,6
71206,0
71207,0
71208,6
71209,2
71210,0
71211,2
71212,1
71213,4
71214,4
71215,0
71216,4
71217,6
71218,2
71219,5
71220,0
71221,3
71222,3
71223,4
71224,4
71225,0
71226,0
71227,0
71228,4
71229,2
71230,2
71231,3
71232,3
71233,6
71234,2
71235,2
71236,2
71237,6
71238,0
71239,5
71240,4
71241,3
71242,5
71243,4
71244,6
71245,1
71246,2
71247,2
71248,6
71249,3
71250,3
71251,1
71252,4
71253,5
71254,0
71255,1
71256,1
71257,4
71258,3
71259,6
71260,6
71261,1
71262,6
71263,2
71264,0
71265,6
71266,2
71267,0
71268,3
71269,3
71270,6
71271,3
71272,4
71273,5
71274,5
71275,1
71276,1
71277,5
71278,5
71279,1
71280,0
71281,4
71282,3
71283,2
71284,4
71285,2
71286,3
71287,1
71288,2
71289,6
71290,1
71291,5
71292,3
71293,4
71294,2
71295,0
71296,3
71297,5
71298,0
71299,0
71300,4
71301,5
71302,0
71303,6
71304,0
71305,0
71306,0
71307,2
71308,1
71309,0
71310,6
71311,1
71312,3
71313,3
71314,4
71315,5
71316,1
71317,4
71318,6
71319,3
71320,0
71321,5
71322,6
71323,6
71324,2
71325,6
71326,6
71327,5
71328,4
71329,3
71330,0
71331,2
71332,0
71333,2
71334,3
71335,3
71336,5
71337,5
71338,1
71339,4
71340,0
71341,1
71342,1
71343,4
71344,5
71345,5
71346,6
71347,3
71348,1
71349,0
71350,1
71351,2
71352,6
71353,5
71354,6
71355,6
71356,2
71357,4
71358,6
71359,2
71360,3
71361,3
71362,4
71363,6
71364,1
71365,4
71366,3
71367,5
71368,0
71369,4
71370,4
71371,4
71372,3
71373,1
71374,1
71375,6
71376,3
71377,2
71378,5
71379,3
71380,4
71381,5
71382,3
71383,2
71384,5
71385,2
71386,3
71387,0
71388,6
71389,0
71390,0
71391,5
71392,4
71393,4
71394,5
71395,1
71396,1
71397,5
71398,4
71399,5
71400,5
71401,3
71402,0
71403,0
71404,5
71405,6
71406,6
71407,6
71408,4
71409,2
71410,0
71411,3
71412,2
71413,0
71414,0
71415,4
71416,5
71417,6
71418,5
71419,4
71420,2
71421,4
71422,5
71423,4
71424,3
71425,3
71426,5
71427,5
71428,6
71429,1
71430,6
71431,4
71432,0
71433,6
71434,2
71435,5
71436,4
71437,0
71438,2
71439,3
71440,0
71441,5
71442,0
71443,2
71444,1
71445,1
71446,4
71447,2
71448,6
71449,1
71450,2
71451,0
71452,1
71453,1
71454,4
71455,4
71456,6
71457,2
71458,0
71459,4
71460,4
71461,1
71462,4
71463,4
71464,4
71465,4
71466,5
71467,3
71468,5
71469,1
71470,5
71471,1
71472,5
71473,1
71474,6
71475,6
71476,3
71477,4
71478,1
71479,3
71480,4
71481,1
71482,4
71483,3
71484,5
71485,3
71486,3
71487,4
71488,3
71489,5
71490,5
71491,4
71492,3
71493,2
71494,6
71495,0
71496,5
71497,5
71498,5
71499,4
71500,5
71501,6
71502,6
71503,2
71504,0
71505,3
71506,6
71507,6
71508,2
71509,0
71510,4
71511,1
71512,5
71513,1
71514,6
71515,4
71516,0
71517,4
71518,0
71519,1
71520,3
71521,1
71522,0
71523,1
71524,5
71525,4
71526,0
71527,2
71528,3
71529,1
71530,3
71531,1
71532,6
71533,3
71534,1
71535,5
71536,1
71537,1
71538,4
71539,5
71540,0
71541,3
71542,1
71543,2
71544,5
71545,0
71546,5
71547,1
71548,2
71549,1
71550,0
71551,1
71552,6
71553,6
71554,0
71555,6
71556,1
71557,3
71558,5
71559,3
71560,4
71561,4
71562,1
71563,0
71564,4
71565,3
71566,2
71567,3
71568,1
71569,3
71570,5
71571,3
71572,0
71573,4
71574,3
71575,1
71576,6
71577,6
71578,2
71579,1
71580,5
71581,4
71582,6
71583,3
71584,4
71585,1
71586,0
71587,0
71588,1
71589,5
71590,2
71591,1
71592,3
71593,2
71594,2
71595,4
71596,4
71597,3
71598,2
71599,1
71600,6
71601,5
71602,4
71603,0
71604,0
71605,0
71606,5
71607,5
71608,3
71609,1
71610,6
71611,3
71612,2
71613,6
71614,3
71615,3
71616,1
71617,0
71618,1
71619,4
71620,1
71621,4
71622,3
71623,5
71624,5
71625,5
71626,6
71627,6
71628,1
71629,3
71630,2
71631,0
71632,1
71633,0
71634,6
71635,6
71636,0
71637,5
71638,3
71639,1
71640,3
71641,5
71642,3
71643,3
71644,0
71645,2
71646,4
71647,3
71648,4
71649,3
71650,0
71651,3
71652,0
71653,0
71654,6
71655,1
71656,0
71657,0
71658,1
71659,5
71660,4
71661,1
71662,6
71663,5
71664,2
71665,4
71666,4
71667,0
71668,1
71669,5
71670,0
71671,3
71672,6
71673,2
71674,1
71675,2
71676,5
71677,1
71678,2
71679,2
71680,6
71681,3
71682,4
71683,6
71684,6
71685,1
71686,0
71687,4
71688,4
71689,3
71690,6
71691,0
71692,3
71693,1
71694,1
71695,6
71696,0
71697,3
71698,5
71699,6
71700,1
71701,6
71702,4
71703,1
71704,6
71705,4
71706,1
71707,2
71708,0
71709,1
71710,6
71711,3
71712,0
71713,4
71714,4
71715,1
71716,4
71717,2
71718,2
71719,6
71720,0
71721,0
71722,6
71723,6
71724,5
71725,5
71726,3
71727,0
71728,4
71729,6
71730,1
71731,1
71732,3
71733,4
71734,3
71735,1
71736,4
71737,0
71738,2
71739,2
71740,0
71741,6
71742,6
71743,0
71744,2
71745,5
71746,0
71747,5
71748,2
71749,1
71750,6
71751,0
71752,4
71753,6
71754,5
71755,3
71756,3
71757,4
71758,2
71759,2
71760,2
71761,0
71762,0
71763,0
71764,3
71765,1
71766,3
71767,2
71768,1
71769,2
71770,1
71771,0
71772,6
71773,3
71774,1
71775,0
71776,5
71777,3
71778,4
71779,6
71780,5
71781,0
71782,0
71783,3
71784,2
71785,6
71786,5
71787,2
71788,4
71789,4
71790,4
71791,4
71792,3
71793,3
71794,1
71795,3
71796,3
71797,6
71798,6
71799,2
71800,3
71801,4
71802,2
71803,5
71804,0
71805,0
71806,3
71807,3
71808,5
71809,4
71810,1
71811,0
71812,4
71813,4
71814,3
71815,3
71816,5
71817,4
71818,6
71819,0
71820,3
71821,6
71822,0
71823,3
71824,2
71825,6
71826,4
71827,4
71828,0
71829,3
71830,1
71831,6
71832,0
71833,6
71834,2
71835,2
71836,3
71837,3
71838,0
71839,5
71840,3
71841,2
71842,0
71843,2
71844,0
71845,2
71846,2
71847,2
71848,0
71849,1
71850,3
71851,2
71852,6
71853,5
71854,1
71855,2
71856,3
71857,3
71858,5
71859,6
71860,0
71861,0
71862,1
71863,5
71864,4
71865,0
71866,5
71867,1
71868,1
71869,2
71870,4
71871,5
71872,5
71873,0
71874,5
71875,1
71876,2
71877,1
71878,0
71879,3
71880,2
71881,4
71882,0
71883,5
71884,6
71885,4
71886,3
71887,3
71888,5
71889,6
71890,3
71891,3
71892,2
71893,5
71894,3
71895,1
71896,4
71897,4
71898,5
71899,4
71900,1
71901,5
71902,5
71903,5
71904,3
71905,3
71906,5
71907,1
71908,5
71909,6
71910,4
71911,0
71912,6
71913,6
71914,3
71915,4
71916,5
71917,5
71918,4
71919,5
71920,2
71921,4
71922,1
71923,4
71924,4
71925,4
71926,5
71927,0
71928,2
71929,1
71930,0
71931,0
71932,2
71933,5
71934,3
71935,2
71936,1
71937,2
71938,1
71939,5
71940,4
71941,2
71942,6
71943,6
71944,3
71945,0
71946,4
71947,4
71948,4
71949,0
71950,4
71951,6
71952,5
71953,6
71954,5
71955,1
71956,5
71957,1
71958,5
71959,2
71960,4
71961,3
71962,1
71963,0
71964,3
71965,2
71966,3
71967,4
71968,5
71969,4
71970,2
71971,4
71972,4
71973,1
71974,5
71975,1
71976,6
71977,3
71978,3
71979,2
71980,4
71981,5
71982,5
71983,5
71984,2
71985,0
71986,1
71987,0
71988,0
71989,2
71990,1
71991,4
71992,2
71993,2
71994,5
71995,6
71996,2
71997,0
71998,1
71999,0
72000,6
72001,1
72002,2
72003,4
72004,6
72005,4
72006,1
72007,4
72008,6
72009,1
72010,6
72011,1
72012,2
72013,0
72014,1
72015,6
72016,3
72017,5
72018,0
72019,4
72020,2
72021,6
72022,1
72023,4
72024,1
72025,2
72026,4
72027,4
72028,3
72029,5
72030,1
72031,2
72032,6
72033,0
72034,4
72035,0
72036,6
72037,3
72038,0
72039,2
72040,1
72041,2
72042,2
72043,1
72044,2
72045,0
72046,6
72047,4
72048,0
72049,1
72050,3
72051,2
72052,5
72053,4
72054,2
72055,6
72056,3
72057,4
72058,0
72059,6
72060,0
72061,4
72062,0
72063,5
72064,0
72065,3
72066,2
72067,3
72068,5
72069,3
72070,3
72071,5
72072,1
72073,4
72074,0
72075,3
72076,3
72077,3
72078,3
72079,3
72080,2
72081,0
72082,0
72083,6
72084,6
72085,3
72086,4
72087,0
72088,5
72089,0
72090,5
72091,6
72092,5
72093,2
72094,6
72095,6
72096,1
72097,4
72098,0
72099,1
72100,6
72101,0
72102,1
72103,1
72104,0
72105,3
72106,0
72107,6
72108,0
72109,3
72110,1
72111,0
72112,5
72113,4
72114,0
72115,5
72116,1
72117,5
72118,3
72119,3
72120,5
72121,4
72122,0
72123,6
72124,3
72125,4
72126,2
72127,5
72128,0
72129,3
72130,4
72131,0
72132,1
72133,1
72134,1
72135,5
72136,4
72137,1
72138,5
72139,6
72140,6
72141,2
72142,4
72143,2
72144,0
72145,2
72146,3
72147,4
72148,6
72149,0
72150,3
72151,2
72152,3
72153,5
72154,6
72155,4
72156,6
72157,3
72158,6
72159,2
72160,1
72161,4
72162,4
72163,4
72164,5
72165,1
72166,6
72167,4
72168,0
72169,6
72170,2
72171,0
72172,3
72173,4
72174,2
72175,4
72176,5
72177,4
72178,0
72179,4
72180,2
72181,0
72182,5
72183,0
72184,4
72185,2
72186,4
72187,1
72188,2
72189,0
72190,4
72191,2
72192,3
72193,5
72194,0
72195,6
72196,4
72197,4
72198,5
72199,3
72200,6
72201,2
72202,0
72203,6
72204,2
72205,3
72206,1
72207,3
72208,6
72209,2
72210,6
72211,0
72212,6
72213,6
72214,5
72215,3
72216,1
72217,2
72218,0
72219,3
72220,4
72221,5
72222,1
72223,2
72224,6
72225,5
72226,1
72227,0
72228,6
72229,4
72230,3
72231,1
72232,0
72233,5
72234,4
72235,4
72236,6
72237,5
72238,2
72239,0
72240,0
72241,3
72242,4
72243,4
72244,5
72245,2
72246,3
72247,0
72248,3
72249,6
72250,5
72251,5
72252,2
72253,6
72254,4
72255,2
72256,4
72257,5
72258,3
72259,3
72260,3
72261,5
72262,1
72263,6
72264,3
72265,6
72266,2
72267,1
72268,1
72269,1
72270,2
72271,4
72272,4
72273,2
72274,3
72275,0
72276,3
72277,1
72278,3
72279,3
72280,6
72281,5
72282,6
72283,6
72284,6
72285,3
72286,2
72287,2
72288,5
72289,0
72290,2
72291,2
72292,1
72293,5
72294,2
72295,5
72296,0
72297,6
72298,4
72299,3
72300,2
72301,6
72302,5
72303,3
72304,3
72305,4
72306,1
72307,6
72308,0
72309,0
72310,1
72311,4
72312,0
72313,0
72314,3
72315,6
72316,4
72317,0
72318,5
72319,0
72320,1
72321,2
72322,4
72323,3
72324,3
72325,4
72326,4
72327,4
72328,4
72329,0
72330,2
72331,2
72332,3
72333,3
72334,3
72335,0
72336,4
72337,6
72338,1
72339,3
72340,6
72341,2
72342,2
72343,6
72344,0
72345,6
72346,3
72347,1
72348,1
72349,1
72350,3
72351,6
72352,4
72353,5
72354,1
72355,3
72356,4
72357,4
72358,3
72359,4
72360,4
72361,1
72362,1
72363,6
72364,2
72365,6
72366,0
72367,4
72368,6
72369,6
72370,5
72371,1
72372,1
72373,5
72374,4
72375,1
72376,4
72377,4
72378,1
72379,3
72380,1
72381,0
72382,0
72383,4
72384,2
72385,0
72386,5
72387,4
72388,0
72389,1
72390,1
72391,6
72392,4
72393,6
72394,3
72395,6
72396,6
72397,2
72398,3
72399,4
72400,5
72401,0
72402,1
72403,5
72404,0
72405,3
72406,0
72407,6
72408,1
72409,4
72410,0
72411,5
72412,5
72413,3
72414,5
72415,0
72416,2
72417,6
72418,3
72419,6
72420,5
72421,1
72422,1
72423,4
72424,1
72425,6
72426,3
72427,0
72428,3
72429,0
72430,6
72431,4
72432,5
72433,0
72434,3
72435,0
72436,3
72437,3
72438,4
72439,6
72440,6
72441,2
72442,5
72443,5
72444,1
72445,5
72446,4
72447,5
72448,4
72449,4
72450,5
72451,4
72452,0
72453,4
72454,6
72455,5
72456,3
72457,6
72458,1
72459,0
72460,0
72461,0
72462,5
72463,6
72464,4
72465,6
72466,1
72467,4
72468,1
72469,5
72470,2
72471,4
72472,6
72473,0
72474,5
72475,3
72476,2
72477,5
72478,4
72479,0
72480,3
72481,5
72482,3
72483,2
72484,4
72485,6
72486,2
72487,5
72488,0
72489,3
72490,4
72491,6
72492,6
72493,5
72494,4
72495,0
72496,5
72497,1
72498,2
72499,6
72500,1
72501,3
72502,6
72503,0
72504,1
72505,4
72506,3
72507,2
72508,6
72509,5
72510,0
72511,0
72512,5
72513,0
72514,1
72515,3
72516,6
72517,3
72518,5
72519,3
72520,4
72521,3
72522,0
72523,6
72524,4
72525,3
72526,4
72527,0
72528,3
72529,4
72530,6
72531,4
72532,6
72533,0
72534,5
72535,3
72536,2
72537,2
72538,5
72539,3
72540,0
72541,6
72542,3
72543,2
72544,3
72545,1
72546,6
72547,4
72548,4
72549,3
72550,4
72551,6
72552,4
72553,6
72554,0
72555,1
72556,5
72557,0
72558,3
72559,0
72560,4
72561,4
72562,0
72563,2
72564,3
72565,3
72566,2
72567,2
72568,5
72569,0
72570,5
72571,4
72572,2
72573,4
72574,3
72575,0
72576,0
72577,1
72578,2
72579,1
72580,6
72581,0
72582,4
72583,1
72584,5
72585,1
72586,4
72587,6
72588,0
72589,4
72590,1
72591,3
72592,3
72593,5
72594,0
72595,4
72596,1
72597,2
72598,5
72599,0
72600,5
72601,3
72602,5
72603,4
72604,2
72605,0
72606,0
72607,1
72608,6
72609,3
72610,0
72611,2
72612,0
72613,2
72614,2
72615,4
72616,1
72617,2
72618,4
72619,6
72620,6
72621,5
72622,1
72623,5
72624,2
72625,5
72626,3
72627,2
72628,2
72629,1
72630,5
72631,6
72632,2
72633,0
72634,2
72635,2
72636,1
72637,5
72638,2
72639,0
72640,6
72641,3
72642,6
72643,4
72644,2
72645,1
72646,0
72647,1
72648,6
72649,3
72650,0
72651,0
72652,5
72653,6
72654,6
72655,0
72656,3
72657,5
72658,1
72659,0
72660,5
72661,3
72662,2
72663,2
72664,4
72665,0
72666,6
72667,2
72668,0
72669,1
72670,4
72671,4
72672,5
72673,1
72674,1
72675,6
72676,1
72677,2
72678,6
72679,2
72680,2
72681,6
72682,5
72683,0
72684,2
72685,0
72686,3
72687,1
72688,0
72689,3
72690,0
72691,2
72692,3
72693,3
72694,5
72695,5
72696,0
72697,2
72698,4
72699,0
72700,2
72701,2
72702,4
72703,1
72704,0
72705,3
72706,1
72707,4
72708,3
72709,5
72710,2
72711,5
72712,2
72713,1
72714,5
72715,3
72716,4
72717,2
72718,1
72719,0
72720,3
72721,1
72722,5
72723,3
72724,1
72725,6
72726,4
72727,2
72728,6
72729,3
72730,6
72731,0
72732,0
72733,1
72734,4
72735,3
72736,2
72737,0
72738,5
72739,4
72740,0
72741,4
72742,5
72743,5
72744,2
72745,4
72746,4
72747,1
72748,4
72749,2
72750,3
72751,0
72752,5
72753,3
72754,2
72755,1
72756,0
72757,1
72758,4
72759,2
72760,1
72761,3
72762,3
72763,1
72764,4
72765,3
72766,2
72767,1
72768,2
72769,4
72770,3
72771,2
72772,2
72773,2
72774,5
72775,4
72776,6
72777,6
72778,4
72779,2
72780,4
72781,0
72782,2
72783,4
72784,6
72785,6
72786,5
72787,2
72788,4
72789,6
72790,2
72791,0
72792,2
72793,5
72794,5
72795,5
72796,0
72797,3
72798,5
72799,1
72800,0
72801,1
72802,1
72803,6
72804,1
72805,1
72806,5
72807,3
72808,6
72809,3
72810,6
72811,6
72812,0
72813,4
72814,0
72815,6
72816,4
72817,0
72818,4
72819,1
72820,4
72821,0
72822,3
72823,0
72824,1
72825,4
72826,4
72827,6
72828,5
72829,3
72830,5
72831,2
72832,1
72833,0
72834,5
72835,6
72836,5
72837,0
72838,1
72839,6
72840,3
72841,1
72842,5
72843,3
72844,4
72845,5
72846,0
72847,3
72848,0
72849,5
72850,2
72851,4
72852,4
72853,5
72854,3
72855,3
72856,1
72857,2
72858,3
72859,3
72860,0
72861,6
72862,6
72863,6
72864,3
72865,6
72866,0
72867,6
72868,4
72869,3
72870,4
72871,6
72872,3
72873,6
72874,3
72875,3
72876,3
72877,4
72878,2
72879,5
72880,5
72881,5
72882,4
72883,6
72884,3
72885,4
72886,3
72887,0
72888,6
72889,6
72890,3
72891,0
72892,5
72893,5
72894,0
72895,1
72896,1
72897,4
72898,1
72899,4
72900,2
72901,3
72902,1
72903,2
72904,4
72905,1
72906,1
72907,0
72908,2
72909,1
72910,0
72911,1
72912,5
72913,5
72914,3
72915,1
72916,1
72917,3
72918,1
72919,0
72920,1
72921,0
72922,3
72923,5
72924,3
72925,3
72926,0
72927,3
72928,1
72929,1
72930,0
72931,2
72932,3
72933,1
72934,5
72935,4
72936,3
72937,5
72938,4
72939,2
72940,3
72941,1
72942,5
72943,4
72944,1
72945,1
72946,2
72947,4
72948,4
72949,4
72950,6
72951,0
72952,4
72953,2
72954,5
72955,4
72956,5
72957,2
72958,3
72959,3
72960,0
72961,3
72962,2
72963,1
72964,3
72965,5
72966,5
72967,5
72968,5
72969,3
72970,1
72971,1
72972,3
72973,3
72974,6
72975,6
72976,3
72977,3
72978,5
72979,0
72980,0
72981,5
72982,0
72983,4
72984,4
72985,2
72986,1
72987,5
72988,6
72989,5
72990,6
72991,1
72992,6
72993,0
72994,2
72995,3
72996,2
72997,1
72998,2
72999,6
73000,2
73001,0
73002,5
73003,6
73004,6
73005,2
73006,4
73007,5
73008,0
73009,6
73010,0
73011,3
73012,3
73013,3
73014,0
73015,3
73016,2
73017,1
73018,4
73019,4
73020,2
73021,5
73022,4
73023,0
73024,4
73025,6
73026,5
73027,2
73028,3
73029,4
73030,0
73031,2
73032,5
73033,6
73034,2
73035,2
73036,5
73037,0
73038,4
73039,3
73040,6
73041,3
73042,0
73043,0
73044,3
73045,1
73046,0
73047,5
73048,5
73049,0
73050,0
73051,5
73052,1
73053,2
73054,0
73055,6
73056,1
73057,3
73058,0
73059,1
73060,0
73061,6
73062,1
73063,1
73064,2
73065,0
73066,2
73067,3
73068,4
73069,3
73070,2
73071,4
73072,2
73073,0
73074,6
73075,0
73076,2
73077,6
73078,4
73079,2
73080,5
73081,2
73082,3
73083,6
73084,5
73085,5
73086,6
73087,3
73088,1
73089,3
73090,3
73091,1
73092,3
73093,0
73094,0
73095,1
73096,5
73097,3
73098,0
73099,3
73100,1
73101,3
73102,4
73103,3
73104,2
73105,0
73106,4
73107,6
73108,0
73109,3
73110,1
73111,1
73112,6
73113,5
73114,3
73115,3
73116,3
73117,2
73118,0
73119,2
73120,6
73121,6
73122,2
73123,6
73124,4
73125,1
73126,5
73127,1
73128,1
73129,2
73130,6
73131,3
73132,0
73133,6
73134,2
73135,6
73136,3
73137,2
73138,5
73139,3
73140,0
73141,6
73142,0
73143,4
73144,4
73145,6
73146,1
73147,3
73148,2
73149,0
73150,6
73151,0
73152,0
73153,1
73154,0
73155,6
73156,5
73157,5
73158,0
73159,0
73160,1
73161,1
73162,0
73163,0
73164,6
73165,1
73166,0
73167,3
73168,0
73169,4
73170,0
73171,3
73172,4
73173,6
73174,3
73175,1
73176,4
73177,5
73178,3
73179,6
73180,2
73181,1
73182,4
73183,3
73184,5
73185,6
73186,1
73187,3
73188,1
73189,2
73190,0
73191,5
73192,1
73193,5
73194,3
73195,0
73196,0
73197,0
73198,0
73199,6
73200,6
73201,1
73202,4
73203,6
73204,6
73205,1
73206,6
73207,0
73208,2
73209,1
73210,5
73211,2
73212,6
73213,1
73214,1
73215,5
73216,3
73217,4
73218,2
73219,2
73220,6
73221,4
73222,1
73223,5
73224,3
73225,3
73226,5
73227,0
73228,5
73229,6
73230,3
73231,3
73232,4
73233,2
73234,1
73235,4
73236,4
73237,0
73238,0
73239,6
73240,3
73241,4
73242,2
73243,5
73244,4
73245,3
73246,5
73247,0
73248,4
73249,5
73250,2
73251,6
73252,3
73253,5
73254,3
73255,0
73256,0
73257,4
73258,5
73259,0
73260,3
73261,2
73262,3
73263,0
73264,3
73265,6
73266,5
73267,6
73268,6
73269,3
73270,6
73271,5
73272,6
73273,1
73274,0
73275,3
73276,5
73277,0
73278,4
73279,3
73280,3
73281,5
73282,1
73283,5
73284,2
73285,5
73286,3
73287,5
73288,3
73289,5
73290,1
73291,2
73292,1
73293,3
73294,2
73295,3
73296,6
73297,5
73298,0
73299,1
73300,0
73301,3
73302,3
73303,1
73304,1
73305,4
73306,3
73307,6
73308,0
73309,3
73310,6
73311,5
73312,2
73313,0
73314,5
73315,2
73316,1
73317,2
73318,2
73319,6
73320,0
73321,2
73322,5
73323,4
73324,3
73325,0
73326,5
73327,1
73328,4
73329,4
73330,0
73331,6
73332,0
73333,2
73334,3
73335,4
73336,3
73337,0
73338,4
73339,1
73340,6
73341,4
73342,6
73343,5
73344,3
73345,6
73346,0
73347,1
73348,4
73349,0
73350,2
73351,3
73352,4
73353,3
73354,5
73355,3
73356,6
73357,0
73358,2
73359,3
73360,6
73361,6
73362,0
73363,2
73364,2
73365,1
73366,6
73367,1
73368,4
73369,0
73370,1
73371,4
73372,2
73373,2
73374,4
73375,4
73376,5
73377,2
73378,2
73379,1
73380,6
73381,4
73382,1
73383,1
73384,4
73385,0
73386,4
73387,0
73388,1
73389,6
73390,1
73391,6
73392,1
73393,6
73394,0
73395,4
73396,3
73397,3
73398,1
73399,5
73400,5
73401,3
73402,0
73403,6
73404,5
73405,3
73406,3
73407,2
73408,5
73409,1
73410,1
73411,0
73412,3
73413,5
73414,1
73415,5
73416,5
73417,1
73418,0
73419,1
73420,2
73421,3
73422,0
73423,1
73424,1
73425,2
73426,4
73427,2
73428,0
73429,0
73430,5
73431,5
73432,1
73433,1
73434,2
73435,5
73436,6
73437,6
73438,6
73439,6
73440,2
73441,4
73442,6
73443,6
73444,4
73445,0
73446,5
73447,5
73448,0
73449,1
73450,5
73451,0
73452,0
73453,0
73454,1
73455,0
73456,2
73457,1
73458,4
73459,4
73460,2
73461,2
73462,3
73463,4
73464,4
73465,3
73466,4
73467,6
73468,0
73469,4
73470,0
73471,5
73472,0
73473,4
73474,0
73475,3
73476,6
73477,5
73478,2
73479,3
73480,1
73481,4
73482,6
73483,0
73484,5
73485,3
73486,3
73487,0
73488,1
73489,5
73490,5
73491,0
73492,3
73493,0
73494,0
73495,0
73496,5
73497,4
73498,4
73499,0
73500,1
73501,0
73502,4
73503,6
73504,4
73505,5
73506,0
73507,2
73508,6
73509,2
73510,4
73511,1
73512,5
73513,5
73514,2
73515,1
73516,2
73517,5
73518,3
73519,5
73520,6
73521,5
73522,5
73523,0
73524,0
73525,6
73526,3
73527,2
73528,6
73529,5
73530,4
73531,1
73532,4
73533,6
73534,6
73535,0
73536,0
73537,3
73538,3
73539,3
73540,0
73541,2
73542,4
73543,3
73544,5
73545,3
73546,1
73547,5
73548,1
73549,6
73550,5
73551,1
73552,3
73553,5
73554,4
73555,5
73556,4
73557,5
73558,6
73559,3
73560,3
73561,4
73562,1
73563,4
73564,4
73565,0
73566,1
73567,3
73568,1
73569,2
73570,0
73571,0
73572,2
73573,0
73574,1
73575,0
73576,4
73577,4
73578,6
73579,5
73580,6
73581,2
73582,5
73583,5
73584,6
73585,0
73586,1
73587,5
73588,5
73589,2
73590,2
73591,5
73592,4
73593,6
73594,5
73595,2
73596,3
73597,3
73598,0
73599,0
73600,4
73601,5
73602,6
73603,2
73604,3
73605,5
73606,1
73607,4
73608,1
73609,3
73610,3
73611,0
73612,5
73613,2
73614,3
73615,3
73616,1
73617,0
73618,3
73619,4
73620,0
73621,1
73622,6
73623,3
73624,3
73625,4
73626,4
73627,3
73628,2
73629,2
73630,3
73631,0
73632,1
73633,2
73634,4
73635,1
73636,0
73637,1
73638,5
73639,4
73640,1
73641,1
73642,6
73643,2
73644,3
73645,5
73646,5
73647,5
73648,2
73649,6
73650,3
73651,5
73652,1
73653,5
73654,0
73655,5
73656,5
73657,5
73658,4
73659,3
73660,5
73661,2
73662,0
73663,4
73664,1
73665,1
73666,5
73667,2
73668,3
73669,2
73670,0
73671,6
73672,5
73673,0
73674,0
73675,2
73676,2
73677,5
73678,6
73679,1
73680,1
73681,4
73682,3
73683,1
73684,0
73685,6
73686,6
73687,1
73688,5
73689,2
73690,6
73691,5
73692,2
73693,4
73694,2
73695,2
73696,0
73697,0
73698,6
73699,4
73700,4
73701,5
73702,5
73703,2
73704,2
73705,4
73706,6
73707,2
73708,6
73709,5
73710,3
73711,0
73712,1
73713,0
73714,1
73715,2
73716,2
73717,3
73718,4
73719,3
73720,2
73721,0
73722,4
73723,5
73724,5
73725,5
73726,2
73727,5
73728,0
73729,2
73730,0
73731,0
73732,6
73733,0
73734,1
73735,1
73736,1
73737,0
73738,0
73739,0
73740,0
73741,1
73742,0
73743,4
73744,0
73745,0
73746,1
73747,5
73748,1
73749,3
73750,1
73751,3
73752,5
73753,1
73754,5
73755,1
73756,2
73757,3
73758,6
73759,6
73760,6
73761,1
73762,4
73763,4
73764,1
73765,5
73766,0
73767,0
73768,1
73769,6
73770,2
73771,0
73772,4
73773,4
73774,2
73775,5
73776,5
73777,5
73778,3
73779,4
73780,2
73781,3
73782,3
73783,4
73784,1
73785,2
73786,0
73787,6
73788,0
73789,0
73790,4
73791,6
73792,0
73793,5
73794,0
73795,3
73796,0
73797,1
73798,5
73799,4
73800,5
73801,0
73802,4
73803,5
73804,4
73805,1
73806,2
73807,0
73808,5
73809,4
73810,0
73811,4
73812,4
73813,3
73814,4
73815,0
73816,4
73817,6
73818,6
73819,2
73820,5
73821,4
73822,5
73823,4
73824,5
73825,6
73826,6
73827,6
73828,4
73829,1
73830,0
73831,0
73832,4
73833,3
73834,5
73835,1
73836,6
73837,0
73838,2
73839,1
73840,3
73841,1
73842,1
73843,3
73844,0
73845,4
73846,3
73847,1
73848,1
73849,4
73850,6
73851,0
73852,2
73853,2
73854,6
73855,1
73856,2
73857,0
73858,5
73859,2
73860,2
73861,0
73862,0
73863,2
73864,1
73865,1
73866,0
73867,0
73868,4
73869,5
73870,2
73871,6
73872,0
73873,0
73874,3
73875,1
73876,4
73877,3
73878,2
73879,4
73880,2
73881,1
73882,5
73883,6
73884,5
73885,2
73886,0
73887,5
73888,3
73889,5
73890,2
73891,3
73892,1
73893,6
73894,4
73895,4
73896,6
73897,5
73898,1
73899,0
73900,4
73901,0
73902,4
73903,4
73904,3
73905,6
73906,3
73907,3
73908,0
73909,4
73910,5
73911,5
73912,4
73913,5
73914,0
73915,3
73916,6
73917,3
73918,6
73919,0
73920,2
73921,1
73922,6
73923,4
73924,3
73925,4
73926,6
73927,6
73928,3
73929,6
73930,1
73931,2
73932,3
73933,5
73934,1
73935,3
73936,6
73937,2
73938,0
73939,0
73940,5
73941,3
73942,1
73943,0
73944,6
73945,0
73946,0
73947,6
73948,0
73949,6
73950,5
73951,5
73952,6
73953,0
73954,4
73955,6
73956,4
73957,6
73958,1
73959,5
73960,5
73961,5
73962,4
73963,3
73964,3
73965,6
73966,4
73967,5
73968,0
73969,5
73970,3
73971,4
73972,1
73973,5
73974,1
73975,2
73976,0
73977,4
73978,0
73979,2
73980,0
73981,0
73982,0
73983,5
73984,6
73985,1
73986,2
73987,6
73988,0
73989,4
73990,0
73991,4
73992,6
73993,5
73994,2
73995,1
73996,3
73997,1
73998,1
73999,4
74000,6
74001,2
74002,4
74003,5
74004,1
74005,4
74006,4
74007,4
74008,5
74009,0
74010,6
74011,1
74012,5
74013,4
74014,6
74015,5
74016,0
74017,1
74018,2
74019,1
74020,3
74021,0
74022,2
74023,5
74024,5
74025,1
74026,4
74027,3
74028,1
74029,4
74030,0
74031,4
74032,6
74033,3
74034,2
74035,4
74036,5
74037,4
74038,1
74039,5
74040,0
74041,2
74042,5
74043,4
74044,2
74045,3
74046,0
74047,2
74048,5
74049,6
74050,0
74051,4
74052,5
74053,2
74054,2
74055,6
74056,2
74057,5
74058,1
74059,2
74060,5
74061,5
74062,5
74063,0
74064,5
74065,4
74066,3
74067,2
74068,3
74069,6
74070,0
74071,3
74072,2
74073,5
74074,0
74075,0
74076,5
74077,2
74078,6
74079,6
74080,4
74081,3
74082,4
74083,0
74084,3
74085,1
74086,4
74087,4
74088,6
74089,1
74090,6
74091,4
74092,6
74093,4
74094,1
74095,2
74096,5
74097,1
74098,6
74099,4
74100,2
74101,3
74102,5
74103,1
74104,0
74105,2
74106,5
74107,2
74108,4
74109,4
74110,3
74111,3
74112,6
74113,6
74114,0
74115,5
74116,0
74117,3
74118,0
74119,2
74120,0
74121,1
74122,2
74123,3
74124,1
74125,2
74126,4
74127,5
74128,6
74129,4
74130,3
74131,3
74132,0
74133,4
74134,0
74135,4
74136,1
74137,6
74138,1
74139,5
74140,0
74141,3
74142,4
74143,2
74144,0
74145,5
74146,3
74147,0
74148,2
74149,5
74150,1
74151,0
74152,3
74153,5
74154,2
74155,1
74156,3
74157,4
74158,3
74159,5
74160,1
74161,1
74162,6
74163,2
74164,3
74165,5
74166,4
74167,3
74168,2
74169,5
74170,0
74171,5
74172,2
74173,6
74174,1
74175,1
74176,1
74177,4
74178,0
74179,5
74180,6
74181,0
74182,6
74183,1
74184,5
74185,2
74186,1
74187,4
74188,2
74189,5
74190,0
74191,6
74192,1
74193,4
74194,2
74195,0
74196,4
74197,3
74198,0
74199,3
74200,0
74201,0
74202,2
74203,5
74204,1
74205,5
74206,0
74207,5
74208,2
74209,6
74210,5
74211,3
74212,2
74213,4
74214,2
74215,6
74216,3
74217,2
74218,0
74219,0
74220,0
74221,6
74222,3
74223,1
74224,3
74225,0
74226,0
74227,2
74228,3
74229,4
74230,2
74231,2
74232,0
74233,5
74234,1
74235,3
74236,5
74237,3
74238,3
74239,1
74240,0
74241,1
74242,6
74243,4
74244,3
74245,2
74246,4
74247,0
74248,3
74249,0
74250,5
74251,2
74252,2
74253,2
74254,4
74255,2
74256,6
74257,3
74258,2
74259,1
74260,1
74261,1
74262,5
74263,0
74264,6
74265,3
74266,0
74267,2
74268,3
74269,6
74270,1
74271,0
74272,4
74273,0
74274,6
74275,0
74276,1
74277,0
74278,1
74279,2
74280,4
74281,4
74282,0
74283,5
74284,0
74285,3
74286,2
74287,2
74288,4
74289,0
74290,1
74291,6
74292,2
74293,4
74294,4
74295,4
74296,2
74297,3
74298,2
74299,3
74300,4
74301,5
74302,3
74303,2
74304,2
74305,6
74306,2
74307,6
74308,0
74309,3
74310,2
74311,4
74312,0
74313,6
74314,2
74315,0
74316,5
74317,2
74318,2
74319,4
74320,6
74321,1
74322,3
74323,3
74324,0
74325,2
74326,4
74327,6
74328,0
74329,4
74330,6
74331,2
74332,5
74333,1
74334,3
74335,5
74336,5
74337,4
74338,6
74339,0
74340,1
74341,4
74342,4
74343,6
74344,6
74345,4
74346,2
74347,3
74348,2
74349,1
74350,4
74351,6
74352,3
74353,4
74354,4
74355,3
74356,2
74357,6
74358,3
74359,3
74360,1
74361,0
74362,5
74363,2
74364,6
74365,0
74366,6
74367,4
74368,0
74369,3
74370,4
74371,2
74372,6
74373,0
74374,4
74375,4
74376,6
74377,0
74378,0
74379,1
74380,2
74381,6
74382,4
74383,1
74384,4
74385,5
74386,0
74387,5
74388,0
74389,4
74390,3
74391,6
74392,0
74393,4
74394,2
74395,3
74396,5
74397,3
74398,2
74399,3
74400,3
74401,2
74402,3
74403,1
74404,2
74405,2
74406,2
74407,6
74408,1
74409,3
74410,6
74411,6
74412,0
74413,0
74414,6
74415,0
74416,1
74417,0
74418,1
74419,1
74420,6
74421,3
74422,2
74423,5
74424,5
74425,2
74426,3
74427,0
74428,0
74429,6
74430,4
74431,3
74432,0
74433,6
74434,5
74435,3
74436,4
74437,4
74438,1
74439,5
74440,3
74441,3
74442,1
74443,2
74444,0
74445,2
74446,2
74447,5
74448,5
74449,2
74450,6
74451,3
74452,0
74453,6
74454,2
74455,1
74456,1
74457,2
74458,2
74459,3
74460,4
74461,4
74462,2
74463,6
74464,6
74465,3
74466,5
74467,0
74468,5
74469,1
74470,4
74471,5
74472,4
74473,0
74474,0
74475,0
74476,0
74477,4
74478,3
74479,1
74480,3
74481,0
74482,3
74483,6
74484,4
74485,3
74486,2
74487,0
74488,1
74489,3
74490,3
74491,2
74492,2
74493,3
74494,3
74495,0
74496,4
74497,3
74498,6
74499,0
74500,4
74501,2
74502,6
74503,0
74504,2
74505,1
74506,6
74507,6
74508,6
74509,6
74510,6
74511,2
74512,2
74513,4
74514,2
74515,4
74516,5
74517,5
74518,1
74519,5
74520,0
74521,4
74522,5
74523,5
74524,0
74525,5
74526,3
74527,0
74528,0
74529,0
74530,0
74531,6
74532,6
74533,0
74534,6
74535,0
74536,5
74537,6
74538,2
74539,3
74540,2
74541,5
74542,4
74543,6
74544,6
74545,0
74546,3
74547,6
74548,0
74549,3
74550,3
74551,6
74552,1
74553,1
74554,4
74555,6
74556,4
74557,0
74558,1
74559,0
74560,4
74561,0
74562,6
74563,2
74564,3
74565,5
74566,2
74567,4
74568,0
74569,1
74570,1
74571,4
74572,4
74573,5
74574,4
74575,6
74576,4
74577,3
74578,1
74579,5
74580,0
74581,2
74582,0
74583,1
74584,4
74585,4
74586,4
74587,0
74588,4
74589,6
74590,3
74591,3
74592,3
74593,5
74594,3
74595,3
74596,4
74597,4
74598,2
74599,5
74600,1
74601,3
74602,0
74603,6
74604,6
74605,2
74606,2
74607,2
74608,3
74609,1
74610,1
74611,2
74612,2
74613,2
74614,2
74615,0
74616,6
74617,3
74618,1
74619,3
74620,5
74621,2
74622,0
74623,0
74624,5
74625,3
74626,0
74627,2
74628,2
74629,4
74630,2
74631,6
74632,0
74633,6
74634,0
74635,2
74636,1
74637,0
74638,3
74639,2
74640,2
74641,2
74642,2
74643,4
74644,1
74645,5
74646,6
74647,5
74648,3
74649,4
74650,5
74651,0
74652,2
74653,3
74654,6
74655,6
74656,3
74657,4
74658,0
74659,4
74660,0
74661,2
74662,4
74663,6
74664,4
74665,2
74666,3
74667,3
74668,1
74669,0
74670,5
74671,0
74672,1
74673,5
74674,0
74675,4
74676,3
74677,5
74678,3
74679,4
74680,0
74681,1
74682,1
74683,3
74684,0
74685,2
74686,6
74687,1
74688,4
74689,5
74690,1
74691,4
74692,5
74693,3
74694,6
74695,6
74696,5
74697,1
74698,6
74699,0
74700,1
74701,3
74702,1
74703,5
74704,0
74705,0
74706,4
74707,0
74708,1
74709,0
74710,3
74711,2
74712,0
74713,3
74714,0
74715,0
74716,5
74717,4
74718,6
74719,4
74720,0
74721,1
74722,3
74723,0
74724,0
74725,6
74726,1
74727,5
74728,3
74729,1
74730,2
74731,6
74732,5
74733,1
74734,4
74735,4
74736,5
74737,0
74738,3
74739,6
74740,2
74741,0
74742,1
74743,1
74744,4
74745,1
74746,6
74747,2
74748,3
74749,4
74750,0
74751,3
74752,6
74753,5
74754,1
74755,2
74756,4
74757,0
74758,0
74759,0
74760,1
74761,4
74762,2
74763,4
74764,1
74765,0
74766,6
74767,1
74768,4
74769,6
74770,2
74771,0
74772,1
74773,0
74774,0
74775,2
74776,0
74777,5
74778,4
74779,3
74780,0
74781,1
74782,3
74783,1
74784,1
74785,3
74786,3
74787,0
74788,5
74789,1
74790,1
74791,1
74792,1
74793,5
74794,0
74795,3
74796,2
74797,2
74798,6
74799,5
74800,4
74801,2
74802,0
74803,4
74804,0
74805,4
74806,3
74807,0
74808,1
74809,3
74810,3
74811,5
74812,2
74813,6
74814,4
74815,3
74816,2
74817,4
74818,5
74819,1
74820,1
74821,2
74822,1
74823,2
74824,0
74825,0
74826,2
74827,0
74828,1
74829,1
74830,0
74831,5
74832,3
74833,1
74834,4
74835,0
74836,5
74837,3
74838,4
74839,5
74840,0
74841,4
74842,2
74843,4
74844,1
74845,4
74846,6
74847,2
74848,2
74849,0
74850,3
74851,4
74852,5
74853,4
74854,6
74855,3
74856,3
74857,4
74858,2
74859,2
74860,0
74861,4
74862,3
74863,1
74864,4
74865,0
74866,5
74867,4
74868,2
74869,0
74870,5
74871,5
74872,6
74873,0
74874,2
74875,1
74876,6
74877,1
74878,5
74879,0
74880,4
74881,1
74882,0
74883,3
74884,0
74885,3
74886,4
74887,0
74888,5
74889,0
74890,5
74891,4
74892,0
74893,0
74894,6
74895,6
74896,5
74897,3
74898,3
74899,2
74900,3
74901,4
74902,1
74903,4
74904,6
74905,0
74906,0
74907,4
74908,1
74909,6
74910,4
74911,1
74912,4
74913,3
74914,4
74915,1
74916,1
74917,3
74918,5
74919,3
74920,0
74921,1
74922,4
74923,6
74924,0
74925,1
74926,5
74927,4
74928,1
74929,0
74930,5
74931,6
74932,6
74933,6
74934,1
74935,6
74936,2
74937,2
74938,1
74939,2
74940,0
74941,1
74942,5
74943,6
74944,4
74945,2
74946,2
74947,2
74948,6
74949,1
74950,0
74951,4
74952,2
74953,0
74954,0
74955,1
74956,0
74957,3
74958,1
74959,5
74960,5
74961,6
74962,6
74963,2
74964,1
74965,0
74966,0
74967,5
74968,3
74969,4
74970,0
74971,6
74972,3
74973,0
74974,4
74975,5
74976,3
74977,1
74978,0
74979,0
74980,0
74981,6
74982,4
74983,3
74984,1
74985,6
74986,0
74987,4
74988,3
74989,4
74990,2
74991,3
74992,1
74993,1
74994,2
74995,2
74996,1
74997,6
74998,5
74999,6
75000,1
75001,5
75002,0
75003,5
75004,0
75005,1
75006,3
75007,3
75008,6
75009,1
75010,0
75011,0
75012,3
75013,2
75014,5
75015,0
75016,5
75017,2
75018,5
75019,6
75020,4
75021,6
75022,3
75023,0
75024,3
75025,2
75026,0
75027,1
75028,1
75029,4
75030,6
75031,4
75032,2
75033,4
75034,4
75035,1
75036,4
75037,5
75038,3
75039,3
75040,4
75041,1
75042,3
75043,2
75044,4
75045,3
75046,0
75047,0
75048,2
75049,3
75050,6
75051,3
75052,6
75053,0
75054,1
75055,0
75056,6
75057,1
75058,4
75059,6
75060,3
75061,2
75062,0
75063,4
75064,3
75065,5
75066,4
75067,5
75068,3
75069,0
75070,5
75071,0
75072,0
75073,6
75074,4
75075,5
75076,6
75077,2
75078,4
75079,5
75080,4
75081,0
75082,6
75083,5
75084,2
75085,4
75086,3
75087,3
75088,1
75089,6
75090,2
75091,0
75092,4
75093,5
75094,6
75095,3
75096,2
75097,0
75098,4
75099,4
75100,5
75101,0
75102,5
75103,4
75104,2
75105,3
75106,1
75107,3
75108,4
75109,0
75110,4
75111,0
75112,0
75113,4
75114,5
75115,0
75116,2
75117,0
75118,3
75119,4
75120,5
75121,6
75122,3
75123,0
75124,6
75125,6
75126,6
75127,5
75128,0
75129,5
75130,1
75131,1
75132,5
75133,2
75134,2
75135,2
75136,1
75137,6
75138,1
75139,2
75140,2
75141,3
75142,4
75143,3
75144,4
75145,2
75146,4
75147,4
75148,2
75149,2
75150,0
75151,2
75152,4
75153,6
75154,6
75155,4
75156,3
75157,6
75158,6
75159,5
75160,5
75161,6
75162,1
75163,6
75164,1
75165,2
75166,2
75167,2
75168,4
75169,6
75170,2
75171,4
75172,0
75173,6
75174,6
75175,4
75176,5
75177,1
75178,4
75179,5
75180,0
75181,4
75182,0
75183,2
75184,5
75185,1
75186,3
75187,0
75188,0
75189,1
75190,2
75191,3
75192,3
75193,3
75194,3
75195,5
75196,2
75197,0
75198,6
75199,5
75200,5
75201,1
75202,2
75203,6
75204,0
75205,0
75206,3
75207,2
75208,5
75209,6
75210,5
75211,6
75212,4
75213,4
75214,0
75215,5
75216,0
75217,4
75218,0
75219,3
75220,5
75221,0
75222,1
75223,0
75224,4
75225,4
75226,4
75227,1
75228,3
75229,1
75230,0
75231,5
75232,4
75233,1
75234,1
75235,3
75236,1
75237,6
75238,3
75239,3
75240,6
75241,1
75242,5
75243,6
75244,3
75245,1
75246,2
75247,4
75248,1
75249,1
75250,5
75251,0
75252,2
75253,6
75254,6
75255,5
75256,2
75257,1
75258,6
75259,1
75260,4
75261,4
75262,5
75263,5
75264,3
75265,4
75266,4
75267,3
75268,4
75269,5
75270,3
75271,3
75272,2
75273,2
75274,6
75275,0
75276,2
75277,1
75278,1
75279,1
75280,4
75281,5
75282,6
75283,0
75284,0
75285,6
75286,0
75287,3
75288,0
75289,3
75290,0
75291,1
75292,1
75293,3
75294,6
75295,6
75296,0
75297,6
75298,2
75299,3
75300,1
75301,0
75302,2
75303,3
75304,1
75305,0
75306,0
75307,6
75308,2
75309,4
75310,3
75311,0
75312,5
75313,3
75314,2
75315,4
75316,5
75317,5
75318,5
75319,2
75320,3
75321,1
75322,2
75323,4
75324,5
75325,1
75326,4
75327,5
75328,6
75329,6
75330,4
75331,2
75332,2
75333,4
75334,0
75335,2
75336,0
75337,5
75338,0
75339,4
75340,0
75341,6
75342,1
75343,5
75344,3
75345,3
75346,2
75347,3
75348,6
75349,0
75350,5
75351,2
75352,4
75353,6
75354,3
75355,6
75356,2
75357,5
75358,2
75359,5
75360,3
75361,3
75362,0
75363,0
75364,5
75365,0
75366,0
75367,2
75368,2
75369,1
75370,2
75371,5
75372,5
75373,5
75374,0
75375,2
75376,4
75377,0
75378,0
75379,2
75380,6
75381,1
75382,2
75383,1
75384,2
75385,1
75386,3
75387,2
75388,1
75389,0
75390,4
75391,6
75392,1
75393,6
75394,6
75395,2
75396,1
75397,5
75398,3
75399,1
75400,2
75401,6
75402,6
75403,4
75404,2
75405,2
75406,5
75407,4
75408,2
75409,4
75410,1
75411,1
75412,1
75413,0
75414,0
75415,0
75416,3
75417,6
75418,3
75419,5
75420,6
75421,0
75422,6
75423,5
75424,6
75425,3
75426,0
75427,1
75428,3
75429,4
75430,3
75431,0
75432,5
75433,5
75434,6
75435,2
75436,4
75437,0
75438,6
75439,6
75440,5
75441,6
75442,6
75443,0
75444,1
75445,1
75446,0
75447,4
75448,2
75449,6
75450,1
75451,2
75452,6
75453,0
75454,4
75455,2
75456,2
75457,2
75458,0
75459,0
75460,0
75461,5
75462,5
75463,5
75464,2
75465,2
75466,0
75467,0
75468,0
75469,4
75470,0
75471,5
75472,4
75473,5
75474,6
75475,6
75476,6
75477,5
75478,6
75479,3
75480,5
75481,2
75482,5
75483,2
75484,4
75485,0
75486,2
75487,0
75488,0
75489,1
75490,3
75491,6
75492,2
75493,4
75494,0
75495,2
75496,3
75497,3
75498,5
75499,0
75500,2
75501,2
75502,6
75503,2
75504,0
75505,2
75506,2
75507,6
75508,0
75509,0
75510,4
75511,3
75512,4
75513,2
75514,3
75515,3
75516,0
75517,0
75518,4
75519,6
75520,0
75521,5
75522,2
75523,4
75524,2
75525,6
75526,6
75527,6
75528,0
75529,4
75530,0
75531,0
75532,5
75533,5
75534,3
75535,0
75536,2
75537,0
75538,5
75539,6
75540,0
75541,1
75542,6
75543,0
75544,1
75545,0
75546,5
75547,4
75548,0
75549,3
75550,1
75551,4
75552,5
75553,1
75554,5
75555,0
75556,6
75557,3
75558,6
75559,6
75560,0
75561,3
75562,3
75563,5
75564,4
75565,1
75566,1
75567,5
75568,4
75569,4
75570,2
75571,4
75572,5
75573,4
75574,2
75575,2
75576,3
75577,5
75578,0
75579,4
75580,1
75581,5
75582,0
75583,4
75584,5
75585,5
75586,4
75587,6
75588,0
75589,6
75590,1
75591,0
75592,4
75593,6
75594,5
75595,6
75596,6
75597,0
75598,4
75599,3
75600,3
75601,0
75602,4
75603,3
75604,3
75605,4
75606,6
75607,0
75608,4
75609,6
75610,3
75611,0
75612,0
75613,5
75614,5
75615,4
75616,4
75617,0
75618,6
75619,4
75620,3
75621,4
75622,1
75623,5
75624,4
75625,2
75626,4
75627,1
75628,1
75629,5
75630,2
75631,5
75632,4
75633,2
75634,1
75635,5
75636,4
75637,0
75638,6
75639,2
75640,5
75641,2
75642,1
75643,0
75644,0
75645,0
75646,6
75647,6
75648,2
75649,4
75650,0
75651,4
75652,3
75653,4
75654,2
75655,5
75656,0
75657,6
75658,4
75659,4
75660,2
75661,4
75662,1
75663,6
75664,6
75665,4
75666,4
75667,2
75668,1
75669,3
75670,3
75671,6
75672,0
75673,4
75674,0
75675,6
75676,2
75677,6
75678,3
75679,4
75680,1
75681,6
75682,0
75683,5
75684,0
75685,2
75686,3
75687,2
75688,5
75689,4
75690,2
75691,3
75692,1
75693,1
75694,0
75695,3
75696,5
75697,5
75698,0
75699,6
75700,2
75701,5
75702,3
75703,0
75704,2
75705,5
75706,1
75707,1
75708,4
75709,2
75710,4
75711,3
75712,2
75713,1
75714,2
75715,0
75716,0
75717,4
75718,2
75719,3
75720,6
75721,0
75722,0
75723,0
75724,0
75725,2
75726,5
75727,5
75728,1
75729,4
75730,4
75731,3
75732,3
75733,3
75734,4
75735,1
75736,4
75737,5
75738,0
75739,1
75740,2
75741,3
75742,0
75743,5
75744,3
75745,3
75746,5
75747,1
75748,1
75749,4
75750,4
75751,4
75752,1
75753,6
75754,4
75755,4
75756,4
75757,5
75758,3
75759,3
75760,6
75761,2
75762,0
75763,4
75764,1
75765,0
75766,3
75767,6
75768,0
75769,4
75770,3
75771,4
75772,2
75773,5
75774,0
75775,4
75776,0
75777,0
75778,2
75779,0
75780,5
75781,5
75782,5
75783,5
75784,5
75785,5
75786,5
75787,3
75788,6
75789,0
75790,2
75791,5
75792,3
75793,0
75794,1
75795,4
75796,0
75797,4
75798,1
75799,5
75800,2
75801,0
75802,5
75803,6
75804,0
75805,2
75806,3
75807,0
75808,3
75809,0
75810,2
75811,3
75812,3
75813,5
75814,6
75815,1
75816,5
75817,1
75818,0
75819,1
75820,4
75821,1
75822,6
75823,5
75824,4
75825,3
75826,4
75827,5
75828,5
75829,5
75830,5
75831,4
75832,3
75833,3
75834,3
75835,2
75836,3
75837,0
75838,5
75839,3
75840,2
75841,1
75842,3
75843,0
75844,5
75845,3
75846,0
75847,6
75848,5
75849,4
75850,1
75851,6
75852,0
75853,3
75854,0
75855,1
75856,1
75857,2
75858,6
75859,5
75860,5
75861,2
75862,6
75863,3
75864,6
75865,3
75866,5
75867,4
75868,3
75869,6
75870,6
75871,3
75872,0
75873,2
75874,6
75875,6
75876,5
75877,1
75878,2
75879,3
75880,2
75881,6
75882,3
75883,4
75884,3
75885,1
75886,4
75887,0
75888,2
75889,4
75890,3
75891,5
75892,4
75893,5
75894,1
75895,3
75896,4
75897,3
75898,5
75899,2
75900,6
75901,3
75902,2
75903,4
75904,1
75905,1
75906,6
75907,5
75908,0
75909,1
75910,0
75911,1
75912,5
75913,2
75914,3
75915,4
75916,4
75917,3
75918,0
75919,3
75920,5
75921,2
75922,1
75923,4
75924,6
75925,0
75926,6
75927,6
75928,5
75929,0
75930,4
75931,1
75932,6
75933,6
75934,5
75935,0
75936,2
75937,2
75938,5
75939,0
75940,6
75941,5
75942,1
75943,3
75944,5
75945,4
75946,0
75947,5
75948,5
75949,1
75950,4
75951,2
75952,3
75953,2
75954,1
75955,6
75956,2
75957,1
75958,4
75959,0
75960,0
75961,0
75962,5
75963,6
75964,6
75965,0
75966,0
75967,4
75968,2
75969,6
75970,6
75971,3
75972,2
75973,3
75974,5
75975,1
75976,0
75977,6
75978,3
75979,2
75980,0
75981,6
75982,5
75983,4
75984,1
75985,5
75986,1
75987,6
75988,1
75989,2
75990,4
75991,3
75992,0
75993,3
75994,4
75995,4
75996,2
75997,5
75998,5
75999,3
76000,2
76001,0
76002,1
76003,0
76004,0
76005,4
76006,4
76007,1
76008,0
76009,2
76010,0
76011,0
76012,5
76013,4
76014,5
76015,5
76016,4
76017,5
76018,1
76019,1
76020,1
76021,6
76022,5
76023,5
76024,3
76025,0
76026,0
76027,5
76028,1
76029,5
76030,0
76031,4
76032,0
76033,2
76034,2
76035,3
76036,4
76037,1
76038,1
76039,4
76040,2
76041,5
76042,0
76043,4
76044,6
76045,2
76046,2
76047,4
76048,4
76049,1
76050,5
76051,2
76052,6
76053,5
76054,5
76055,1
76056,5
76057,5
76058,5
76059,1
76060,3
76061,3
76062,2
76063,3
76064,4
76065,3
76066,4
76067,1
76068,1
76069,2
76070,4
76071,3
76072,3
76073,6
76074,0
76075,5
76076,0
76077,2
76078,0
76079,6
76080,5
76081,1
76082,2
76083,6
76084,2
76085,3
76086,5
76087,3
76088,0
76089,2
76090,2
76091,4
76092,0
76093,4
76094,1
76095,0
76096,4
76097,4
76098,0
76099,4
76100,2
76101,1
76102,5
76103,4
76104,3
76105,0
76106,5
76107,0
76108,1
76109,1
76110,4
76111,1
76112,0
76113,4
76114,0
76115,4
76116,1
76117,3
76118,0
76119,3
76120,5
76121,3
76122,1
76123,1
76124,1
76125,3
76126,3
76127,5
76128,2
76129,2
76130,5
76131,6
76132,2
76133,6
76134,4
76135,2
76136,3
76137,5
76138,6
76139,6
76140,0
76141,0
76142,1
76143,6
76144,5
76145,0
76146,3
76147,5
76148,5
76149,5
76150,1
76151,0
76152,0
76153,0
76154,0
76155,1
76156,5
76157,6
76158,5
76159,0
76160,6
76161,4
76162,4
76163,0
76164,5
76165,1
76166,3
76167,6
76168,4
76169,0
76170,4
76171,3
76172,4
76173,3
76174,1
76175,6
76176,0
76177,3
76178,4
76179,2
76180,0
76181,4
76182,3
76183,2
76184,3
76185,3
76186,0
76187,0
76188,4
76189,0
76190,2
76191,2
76192,4
76193,2
76194,6
76195,3
76196,1
76197,4
76198,1
76199,4
76200,5
76201,1
76202,4
76203,4
76204,3
76205,0
76206,6
76207,2
76208,4
76209,2
76210,6
76211,0
76212,1
76213,5
76214,6
76215,3
76216,0
76217,2
76218,5
76219,6
76220,6
76221,5
76222,1
76223,4
76224,4
76225,0
76226,4
76227,0
76228,0
76229,4
76230,4
76231,6
76232,4
76233,5
76234,4
76235,0
76236,4
76237,2
76238,2
76239,3
76240,1
76241,3
76242,5
76243,2
76244,4
76245,2
76246,3
76247,1
76248,5
76249,0
76250,2
76251,0
76252,1
76253,6
76254,3
76255,5
76256,6
76257,0
76258,4
76259,1
76260,0
76261,3
76262,1
76263,5
76264,6
76265,3
76266,5
76267,6
76268,3
76269,6
76270,0
76271,3
76272,0
76273,1
76274,4
76275,2
76276,3
76277,0
76278,5
76279,6
76280,5
76281,4
76282,3
76283,1
76284,6
76285,6
76286,3
76287,5
76288,0
76289,2
76290,4
76291,5
76292,2
76293,0
76294,6
76295,2
76296,5
76297,0
76298,5
76299,6
76300,4
76301,3
76302,4
76303,2
76304,4
76305,3
76306,6
76307,2
76308,6
76309,0
76310,2
76311,4
76312,4
76313,2
76314,2
76315,0
76316,4
76317,0
76318,0
76319,1
76320,6
76321,2
76322,6
76323,0
76324,3
76325,2
76326,6
76327,5
76328,3
76329,0
76330,4
76331,0
76332,1
76333,5
76334,6
76335,3
76336,3
76337,4
76338,4
76339,1
76340,5
76341,3
76342,6
76343,1
76344,4
76345,0
76346,4
76347,2
76348,4
76349,4
76350,6
76351,1
76352,3
76353,6
76354,1
76355,5
76356,3
76357,0
76358,2
76359,3
76360,3
76361,1
76362,5
76363,6
76364,5
76365,3
76366,6
76367,0
76368,0
76369,5
76370,3
76371,0
76372,0
76373,1
76374,5
76375,6
76376,5
76377,3
76378,6
76379,4
76380,6
76381,0
76382,3
76383,3
76384,1
76385,3
76386,5
76387,6
76388,2
76389,5
76390,6
76391,6
76392,5
76393,0
76394,0
76395,2
76396,1
76397,3
76398,5
76399,3
76400,4
76401,3
76402,2
76403,2
76404,0
76405,1
76406,1
76407,6
76408,5
76409,4
76410,5
76411,5
76412,3
76413,0
76414,0
76415,0
76416,1
76417,1
76418,2
76419,2
76420,4
76421,5
76422,1
76423,5
76424,4
76425,3
76426,4
76427,3
76428,4
76429,0
76430,0
76431,1
76432,4
76433,5
76434,4
76435,0
76436,3
76437,5
76438,4
76439,2
76440,6
76441,3
76442,2
76443,4
76444,4
76445,3
76446,3
76447,0
76448,4
76449,1
76450,1
76451,4
76452,0
76453,0
76454,6
76455,3
76456,2
76457,4
76458,5
76459,4
76460,4
76461,1
76462,1
76463,6
76464,0
76465,2
76466,0
76467,0
76468,6
76469,5
76470,0
76471,4
76472,0
76473,1
76474,3
76475,4
76476,4
76477,0
76478,1
76479,3
76480,2
76481,4
76482,1
76483,3
76484,3
76485,6
76486,5
76487,6
76488,3
76489,6
76490,0
76491,4
76492,4
76493,5
76494,1
76495,1
76496,0
76497,2
76498,6
76499,4
76500,5
76501,6
76502,3
76503,1
76504,4
76505,1
76506,4
76507,6
76508,3
76509,4
76510,4
76511,4
76512,5
76513,1
76514,2
76515,0
76516,1
76517,4
76518,4
76519,4
76520,2
76521,1
76522,1
76523,1
76524,2
76525,2
76526,2
76527,3
76528,4
76529,4
76530,0
76531,6
76532,0
76533,0
76534,1
76535,4
76536,0
76537,2
76538,6
76539,0
76540,6
76541,3
76542,5
76543,6
76544,3
76545,6
76546,6
76547,4
76548,2
76549,1
76550,6
76551,3
76552,1
76553,0
76554,3
76555,4
76556,6
76557,5
76558,2
76559,4
76560,6
76561,1
76562,5
76563,1
76564,2
76565,0
76566,3
76567,3
76568,5
76569,4
76570,3
76571,3
76572,4
76573,4
76574,3
76575,1
76576,5
76577,0
76578,4
76579,0
76580,4
76581,3
76582,5
76583,0
76584,1
76585,6
76586,0
76587,4
76588,0
76589,0
76590,0
76591,2
76592,2
76593,1
76594,6
76595,1
76596,5
76597,2
76598,4
76599,1
76600,0
76601,3
76602,6
76603,1
76604,4
76605,1
76606,1
76607,6
76608,0
76609,2
76610,4
76611,0
76612,6
76613,2
76614,5
76615,2
76616,2
76617,5
76618,3
76619,0
76620,6
76621,4
76622,3
76623,3
76624,3
76625,0
76626,5
76627,2
76628,6
76629,5
76630,4
76631,1
76632,5
76633,0
76634,1
76635,0
76636,2
76637,3
76638,2
76639,3
76640,3
76641,4
76642,6
76643,6
76644,2
76645,0
76646,2
76647,4
76648,2
76649,4
76650,5
76651,5
76652,0
76653,5
76654,6
76655,0
76656,1
76657,6
76658,0
76659,5
76660,3
76661,5
76662,6
76663,2
76664,6
76665,6
76666,1
76667,4
76668,3
76669,3
76670,4
76671,5
76672,3
76673,5
76674,3
76675,3
76676,0
76677,0
76678,1
76679,6
76680,4
76681,1
76682,0
76683,2
76684,3
76685,2
76686,5
76687,3
76688,4
76689,3
76690,4
76691,4
76692,1
76693,5
76694,0
76695,0
76696,3
76697,3
76698,3
76699,2
76700,0
76701,0
76702,2
76703,5
76704,5
76705,4
76706,5
76707,2
76708,6
76709,0
76710,6
76711,2
76712,0
76713,6
76714,5
76715,5
76716,6
76717,0
76718,5
76719,4
76720,0
76721,6
76722,1
76723,0
76724,6
76725,6
76726,0
76727,5
76728,0
76729,6
76730,0
76731,1
76732,0
76733,1
76734,2
76735,6
76736,3
76737,1
76738,2
76739,5
76740,4
76741,2
76742,4
76743,5
76744,1
76745,5
76746,2
76747,0
76748,1
76749,6
76750,0
76751,6
76752,5
76753,3
76754,0
76755,3
76756,4
76757,1
76758,3
76759,0
76760,0
76761,6
76762,2
76763,3
76764,3
76765,4
76766,5
76767,4
76768,3
76769,2
76770,5
76771,6
76772,4
76773,1
76774,5
76775,6
76776,4
76777,2
76778,4
76779,3
76780,0
76781,3
76782,1
76783,2
76784,5
76785,2
76786,0
76787,3
76788,3
76789,5
76790,3
76791,4
76792,4
76793,3
76794,4
76795,4
76796,2
76797,3
76798,2
76799,6
76800,0
76801,5
76802,1
76803,0
76804,2
76805,6
76806,2
76807,2
76808,3
76809,5
76810,4
76811,1
76812,3
76813,4
76814,1
76815,3
76816,0
76817,0
76818,1
76819,5
76820,0
76821,6
76822,5
76823,1
76824,4
76825,2
76826,3
76827,6
76828,5
76829,1
76830,0
76831,3
76832,4
76833,1
76834,2
76835,4
76836,1
76837,3
76838,0
76839,4
76840,0
76841,5
76842,0
76843,0
76844,3
76845,0
76846,0
76847,2
76848,2
76849,2
76850,5
76851,6
76852,2
76853,1
76854,4
76855,6
76856,0
76857,2
76858,2
76859,0
76860,6
76861,3
76862,2
76863,0
76864,0
76865,5
76866,6
76867,4
76868,2
76869,1
76870,2
76871,0
76872,5
76873,3
76874,4
76875,6
76876,6
76877,4
76878,4
76879,0
76880,6
76881,4
76882,5
76883,4
76884,3
76885,3
76886,6
76887,5
76888,3
76889,0
76890,6
76891,4
76892,4
76893,4
76894,4
76895,4
76896,3
76897,0
76898,1
76899,6
76900,3
76901,2
76902,0
76903,0
76904,5
76905,0
76906,6
76907,4
76908,5
76909,4
76910,6
76911,1
76912,0
76913,2
76914,5
76915,4
76916,2
76917,4
76918,1
76919,0
76920,4
76921,1
76922,5
76923,5
76924,0
76925,1
76926,2
76927,0
76928,0
76929,5
76930,0
76931,1
76932,5
76933,3
76934,2
76935,0
76936,5
76937,4
76938,6
76939,3
76940,0
76941,3
76942,2
76943,0
76944,4
76945,2
76946,1
76947,3
76948,5
76949,4
76950,0
76951,1
76952,4
76953,6
76954,5
76955,6
76956,6
76957,4
76958,4
76959,5
76960,1
76961,1
76962,4
76963,0
76964,0
76965,0
76966,2
76967,1
76968,0
76969,2
76970,4
76971,1
76972,0
76973,5
76974,2
76975,5
76976,3
76977,3
76978,3
76979,3
76980,5
76981,1
76982,1
76983,1
76984,4
76985,3
76986,6
76987,0
76988,3
76989,1
76990,5
76991,0
76992,4
76993,0
76994,1
76995,4
76996,5
76997,4
76998,0
76999,0
77000,3
77001,4
77002,6
77003,4
77004,3
77005,4
77006,1
77007,3
77008,2
77009,2
77010,6
77011,1
77012,0
77013,6
77014,2
77015,1
77016,3
77017,4
77018,4
77019,6
77020,4
77021,3
77022,2
77023,2
77024,3
77025,0
77026,4
77027,5
77028,6
77029,6
77030,1
77031,0
77032,3
77033,1
77034,2
77035,3
77036,5
77037,2
77038,4
77039,4
77040,1
77041,0
77042,2
77043,5
77044,1
77045,6
77046,0
77047,4
77048,2
77049,1
77050,6
77051,2
77052,4
77053,6
77054,4
77055,3
77056,3
77057,5
77058,6
77059,6
77060,0
77061,5
77062,4
77063,1
77064,3
77065,2
77066,1
77067,2
77068,4
77069,0
77070,1
77071,1
77072,2
77073,2
77074,0
77075,3
77076,0
77077,6
77078,0
77079,5
77080,1
77081,5
77082,4
77083,4
77084,0
77085,1
77086,6
77087,4
77088,0
77089,6
77090,4
77091,5
77092,4
77093,3
77094,0
77095,0
77096,0
77097,1
77098,0
77099,1
77100,1
77101,6
77102,4
77103,1
77104,4
77105,0
77106,5
77107,5
77108,0
77109,3
77110,5
77111,3
77112,5
77113,4
77114,5
77115,6
77116,4
77117,0
77118,1
77119,2
77120,2
77121,3
77122,1
77123,6
77124,2
77125,0
77126,1
77127,5
77128,5
77129,1
77130,1
77131,2
77132,3
77133,0
77134,5
77135,5
77136,6
77137,0
77138,4
77139,5
77140,1
77141,4
77142,2
77143,5
77144,0
77145,6
77146,6
77147,5
77148,3
77149,1
77150,5
77151,0
77152,0
77153,3
77154,2
77155,3
77156,6
77157,4
77158,0
77159,3
77160,4
77161,6
77162,4
77163,6
77164,0
77165,1
77166,3
77167,4
77168,1
77169,4
77170,3
77171,4
77172,2
77173,0
77174,6
77175,4
77176,3
77177,2
77178,1
77179,3
77180,2
77181,0
77182,0
77183,6
77184,4
77185,3
77186,2
77187,6
77188,3
77189,2
77190,5
77191,3
77192,0
77193,1
77194,4
77195,4
77196,6
77197,4
77198,1
77199,3
77200,1
77201,6
77202,0
77203,3
77204,4
77205,4
77206,5
77207,0
77208,3
77209,1
77210,6
77211,3
77212,5
77213,6
77214,6
77215,6
77216,4
77217,4
77218,0
77219,2
77220,5
77221,5
77222,2
77223,5
77224,0
77225,0
77226,6
77227,5
77228,6
77229,0
77230,3
77231,6
77232,3
77233,3
77234,4
77235,1
77236,2
77237,4
77238,6
77239,1
77240,1
77241,4
77242,3
77243,4
77244,2
77245,5
77246,2
77247,5
77248,2
77249,4
77250,0
77251,5
77252,1
77253,3
77254,1
77255,3
77256,5
77257,2
77258,4
77259,0
77260,5
77261,4
77262,0
77263,0
77264,6
77265,1
77266,2
77267,3
77268,3
77269,2
77270,1
77271,1
77272,3
77273,0
77274,6
77275,4
77276,2
77277,3
77278,6
77279,3
77280,3
77281,4
77282,6
77283,5
77284,3
77285,4
77286,5
77287,1
77288,5
77289,0
77290,5
77291,3
77292,6
77293,1
77294,6
77295,4
77296,0
77297,4
77298,4
77299,3
77300,1
77301,5
77302,5
77303,0
77304,0
77305,4
77306,3
77307,5
77308,3
77309,6
77310,1
77311,2
77312,4
77313,3
77314,0
77315,2
77316,1
77317,3
77318,4
77319,2
77320,5
77321,5
77322,3
77323,6
77324,5
77325,4
77326,2
77327,3
77328,2
77329,3
77330,3
77331,5
77332,3
77333,0
77334,0
77335,3
77336,6
77337,4
77338,6
77339,0
77340,6
77341,0
77342,1
77343,6
77344,1
77345,3
77346,1
77347,3
77348,0
77349,5
77350,2
77351,0
77352,3
77353,1
77354,3
77355,2
77356,6
77357,1
77358,3
77359,6
77360,4
77361,4
77362,5
77363,5
77364,6
77365,1
77366,1
77367,5
77368,6
77369,2
77370,5
77371,5
77372,2
77373,0
77374,0
77375,1
77376,0
77377,6
77378,3
77379,4
77380,5
77381,5
77382,5
77383,0
77384,5
77385,2
77386,3
77387,6
77388,6
77389,1
77390,6
77391,5
77392,2
77393,5
77394,3
77395,3
77396,3
77397,5
77398,4
77399,5
77400,5
77401,4
77402,0
77403,6
77404,1
77405,0
77406,4
77407,5
77408,4
77409,4
77410,5
77411,6
77412,1
77413,3
77414,0
77415,1
77416,2
77417,4
77418,5
77419,6
77420,0
77421,1
77422,0
77423,1
77424,4
77425,4
77426,1
77427,3
77428,6
77429,1
77430,0
77431,3
77432,5
77433,0
77434,4
77435,4
77436,3
77437,4
77438,4
77439,3
77440,4
77441,3
77442,4
77443,1
77444,4
77445,4
77446,4
77447,2
77448,3
77449,1
77450,1
77451,6
77452,3
77453,2
77454,3
77455,4
77456,3
77457,4
77458,3
77459,4
77460,3
77461,2
77462,6
77463,3
77464,0
77465,1
77466,3
77467,3
77468,5
77469,3
77470,3
77471,5
77472,6
77473,2
77474,0
77475,6
77476,3
77477,2
77478,0
77479,3
77480,4
77481,0
77482,3
77483,5
77484,5
77485,1
77486,0
77487,1
77488,3
77489,0
77490,0
77491,2
77492,2
77493,1
77494,1
77495,4
77496,2
77497,6
77498,5
77499,1
77500,1
77501,1
77502,2
77503,4
77504,6
77505,2
77506,6
77507,4
77508,0
77509,6
77510,2
77511,3
77512,0
77513,5
77514,6
77515,0
77516,6
77517,2
77518,5
77519,6
77520,5
77521,5
77522,0
77523,6
77524,1
77525,0
77526,4
77527,6
77528,6
77529,5
77530,2
77531,5
77532,6
77533,5
77534,1
77535,0
77536,5
77537,0
77538,1
77539,3
77540,2
77541,0
77542,2
77543,1
77544,4
77545,4
77546,1
77547,1
77548,6
77549,6
77550,3
77551,3
77552,5
77553,1
77554,4
77555,5
77556,5
77557,3
77558,0
77559,2
77560,4
77561,4
77562,0
77563,0
77564,0
77565,0
77566,5
77567,1
77568,4
77569,4
77570,5
77571,2
77572,4
77573,0
77574,2
77575,1
77576,0
77577,4
77578,0
77579,4
77580,2
77581,3
77582,5
77583,1
77584,5
77585,4
77586,3
77587,0
77588,5
77589,2
77590,1
77591,6
77592,6
77593,2
77594,1
77595,2
77596,2
77597,5
77598,5
77599,4
77600,1
77601,5
77602,4
77603,5
77604,5
77605,5
77606,2
77607,1
77608,4
77609,3
77610,5
77611,5
77612,2
77613,2
77614,4
77615,5
77616,0
77617,6
77618,0
77619,3
77620,5
77621,0
77622,4
77623,4
77624,0
77625,6
77626,1
77627,5
77628,1
77629,0
77630,1
77631,0
77632,5
77633,0
77634,0
77635,0
77636,6
77637,6
77638,5
77639,0
77640,1
77641,2
77642,6
77643,4
77644,5
77645,3
77646,1
77647,0
77648,3
77649,2
77650,4
77651,2
77652,1
77653,6
77654,0
77655,2
77656,1
77657,1
77658,1
77659,5
77660,6
77661,5
77662,0
77663,0
77664,1
77665,6
77666,0
77667,0
77668,1
77669,3
77670,4
77671,4
77672,0
77673,2
77674,0
77675,4
77676,2
77677,0
77678,2
77679,0
77680,1
77681,1
77682,3
77683,5
77684,6
77685,2
77686,2
77687,4
77688,3
77689,2
77690,1
77691,0
77692,4
77693,3
77694,3
77695,2
77696,3
77697,2
77698,5
77699,0
77700,4
77701,4
77702,0
77703,0
77704,5
77705,5
77706,6
77707,2
77708,4
77709,3
77710,1
77711,0
77712,4
77713,2
77714,1
77715,5
77716,4
77717,1
77718,6
77719,1
77720,0
77721,2
77722,6
77723,6
77724,3
77725,0
77726,5
77727,4
77728,4
77729,4
77730,2
77731,2
77732,6
77733,6
77734,4
77735,4
77736,2
77737,6
77738,5
77739,0
77740,5
77741,1
77742,0
77743,1
77744,5
77745,3
77746,4
77747,5
77748,3
77749,0
77750,4
77751,3
77752,2
77753,5
77754,6
77755,5
77756,3
77757,4
77758,4
77759,2
77760,1
77761,6
77762,5
77763,3
77764,3
77765,4
77766,1
77767,4
77768,0
77769,2
77770,5
77771,4
77772,6
77773,1
77774,2
77775,4
77776,0
77777,2
77778,0
77779,4
77780,3
77781,2
77782,5
77783,5
77784,3
77785,1
77786,3
77787,2
77788,3
77789,1
77790,6
77791,3
77792,0
77793,3
77794,2
77795,3
77796,1
77797,1
77798,6
77799,4
77800,6
77801,0
77802,6
77803,6
77804,6
77805,6
77806,2
77807,5
77808,1
77809,6
77810,6
77811,1
77812,1
77813,3
77814,0
77815,0
77816,4
77817,0
77818,6
77819,4
77820,2
77821,1
77822,1
77823,0
77824,0
77825,2
77826,4
77827,5
77828,6
77829,0
77830,0
77831,4
77832,6
77833,1
77834,4
77835,3
77836,6
77837,5
77838,2
77839,5
77840,3
77841,1
77842,2
77843,0
77844,6
77845,2
77846,0
77847,3
77848,2
77849,5
77850,3
77851,3
77852,1
77853,2
77854,6
77855,2
77856,1
77857,4
77858,6
77859,2
77860,5
77861,5
77862,0
77863,3
77864,6
77865,2
77866,6
77867,4
77868,4
77869,6
77870,1
77871,4
77872,5
77873,3
77874,2
77875,5
77876,0
77877,3
77878,2
77879,3
77880,4
77881,2
77882,0
77883,2
77884,1
77885,3
77886,1
77887,4
77888,4
77889,3
77890,1
77891,4
77892,3
77893,3
77894,5
77895,6
77896,5
77897,2
77898,4
77899,4
77900,0
77901,5
77902,3
77903,5
77904,1
77905,4
77906,6
77907,4
77908,4
77909,6
77910,6
77911,5
77912,3
77913,3
77914,4
77915,4
77916,2
77917,4
77918,1
77919,1
77920,1
77921,4
77922,1
77923,0
77924,0
77925,3
77926,2
77927,0
77928,4
77929,4
77930,6
77931,4
77932,5
77933,3
77934,3
77935,0
77936,5
77937,3
77938,2
77939,0
77940,3
77941,4
77942,6
77943,2
77944,6
77945,3
77946,0
77947,0
77948,1
77949,0
77950,0
77951,0
77952,5
77953,0
77954,6
77955,5
77956,4
77957,2
77958,0
77959,5
77960,4
77961,6
77962,0
77963,4
77964,2
77965,2
77966,2
77967,3
77968,4
77969,0
77970,1
77971,0
77972,0
77973,3
77974,5
77975,1
77976,3
77977,5
77978,1
77979,4
77980,2
77981,4
77982,4
77983,0
77984,0
77985,4
77986,3
77987,0
77988,0
77989,2
77990,4
77991,0
77992,3
77993,6
77994,2
77995,1
77996,0
77997,5
77998,4
77999,0
78000,4
78001,2
78002,5
78003,0
78004,0
78005,1
78006,3
78007,0
78008,3
78009,2
78010,5
78011,3
78012,1
78013,0
78014,2
78015,5
78016,3
78017,3
78018,1
78019,4
78020,2
78021,2
78022,4
78023,3
78024,5
78025,2
78026,4
78027,6
78028,4
78029,2
78030,2
78031,4
78032,1
78033,0
78034,4
78035,5
78036,4
78037,1
78038,1
78039,0
78040,5
78041,4
78042,2
78043,4
78044,1
78045,3
78046,4
78047,6
78048,4
78049,5
78050,2
78051,5
78052,2
78053,0
78054,6
78055,4
78056,6
78057,3
78058,3
78059,1
78060,4
78061,6
78062,0
78063,0
78064,2
78065,3
78066,2
78067,2
78068,5
78069,5
78070,4
78071,6
78072,0
78073,4
78074,3
78075,6
78076,3
78077,6
78078,6
78079,5
78080,3
78081,1
78082,6
78083,0
78084,1
78085,4
78086,2
78087,2
78088,4
78089,3
78090,2
78091,3
78092,6
78093,2
78094,1
78095,3
78096,2
78097,4
78098,2
78099,6
78100,6
78101,3
78102,4
78103,6
78104,4
78105,1
78106,3
78107,1
78108,0
78109,6
78110,4
78111,4
78112,5
78113,3
78114,6
78115,5
78116,0
78117,3
78118,1
78119,5
78120,4
78121,2
78122,6
78123,1
78124,4
78125,4
78126,3
78127,5
78128,4
78129,1
78130,5
78131,0
78132,4
78133,0
78134,4
78135,4
78136,5
78137,6
78138,0
78139,0
78140,4
78141,6
78142,0
78143,4
78144,4
78145,2
78146,4
78147,1
78148,0
78149,3
78150,1
78151,3
78152,5
78153,0
78154,3
78155,5
78156,3
78157,3
78158,0
78159,0
78160,6
78161,0
78162,1
78163,4
78164,4
78165,2
78166,3
78167,2
78168,1
78169,0
78170,3
78171,1
78172,0
78173,0
78174,3
78175,4
78176,6
78177,2
78178,6
78179,2
78180,2
78181,4
78182,1
78183,3
78184,2
78185,0
78186,6
78187,4
78188,5
78189,1
78190,5
78191,2
78192,5
78193,2
78194,4
78195,6
78196,6
78197,4
78198,1
78199,3
78200,1
78201,3
78202,2
78203,2
78204,5
78205,3
78206,4
78207,1
78208,3
78209,0
78210,3
78211,4
78212,0
78213,6
78214,6
78215,1
78216,6
78217,4
78218,3
78219,6
78220,5
78221,5
78222,0
78223,2
78224,4
78225,0
78226,0
78227,4
78228,5
78229,2
78230,1
78231,0
78232,4
78233,4
78234,6
78235,6
78236,4
78237,1
78238,0
78239,2
78240,3
78241,4
78242,5
78243,6
78244,2
78245,5
78246,5
78247,1
78248,5
78249,0
78250,6
78251,4
78252,5
78253,2
78254,1
78255,4
78256,2
78257,2
78258,1
78259,0
78260,4
78261,4
78262,3
78263,5
78264,4
78265,4
78266,3
78267,2
78268,4
78269,3
78270,6
78271,3
78272,4
78273,3
78274,5
78275,4
78276,0
78277,0
78278,4
78279,1
78280,3
78281,5
78282,1
78283,2
78284,3
78285,4
78286,3
78287,2
78288,2
78289,5
78290,5
78291,6
78292,3
78293,0
78294,0
78295,3
78296,1
78297,2
78298,3
78299,3
78300,1
78301,1
78302,5
78303,2
78304,0
78305,3
78306,3
78307,2
78308,3
78309,3
78310,0
78311,5
78312,0
78313,4
78314,3
78315,1
78316,2
78317,5
78318,3
78319,4
78320,5
78321,2
78322,1
78323,3
78324,3
78325,3
78326,4
78327,4
78328,3
78329,4
78330,0
78331,5
78332,0
78333,6
78334,2
78335,1
78336,3
78337,0
78338,1
78339,3
78340,4
78341,3
78342,1
78343,1
78344,4
78345,0
78346,4
78347,3
78348,5
78349,6
78350,0
78351,5
78352,5
78353,5
78354,5
78355,3
78356,2
78357,5
78358,3
78359,6
78360,4
78361,4
78362,4
78363,2
78364,4
78365,0
78366,4
78367,4
78368,0
78369,1
78370,0
78371,4
78372,5
78373,3
78374,1
78375,6
78376,3
78377,4
78378,4
78379,0
78380,5
78381,4
78382,2
78383,0
78384,4
78385,5
78386,6
78387,1
78388,5
78389,0
78390,6
78391,4
78392,3
78393,5
78394,4
78395,2
78396,1
78397,1
78398,1
78399,2
78400,6
78401,5
78402,6
78403,5
78404,6
78405,1
78406,5
78407,6
78408,0
78409,2
78410,3
78411,0
78412,0
78413,0
78414,4
78415,1
78416,4
78417,0
78418,1
78419,1
78420,2
78421,4
78422,3
78423,2
78424,0
78425,5
78426,4
78427,6
78428,1
78429,5
78430,2
78431,0
78432,6
78433,3
78434,2
78435,3
78436,0
78437,2
78438,5
78439,2
78440,0
78441,4
78442,5
78443,5
78444,2
78445,5
78446,3
78447,6
78448,5
78449,5
78450,4
78451,3
78452,2
78453,6
78454,3
78455,3
78456,3
78457,0
78458,3
78459,3
78460,3
78461,3
78462,2
78463,6
78464,2
78465,4
78466,0
78467,1
78468,0
78469,0
78470,1
78471,2
78472,0
78473,1
78474,2
78475,5
78476,4
78477,3
78478,0
78479,4
78480,0
78481,0
78482,2
78483,3
78484,0
78485,6
78486,0
78487,6
78488,0
78489,3
78490,4
78491,3
78492,5
78493,0
78494,0
78495,3
78496,3
78497,3
78498,3
78499,5
78500,0
78501,0
78502,6
78503,1
78504,1
78505,5
78506,2
78507,6
78508,6
78509,3
78510,5
78511,0
78512,0
78513,3
78514,0
78515,5
78516,3
78517,1
78518,0
78519,0
78520,5
78521,4
78522,6
78523,4
78524,4
78525,5
78526,6
78527,5
78528,3
78529,0
78530,6
78531,3
78532,4
78533,4
78534,5
78535,0
78536,4
78537,5
78538,5
78539,6
78540,0
78541,6
78542,3
78543,1
78544,5
78545,1
78546,5
78547,0
78548,4
78549,5
78550,5
78551,5
78552,4
78553,2
78554,4
78555,6
78556,0
78557,4
78558,1
78559,5
78560,2
78561,6
78562,0
78563,4
78564,5
78565,0
78566,5
78567,4
78568,3
78569,2
78570,4
78571,0
78572,5
78573,5
78574,1
78575,4
78576,0
78577,5
78578,1
78579,4
78580,0
78581,2
78582,4
78583,6
78584,2
78585,5
78586,1
78587,3
78588,4
78589,2
78590,1
78591,3
78592,4
78593,3
78594,4
78595,0
78596,1
78597,2
78598,0
78599,0
78600,0
78601,0
78602,6
78603,1
78604,1
78605,0
78606,5
78607,0
78608,4
78609,5
78610,0
78611,0
78612,5
78613,5
78614,3
78615,2
78616,2
78617,2
78618,3
78619,5
78620,1
78621,0
78622,1
78623,6
78624,6
78625,1
78626,4
78627,1
78628,3
78629,0
78630,3
78631,5
78632,6
78633,1
78634,4
78635,6
78636,5
78637,4
78638,1
78639,0
78640,6
78641,3
78642,5
78643,3
78644,3
78645,4
78646,5
78647,4
78648,4
78649,6
78650,4
78651,5
78652,2
78653,5
78654,2
78655,6
78656,1
78657,0
78658,0
78659,0
78660,6
78661,3
78662,1
78663,4
78664,2
78665,6
78666,2
78667,2
78668,1
78669,3
78670,1
78671,5
78672,6
78673,0
78674,2
78675,1
78676,2
78677,2
78678,6
78679,4
78680,0
78681,1
78682,5
78683,6
78684,4
78685,2
78686,3
78687,5
78688,5
78689,6
78690,1
78691,3
78692,2
78693,0
78694,4
78695,5
78696,2
78697,5
78698,5
78699,5
78700,0
78701,3
78702,3
78703,4
78704,6
78705,2
78706,1
78707,4
78708,5
78709,0
78710,6
78711,5
78712,6
78713,6
78714,1
78715,6
78716,5
78717,5
78718,3
78719,5
78720,1
78721,0
78722,5
78723,5
78724,6
78725,5
78726,2
78727,5
78728,6
78729,3
78730,0
78731,4
78732,2
78733,2
78734,4
78735,4
78736,4
78737,0
78738,5
78739,0
78740,6
78741,3
78742,2
78743,2
78744,6
78745,0
78746,6
78747,1
78748,0
78749,0
78750,2
78751,4
78752,6
78753,0
78754,6
78755,3
78756,5
78757,4
78758,4
78759,3
78760,4
78761,1
78762,4
78763,4
78764,3
78765,2
78766,3
78767,1
78768,4
78769,0
78770,3
78771,6
78772,4
78773,5
78774,4
78775,0
78776,3
78777,3
78778,1
78779,1
78780,6
78781,3
78782,0
78783,2
78784,6
78785,4
78786,0
78787,1
78788,0
78789,0
78790,3
78791,2
78792,6
78793,0
78794,3
78795,0
78796,5
78797,4
78798,5
78799,2
78800,5
78801,0
78802,6
78803,0
78804,3
78805,4
78806,6
78807,6
78808,0
78809,6
78810,0
78811,1
78812,4
78813,6
78814,1
78815,6
78816,6
78817,3
78818,4
78819,3
78820,5
78821,1
78822,3
78823,1
78824,0
78825,3
78826,3
78827,2
78828,1
78829,5
78830,3
78831,1
78832,2
78833,0
78834,1
78835,0
78836,5
78837,2
78838,0
78839,4
78840,3
78841,4
78842,5
78843,5
78844,1
78845,5
78846,4
78847,2
78848,6
78849,2
78850,5
78851,0
78852,0
78853,6
78854,3
78855,2
78856,4
78857,4
78858,0
78859,1
78860,1
78861,5
78862,4
78863,1
78864,4
78865,6
78866,0
78867,2
78868,4
78869,2
78870,0
78871,4
78872,3
78873,1
78874,2
78875,0
78876,5
78877,4
78878,6
78879,0
78880,3
78881,5
78882,2
78883,2
78884,0
78885,6
78886,2
78887,2
78888,0
78889,1
78890,6
78891,1
78892,0
78893,5
78894,4
78895,4
78896,1
78897,5
78898,0
78899,2
78900,4
78901,4
78902,0
78903,5
78904,0
78905,5
78906,2
78907,0
78908,1
78909,0
78910,1
78911,1
78912,1
78913,2
78914,5
78915,4
78916,0
78917,6
78918,6
78919,6
78920,3
78921,3
78922,0
78923,5
78924,4
78925,4
78926,3
78927,0
78928,2
78929,5
78930,3
78931,2
78932,6
78933,4
78934,5
78935,3
78936,5
78937,6
78938,3
78939,4
78940,0
78941,1
78942,4
78943,2
78944,4
78945,1
78946,6
78947,5
78948,3
78949,2
78950,0
78951,3
78952,5
78953,1
78954,3
78955,2
78956,2
78957,4
78958,6
78959,2
78960,5
78961,3
78962,6
78963,3
78964,1
78965,5
78966,1
78967,4
78968,3
78969,2
78970,3
78971,0
78972,1
78973,3
78974,5
78975,5
78976,2
78977,0
78978,0
78979,4
78980,2
78981,3
78982,4
78983,0
78984,3
78985,2
78986,1
78987,3
78988,6
78989,2
78990,1
78991,0
78992,4
78993,1
78994,3
78995,6
78996,3
78997,0
78998,0
78999,0
79000,4
79001,5
79002,1
79003,0
79004,2
79005,0
79006,5
79007,0
79008,0
79009,4
79010,4
79011,1
79012,2
79013,3
79014,0
79015,0
79016,2
79017,4
79018,6
79019,1
79020,0
79021,0
79022,1
79023,2
79024,4
79025,4
79026,1
79027,6
79028,2
79029,4
79030,4
79031,5
79032,5
79033,2
79034,0
79035,6
79036,5
79037,2
79038,2
79039,5
79040,0
79041,0
79042,2
79043,4
79044,0
79045,4
79046,6
79047,3
79048,6
79049,5
79050,6
79051,4
79052,2
79053,0
79054,6
79055,6
79056,2
79057,0
79058,2
79059,0
79060,0
79061,6
79062,0
79063,2
79064,0
79065,0
79066,6
79067,0
79068,3
79069,2
79070,3
79071,0
79072,3
79073,5
79074,4
79075,2
79076,2
79077,2
79078,3
79079,5
79080,4
79081,1
79082,3
79083,1
79084,2
79085,0
79086,1
79087,0
79088,5
79089,2
79090,1
79091,4
79092,1
79093,3
79094,0
79095,0
79096,0
79097,1
79098,1
79099,6
79100,5
79101,5
79102,6
79103,4
79104,4
79105,3
79106,5
79107,2
79108,0
79109,1
79110,3
79111,1
79112,5
79113,5
79114,1
79115,1
79116,5
79117,2
79118,0
79119,4
79120,2
79121,0
79122,3
79123,0
79124,1
79125,6
79126,4
79127,5
79128,6
79129,1
79130,0
79131,5
79132,2
79133,0
79134,4
79135,1
79136,3
79137,1
79138,1
79139,4
79140,1
79141,1
79142,0
79143,1
79144,0
79145,2
79146,1
79147,0
79148,0
79149,6
79150,6
79151,5
79152,1
79153,1
79154,2
79155,0
79156,2
79157,3
79158,5
79159,6
79160,6
79161,3
79162,4
79163,2
79164,1
79165,6
79166,5
79167,3
79168,2
79169,3
79170,0
79171,4
79172,5
79173,5
79174,4
79175,2
79176,4
79177,4
79178,3
79179,3
79180,0
79181,0
79182,6
79183,1
79184,1
79185,3
79186,0
79187,2
79188,5
79189,0
79190,4
79191,3
79192,5
79193,6
79194,3
79195,1
79196,3
79197,6
79198,0
79199,6
79200,1
79201,4
79202,1
79203,5
79204,4
79205,0
79206,1
79207,0
79208,4
79209,4
79210,4
79211,0
79212,1
79213,0
79214,6
79215,2
79216,0
79217,0
79218,6
79219,1
79220,2
79221,4
79222,2
79223,6
79224,1
79225,6
79226,5
79227,1
79228,6
79229,5
79230,2
79231,6
79232,6
79233,1
79234,6
79235,3
79236,4
79237,6
79238,2
79239,1
79240,6
79241,5
79242,2
79243,4
79244,6
79245,6
79246,5
79247,6
79248,2
79249,5
79250,6
79251,0
79252,1
79253,6
79254,3
79255,6
79256,4
79257,2
79258,2
79259,3
79260,1
79261,5
79262,2
79263,1
79264,1
79265,5
79266,3
79267,0
79268,6
79269,6
79270,4
79271,5
79272,1
79273,0
79274,4
79275,1
79276,1
79277,6
79278,4
79279,5
79280,4
79281,0
79282,4
79283,3
79284,3
79285,2
79286,3
79287,0
79288,4
79289,3
79290,2
79291,3
79292,5
79293,6
79294,0
79295,4
79296,2
79297,0
79298,0
79299,6
79300,0
79301,2
79302,2
79303,6
79304,4
79305,0
79306,5
79307,5
79308,4
79309,2
79310,5
79311,2
79312,2
79313,2
79314,5
79315,4
79316,4
79317,3
79318,0
79319,0
79320,2
79321,5
79322,5
79323,3
79324,0
79325,2
79326,4
79327,1
79328,0
79329,6
79330,2
79331,2
79332,5
79333,3
79334,6
79335,5
79336,5
79337,3
79338,0
79339,2
79340,0
79341,2
79342,5
79343,0
79344,4
79345,5
79346,5
79347,0
79348,0
79349,0
79350,5
79351,5
79352,5
79353,4
79354,3
79355,6
79356,6
79357,0
79358,5
79359,4
79360,2
79361,0
79362,5
79363,3
79364,3
79365,4
79366,5
79367,1
79368,6
79369,5
79370,2
79371,1
79372,2
79373,3
79374,3
79375,3
79376,5
79377,6
79378,5
79379,5
79380,3
79381,5
79382,4
79383,5
79384,4
79385,3
79386,4
79387,0
79388,0
79389,4
79390,5
79391,3
79392,6
79393,4
79394,4
79395,0
79396,5
79397,4
79398,3
79399,6
79400,6
79401,6
79402,5
79403,2
79404,2
79405,1
79406,0
79407,5
79408,1
79409,1
79410,0
79411,2
79412,5
79413,2
79414,0
79415,6
79416,3
79417,0
79418,3
79419,6
79420,0
79421,5
79422,0
79423,3
79424,0
79425,0
79426,2
79427,3
79428,6
79429,5
79430,5
79431,0
79432,5
79433,0
79434,4
79435,2
79436,0
79437,0
79438,0
79439,3
79440,1
79441,3
79442,5
79443,3
79444,6
79445,6
79446,2
79447,2
79448,6
79449,4
79450,1
79451,3
79452,4
79453,5
79454,3
79455,5
79456,0
79457,5
79458,6
79459,5
79460,1
79461,5
79462,0
79463,6
79464,1
79465,1
79466,5
79467,6
79468,2
79469,5
79470,6
79471,0
79472,6
79473,1
79474,3
79475,6
79476,5
79477,5
79478,6
79479,4
79480,4
79481,3
79482,3
79483,5
79484,0
79485,4
79486,5
79487,0
79488,0
79489,1
79490,5
79491,6
79492,4
79493,3
79494,1
79495,6
79496,5
79497,6
79498,1
79499,5
79500,5
79501,2
79502,0
79503,0
79504,5
79505,3
79506,3
79507,5
79508,2
79509,2
79510,4
79511,5
79512,4
79513,1
79514,4
79515,1
79516,0
79517,6
79518,4
79519,6
79520,2
79521,5
79522,3
79523,3
79524,5
79525,6
79526,2
79527,1
79528,2
79529,3
79530,6
79531,5
79532,4
79533,1
79534,1
79535,4
79536,4
79537,4
79538,6
79539,0
79540,1
79541,6
79542,0
79543,5
79544,2
79545,0
79546,1
79547,4
79548,5
79549,1
79550,4
79551,4
79552,4
79553,0
79554,3
79555,1
79556,4
79557,4
79558,3
79559,1
79560,3
79561,5
79562,0
79563,1
79564,4
79565,0
79566,4
79567,4
79568,5
79569,6
79570,3
79571,0
