ID_RS,RESEÑA
RS0001,"La atención telefónica fue amable y rápida. La app es lenta y me dio problemas al tramitar el parte. En mi caso, me colgaron la llamada y eso me dejó mala sensación."
RS0002,El técnico de fontanería hizo un trabajo regular.
RS0003,La cobertura me parece poco clara en letra pequeña y además el precio es subidísimo. La atención del call center fue aceptable y con colas eternas.
RS0004,El reparador de cerrajería hizo un trabajo bastante bueno.
RS0005,Me subieron la prima un 12% sin explicaciones y la renovación fue un lío.
RS0006,La cobertura me parece limitada y además el precio es subidísimo. No me informaban del estado y tuve que llamar varias veces. Abrí el parte por la app y la gestión fue mejorable. Lo que más valoro es la cobertura.
RS0007,Abrí el parte en oficina y la gestión fue muy buena.
RS0008,"Faltó comunicación y tuve que llamar varias veces. En general, decepcionado con el servicio. En mi caso, me costó darme de baja y eso me dejó mala sensación."
RS0009,"Tardaron 6 semanas en darme cita para la reparación de tejado. Me dieron cita para persiana en 19 horas, dentro de lo razonable. La cobertura del seguro es muy amplia, pero el precio de la póliza es competitivo. En general, contento con el servicio. En mi caso, la cita se pospuso y eso me dejó mala sensación."
RS0010,Abrí el parte por chat y la gestión fue ineficaz. Me subieron la prima un 12% sin explicaciones y la renovación fue un lío. La app es muy cómoda para enviar fotos y seguir el siniestro.
RS0011,"La atención telefónica fue deficiente y con mucha espera. En mi caso, me pedían lo mismo varias veces y eso me dejó mala sensación."
RS0012,Abrí el parte por correo y la gestión fue deficiente. La atención del call center fue desorganizada y después de estar en espera.
RS0013,Abrí el parte por la app y la gestión fue correcta. El técnico de caldera hizo un trabajo impecable. El electricista de fontanería hizo un trabajo con fallos.
RS0014,"La atención del call center fue rápida y ágil. Lo que más valoro es la cobertura. En mi caso, no me informaban del estado y eso me dejó mala sensación."
RS0015,El cerrajero de fontanería hizo un trabajo chapucero. Me mantuvieron informado y me llamaron para hacer seguimiento.
RS0016,"La renovación fue sencilla, aunque me subieron la prima un 18%. Abrí el parte por correo y la gestión fue profesional."
RS0017,"Abrí el parte por la web y la gestión fue deficiente… En mi caso, la peritación tardó y eso me dejó mala sensación."
RS0018,La app es se cuelga y me dio problemas al tramitar el parte. Lo que peor llevé fue la falta de información.
RS0019,No me informaban del estado y tuve que llamar varias veces. La cobertura me parece justita y además el precio es ajustado.
RS0020,"Abrí el parte por teléfono y la gestión fue normal. La cobertura del seguro es muy amplia, pero el precio de la póliza es muy elevado. En mi caso, me pedían lo mismo varias veces y eso me dejó mala sensación."
RS0021,"La renovación fue sencilla, aunque me subieron la prima un 10%. Me subieron la prima un 20% sin explicaciones y la renovación fue un lío. Lo que más valoro es el trato."
RS0022,"Tardaron 17 horas en darme cita para la reparación de cristalería. Me mantuvieron informado y me llamaron para hacer seguimiento. En resumen, neutral con el servicio."
RS0023,La atención del call center fue fría y desesperantemente lenta. Lo que más valoro es el trato.
RS0024,La app es bien diseñada para enviar fotos y seguir el siniestro.
RS0025,"La app es muy cómoda para enviar fotos y seguir el siniestro. El perito de humedades hizo un trabajo de calidad. En mi caso, me subieron la prima sin avisar y eso me dejó mala sensación."
RS0026,"La atención del call center fue rápida y en el momento. El profesional de cristalería hizo un trabajo bien rematado. En general, neutral con el servicio. En mi caso, me pedían lo mismo varias veces y eso me dejó mala sensación."
RS0027,Para cerrar el siniestro el papeleo fue mínimo. La cobertura me parece poco clara en letra pequeña y además el precio es ajustado. Lo que más valoro es la rapidez.
RS0028,La atención del call center fue clara y en el momento. Me subieron la prima un 20% sin explicaciones y la renovación fue un lío. Para cerrar el siniestro mucho papeleo.
RS0029,"Abrí el parte por teléfono y la gestión fue deficiente. Abrí el parte por la web y la gestión fue muy lenta. En resumen, satisfecho con el servicio."
RS0030,Para cerrar el siniestro me pidieron demasiada documentación.
RS0031,La cobertura me parece más corta de lo que esperaba y además el precio es subidísimo. Abrí el parte por correo y la gestión fue rápida.
RS0032,Tardaron 7 semanas en darme cita para la reparación de fontanería.
RS0033,"Abrí el parte por correo y la gestión fue muy buena. El fontanero de humedades hizo un trabajo impecable. Para cerrar el siniestro me pidieron demasiada documentación. En mi caso, no descolgaban y eso me dejó mala sensación."
RS0034,"Abrí el parte por la web y la gestión fue muy buena. Para cerrar el siniestro la documentación fue sencilla. En general, neutral con el servicio."
RS0035,"Abrí el parte en oficina y la gestión fue aceptable. La cobertura del seguro es bien cubierta, pero el precio de la póliza es competitivo."
RS0036,"La cobertura me parece limitada y además el precio es acorde a la cobertura. La renovación fue sencilla, aunque me subieron la prima un 25%. El técnico de humedades hizo un trabajo chapucero. Lo que más valoro es la cobertura."
RS0037,Abrí el parte por la web y la gestión fue sin más.
RS0038,"El profesional de caldera hizo un trabajo chapucero. En general, satisfecho con el servicio."
RS0039,"La app es muy cómoda para enviar fotos y seguir el siniestro. Lo que más valoro es el trato. En mi caso, la peritación tardó y eso me dejó mala sensación."
RS0040,"Para cerrar el siniestro me pidieron demasiada documentación. Para cerrar el siniestro la documentación fue sencilla. En general, satisfecho con el servicio."
RS0041,Faltó comunicación y tuve que llamar varias veces. El reparador de cerrajería hizo un trabajo de mala calidad.
RS0042,"La cobertura del seguro es completa, pero el precio de la póliza es subidísimo."
RS0043,"Me dieron cita para tejado en 2 semanas, dentro de lo razonable. La atención telefónica fue deficiente y tras varios intentos. Abrí el parte por la app y la gestión fue poco clara. Lo que más valoro es la cobertura."
RS0044,Para cerrar el siniestro mucho papeleo. El cristalero de cerrajería hizo un trabajo regular. La atención del call center fue profesional y en el momento.
RS0045,Faltó comunicación y tuve que llamar varias veces. La atención telefónica fue aceptable y con colas eternas.
RS0046,La cobertura me parece poco clara en letra pequeña y además el precio es subidísimo.
RS0047,Para cerrar el siniestro demasiados requisitos. La atención telefónica fue muy buena y sin esperas. La app es rápida para enviar fotos y seguir el siniestro. Lo que más valoro es la cobertura.
RS0048,"La atención del call center fue deficiente y desesperantemente lenta. La cobertura me parece justita y además el precio es razonable. En mi caso, me pasaban de un agente a otro y eso me dejó mala sensación."
RS0049,"Abrí el parte por chat y la gestión fue amable. La renovación fue sencilla, aunque me subieron la prima un 10%. Hubo seguimiento y me ofrecieron alternativas."
RS0050,"Abrí el parte por chat y la gestión fue eficaz. La cobertura del seguro es más que suficiente, pero el precio de la póliza es ajustado."
RS0051,Tardaron 8 semanas en darme cita para la reparación de cerrajería. La atención telefónica fue normal y tras varios intentos. Hubo seguimiento y me lo resolvieron a la primera.
RS0052,La app es con errores al subir fotos y me dio problemas al tramitar el parte. Tardaron 17 días en darme cita para la reparación de persiana. Lo que más valoro es el trato.
RS0053,"La app es lenta y me dio problemas al tramitar el parte. En mi caso, me dieron información contradictoria y eso me dejó mala sensación."
RS0054,La atención telefónica fue deficiente y después de estar en espera. Lo que más valoro es la cobertura.
RS0055,"La cobertura me parece poco clara en letra pequeña y además el precio es subidísimo. En mi caso, la reparación se retrasó y eso me dejó mala sensación."
RS0056,La atención telefónica fue ineficaz y tras varios intentos. La cobertura me parece justita y además el precio es subidísimo.
RS0057,Para cerrar el siniestro mucho papeleo.
RS0058,Tardaron 5 semanas en darme cita para la reparación de cerrajería.
RS0059,"La renovación fue sencilla, aunque me subieron la prima un 18%. Para cerrar el siniestro me pidieron lo justo. Abrí el parte por la app y la gestión fue sin más."
RS0060,"Me dieron cita para pintura en 7 semanas, dentro de lo razonable."
RS0061,"Para cerrar el siniestro me solicitaron fotos y facturas de todo. En mi caso, no descolgaban y eso me dejó mala sensación."
RS0062,El perito de tejado hizo un trabajo regular.
RS0063,El cristalero de humedades hizo un trabajo bien rematado.
RS0064,"La app es con errores al subir fotos y me dio problemas al tramitar el parte. La renovación fue sencilla, aunque me subieron la prima un 18%. En general, satisfecho con el servicio. En mi caso, la peritación tardó y eso me dejó mala sensación."
RS0065,"La atención del call center fue poco clara y desesperantemente lenta. Para cerrar el siniestro me pidieron lo justo. La atención del call center fue correcta pero mejorable y desesperantemente lenta. En general, satisfecho con el servicio."
RS0066,"El fontanero de persiana hizo un trabajo bien rematado. En mi caso, la cita se pospuso y eso me dejó mala sensación."
RS0067,"Tardaron 4 horas en darme cita para la reparación de cerrajería. La cobertura del seguro es bastante buena, pero el precio de la póliza es poco competitivo. La cobertura del seguro es bien cubierta, pero el precio de la póliza es muy elevado."
RS0068,El perito de electricidad hizo un trabajo de calidad.
RS0069,La app es con errores al subir fotos y me dio problemas al tramitar el parte. Lo que peor llevé fue los retrasos.
RS0070,"Me dieron cita para electricidad en 13 días, dentro de lo razonable. Lo que más valoro es la claridad."
RS0071,"La cobertura me parece más corta de lo que esperaba y además el precio es poco competitivo. Lo que peor llevé fue los retrasos. En mi caso, no me informaban del estado y eso me dejó mala sensación."
RS0072,"Abrí el parte en oficina y la gestión fue muy lenta. En mi caso, la reparación se retrasó y eso me dejó mala sensación."
RS0073,"Me mantuvieron informado y me atendieron con educación. Abrí el parte en oficina y la gestión fue clara. En mi caso, la peritación tardó y eso me dejó mala sensación."
RS0074,"La atención telefónica fue normal y con mucha espera. Abrí el parte por la app y la gestión fue correcta pero mejorable. En general, contento con el servicio."
RS0075,Tardaron 3 días en darme cita para la reparación de electrodomésticos. Me subieron la prima un 20% sin explicaciones y la renovación fue un lío.
RS0076,La app es rápida para enviar fotos y seguir el siniestro. Hubo seguimiento y me atendieron con educación.
RS0077,Me mantuvieron informado y me llamaron para hacer seguimiento. La atención telefónica fue correcta y en el momento.
RS0078,Me subieron la prima un 18% sin explicaciones y la renovación fue un lío.
RS0079,"La atención del call center fue excelente y rapidísima. En mi caso, me colgaron la llamada y eso me dejó mala sensación."
RS0080,"El cristalero de humedades hizo un trabajo con fallos. Abrí el parte por teléfono y la gestión fue eficaz. La renovación fue sencilla, aunque me subieron la prima un 10%. Lo que más valoro es la cobertura."
RS0081,La atención del call center fue desorganizada y con mucha espera. La atención telefónica fue fría y tras varios intentos.
RS0082,"La renovación fue sencilla, aunque me subieron la prima un 20%. La app es fácil de usar para enviar fotos y seguir el siniestro."
RS0083,"Me dieron cita para humedades en 8 horas, dentro de lo razonable."
RS0084,"La app es con errores al subir fotos y me dio problemas al tramitar el parte. La atención telefónica fue correcta y rápida. En mi caso, me dieron información contradictoria y eso me dejó mala sensación."
RS0085,"La cobertura del seguro es más que suficiente, pero el precio de la póliza es ajustado."
RS0086,"Para cerrar el siniestro mucho papeleo. Hubo seguimiento y me ofrecieron alternativas. La cobertura del seguro es bien cubierta, pero el precio de la póliza es competitivo. En general, decepcionado con el servicio."
RS0087,"La atención telefónica fue resolutiva y ágil. En mi caso, me pedían lo mismo varias veces y eso me dejó mala sensación."
RS0088,"La cobertura del seguro es bastante buena, pero el precio de la póliza es muy elevado. La atención del call center fue correcta pero mejorable y con colas eternas. Lo que peor llevé fue el papeleo."
RS0089,El electricista de persiana hizo un trabajo chapucero.
RS0090,Para cerrar el siniestro me pidieron lo justo.
RS0091,Para cerrar el siniestro el papeleo fue mínimo. El profesional de cerrajería hizo un trabajo chapucero.
RS0092,"Para cerrar el siniestro me pidieron lo justo. En mi caso, me dieron información contradictoria y eso me dejó mala sensación."
RS0093,"Para cerrar el siniestro demasiados requisitos. Tardaron 17 horas en darme cita para la reparación de caldera. Para cerrar el siniestro me pidieron lo justo. En mi caso, la resolución fue lenta y eso me dejó mala sensación."
RS0094,El perito de cerrajería hizo un trabajo de mala calidad.
RS0095,"Para cerrar el siniestro la documentación fue sencilla. En mi caso, me pasaban de un agente a otro y eso me dejó mala sensación."
RS0096,"Me dieron cita para cristalería en 4 semanas, dentro de lo razonable. La atención telefónica fue resolutiva y sin esperas. En general, decepcionado con el servicio. En mi caso, la resolución fue lenta y eso me dejó mala sensación."
RS0097,Me mantuvieron informado y me ofrecieron alternativas. La app es con errores al subir fotos y me dio problemas al tramitar el parte.
RS0098,"La atención del call center fue correcta y rápida. La atención telefónica fue eficaz y sin esperas. En mi caso, no me informaban del estado y eso me dejó mala sensación."
RS0099,"La atención del call center fue muy buena y sin esperas. La app es bien diseñada para enviar fotos y seguir el siniestro. En mi caso, me pasaban de un agente a otro y eso me dejó mala sensación."
RS0100,"Me dieron cita para humedades en 3 semanas, dentro de lo razonable."
RS0101,El cerrajero de tejado hizo un trabajo regular. Abrí el parte por chat y la gestión fue normal.
RS0102,La cobertura me parece justita y además el precio es acorde a la cobertura. Lo que peor llevé fue el papeleo.
RS0103,El reparador de tejado hizo un trabajo bien rematado.
RS0104,"La atención telefónica fue correcta y rapidísima. En general, decepcionado con el servicio."
RS0105,"El profesional de caldera hizo un trabajo lento y sucio. La atención telefónica fue mejorable y después de estar en espera. En general, contento con el servicio."
RS0106,Faltó comunicación y tuve que llamar varias veces.
RS0107,"Abrí el parte por chat y la gestión fue muy lenta. La atención del call center fue eficaz y ágil. En mi caso, la peritación tardó y eso me dejó mala sensación."
RS0108,"La cobertura del seguro es bastante buena, pero el precio de la póliza es competitivo. Abrí el parte por chat y la gestión fue fría."
RS0109,"Me subieron la prima un 5% sin explicaciones y la renovación fue un lío. La cobertura del seguro es bien cubierta, pero el precio de la póliza es muy elevado. En mi caso, me subieron la prima sin avisar y eso me dejó mala sensación."
RS0110,La app es rápida para enviar fotos y seguir el siniestro. Tardaron 15 horas en darme cita para la reparación de cristalería.
RS0111,La app es muy cómoda para enviar fotos y seguir el siniestro.
RS0112,Abrí el parte por correo y la gestión fue amable. Abrí el parte por la web y la gestión fue profesional.
RS0113,"Tardaron 7 semanas en darme cita para la reparación de persiana. Me subieron la prima un 10% sin explicaciones y la renovación fue un lío. En general, contento con el servicio."
RS0114,"La app es bien diseñada para enviar fotos y seguir el siniestro. Para cerrar el siniestro me pidieron lo justo. La app es fácil de usar para enviar fotos y seguir el siniestro. Sinceramente, decepcionado con el servicio. En mi caso, me pasaban de un agente a otro y eso me dejó mala sensación."
RS0115,"La app es confusa y me dio problemas al tramitar el parte. Me dieron cita para electricidad en 2 semanas, dentro de lo razonable. Lo que más valoro es la rapidez."
RS0116,El técnico de fontanería hizo un trabajo perfecto.
RS0117,El técnico de cristalería hizo un trabajo de mala calidad. Lo que más valoro es el trato.
RS0118,Faltó comunicación y tuve que llamar varias veces. La atención del call center fue poco clara y desesperantemente lenta. Tardaron 2 horas en darme cita para la reparación de pintura.
RS0119,La app es fácil de usar para enviar fotos y seguir el siniestro.
RS0120,Abrí el parte por chat y la gestión fue muy lenta.
RS0121,"La cobertura del seguro es bien cubierta, pero el precio de la póliza es caro."
RS0122,"La cobertura me parece con muchas exclusiones y además el precio es subidísimo. Abrí el parte por teléfono y la gestión fue normal. En general, contento con el servicio."
RS0123,La app es poco intuitiva y me dio problemas al tramitar el parte.
RS0124,"La atención del call center fue muy lenta y desesperantemente lenta. La cobertura me parece limitada y además el precio es muy elevado. La renovación fue sencilla, aunque me subieron la prima un 20%."
RS0125,"Para cerrar el siniestro me pidieron lo justo. En general, contento con el servicio."
RS0126,Para cerrar el siniestro mucho papeleo. El técnico de cristalería hizo un trabajo a medias.
RS0127,"El técnico de fontanería hizo un trabajo con fallos. Faltó comunicación y tuve que llamar varias veces. En mi caso, me dieron información contradictoria y eso me dejó mala sensación."
RS0128,"Me dieron cita para cristalería en 5 semanas, dentro de lo razonable."
RS0129,Abrí el parte por la app y la gestión fue muy buena.
RS0130,La atención del call center fue mejorable y desesperantemente lenta. Lo que peor llevé fue los retrasos.
RS0131,"La cobertura del seguro es completa, pero el precio de la póliza es más alto que la competencia."
RS0132,El reparador de cristalería hizo un trabajo rápido y limpio. La atención del call center fue poco clara y con mucha espera. La cobertura me parece poco clara en letra pequeña y además el precio es ajustado.
RS0133,Me subieron la prima un 25% sin explicaciones y la renovación fue un lío. El reparador de cerrajería hizo un trabajo perfecto.
RS0134,Para cerrar el siniestro el papeleo fue mínimo. Abrí el parte en oficina y la gestión fue amable.
RS0135,"La cobertura del seguro es bien cubierta, pero el precio de la póliza es acorde a la cobertura. En mi caso, me costó darme de baja y eso me dejó mala sensación."
RS0136,"Abrí el parte por chat y la gestión fue eficaz. En general, neutral con el servicio."
RS0137,"Me subieron la prima un 5% sin explicaciones y la renovación fue un lío. En general, decepcionado con el servicio. En mi caso, no descolgaban y eso me dejó mala sensación."
RS0138,Me subieron la prima un 5% sin explicaciones y la renovación fue un lío. Abrí el parte en oficina y la gestión fue tardía. Abrí el parte por teléfono y la gestión fue fría.
RS0139,La atención del call center fue amable y en el momento.
RS0140,"Me dieron cita para cristalería en 15 horas, dentro de lo razonable. Me dieron cita para electrodomésticos en 6 semanas, dentro de lo razonable."
RS0141,"La cobertura del seguro es bien cubierta, pero el precio de la póliza es caro. En mi caso, me pasaban de un agente a otro y eso me dejó mala sensación."
RS0142,"La renovación fue sencilla, aunque me subieron la prima un 15%. En general, decepcionado con el servicio."
RS0143,"Hubo seguimiento y me asignaron un profesional rápido. Para cerrar el siniestro mucho papeleo. En mi caso, la reparación se retrasó y eso me dejó mala sensación."
RS0144,"Me dieron cita para pintura en 13 horas, dentro de lo razonable."
RS0145,"Para cerrar el siniestro la documentación fue sencilla. El cerrajero de pintura hizo un trabajo bien rematado. En general, decepcionado con el servicio."
RS0146,"Para cerrar el siniestro me pidieron lo justo. En mi caso, la peritación tardó y eso me dejó mala sensación."
RS0147,Para cerrar el siniestro la documentación fue sencilla. La app es muy cómoda para enviar fotos y seguir el siniestro. Lo que más valoro es la cobertura.
RS0148,La cobertura me parece con muchas exclusiones y además el precio es poco competitivo. La cobertura me parece justita y además el precio es más alto que la competencia. Lo que más valoro es la cobertura.
RS0149,"La cobertura me parece limitada y además el precio es correcto. El cerrajero de humedades hizo un trabajo lento y sucio. En general, contento con el servicio. En mi caso, me costó darme de baja y eso me dejó mala sensación."
RS0150,El profesional de humedades hizo un trabajo impecable. Para cerrar el siniestro la documentación fue sencilla.
RS0151,"La renovación fue sencilla, aunque me subieron la prima un 20%. La cobertura del seguro es más que suficiente, pero el precio de la póliza es poco competitivo."
RS0152,"La atención del call center fue poco clara y tras varios intentos. En general, decepcionado con el servicio."
RS0153,"La cobertura me parece con muchas exclusiones y además el precio es poco competitivo. La atención del call center fue muy buena y rápida. En general, satisfecho con el servicio."
RS0154,La app es con errores al subir fotos y me dio problemas al tramitar el parte. Abrí el parte por la web y la gestión fue eficaz.
RS0155,"La app es rápida para enviar fotos y seguir el siniestro. El profesional de caldera hizo un trabajo perfecto. Lo que peor llevé fue los retrasos. En mi caso, me pedían lo mismo varias veces y eso me dejó mala sensación."
RS0156,La atención del call center fue correcta pero mejorable y con colas eternas. La cobertura me parece poco clara en letra pequeña y además el precio es subidísimo. Lo que peor llevé fue la falta de información.
RS0157,"Para cerrar el siniestro el papeleo fue mínimo. La cobertura del seguro es bien cubierta, pero el precio de la póliza es ajustado. La cobertura me parece limitada y además el precio es poco competitivo."
RS0158,"Me subieron la prima un 7% sin explicaciones y la renovación fue un lío. La atención del call center fue ineficaz y con mucha espera. Me mantuvieron informado y me llamaron para hacer seguimiento. En general, satisfecho con el servicio."
RS0159,La cobertura me parece justita y además el precio es competitivo. La app es poco intuitiva y me dio problemas al tramitar el parte.
RS0160,Para cerrar el siniestro la documentación fue sencilla. Para cerrar el siniestro la documentación fue sencilla. Para cerrar el siniestro el papeleo fue mínimo. Lo que peor llevé fue los retrasos.
RS0161,"El fontanero de electrodomésticos hizo un trabajo bien rematado. Faltó comunicación y tuve que llamar varias veces. Abrí el parte por la web y la gestión fue eficaz. En general, satisfecho con el servicio. En mi caso, me subieron la prima sin avisar y eso me dejó mala sensación."
RS0162,"El cerrajero de tejado hizo un trabajo bien rematado. En mi caso, me dieron información contradictoria y eso me dejó mala sensación."
RS0163,"La cobertura me parece limitada y además el precio es ajustado. En mi caso, la reparación se retrasó y eso me dejó mala sensación."
RS0164,"La app es rápida para enviar fotos y seguir el siniestro. En mi caso, no me informaban del estado y eso me dejó mala sensación."
RS0165,"La atención telefónica fue fría y desesperantemente lenta. Para cerrar el siniestro me pidieron lo justo. Para cerrar el siniestro mucho papeleo. En mi caso, la cita se pospuso y eso me dejó mala sensación."
RS0166,"La cobertura del seguro es completa, pero el precio de la póliza es razonable. La atención telefónica fue profesional y rápida. Me subieron la prima un 20% sin explicaciones y la renovación fue un lío."
RS0167,"Abrí el parte por la web y la gestión fue amable. La renovación fue sencilla, aunque me subieron la prima un 18%."
RS0168,"La atención del call center fue rápida y rapidísima. La cobertura del seguro es completa, pero el precio de la póliza es caro. En mi caso, me dieron información contradictoria y eso me dejó mala sensación."
RS0169,Abrí el parte por teléfono y la gestión fue mala. Tardaron 10 días en darme cita para la reparación de persiana.
RS0170,Para cerrar el siniestro me pidieron demasiada documentación. Lo que más valoro es la rapidez.
RS0171,La cobertura me parece poco clara en letra pequeña y además el precio es ajustado. El reparador de pintura hizo un trabajo con fallos. Tardaron 7 semanas en darme cita para la reparación de fontanería.
RS0172,El reparador de cristalería hizo un trabajo de calidad.
RS0173,"Para cerrar el siniestro la documentación fue sencilla. La atención del call center fue aceptable y con mucha espera. Lo que más valoro es el trato. En mi caso, la peritación tardó y eso me dejó mala sensación."
RS0174,La atención del call center fue resolutiva y sin esperas.
RS0175,"La app es muy cómoda para enviar fotos y seguir el siniestro. En general, decepcionado con el servicio."
RS0176,"La cobertura del seguro es completa, pero el precio de la póliza es más alto que la competencia. El reparador de cristalería hizo un trabajo rápido y limpio. En general, satisfecho con el servicio."
RS0177,La atención telefónica fue correcta pero mejorable y desesperantemente lenta. La atención telefónica fue deficiente y desesperantemente lenta.
RS0178,La atención telefónica fue tardía y desesperantemente lenta.
RS0179,El perito de electrodomésticos hizo un trabajo muy bueno. Hubo seguimiento y cumplieron los plazos. Lo que más valoro es la claridad.
RS0180,La app es se cuelga y me dio problemas al tramitar el parte.
RS0181,Hubo seguimiento y me explicaron la cobertura con claridad. Abrí el parte por la web y la gestión fue mala.
RS0182,La app es intuitiva para enviar fotos y seguir el siniestro.
RS0183,"Para cerrar el siniestro me solicitaron fotos y facturas de todo. Abrí el parte por teléfono y la gestión fue amable. En mi caso, la cita se pospuso y eso me dejó mala sensación."
RS0184,"Me dieron cita para tejado en 6 horas, dentro de lo razonable. Abrí el parte por teléfono y la gestión fue desorganizada."
RS0185,"Me subieron la prima un 25% sin explicaciones y la renovación fue un lío. En mi caso, la peritación tardó y eso me dejó mala sensación."
RS0186,Tardaron 4 semanas en darme cita para la reparación de cerrajería. Lo que más valoro es la cobertura.
RS0187,"La cobertura del seguro es más que suficiente, pero el precio de la póliza es muy elevado. Abrí el parte por la web y la gestión fue muy buena."
RS0188,La atención del call center fue rápida y sin esperas.
RS0189,"La app es se cuelga y me dio problemas al tramitar el parte. El fontanero de pintura hizo un trabajo de calidad. La renovación fue sencilla, aunque me subieron la prima un 10%. En mi caso, me colgaron la llamada y eso me dejó mala sensación."
RS0190,La atención del call center fue poco clara y con colas eternas. Abrí el parte por teléfono y la gestión fue amable.
RS0191,"La cobertura del seguro es muy amplia, pero el precio de la póliza es subidísimo. Lo que peor llevé fue el papeleo. En mi caso, no descolgaban y eso me dejó mala sensación."
RS0192,"El técnico de electricidad hizo un trabajo lento y sucio. Abrí el parte por correo y la gestión fue clara. En general, neutral con el servicio."
RS0193,Me subieron la prima un 5% sin explicaciones y la renovación fue un lío. Faltó comunicación y tuve que llamar varias veces.
RS0194,La atención telefónica fue resolutiva y en el momento. La atención telefónica fue poco clara y desesperantemente lenta. Para cerrar el siniestro la documentación fue sencilla. Lo que más valoro es la claridad.
RS0195,"Me dieron cita para humedades en 19 días, dentro de lo razonable."
RS0196,La cobertura me parece justita y además el precio es poco competitivo.
RS0197,"El cerrajero de pintura hizo un trabajo perfecto. La cobertura me parece justita y además el precio es competitivo. En mi caso, la cita se pospuso y eso me dejó mala sensación."
RS0198,"La app es se cuelga y me dio problemas al tramitar el parte. La atención del call center fue tardía y tras varios intentos. La app es lenta y me dio problemas al tramitar el parte. En general, decepcionado con el servicio."
RS0199,El cerrajero de persiana hizo un trabajo chapucero. Lo que peor llevé fue la falta de información.
RS0200,"El electricista de fontanería hizo un trabajo rápido y limpio. La cobertura del seguro es más que suficiente, pero el precio de la póliza es más alto que la competencia."
RS0201,Me subieron la prima un 12% sin explicaciones y la renovación fue un lío. La app es rápida para enviar fotos y seguir el siniestro.
RS0202,Abrí el parte por chat y la gestión fue fría. La app es confusa y me dio problemas al tramitar el parte.
RS0203,"La atención del call center fue aceptable y tras varios intentos. En general, contento con el servicio."
RS0204,Abrí el parte por chat y la gestión fue mala. Para cerrar el siniestro demasiados requisitos.
RS0205,La atención telefónica fue deficiente y tras varios intentos.
RS0206,"La cobertura del seguro es más que suficiente, pero el precio de la póliza es más alto que la competencia. La app es se cuelga y me dio problemas al tramitar el parte."
RS0207,"Me dieron cita para caldera en 4 semanas, dentro de lo razonable. El electricista de caldera hizo un trabajo con fallos. La atención del call center fue mejorable y tras varios intentos. Lo que peor llevé fue la falta de información."
RS0208,Abrí el parte por teléfono y la gestión fue correcta. Tardaron 2 horas en darme cita para la reparación de caldera. Para cerrar el siniestro me pidieron lo justo.
RS0209,La cobertura me parece justita y además el precio es poco competitivo. Lo que más valoro es la claridad.
RS0210,La atención del call center fue tardía y con colas eternas.
RS0211,"Para cerrar el siniestro me pidieron lo justo. La app es intuitiva para enviar fotos y seguir el siniestro. La cobertura del seguro es bastante buena, pero el precio de la póliza es razonable."
RS0212,"La atención telefónica fue clara y sin esperas. La cobertura del seguro es completa, pero el precio de la póliza es muy elevado."
RS0213,Abrí el parte por chat y la gestión fue amable.
RS0214,La atención del call center fue sin más y con mucha espera.
RS0215,"Me dieron cita para electrodomésticos en 4 semanas, dentro de lo razonable. La atención telefónica fue mala y con mucha espera. La app es muy cómoda para enviar fotos y seguir el siniestro."
RS0216,"El perito de caldera hizo un trabajo a medias. En mi caso, me pasaban de un agente a otro y eso me dejó mala sensación."
RS0217,El perito de humedades hizo un trabajo a medias… No me informaban del estado y tuve que llamar varias veces.
RS0218,Para cerrar el siniestro mucho papeleo. Me subieron la prima un 18% sin explicaciones y la renovación fue un lío.
RS0219,Abrí el parte por chat y la gestión fue normal. La atención del call center fue poco clara y con colas eternas.
RS0220,"Tardaron 4 horas en darme cita para la reparación de caldera. La cobertura del seguro es más que suficiente, pero el precio de la póliza es muy elevado."
RS0221,"La cobertura me parece más corta de lo que esperaba y además el precio es correcto. La renovación fue sencilla, aunque me subieron la prima un 5%. Para cerrar el siniestro me solicitaron fotos y facturas de todo."
RS0222,"Me dieron cita para pintura en 8 semanas, dentro de lo razonable. En mi caso, me pasaban de un agente a otro y eso me dejó mala sensación."
RS0223,"La atención telefónica fue deficiente y después de estar en espera. En mi caso, la reparación se retrasó y eso me dejó mala sensación."
RS0224,"La renovación fue sencilla, aunque me subieron la prima un 25%. La atención del call center fue mejorable y después de estar en espera."
RS0225,"La cobertura del seguro es más que suficiente, pero el precio de la póliza es poco competitivo. Faltó comunicación y tuve que llamar varias veces."
RS0226,Hubo seguimiento y me llamaron para hacer seguimiento. Abrí el parte por chat y la gestión fue aceptable.
RS0227,La atención del call center fue clara y en el momento.
RS0228,"La atención del call center fue correcta pero mejorable y desesperantemente lenta. En mi caso, no descolgaban y eso me dejó mala sensación."
RS0229,"La app es con errores al subir fotos y me dio problemas al tramitar el parte. Me dieron cita para pintura en 8 semanas, dentro de lo razonable. La atención telefónica fue rápida y ágil. En general, decepcionado con el servicio."
RS0230,Para cerrar el siniestro me solicitaron fotos y facturas de todo. El electricista de cerrajería hizo un trabajo a medias.
RS0231,La atención telefónica fue mejorable y desesperantemente lenta. La cobertura me parece limitada y además el precio es acorde a la cobertura.
RS0232,"El fontanero de electricidad hizo un trabajo lento y sucio… Abrí el parte en oficina y la gestión fue normal. En general, neutral con el servicio."
RS0233,Tardaron 5 semanas en darme cita para la reparación de caldera. Me mantuvieron informado y me atendieron con educación. Lo que peor llevé fue la espera.
RS0234,Para cerrar el siniestro demasiados requisitos.
RS0235,La app es bien diseñada para enviar fotos y seguir el siniestro. Lo que peor llevé fue los retrasos.
RS0236,Tardaron 2 semanas en darme cita para la reparación de caldera. Lo que más valoro es el trato.
RS0237,"Me subieron la prima un 10% sin explicaciones y la renovación fue un lío. En general, decepcionado con el servicio."
RS0238,"La app es fácil de usar para enviar fotos y seguir el siniestro. Lo que más valoro es el trato. En mi caso, me pasaban de un agente a otro y eso me dejó mala sensación."
RS0239,La app es intuitiva para enviar fotos y seguir el siniestro. Abrí el parte por la app y la gestión fue tardía.
RS0240,"Tardaron 4 semanas en darme cita para la reparación de tejado. La cobertura me parece poco clara en letra pequeña y además el precio es competitivo. En general, decepcionado con el servicio."
RS0241,"El electricista de cerrajería hizo un trabajo chapucero. No me informaban del estado y tuve que llamar varias veces. En mi caso, me costó darme de baja y eso me dejó mala sensación."
RS0242,La cobertura me parece limitada y además el precio es poco competitivo. Abrí el parte por chat y la gestión fue correcta.
RS0243,"El cristalero de tejado hizo un trabajo con fallos. En general, satisfecho con el servicio."
RS0244,La atención del call center fue correcta pero mejorable y tras varios intentos.
RS0245,Abrí el parte por chat y la gestión fue ineficaz. La app es intuitiva para enviar fotos y seguir el siniestro.
RS0246,"La cobertura del seguro es completa, pero el precio de la póliza es caro. La atención telefónica fue deficiente y desesperantemente lenta. Lo que más valoro es la rapidez."
RS0247,"La app es fácil de usar para enviar fotos y seguir el siniestro. La atención telefónica fue correcta y rápida. En mi caso, me pasaban de un agente a otro y eso me dejó mala sensación."
RS0248,"La app es confusa y me dio problemas al tramitar el parte. En mi caso, la resolución fue lenta y eso me dejó mala sensación."
RS0249,Para cerrar el siniestro el papeleo fue mínimo. El cerrajero de humedades hizo un trabajo con fallos.
RS0250,Abrí el parte por teléfono y la gestión fue excelente.
RS0251,Me subieron la prima un 20% sin explicaciones y la renovación fue un lío.
RS0252,La atención telefónica fue mala y con colas eternas.
RS0253,Abrí el parte por chat y la gestión fue eficaz. La cobertura me parece poco clara en letra pequeña y además el precio es subidísimo.
RS0254,"Me dieron cita para electricidad en 23 horas, dentro de lo razonable. El cerrajero de electricidad hizo un trabajo rápido y limpio."
RS0255,Para cerrar el siniestro el papeleo fue mínimo. El electricista de pintura hizo un trabajo impecable.
RS0256,"Para cerrar el siniestro la documentación fue sencilla. En mi caso, me subieron la prima sin avisar y eso me dejó mala sensación."
RS0257,"La cobertura me parece con muchas exclusiones y además el precio es razonable. La renovación fue sencilla, aunque me subieron la prima un 15%."
RS0258,Tardaron 6 semanas en darme cita para la reparación de humedades.
RS0259,La atención del call center fue muy buena y en el momento.
RS0260,"La renovación fue sencilla, aunque me subieron la prima un 25%. Faltó comunicación y tuve que llamar varias veces. En general, satisfecho con el servicio."
RS0261,La atención telefónica fue desorganizada y con mucha espera.
RS0262,Abrí el parte en oficina y la gestión fue profesional. Abrí el parte por la app y la gestión fue normal.
RS0263,"Me dieron cita para tejado en 17 días, dentro de lo razonable. El técnico de electrodomésticos hizo un trabajo perfecto. Lo que más valoro es la cobertura."
RS0264,La app es intuitiva para enviar fotos y seguir el siniestro. La atención del call center fue normal y con mucha espera. Tardaron 7 días en darme cita para la reparación de persiana. Lo que peor llevé fue los retrasos.
RS0265,"Abrí el parte por la app y la gestión fue aceptable. En general, neutral con el servicio."
RS0266,"La atención del call center fue correcta y en el momento. Para cerrar el siniestro el papeleo fue mínimo. En mi caso, me colgaron la llamada y eso me dejó mala sensación."
RS0267,Tardaron 6 semanas en darme cita para la reparación de pintura.
RS0268,"Me dieron cita para caldera en 18 días, dentro de lo razonable. El electricista de electrodomésticos hizo un trabajo lento y sucio. La cobertura del seguro es completa, pero el precio de la póliza es competitivo."
RS0269,La app es poco intuitiva y me dio problemas al tramitar el parte. Abrí el parte por correo y la gestión fue desorganizada.
RS0270,"Para cerrar el siniestro mucho papeleo. En general, contento con el servicio."
RS0271,"La atención telefónica fue ineficaz y tras varios intentos. Abrí el parte por la web y la gestión fue correcta. Lo que peor llevé fue la espera. En mi caso, me dieron información contradictoria y eso me dejó mala sensación."
RS0272,El cerrajero de tejado hizo un trabajo a medias.
RS0273,"La atención telefónica fue rápida y ágil. En mi caso, me pasaban de un agente a otro y eso me dejó mala sensación."
RS0274,"El técnico de tejado hizo un trabajo impecable. En mi caso, la peritación tardó y eso me dejó mala sensación."
RS0275,La atención del call center fue mejorable y con colas eternas. Lo que más valoro es el trato.
RS0276,"La cobertura del seguro es muy amplia, pero el precio de la póliza es poco competitivo. Lo que peor llevé fue los retrasos."
RS0277,"Me dieron cita para caldera en 13 días, dentro de lo razonable. En resumen, satisfecho con el servicio. En mi caso, la reparación se retrasó y eso me dejó mala sensación."
RS0278,"Me dieron cita para cerrajería en 12 días, dentro de lo razonable. Lo que peor llevé fue la espera."
RS0279,"La cobertura del seguro es completa, pero el precio de la póliza es acorde a la cobertura. Lo que peor llevé fue la espera."
RS0280,"El reparador de fontanería hizo un trabajo bien rematado. Lo que más valoro es la rapidez. En mi caso, me pedían lo mismo varias veces y eso me dejó mala sensación."
RS0281,La atención del call center fue sin más y desesperantemente lenta. Hubo seguimiento y me explicaron la cobertura con claridad.
RS0282,Me mantuvieron informado y todo quedó bien documentado. Tardaron 19 días en darme cita para la reparación de humedades.
RS0283,"La atención del call center fue ineficaz y desesperantemente lenta. En mi caso, no me informaban del estado y eso me dejó mala sensación."
RS0284,La atención del call center fue deficiente y con mucha espera. Abrí el parte por teléfono y la gestión fue ineficaz.
RS0285,Abrí el parte por correo y la gestión fue muy lenta. El fontanero de humedades hizo un trabajo lento y sucio. Para cerrar el siniestro me pidieron demasiada documentación.
RS0286,Abrí el parte por correo y la gestión fue resolutiva.
RS0287,La app es poco intuitiva y me dio problemas al tramitar el parte. Me mantuvieron informado y me asignaron un profesional rápido.
RS0288,"Hubo seguimiento y me ofrecieron alternativas. La cobertura me parece limitada y además el precio es acorde a la cobertura. La renovación fue sencilla, aunque me subieron la prima un 25%."
RS0289,Tardaron 8 horas en darme cita para la reparación de humedades.
RS0290,"Me dieron cita para humedades en 10 horas, dentro de lo razonable. En general, neutral con el servicio. En mi caso, la reparación se retrasó y eso me dejó mala sensación."
RS0291,"No me informaban del estado y tuve que llamar varias veces. La cobertura del seguro es bien cubierta, pero el precio de la póliza es muy elevado."
RS0292,Faltó comunicación y tuve que llamar varias veces. La atención telefónica fue eficaz y en el momento.
RS0293,"La atención telefónica fue correcta pero mejorable y después de estar en espera. La atención del call center fue normal y con mucha espera. En general, decepcionado con el servicio."
RS0294,La cobertura me parece limitada y además el precio es competitivo.
RS0295,"La cobertura del seguro es bastante buena, pero el precio de la póliza es más alto que la competencia."
RS0296,Me mantuvieron informado y me llamaron para hacer seguimiento. Me subieron la prima un 15% sin explicaciones y la renovación fue un lío. Lo que más valoro es la rapidez.
RS0297,"La cobertura me parece limitada y además el precio es bastante elevado. Tardaron 6 semanas en darme cita para la reparación de fontanería. En general, neutral con el servicio. En mi caso, me subieron la prima sin avisar y eso me dejó mala sensación."
RS0298,"La atención del call center fue ineficaz y desesperantemente lenta… El electricista de humedades hizo un trabajo perfecto. La cobertura del seguro es bien cubierta, pero el precio de la póliza es acorde a la cobertura. En mi caso, me pedían lo mismo varias veces y eso me dejó mala sensación."
RS0299,"La cobertura del seguro es bien cubierta, pero el precio de la poliza es muy elevado."
RS0300,La atención telefónica fue mejorable y con colas eternas.
RS0301,La cobertura me parece limitada y además el precio es más alto que la competencia. La app es se cuelga y me dio problemas al tramitar el parte.
RS0302,La app es fácil de usar para enviar fotos y seguir el siniestro. La app es poco intuitiva y me dio problemas al tramitar el parte.
RS0303,La atención del call center fue normal y con colas eternas.
RS0304,La cobertura me parece con muchas exclusiones y además el precio es correcto. El cerrajero de cerrajería hizo un trabajo impecable.
RS0305,Abrí el parte por correo y la gestión fue tardía.
RS0306,"Me dieron cita para tejado en 6 semanas, dentro de lo razonable. La app es lenta y me dio problemas al tramitar el parte."
RS0307,El fontanero de cristalería hizo un trabajo rápido y limpio. Faltó comunicación y tuve que llamar varias veces.
RS0308,"Abrí el parte en oficina y la gestión fue sin más. Para cerrar el siniestro me pidieron demasiada documentación. Lo que más valoro es el trato. En mi caso, me costó darme de baja y eso me dejó mala sensación."
RS0309,Abrí el parte por chat y la gestión fue mala.
RS0310,La atención del call center fue deficiente y con colas eternas.
RS0311,La cobertura me parece con muchas exclusiones y además el precio es muy elevado. Lo que peor llevé fue la falta de información.
RS0312,"La cobertura me parece justita y además el precio es más alto que la competencia. Me dieron cita para electrodomésticos en 4 días, dentro de lo razonable. Lo que más valoro es la rapidez."
RS0313,La app es lenta y me dio problemas al tramitar el parte.
RS0314,"La renovación fue sencilla, aunque me subieron la prima un 10%. La cobertura del seguro es más que suficiente, pero el precio de la póliza es caro."
RS0315,Abrí el parte por chat y la gestión fue ineficaz… La atención telefónica fue correcta pero mejorable y desesperantemente lenta.
RS0316,"Me dieron cita para fontanería en 6 semanas, dentro de lo razonable. Lo que peor llevé fue el papeleo."
RS0317,Tardaron 3 días en darme cita para la reparación de persiana. La app es bien diseñada para enviar fotos y seguir el siniestro. Lo que más valoro es el trato.
RS0318,La cobertura me parece más corta de lo que esperaba y además el precio es caro. La cobertura me parece con muchas exclusiones y además el precio es más alto que la competencia. La app es intuitiva para enviar fotos y seguir el siniestro.
RS0319,Para cerrar el siniestro demasiados requisitos. El profesional de persiana hizo un trabajo de calidad.
RS0320,La app es intuitiva para enviar fotos y seguir el parte. El electricista de fontanería hizo un trabajo impecable. La app es lenta y me dio problemas al tramitar el parte.
RS0321,Abrí el parte por la web y la gestión fue eficaz.
RS0322,"La cobertura del seguro es bastante buena, pero el precio de la póliza es más alto que la competencia. En mi caso, no me informaban del estado y eso me dejó mala sensación."
RS0323,La atención telefónica fue rápida y sin esperas. La app es poco intuitiva y me dio problemas al tramitar el parte.
RS0324,El cerrajero de electricidad hizo un trabajo a medias. El profesional de pintura hizo un trabajo a medias.
RS0325,"Hubo seguimiento y todo quedó bien documentado. En mi caso, me colgaron la llamada y eso me dejó mala sensación."
RS0326,La atención telefónica fue muy lenta y tras varios intentos.
RS0327,"Me dieron cita para electrodomésticos en 6 semanas, dentro de lo razonable."
RS0328,El profesional de humedades hizo un trabajo lento y sucio. Abrí el parte por correo y la gestión fue muy buena.
RS0329,La cobertura me parece justita y además el precio es caro.
RS0330,La app es poco intuitiva y me dio problemas al tramitar el parte. La app es lenta y me dio problemas al tramitar el parte.
RS0331,La atención del call center fue eficaz y rapidísima. Hubo seguimiento y me ofrecieron alternativas. La app es rápida para enviar fotos y seguir el siniestro.
RS0332,Me subieron la prima un 10% sin explicaciones y la renovación fue un lío. Lo que más valoro es la claridad.
RS0333,El perito de tejado hizo un trabajo perfecto.
RS0334,El perito de persiana hizo un trabajo chapucero.
RS0335,Me subieron la prima un 15% sin explicaciones y la renovación fue un lío. El electricista de persiana hizo un trabajo chapucero. Lo que más valoro es la rapidez.
RS0336,El profesional de tejado hizo un trabajo lento y sucio.
RS0337,Abrí el parte en oficina y la gestión fue correcta. La cobertura me parece con muchas exclusiones y además el precio es poco competitivo. Lo que más valoro es la claridad.
RS0338,"La atención del call center fue normal y desesperantemente lenta. En mi caso, me costó darme de baja y eso me dejó mala sensación."
RS0339,"Para cerrar el siniestro demasiados requisitos. Para cerrar el siniestro la documentación fue sencilla. En mi caso, la resolución fue lenta y eso me dejó mala sensación."
RS0340,Tardaron 17 días en darme cita para la reparación de persiana.
RS0341,Abrí el parte por chat y la gestión fue amable. La app es se cuelga y me dio problemas al tramitar el parte.
RS0342,La app es muy cómoda para enviar fotos y seguir el siniestro. Abrí el parte por teléfono y la gestión fue muy buena. Lo que más valoro es la claridad.
RS0343,No me informaban del estado y tuve que llamar varias veces. Faltó comunicación y tuve que llamar varias veces. Lo que más valoro es la rapidez.
RS0344,"La app es bien diseñada para enviar fotos y seguir el siniestro. En mi caso, me subieron la prima sin avisar y eso me dejó mala sensación."
RS0345,El profesional de cerrajería hizo un trabajo chapucero.
RS0346,"El perito de electrodomésticos hizo un trabajo chapucero. La cobertura del seguro es más que suficiente, pero el precio de la póliza es poco competitivo. La renovación fue sencilla, aunque me subieron la prima un 15%."
RS0347,Para cerrar el siniestro mucho papeleo. La cobertura me parece limitada y además el precio es correcto.
RS0348,Tardaron 3 días en darme cita para la reparación de electrodomésticos.
RS0349,La atención del call center fue aceptable y con mucha espera. No me informaban del estado y tuve que llamar varias veces. La app es fácil de usar para enviar fotos y seguir el siniestro.
RS0350,La atención telefónica fue normal y desesperantemente lenta. Para cerrar el siniestro el papeleo fue mínimo.
RS0351,"La cobertura del seguro es muy amplia, pero el precio de la poliza es subidísimo. Abrí el parte por la web y la gestión fue tardía. Lo que más valoro es la claridad. En mi caso, me subieron la prima sin avisar y eso me dejó mala sensación."
RS0352,"La cobertura del seguro es más que suficiente, pero el precio de la póliza es ajustado. Abrí el parte por la web y la gestión fue rápida. En general, contento con el servicio."
RS0353,"La cobertura del seguro es bien cubierta, pero el precio de la póliza es acorde a la cobertura."
RS0354,"Para cerrar el siniestro demasiados requisitos. En mi caso, no descolgaban y eso me dejó mala sensación."
RS0355,"La atención telefónica fue mejorable y desesperantemente lenta. Para cerrar el siniestro me pidieron lo justo. En general, decepcionado con el servicio."
RS0356,La atención telefónica fue deficiente y después de estar en espera. Lo que más valoro es la rapidez.
RS0357,"La cobertura me parece limitada y además el precio es razonable. La app es fácil de usar para enviar fotos y seguir el siniestro. Lo que más valoro es la cobertura. En mi caso, me dieron información contradictoria y eso me dejó mala sensación."
RS0358,"La cobertura me parece limitada y además el precio es acorde a la cobertura. El cristalero de tejado hizo un trabajo rápido y limpio. Abrí el parte en oficina y la gestión fue amable. En general, satisfecho con el servicio."
RS0359,Para cerrar el siniestro el papeleo fue mínimo. Tardaron 8 semanas en darme cita para la reparación de electricidad. Lo que más valoro es la rapidez.
RS0360,La app es rápida para enviar fotos y seguir el siniestro.
RS0361,"La cobertura me parece justita y además el precio es bastante elevado. Tardaron 4 semanas en darme cita para la reparación de persiana. El técnico de tejado hizo un trabajo bastante bueno. En mi caso, me dieron información contradictoria y eso me dejó mala sensación."
RS0362,La atención telefónica fue aceptable y con colas eternas. La cobertura me parece limitada y además el precio es caro.
RS0363,Tardaron 18 días en darme cita para la reparación de electrodomésticos. La atención telefónica fue clara y en el momento.
RS0364,Me subieron la prima un 12% sin explicaciones y la renovación fue un lío. Me mantuvieron informado y me asignaron un profesional rápido.
RS0365,"La cobertura me parece con muchas exclusiones y además el precio es acorde a la cobertura. La renovación fue sencilla, aunque me subieron la prima un 20%. El fontanero de pintura hizo un trabajo impecable."
RS0366,La cobertura me parece más corta de lo que esperaba y además el precio es competitivo.
RS0367,"Abrí el parte por la web y la gestión fue correcta. La cobertura del seguro es bien cubierta, pero el precio de la póliza es caro."
RS0368,Abrí el parte por la app y la gestión fue excelente.
RS0369,"Me subieron la prima un 25% sin explicaciones y la renovación fue un lío. En mi caso, me costó darme de baja y eso me dejó mala sensación."
RS0370,Para cerrar el siniestro mucho papeleo. Para cerrar el siniestro demasiados requisitos. Tardaron 17 horas en darme cita para la reparación de fontanería.
RS0371,"La cobertura del seguro es bastante buena, pero el precio de la póliza es muy elevado. La cobertura del seguro es muy amplia, pero el precio de la póliza es correcto. En general, contento con el servicio."
RS0372,Tardaron 19 días en darme cita para la reparación de electricidad.
RS0373,"El electricista de cerrajería hizo un trabajo rápido y limpio. La renovación fue sencilla, aunque me subieron la prima un 18%. Lo que peor llevé fue el papeleo. En mi caso, la reparación se retrasó y eso me dejó mala sensación."
RS0374,Abrí el parte por correo y la gestión fue clara. La atención del call center fue fría y después de estar en espera. Abrí el parte por teléfono y la gestión fue profesional.
RS0375,"Abrí el parte por teléfono y la gestión fue tardía. La renovación fue sencilla, aunque me subieron la prima un 18%."
RS0376,"La cobertura me parece limitada y además el precio es caro. Tardaron 3 semanas en darme cita para la reparación de humedades. En general, neutral con el servicio. En mi caso, no me informaban del estado y eso me dejó mala sensación."
RS0377,Para cerrar el siniestro me solicitaron fotos y facturas de todo.
RS0378,"La atención del call center fue eficaz y sin esperas. Tardaron 5 horas en darme cita para la reparación de cristalería. En general, contento con el servicio."
RS0379,"Para cerrar el siniestro me solicitaron fotos y facturas de todo. En general, contento con el servicio."
RS0380,"La app es lenta y me dio problemas al tramitar el parte. Lo que más valoro es la cobertura. En mi caso, me colgaron la llamada y eso me dejó mala sensación."
RS0381,"La app es lenta y me dio problemas al tramitar el parte. En mi caso, me pedían lo mismo varias veces y eso me dejó mala sensación."
RS0382,"Tardaron 18 horas en darme cita para la reparación de tejado. La cobertura del seguro es bien cubierta, pero el precio de la póliza es acorde a la cobertura. Abrí el parte por la app y la gestión fue poco clara."
RS0383,"La cobertura del seguro es muy amplia, pero el precio de la póliza es más alto que la competencia."
RS0384,El reparador de pintura hizo un trabajo chapucero. La atención del call center fue rápida y ágil.
RS0385,La atención telefónica fue tardía y tras varios intentos. Lo que más valoro es la rapidez.
RS0386,Para cerrar el siniestro mucho papeleo. La atención del call center fue desorganizada y desesperantemente lenta. La atención del call center fue tardía y tras varios intentos.
RS0387,"Abrí el parte por correo y la gestión fue profesional. El cristalero de cerrajería hizo un trabajo bien rematado. En general, contento con el servicio."
RS0388,Para cerrar el siniestro demasiados requisitos. Lo que más valoro es la cobertura.
RS0389,La atención del call center fue rápida y sin esperas. La atención telefónica fue aceptable y tras varios intentos. El cerrajero de pintura hizo un trabajo lento y sucio.
RS0390,La atención del call center fue normal y después de estar en espera…
RS0391,"La atención del call center fue eficaz y sin esperas. En general, satisfecho con el servicio."
RS0392,"Me dieron cita para tejado en 15 días, dentro de lo razonable. En mi caso, la cita se pospuso y eso me dejó mala sensación."
RS0393,La atención del call center fue desorganizada y después de estar en espera. Abrí el parte por la web y la gestión fue rápida. Lo que más valoro es la rapidez.
RS0394,La app es con errores al subir fotos y me dio problemas al tramitar el parte. Tardaron 20 horas en darme cita para la reparación de persiana. Abrí el parte por teléfono y la gestión fue fría.
RS0395,La cobertura me parece más corta de lo que esperaba y además el precio es poco competitivo. El profesional de pintura hizo un trabajo con fallos.
RS0396,Abrí el parte en oficina y la gestión fue fría. Me mantuvieron informado y me llamaron para hacer seguimiento.
RS0397,La atención del call center fue fría y después de estar en espera.
RS0398,"Faltó comunicación y tuve que llamar varias veces. En mi caso, me colgaron la llamada y eso me dejó mala sensación."
RS0399,"Me mantuvieron informado y me llamaron para hacer seguimiento. La atención del call center fue muy lenta y con colas eternas. En mi caso, la resolución fue lenta y eso me dejó mala sensación."
RS0400,"Abrí el parte por correo y la gestión fue muy buena. Abrí el parte por la web y la gestión fue profesional. En mi caso, la peritación tardó y eso me dejó mala sensación."
RS0401,Faltó comunicación y tuve que llamar varias veces. El reparador de pintura hizo un trabajo perfecto. La atención del call center fue mala y desesperantemente lenta.
RS0402,Tardaron 10 días en darme cita para la reparación de pintura. Para cerrar el siniestro me pidieron lo justo. Hubo seguimiento y me ofrecieron alternativas.
RS0403,No me informaban del estado y tuve que llamar varias veces.
RS0404,"La atención del call center fue aceptable y desesperantemente lenta. Para cerrar el siniestro la documentación fue sencilla. En general, contento con el servicio. En mi caso, me pedían lo mismo varias veces y eso me dejó mala sensación."
RS0405,"Para cerrar el siniestro la documentación fue sencilla. Me mantuvieron informado y me ofrecieron alternativas. En mi caso, la reparación se retrasó y eso me dejó mala sensación."
RS0406,"La atención telefónica fue normal y desesperantemente lenta. En mi caso, me costó darme de baja y eso me dejó mala sensación."
RS0407,"La renovación fue sencilla, aunque me subieron la prima un 20%."
RS0408,"Abrí el parte en oficina y la gestión fue correcta. El cristalero de tejado hizo un trabajo de calidad. En mi caso, me pasaban de un agente a otro y eso me dejó mala sensación."
RS0409,"Tardaron 7 semanas en darme cita para la reparación de caldera. El reparador de electrodomésticos hizo un trabajo a medias. Tardaron 10 días en darme cita para la reparación de electricidad. En general, satisfecho con el servicio."
RS0410,"La atención del call center fue rápida y ágil. La app es bien diseñada para enviar fotos y seguir el siniestro. En general, satisfecho con el servicio."
RS0411,La atención del call center fue correcta y sin esperas.
RS0412,Hubo seguimiento y cumplieron los plazos.
RS0413,"Abrí el parte por correo y la gestión fue clara. La atención del call center fue sin más y con colas eternas. En mi caso, me costó darme de baja y eso me dejó mala sensación."
RS0414,El técnico de tejado hizo un trabajo con fallos. Lo que peor llevé fue la espera.
RS0415,"La atención del call center fue muy lenta y después de estar en espera. La cobertura me parece con muchas exclusiones y además el precio es razonable. El profesional de caldera hizo un trabajo de mala calidad. En mi caso, no descolgaban y eso me dejó mala sensación."
RS0416,"La cobertura del seguro es muy amplia, pero el precio de la póliza es competitivo. Me dieron cita para persiana en 4 horas, dentro de lo razonable. Tardaron 10 días en darme cita para la reparación de cerrajería."
RS0417,La atención telefónica fue rápida y ágil. Tardaron 13 horas en darme cita para la reparación de persiana.
RS0418,"La cobertura del seguro es bien cubierta, pero el precio de la póliza es subidísimo."
RS0419,La atención telefónica fue fría y desesperantemente lenta. La app es fácil de usar para enviar fotos y seguir el siniestro.
RS0420,La app es confusa y me dio problemas al tramitar el parte. Abrí el parte por teléfono y la gestión fue mala. Lo que más valoro es la claridad.
RS0421,La app es confusa y me dio problemas al tramitar el parte. Tardaron 8 horas en darme cita para la reparación de cerrajería.
RS0422,La app es con errores al subir fotos y me dio problemas al tramitar el parte. La app es bien diseñada para enviar fotos y seguir el siniestro.
RS0423,La app es intuitiva para enviar fotos y seguir el siniestro. Abrí el parte en oficina y la gestión fue amable.
RS0424,Abrí el parte por la app y la gestión fue tardía.
RS0425,La atención del call center fue ineficaz y después de estar en espera.
RS0426,La app es poco intuitiva y me dio problemas al tramitar el parte. Abrí el parte por teléfono y la gestión fue rápida.
RS0427,El perito de fontanería hizo un trabajo bien rematado. Abrí el parte por la web y la gestión fue resolutiva. Lo que peor llevé fue los retrasos.
RS0428,El reparador de caldera hizo un trabajo regular.
RS0429,"El profesional de pintura hizo un trabajo perfecto. En general, neutral con el servicio."
RS0430,Abrí el parte por chat y la gestión fue profesional.
RS0431,"La cobertura del seguro es muy amplia, pero el precio de la póliza es correcto. Para cerrar el siniestro me pidieron demasiada documentación. Me subieron la prima un 7% sin explicaciones y la renovación fue un lío. En mi caso, me colgaron la llamada y eso me dejó mala sensación."
RS0432,"Para cerrar el siniestro me pidieron lo justo. Abrí el parte por la web y la gestión fue correcta. En resumen, decepcionado con el servicio."
RS0433,"Me dieron cita para cerrajería en 3 semanas, dentro de lo razonable. La cobertura me parece limitada y además el precio es subidísimo."
RS0434,La app es intuitiva para enviar fotos y seguir el siniestro. La atención del call center fue correcta pero mejorable y desesperantemente lenta. Lo que peor llevé fue la falta de información.
RS0435,La app es con errores al subir fotos y me dio problemas al tramitar el parte.
RS0436,La atención del call center fue sin más y desesperantemente lenta. Lo que más valoro es el trato.
RS0437,"La renovación fue sencilla, aunque me subieron la prima un 5%. Hubo seguimiento y me atendieron con educación. Lo que más valoro es la rapidez."
RS0438,"No me informaban del estado y tuve que llamar varias veces. Me dieron cita para cerrajería en 20 días, dentro de lo razonable."
RS0439,Para cerrar el siniestro me pidieron lo justo. El cerrajero de caldera hizo un trabajo impecable.
RS0440,El profesional de electrodomésticos hizo un trabajo regular.
RS0441,"La atención telefónica fue resolutiva y ágil. La cobertura del seguro es muy amplia, pero el precio de la póliza es más alto que la competencia. En general, neutral con el servicio."
RS0442,"No me informaban del estado y tuve que llamar varias veces. Lo que más valoro es la rapidez. En mi caso, me dieron información contradictoria y eso me dejó mala sensación."
RS0443,El cerrajero de cerrajería hizo un trabajo rápido y limpio. Para cerrar el siniestro mucho papeleo.
RS0444,Me subieron la prima un 15% sin explicaciones y la renovación fue un lío. La app es lenta y me dio problemas al tramitar el parte.
RS0445,"La cobertura del seguro es bien cubierta, pero el precio de la póliza es subidísimo. El fontanero de electricidad hizo un trabajo con fallos. En general, satisfecho con el servicio."
RS0446,"La atención del call center fue mala y tras varios intentos. En general, neutral con el servicio."
RS0447,Me subieron la prima un 5% sin explicaciones y la renovación fue un lío.
RS0448,Me subieron la prima un 5% sin explicaciones y la renovación fue un lío. Lo que peor llevé fue la falta de información.
RS0449,El perito de cristalería hizo un trabajo chapucero. Lo que peor llevé fue la espera.
RS0450,Abrí el parte por la app y la gestión fue correcta. Para cerrar el siniestro demasiados requisitos.
RS0451,"La renovación fue sencilla, aunque me subieron la prima un 15%."
RS0452,"La cobertura del seguro es más que suficiente, pero el precio de la póliza es ajustado. La app es poco intuitiva y me dio problemas al tramitar el parte. Lo que más valoro es el trato."
RS0453,"Tardaron 16 horas en darme cita para la reparación de tejado. Me mantuvieron informado y todo quedó bien documentado. En general, satisfecho con el servicio."
RS0454,La atención telefónica fue aceptable y después de estar en espera. Tardaron 13 días en darme cita para la reparación de electrodomésticos.
RS0455,"La app es bien diseñada para enviar fotos y seguir el siniestro. La cobertura me parece limitada y además el precio es correcto. En mi caso, la cita se pospuso y eso me dejó mala sensación."
RS0456,"Faltó comunicación y tuve que llamar varias veces. En general, satisfecho con el servicio. En mi caso, me pasaban de un agente a otro y eso me dejó mala sensación."
RS0457,Abrí el parte en oficina y la gestión fue resolutiva. La cobertura me parece poco clara en letra pequeña y además el precio es correcto.
RS0458,Tardaron 9 horas en darme cita para la reparación de fontanería. El profesional de humedades hizo un trabajo muy bueno.
RS0459,Abrí el parte por la web y la gestión fue muy buena. La atención del call center fue excelente y en el momento. Hubo seguimiento y me llamaron para hacer seguimiento.
RS0460,La atención telefónica fue muy buena y rapidísima.
RS0461,"La cobertura del seguro es muy amplia, pero el precio de la póliza es acorde a la cobertura. Lo que peor llevé fue el papeleo. En mi caso, la reparación se retrasó y eso me dejó mala sensación."
RS0462,"La cobertura del seguro es muy amplia, pero el precio de la póliza es más alto que la competencia. En mi caso, no descolgaban y eso me dejó mala sensación."
RS0463,"El profesional de cerrajería hizo un trabajo impecable. En general, decepcionado con el servicio."
RS0464,"La cobertura del seguro es muy amplia, pero el precio de la póliza es caro. La atención del call center fue resolutiva y rapidísima."
RS0465,"El reparador de tejado hizo un trabajo de mala calidad. La cobertura del seguro es completa, pero el precio de la póliza es muy elevado."
RS0466,"Para cerrar el siniestro demasiados requisitos. Abrí el parte por la app y la gestión fue mala. En mi caso, no descolgaban y eso me dejó mala sensación."
RS0467,"La renovación fue sencilla, aunque me subieron la prima un 15%… Lo que peor llevé fue la falta de información."
RS0468,La app es confusa y me dio problemas al tramitar el parte.
RS0469,No me informaban del estado y tuve que llamar varias veces. La atención telefónica fue poco clara y desesperantemente lenta. La cobertura me parece con muchas exclusiones y además el precio es caro.
RS0470,"Me dieron cita para tejado en 18 horas, dentro de lo razonable. Abrí el parte por teléfono y la gestión fue correcta pero mejorable. En mi caso, la peritación tardó y eso me dejó mala sensación."
RS0471,Abrí el parte por la app y la gestión fue profesional.
RS0472,El cristalero de tejado hizo un trabajo perfecto.
RS0473,Abrí el parte en oficina y la gestión fue muy buena. Lo que más valoro es la rapidez.
RS0474,"Abrí el parte en oficina y la gestión fue aceptable. Me mantuvieron informado y me explicaron la cobertura con claridad. En general, neutral con el servicio."
RS0475,Para cerrar el siniestro la documentación fue sencilla. Abrí el parte en oficina y la gestión fue tardía. Lo que más valoro es la cobertura.
RS0476,Abrí el parte por correo y la gestión fue mala. Tardaron 8 semanas en darme cita para la reparación de cerrajería.
RS0477,La app es bien diseñada para enviar fotos y seguir el siniestro. La atención del call center fue poco clara y desesperantemente lenta.
RS0478,"Me dieron cita para humedades en 5 días, dentro de lo razonable."
RS0479,"Abrí el parte por correo y la gestión fue amable. Lo que más valoro es la cobertura. En mi caso, la peritación tardó y eso me dejó mala sensación."
RS0480,El electricista de electrodomésticos hizo un trabajo regular. La atención telefónica fue rápida y sin esperas.
RS0481,"El técnico de electrodomésticos hizo un trabajo regular. El cerrajero de tejado hizo un trabajo lento y sucio. Tardaron 3 semanas en darme cita para la reparación de tejado. En mi caso, me pasaban de un agente a otro y eso me dejó mala sensación."
RS0482,"Abrí el parte por correo y la gestión fue resolutiva. La atención del call center fue correcta pero mejorable y con mucha espera. En mi caso, me pedían lo mismo varias veces y eso me dejó mala sensación."
RS0483,"Para cerrar el siniestro demasiados requisitos. En general, satisfecho con el servicio."
RS0484,"Abrí el parte por la web y la gestión fue poco clara. Para cerrar el incidencia mucho papeleo. Tardaron 7 semanas en darme cita para la reparación de electrodomésticos. En mi caso, no me informaban del estado y eso me dejó mala sensación."
RS0485,La atención del call center fue mejorable y con mucha espera.
RS0486,"La atención telefónica fue excelente y ágil. En mi caso, me colgaron la llamada y eso me dejó mala sensación."
RS0487,"Me dieron cita para cristalería en 7 semanas, dentro de lo razonable…"
RS0488,"Me dieron cita para electricidad en 9 días, dentro de lo razonable. Lo que más valoro es la rapidez. En mi caso, me pedían lo mismo varias veces y eso me dejó mala sensación."
RS0489,Me subieron la prima un 15% sin explicaciones y la renovación fue un lío. Me subieron la prima un 20% sin explicaciones y la renovación fue un lío.
RS0490,El reparador de fontanería hizo un trabajo con fallos. El cristalero de persiana hizo un trabajo chapucero. Abrí el parte por chat y la gestión fue muy lenta.
RS0491,Abrí el parte por teléfono y la gestión fue clara.
RS0492,Tardaron 9 horas en darme cita para la reparación de humedades. Abrí el parte por teléfono y la gestión fue aceptable.
RS0493,"La atención telefónica fue amable y rapidísima. La renovación fue sencilla, aunque me subieron la prima un 10%."
RS0494,"Abrí el parte por la app y la gestión fue fría. Me dieron cita para pintura en 8 días, dentro de lo razonable."
RS0495,"Abrí el parte por correo y la gestión fue rápida. En mi caso, no me informaban del estado y eso me dejó mala sensación."
RS0496,Tardaron 5 semanas en darme cita para la reparación de electricidad. La app es fácil de usar para enviar fotos y seguir el siniestro. Lo que peor llevé fue los retrasos.
RS0497,"La cobertura del seguro es muy amplia, pero el precio de la póliza es razonable. Me dieron cita para cristalería en 3 semanas, dentro de lo razonable."
RS0498,Tardaron 9 días en darme cita para la reparación de cristalería.
RS0499,Abrí el parte por chat y la gestión fue aceptable. Me mantuvieron informado y me asignaron un profesional rápido.
RS0500,"Me dieron cita para electrodomésticos en 7 semanas, dentro de lo razonable."
RS0501,"Abrí el parte por la app y la gestión fue ineficaz. La app es fácil de usar para enviar fotos y seguir el siniestro. En mi caso, me colgaron la llamada y eso me dejó mala sensación."
RS0502,"Abrí el parte por la app y la gestión fue correcta. En mi caso, la resolución fue lenta y eso me dejó mala sensación."
RS0503,"Me mantuvieron informado y cumplieron los plazos. En general, contento con el servicio."
RS0504,"Para cerrar el siniestro el papeleo fue mínimo. En mi caso, me pedían lo mismo varias veces y eso me dejó mala sensación."
RS0505,"Para cerrar el incidencia me solicitaron fotos y facturas de todo. Me dieron cita para cristalería en 12 días, dentro de lo razonable."
RS0506,"La renovación fue sencilla, aunque me subieron la prima un 7%. Me mantuvieron informado y me ofrecieron alternativas."
RS0507,La atención del call center fue excelente y ágil. Abrí el parte por correo y la gestión fue muy buena.
RS0508,La cobertura me parece más corta de lo que esperaba y además el precio es poco competitivo. Lo que más valoro es la rapidez.
RS0509,"La app es fácil de usar para enviar fotos y seguir el siniestro. Lo que peor llevé fue la espera. En mi caso, me costó darme de baja y eso me dejó mala sensación."
RS0510,Me mantuvieron informado y todo quedó bien documentado. La atención telefónica fue deficiente y con colas eternas.
RS0511,"Para cerrar el siniestro me pidieron lo justo. Me dieron cita para humedades en 4 horas, dentro de lo razonable. Me subieron la prima un 7% sin explicaciones y la renovación fue un lío. En mi caso, me dieron información contradictoria y eso me dejó mala sensación."
RS0512,"El reparador de cerrajería hizo un trabajo perfecto. En mi caso, no descolgaban y eso me dejó mala sensación."
RS0513,El técnico de cerrajería hizo un trabajo a medias. La atención del call center fue resolutiva y rapidísima.
RS0514,"Me dieron cita para cristalería en 3 semanas, dentro de lo razonable. La atención del call center fue poco clara y después de estar en espera. Me dieron cita para cerrajería en 8 semanas, dentro de lo razonable."
RS0515,"La app es bien diseñada para enviar fotos y seguir el siniestro. En mi caso, la resolución fue lenta y eso me dejó mala sensación."
RS0516,El cerrajero de cristalería hizo un trabajo bien rematado. Lo que más valoro es el trato.
RS0517,La app es intuitiva para enviar fotos y seguir el siniestro. Lo que más valoro es la claridad.
RS0518,La app es rápida para enviar fotos y seguir el siniestro. Tardaron 5 horas en darme cita para la reparación de electricidad. La app es se cuelga y me dio problemas al tramitar el parte. Lo que más valoro es la cobertura.
RS0519,"La cobertura del seguro es muy amplia, pero el precio de la póliza es acorde a la cobertura. Lo que peor llevé fue la espera."
RS0520,Para cerrar el siniestro mucho papeleo. Me subieron la prima un 10% sin explicaciones y la renovación fue un lío.
RS0521,La cobertura me parece justita y además el precio es razonable.
RS0522,"Hubo seguimiento y cumplieron los plazos. La cobertura me parece más corta de lo que esperaba y además el precio es más alto que la competencia. La cobertura del seguro es muy amplia, pero el precio de la póliza es razonable. En general, neutral con el servicio."
RS0523,"El técnico de pintura hizo un trabajo muy bueno. El electricista de pintura hizo un trabajo a medias. En general, neutral con el servicio."
RS0524,El cerrajero de humedades hizo un trabajo lento y sucio. Tardaron 3 semanas en darme cita para la reparación de electricidad.
RS0525,Para cerrar el siniestro el papeleo fue mínimo.
RS0526,Abrí el parte en oficina y la gestión fue correcta pero mejorable. La cobertura me parece poco clara en letra pequeña y además el precio es ajustado. Lo que más valoro es la claridad.
RS0527,"Para cerrar el siniestro demasiados requisitos. En mi caso, me dieron información contradictoria y eso me dejó mala sensación."
RS0528,"Para cerrar el siniestro me pidieron lo justo. La renovación fue sencilla, aunque me subieron la prima un 18%. No me informaban del estado y tuve que llamar varias veces."
RS0529,Me subieron la prima un 10% sin explicaciones y la renovación fue un lío.
RS0530,Para cerrar el siniestro me solicitaron fotos y facturas de todo. Abrí el parte en oficina y la gestión fue mejorable. La app es rápida para enviar fotos y seguir el siniestro.
RS0531,"La renovación fue sencilla, aunque me subieron la prima un 20%… Abrí el parte por teléfono y la gestión fue amable."
RS0532,"Abrí el parte por la web y la gestión fue aceptable. El fontanero de caldera hizo un trabajo lento y sucio. En general, decepcionado con el servicio."
RS0533,La atención telefónica fue correcta y sin esperas. Hubo seguimiento y me llamaron para hacer seguimiento.
RS0534,"El cerrajero de humedades hizo un trabajo chapucero. Tardaron 3 semanas en darme cita para la reparación de electricidad. En general, neutral con el servicio."
RS0535,La cobertura me parece limitada y además el precio es correcto.
RS0536,La atención del call center fue mala y tras varios intentos.
RS0537,El cristalero de pintura hizo un trabajo de mala calidad.
RS0538,Abrí el parte por chat y la gestión fue poco clara. Abrí el parte por la app y la gestión fue profesional.
RS0539,"La cobertura del seguro es bastante buena, pero el precio de la póliza es muy elevado."
RS0540,"La atención telefónica fue excelente y ágil. En general, contento con el servicio."
RS0541,Para cerrar el siniestro la documentación fue sencilla. Para cerrar el siniestro el papeleo fue mínimo.
RS0542,La atención telefónica fue aceptable y desesperantemente lenta. La app es lenta y me dio problemas al tramitar el parte.
RS0543,El técnico de persiana hizo un trabajo de mala calidad.
RS0544,Para cerrar el siniestro la documentación fue sencilla.
RS0545,"El técnico de pintura hizo un trabajo de mala calidad. La app es se cuelga y me dio problemas al tramitar el parte. Lo que más valoro es el trato. En mi caso, me pasaban de un agente a otro y eso me dejó mala sensación."
RS0546,"La renovación fue sencilla, aunque me subieron la prima un 7%. La atención del call center fue normal y tras varios intentos. La atención telefónica fue mejorable y tras varios intentos."
RS0547,"La renovación fue sencilla, aunque me subieron la prima un 7%."
RS0548,"Tardaron 20 horas en darme cita para la reparación de electrodomésticos. Lo que más valoro es el trato. En mi caso, la cita se pospuso y eso me dejó mala sensación."
RS0549,Abrí el parte por la web y la gestión fue correcta. No me informaban del estado y tuve que llamar varias veces. La atención del call center fue amable y sin esperas. Lo que más valoro es la rapidez.
RS0550,"La atención telefónica fue aceptable y con colas eternas. En mi caso, me colgaron la llamada y eso me dejó mala sensación."
RS0551,"Faltó comunicación y tuve que llamar varias veces. Me dieron cita para fontanería en 9 horas, dentro de lo razonable. Lo que más valoro es la rapidez."
RS0552,La atención del call center fue correcta y ágil. Abrí el parte en oficina y la gestión fue muy buena. El electricista de cristalería hizo un trabajo de calidad.
RS0553,La cobertura me parece poco clara en letra pequeña y además el precio es competitivo.
RS0554,"Para cerrar el siniestro mucho papeleo. Para cerrar el siniestro me pidieron lo justo. Me dieron cita para caldera en 8 semanas, dentro de lo razonable. En general, neutral con el servicio. En mi caso, me dieron información contradictoria y eso me dejó mala sensación."
RS0555,"El reparador de cerrajería hizo un trabajo a medias. La renovación fue sencilla, aunque me subieron la prima un 25%."
RS0556,Para cerrar el siniestro me pidieron lo justo. Abrí el parte por teléfono y la gestión fue excelente.
RS0557,La atención telefónica fue resolutiva y sin esperas. Abrí el parte por la app y la gestión fue correcta. Lo que más valoro es la claridad.
RS0558,Hubo seguimiento y cumplieron los plazos. La atención telefónica fue normal y después de estar en espera.
RS0559,La app es intuitiva para enviar fotos y seguir el siniestro. Lo que peor llevé fue la espera.
RS0560,La app es bien diseñada para enviar fotos y seguir el siniestro. El cristalero de electrodomésticos hizo un trabajo de mala calidad.
RS0561,"Abrí el parte por teléfono y la gestión fue eficaz. La cobertura me parece justita y además el precio es ajustado. En mi caso, la resolución fue lenta y eso me dejó mala sensación."
RS0562,"La cobertura del seguro es más que suficiente, pero el precio de la póliza es más alto que la competencia. En general, neutral con el servicio."
RS0563,"La app es bien diseñada para enviar fotos y seguir el siniestro. Lo que peor llevé fue la falta de información. En mi caso, la reparación se retrasó y eso me dejó mala sensación."
RS0564,"La atención telefónica fue deficiente y desesperantemente lenta. La renovación fue sencilla, aunque me subieron la prima un 18%. El cerrajero de humedades hizo un trabajo perfecto."
RS0565,"Abrí el parte en oficina y la gestión fue muy lenta. En mi caso, no me informaban del estado y eso me dejó mala sensación."
RS0566,"La app es intuitiva para enviar fotos y seguir el siniestro. La renovación fue sencilla, aunque me subieron la prima un 18%. Me mantuvieron informado y todo quedó bien documentado."
RS0567,La app es lenta y me dio problemas al tramitar el parte. Para cerrar el siniestro el papeleo fue mínimo. La atención telefónica fue fría y después de estar en espera.
RS0568,"Para cerrar el siniestro me pidieron lo justo. La app es poco intuitiva y me dio problemas al tramitar el parte. En mi caso, me dieron información contradictoria y eso me dejó mala sensación."
RS0569,"La atención telefónica fue clara y rápida. En mi caso, la resolución fue lenta y eso me dejó mala sensación."
RS0570,"La atención del call center fue ineficaz y tras varios intentos. En mi caso, me colgaron la llamada y eso me dejó mala sensación."
RS0571,Me mantuvieron informado y me atendieron con educación.
RS0572,"Para cerrar el siniestro demasiados requisitos. Me dieron cita para electrodomésticos en 6 semanas, dentro de lo razonable."
RS0573,La app es confusa y me dio problemas al tramitar el parte. La atención del call center fue poco clara y después de estar en espera. Lo que peor llevé fue el papeleo.
RS0574,"La cobertura del seguro es completa, pero el precio de la poliza es poco competitivo. Para cerrar el parte mucho papeleo."
RS0575,"La app es poco intuitiva y me dio problemas al tramitar el parte. El reparador de humedades hizo un trabajo lento y sucio. La cobertura me parece justita y además el precio es subidísimo. En mi caso, la resolución fue lenta y eso me dejó mala sensación."
RS0576,"La app es lenta y me dio problemas al tramitar el parte. Me subieron la prima un 7% sin explicaciones y la renovación fue un lío. En general, decepcionado con el servicio. En mi caso, me costó darme de baja y eso me dejó mala sensación."
RS0577,"Me dieron cita para cristalería en 8 días, dentro de lo razonable. En mi caso, la cita se pospuso y eso me dejó mala sensación."
RS0578,Para cerrar el siniestro la documentación fue sencilla. Para cerrar el siniestro me solicitaron fotos y facturas de todo.
RS0579,La atención del call center fue eficaz y en el momento.
RS0580,"Para cerrar el siniestro mucho papeleo. La renovación fue sencilla, aunque me subieron la prima un 10%."
RS0581,Tardaron 4 semanas en darme cita para la reparación de persiana… Tardaron 4 horas en darme cita para la reparación de fontanería.
RS0582,El reparador de cerrajería hizo un trabajo muy bueno. Lo que más valoro es la claridad.
RS0583,"La atención del call center fue muy lenta y con mucha espera. En mi caso, me pasaban de un agente a otro y eso me dejó mala sensación."
RS0584,"Tardaron 2 días en darme cita para la reparación de electrodomésticos. La renovación fue sencilla, aunque me subieron la prima un 20%."
RS0585,"Hubo seguimiento y me ofrecieron alternativas. El fontanero de cerrajería hizo un trabajo de calidad. En mi caso, no descolgaban y eso me dejó mala sensación."
RS0586,La atención del call center fue muy buena y rápida. Abrí el parte por la app y la gestión fue desorganizada. La app es poco intuitiva y me dio problemas al tramitar el parte.
RS0587,"Me dieron cita para tejado en 5 días, dentro de lo razonable. La cobertura del seguro es completa, pero el precio de la póliza es correcto. El profesional de electrodomésticos hizo un trabajo de mala calidad."
RS0588,Abrí el parte por teléfono y la gestión fue fría.
RS0589,"El cerrajero de humedades hizo un trabajo muy bueno. La app es muy cómoda para enviar fotos y seguir el siniestro. En general, contento con el servicio."
RS0590,"La cobertura del seguro es bien cubierta, pero el precio de la poliza es correcto. Lo que peor llevé fue el papeleo. En mi caso, la peritación tardó y eso me dejó mala sensación."
RS0591,Abrí el parte por la web y la gestión fue resolutiva. Para cerrar el siniestro me pidieron lo justo.
RS0592,"La atención telefónica fue excelente y rápida. Me subieron la prima un 20% sin explicaciones y la renovación fue un lío. En general, neutral con el servicio."
RS0593,"La renovación fue sencilla, aunque me subieron la prima un 18%."
RS0594,Abrí el parte por chat y la gestión fue ineficaz.
RS0595,"El electricista de pintura hizo un trabajo a medias. La atención telefónica fue amable y rápida. Lo que más valoro es la claridad. En mi caso, me pedían lo mismo varias veces y eso me dejó mala sensación."
RS0596,"El reparador de pintura hizo un trabajo a medias. Abrí el parte por chat y la gestión fue correcta. En general, decepcionado con el servicio."
RS0597,"No me informaban del estado y tuve que llamar varias veces. En mi caso, me colgaron la llamada y eso me dejó mala sensación."
RS0598,"La atención telefónica fue eficaz y sin esperas. Lo que más valoro es el trato. En mi caso, no me informaban del estado y eso me dejó mala sensación."
RS0599,"La cobertura del seguro es más que suficiente, pero el precio de la póliza es muy elevado."
RS0600,"Abrí el parte por chat y la gestión fue ineficaz. Tardaron 9 horas en darme cita para la reparación de pintura. En general, neutral con el servicio."
RS0601,"Hubo seguimiento y me atendieron con educación. En general, decepcionado con el servicio. En mi caso, no descolgaban y eso me dejó mala sensación."
RS0602,La atención telefónica fue clara y en el momento. El cristalero de caldera hizo un trabajo impecable.
RS0603,"La app es con errores al subir fotos y me dio problemas al tramitar el parte. El técnico de persiana hizo un trabajo chapucero. En general, satisfecho con el servicio."
RS0604,Abrí el parte en oficina y la gestión fue eficaz. Tardaron 10 días en darme cita para la reparación de pintura.
RS0605,La atención del call center fue aceptable y desesperantemente lenta.
RS0606,"El cristalero de pintura hizo un trabajo chapucero. En general, decepcionado con el servicio."
RS0607,Para cerrar el siniestro me pidieron lo justo. La app es fácil de usar para enviar fotos y seguir el siniestro.
RS0608,"Faltó comunicación y tuve que llamar varias veces. En mi caso, la reparación se retrasó y eso me dejó mala sensación."
RS0609,"La cobertura del seguro es muy amplia, pero el precio de la póliza es subidísimo."
RS0610,La app es rápida para enviar fotos y seguir el siniestro. El perito de caldera hizo un trabajo perfecto. La atención del call center fue muy lenta y desesperantemente lenta.
RS0611,La atención del call center fue tardía y con colas eternas. Para cerrar el siniestro la documentación fue sencilla.
RS0612,"La cobertura me parece justita y además el precio es poco competitivo. En mi caso, no descolgaban y eso me dejó mala sensación."
RS0613,El perito de fontanería hizo un trabajo de mala calidad.
RS0614,"La cobertura del seguro es muy amplia, pero el precio de la póliza es caro. Abrí el parte en oficina y la gestión fue deficiente. El técnico de pintura hizo un trabajo con fallos."
RS0615,El perito de fontanería hizo un trabajo chapucero.
RS0616,"La renovación fue sencilla, aunque me subieron la prima un 12%."
RS0617,"Hubo seguimiento y me asignaron un profesional rápido. La atención del call center fue tardía y después de estar en espera. En mi caso, me costó darme de baja y eso me dejó mala sensación."
RS0618,"Tardaron 8 semanas en darme cita para la reparación de electrodomésticos. La atención telefónica fue deficiente y con mucha espera. El profesional de humedades hizo un trabajo a medias. En mi caso, me pasaban de un agente a otro y eso me dejó mala sensación."
RS0619,La atención telefónica fue tardía y tras varios intentos.
RS0620,El técnico de cristalería hizo un trabajo muy bueno.
RS0621,"Me dieron cita para persiana en 20 días, dentro de lo razonable. Tardaron 7 semanas en darme cita para la reparación de persiana. Para cerrar el siniestro demasiados requisitos."
RS0622,"La cobertura del seguro es bien cubierta, pero el precio de la póliza es muy elevado. El fontanero de tejado hizo un trabajo impecable. Abrí el parte por la web y la gestión fue fría."
RS0623,"La cobertura del seguro es bien cubierta, pero el precio de la póliza es muy elevado. La cobertura me parece con muchas exclusiones y además el precio es muy elevado."
RS0624,La app es se cuelga y me dio problemas al tramitar el parte. El fontanero de humedades hizo un trabajo lento y sucio. La cobertura me parece justita y además el precio es subidísimo.
RS0625,Me mantuvieron informado y me lo resolvieron a la primera. Para cerrar el siniestro demasiados requisitos.
RS0626,El reparador de humedades hizo un trabajo rápido y limpio.
RS0627,"La renovación fue sencilla, aunque me subieron la prima un 12%. Para cerrar el siniestro me pidieron lo justo."
RS0628,La app es lenta y me dio problemas al tramitar el parte. Lo que más valoro es la cobertura.
RS0629,La cobertura me parece limitada y además el precio es más alto que la competencia.
RS0630,El electricista de fontanería hizo un trabajo impecable. Abrí el parte por chat y la gestión fue muy buena. Lo que peor llevé fue el papeleo.
RS0631,La app es muy cómoda para enviar fotos y seguir el siniestro. Me subieron la prima un 18% sin explicaciones y la renovación fue un lío.
RS0632,El fontanero de electricidad hizo un trabajo a medias.
RS0633,"La renovación fue sencilla, aunque me subieron la prima un 12%. En general, neutral con el servicio. En mi caso, me pedían lo mismo varias veces y eso me dejó mala sensación."
RS0634,"Para cerrar el siniestro me pidieron demasiada documentación. La atención telefónica fue eficaz y ágil. En mi caso, no descolgaban y eso me dejó mala sensación."
RS0635,"No me informaban del estado y tuve que llamar varias veces. Sinceramente, decepcionado con el servicio."
RS0636,La app es rápida para enviar fotos y seguir el siniestro. Hubo seguimiento y me ofrecieron alternativas.
RS0637,"Me subieron la prima un 5% sin explicaciones y la renovación fue un lío. En general, neutral con el servicio."
RS0638,"La atención telefónica fue ineficaz y con mucha espera. Me subieron la prima un 20% sin explicaciones y la renovación fue un lío. En mi caso, la peritación tardó y eso me dejó mala sensación."
RS0639,"La cobertura me parece con muchas exclusiones y además el precio es competitivo. En general, contento con el servicio."
RS0640,"Me dieron cita para caldera en 9 días, dentro de lo razonable. Lo que peor llevé fue la falta de información."
RS0641,Tardaron 4 horas en darme cita para la reparación de electrodomésticos. Me subieron la prima un 12% sin explicaciones y la renovación fue un lío.
RS0642,La cobertura me parece justita y además el precio es competitivo.
RS0643,Para cerrar el siniestro la documentación fue sencilla. La app es con errores al subir fotos y me dio problemas al tramitar el parte.
RS0644,El técnico de electricidad hizo un trabajo rápido y limpio.
RS0645,Abrí el parte por la app y la gestión fue amable.
RS0646,"Abrí el parte por la app y la gestión fue profesional. Me subieron la prima un 12% sin explicaciones y la renovación fue un lío. En mi caso, me pedían lo mismo varias veces y eso me dejó mala sensación."
RS0647,"La cobertura del seguro es más que suficiente, pero el precio de la póliza es razonable. Me dieron cita para electrodomésticos en 20 días, dentro de lo razonable. La cobertura me parece con muchas exclusiones y además el precio es muy elevado."
RS0648,El reparador de cristalería hizo un trabajo a medias. Para cerrar el siniestro me pidieron demasiada documentación. Abrí el parte por chat y la gestión fue amable.
RS0649,Me subieron la prima un 12% sin explicaciones y la renovación fue un lío. La atención telefónica fue resolutiva y en el momento. La app es muy cómoda para enviar fotos y seguir el siniestro.
RS0650,Faltó comunicación y tuve que llamar varias veces. Para cerrar el siniestro la documentación fue sencilla.
RS0651,Abrí el parte por correo y la gestión fue clara.
RS0652,La cobertura me parece justita y además el precio es acorde a la cobertura. Abrí el parte por correo y la gestión fue eficaz. Abrí el parte por la web y la gestión fue clara.
RS0653,"La cobertura del seguro es completa, pero el precio de la póliza es razonable."
RS0654,No me informaban del estado y tuve que llamar varias veces. La app es muy cómoda para enviar fotos y seguir el siniestro.
RS0655,El cristalero de fontanería hizo un trabajo impecable.
RS0656,"Abrí el parte por la web y la gestión fue correcta pero mejorable. Me dieron cita para pintura en 6 días, dentro de lo razonable. Lo que más valoro es la cobertura. En mi caso, me costó darme de baja y eso me dejó mala sensación."
RS0657,Abrí el parte por la web y la gestión fue mejorable.
RS0658,"La cobertura del seguro es completa, pero el precio de la póliza es subidísimo. La cobertura me parece con muchas exclusiones y además el precio es razonable. En resumen, decepcionado con el servicio."
RS0659,Para cerrar el incidencia la documentación fue sencilla.
RS0660,"El profesional de humedades hizo un trabajo regular… Me dieron cita para persiana en 5 semanas, dentro de lo razonable."
RS0661,Abrí el parte por correo y la gestión fue muy lenta. La atención del call center fue correcta y en el momento. Lo que peor llevé fue el papeleo.
RS0662,"La cobertura del seguro es completa, pero el precio de la póliza es poco competitivo. La app es confusa y me dio problemas al tramitar el parte."
RS0663,"La cobertura me parece justita y además el precio es ajustado. En general, contento con el servicio."
RS0664,Abrí el parte por la web y la gestión fue deficiente. Tardaron 8 horas en darme cita para la reparación de pintura.
RS0665,Abrí el parte por chat y la gestión fue amable. Abrí el parte por la web y la gestión fue poco clara.
RS0666,"Faltó comunicación y tuve que llamar varias veces. Abrí el parte por teléfono y la gestión fue deficiente. Lo que peor llevé fue la falta de información. En mi caso, la cita se pospuso y eso me dejó mala sensación."
RS0667,La atención del call center fue deficiente y desesperantemente lenta.
RS0668,"Me dieron cita para caldera en 13 horas, dentro de lo razonable."
RS0669,"La renovación fue sencilla, aunque me subieron la prima un 18%. La cobertura del seguro es bastante buena, pero el precio de la póliza es más alto que la competencia. Me mantuvieron informado y me explicaron la cobertura con claridad. En general, decepcionado con el servicio."
RS0670,"Me mantuvieron informado y cumplieron los plazos. Lo que peor llevé fue la espera. En mi caso, me subieron la prima sin avisar y eso me dejó mala sensación."
RS0671,La app es muy cómoda para enviar fotos y seguir el siniestro. Hubo seguimiento y me lo resolvieron a la primera.
RS0672,La atención telefónica fue profesional y en el momento. La app es intuitiva para enviar fotos y seguir el siniestro.
RS0673,Me mantuvieron informado y cumplieron los plazos.
RS0674,Abrí el parte en oficina y la gestión fue deficiente. Para cerrar el siniestro me solicitaron fotos y facturas de todo. Lo que más valoro es la claridad.
RS0675,Abrí el parte por correo y la gestión fue clara. Tardaron 13 días en darme cita para la reparación de persiana. La cobertura me parece justita y además el precio es poco competitivo.
RS0676,"La app es muy cómoda para enviar fotos y seguir el siniestro. Lo que peor llevé fue los retrasos. En mi caso, no me informaban del estado y eso me dejó mala sensación."
RS0677,Abrí el parte por chat y la gestión fue excelente.
RS0678,"La cobertura del seguro es más que suficiente, pero el precio de la póliza es caro. Para cerrar el siniestro me pidieron demasiada documentación."
RS0679,"La renovación fue sencilla, aunque me subieron la prima un 10%. La atención del call center fue excelente y rapidísima. Para cerrar el siniestro la documentación fue sencilla. En mi caso, no descolgaban y eso me dejó mala sensación."
RS0680,El cristalero de cerrajería hizo un trabajo de mala calidad. La atención del call center fue muy buena y sin esperas. La app es poco intuitiva y me dio problemas al tramitar el parte.
RS0681,"Faltó comunicación y tuve que llamar varias veces. La cobertura del seguro es bastante buena, pero el precio de la póliza es poco competitivo. Lo que peor llevé fue la falta de información."
RS0682,La app es fácil de usar para enviar fotos y seguir el siniestro. La atención del call center fue muy buena y ágil. La app es muy cómoda para enviar fotos y seguir el siniestro.
RS0683,"La atención del call center fue desorganizada y con mucha espera. Para cerrar el siniestro la documentación fue sencilla. Lo que más valoro es la cobertura. En mi caso, me subieron la prima sin avisar y eso me dejó mala sensación."
RS0684,"La cobertura me parece poco clara en letra pequeña y además el precio es subidísimo. La app es confusa y me dio problemas al tramitar el parte. En general, decepcionado con el servicio."
RS0685,"Abrí el parte por chat y la gestión fue tardía. El profesional de pintura hizo un trabajo rápido y limpio. En mi caso, la resolución fue lenta y eso me dejó mala sensación."
RS0686,Abrí el parte por la web y la gestión fue clara. Tardaron 2 semanas en darme cita para la reparación de tejado.
RS0687,"Hubo seguimiento y me llamaron para hacer seguimiento. Faltó comunicación y tuve que llamar varias veces. En general, contento con el servicio. En mi caso, me costó darme de baja y eso me dejó mala sensación."
RS0688,Para cerrar el siniestro me pidieron lo justo. Abrí el parte en oficina y la gestión fue muy buena. Para cerrar el siniestro me pidieron lo justo.
RS0689,"La cobertura del seguro es más que suficiente, pero el precio de la póliza es caro. Lo que más valoro es la cobertura."
RS0690,El reparador de electricidad hizo un trabajo impecable.
RS0691,"La cobertura del seguro es bien cubierta, pero el precio de la póliza es más alto que la competencia. Me dieron cita para caldera en 6 días, dentro de lo razonable."
RS0692,El reparador de electricidad hizo un trabajo perfecto.
RS0693,Abrí el parte por teléfono y la gestión fue poco clara.
RS0694,Abrí el parte por la web y la gestión fue aceptable. Faltó comunicación y tuve que llamar varias veces. El perito de cristalería hizo un trabajo lento y sucio.
RS0695,La app es lenta y me dio problemas al tramitar el parte. Tardaron 5 semanas en darme cita para la reparación de electrodomésticos.
RS0696,"Me dieron cita para tejado en 7 horas, dentro de lo razonable. La app es lenta y me dio problemas al tramitar el parte. Para cerrar el siniestro demasiados requisitos."
RS0697,"La renovación fue sencilla, aunque me subieron la prima un 15%. La atención del call center fue normal y después de estar en espera. Abrí el parte por chat y la gestión fue amable."
RS0698,El electricista de fontanería hizo un trabajo a medias.
RS0699,La atención del call center fue mejorable y con mucha espera. El fontanero de pintura hizo un trabajo a medias.
RS0700,"La atención telefónica fue resolutiva y ágil. En general, neutral con el servicio."
RS0701,Abrí el parte en oficina y la gestión fue profesional. Me mantuvieron informado y me lo resolvieron a la primera.
RS0702,"La cobertura del seguro es bastante buena, pero el precio de la póliza es acorde a la cobertura."
RS0703,"Me mantuvieron informado y me ofrecieron alternativas. En general, satisfecho con el servicio."
RS0704,No me informaban del estado y tuve que llamar varias veces. Para cerrar el siniestro me pidieron lo justo. Tardaron 12 horas en darme cita para la reparación de persiana.
RS0705,"Abrí el parte en oficina y la gestión fue amable. Lo que más valoro es la claridad. En mi caso, la resolución fue lenta y eso me dejó mala sensación."
RS0706,La atención telefónica fue amable y rápida. La cobertura me parece poco clara en letra pequeña y además el precio es razonable. Tardaron 2 semanas en darme cita para la reparación de cristalería.
RS0707,"La atención del call center fue deficiente y con colas eternas. La renovación fue sencilla, aunque me subieron la prima un 20%. La cobertura del seguro es completa, pero el precio de la póliza es subidísimo."
RS0708,"El cerrajero de caldera hizo un trabajo perfecto. En mi caso, me colgaron la llamada y eso me dejó mala sensación."
RS0709,Para cerrar el siniestro me pidieron lo justo. Para cerrar el siniestro el papeleo fue mínimo.
RS0710,"Abrí el parte por correo y la gestión fue poco clara. En mi caso, la peritación tardó y eso me dejó mala sensación."
RS0711,El técnico de humedades hizo un trabajo de calidad… La app es confusa y me dio problemas al tramitar el parte. El perito de tejado hizo un trabajo rápido y limpio. Lo que peor llevé fue la espera.
RS0712,Me subieron la prima un 5% sin explicaciones y la renovación fue un lío. Lo que más valoro es el trato.
RS0713,"La app es se cuelga y me dio problemas al tramitar el parte. La cobertura me parece más corta de lo que esperaba y además el precio es ajustado. Me dieron cita para pintura en 8 semanas, dentro de lo razonable."
RS0714,"Tardaron 8 días en darme cita para la reparación de cerrajería. Abrí el parte por la web y la gestión fue profesional. Abrí el parte en oficina y la gestión fue poco clara. En general, decepcionado con el servicio."
RS0715,"Me subieron la prima un 18% sin explicaciones y la renovación fue un lío. Para cerrar el siniestro el papeleo fue mínimo. En mi caso, me colgaron la llamada y eso me dejó mala sensación."
RS0716,"La atención del call center fue deficiente y con mucha espera. Para cerrar el siniestro el papeleo fue mínimo. En general, satisfecho con el servicio."
RS0717,"La cobertura del seguro es más que suficiente, pero el precio de la póliza es caro. En mi caso, me pedían lo mismo varias veces y eso me dejó mala sensación."
RS0718,Me subieron la prima un 10% sin explicaciones y la renovación fue un lío. Abrí el parte por la app y la gestión fue correcta. Lo que más valoro es la rapidez.
RS0719,"Me dieron cita para cristalería en 10 días, dentro de lo razonable. En general, satisfecho con el servicio."
RS0720,"La atención del call center fue amable y rápida. En mi caso, me pasaban de un agente a otro y eso me dejó mala sensación."
RS0721,Para cerrar el siniestro la documentación fue sencilla. El cristalero de electricidad hizo un trabajo de mala calidad. El electricista de caldera hizo un trabajo rápido y limpio.
RS0722,"Me dieron cita para electrodomésticos en 2 semanas, dentro de lo razonable. La atención telefónica fue desorganizada y con mucha espera. En mi caso, no descolgaban y eso me dejó mala sensación."
RS0723,Faltó comunicación y tuve que llamar varias veces. La cobertura me parece poco clara en letra pequeña y además el precio es acorde a la cobertura.
RS0724,"Me dieron cita para pintura en 4 semanas, dentro de lo razonable. La atención telefónica fue excelente y sin esperas. En mi caso, la reparación se retrasó y eso me dejó mala sensación."
RS0725,Abrí el parte por correo y la gestión fue muy lenta.
RS0726,El técnico de cerrajería hizo un trabajo perfecto.
RS0727,La atención telefónica fue deficiente y con mucha espera.
RS0728,El técnico de cerrajería hizo un trabajo de calidad. La app es lenta y me dio problemas al tramitar el parte.
RS0729,Abrí el parte por la web y la gestión fue clara. El reparador de cristalería hizo un trabajo con fallos.
RS0730,"Me dieron cita para humedades en 10 horas, dentro de lo razonable. El profesional de electricidad hizo un trabajo de mala calidad."
RS0731,La atención del call center fue poco clara y tras varios intentos. El electricista de persiana hizo un trabajo perfecto. Lo que peor llevé fue la falta de información.
RS0732,"La atención telefónica fue resolutiva y rápida. Me dieron cita para cerrajería en 23 horas, dentro de lo razonable."
RS0733,La atención del call center fue ineficaz y tras varios intentos.
RS0734,"La app es bien diseñada para enviar fotos y seguir el siniestro. La cobertura del seguro es más que suficiente, pero el precio de la póliza es subidísimo."
RS0735,"Abrí el parte por la web y la gestión fue profesional. En general, satisfecho con el servicio. En mi caso, me pasaban de un agente a otro y eso me dejó mala sensación."
RS0736,"La cobertura del seguro es más que suficiente, pero el precio de la póliza es muy elevado. La cobertura me parece limitada y además el precio es competitivo."
RS0737,"Para cerrar el siniestro mucho papeleo. La cobertura del seguro es bien cubierta, pero el precio de la póliza es competitivo. Lo que peor llevé fue el papeleo."
RS0738,Abrí el parte por la web y la gestión fue desorganizada. El técnico de humedades hizo un trabajo impecable.
RS0739,"El perito de tejado hizo un trabajo bien rematado. Me dieron cita para tejado en 2 semanas, dentro de lo razonable. En mi caso, me colgaron la llamada y eso me dejó mala sensación."
RS0740,"Me dieron cita para humedades en 2 semanas, dentro de lo razonable."
RS0741,"La atención telefónica fue excelente y ágil. Me dieron cita para caldera en 2 días, dentro de lo razonable. Lo que peor llevé fue los retrasos."
RS0742,Para cerrar el siniestro el papeleo fue mínimo. Para cerrar el siniestro me solicitaron fotos y facturas de todo.
RS0743,"Para cerrar el siniestro me solicitaron fotos y facturas de todo. Para cerrar el siniestro el papeleo fue mínimo. En general, decepcionado con el servicio."
RS0744,"Tardaron 7 horas en darme cita para la reparación de humedades. En general, neutral con el servicio."
RS0745,"Hubo seguimiento y cumplieron los plazos. La app es rápida para enviar fotos y seguir el siniestro. En general, neutral con el servicio."
RS0746,Hubo seguimiento y me asignaron un profesional rápido. La cobertura me parece limitada y además el precio es acorde a la cobertura. La cobertura me parece poco clara en letra pequeña y además el precio es más alto que la competencia.
RS0747,La atención telefónica fue deficiente y con colas eternas. La atención del call center fue mejorable y después de estar en espera. La atención telefónica fue deficiente y tras varios intentos.
RS0748,El fontanero de humedades hizo un trabajo bien rematado. Lo que más valoro es la rapidez.
RS0749,Me subieron la prima un 12% sin explicaciones y la renovación fue un lío. La app es muy cómoda para enviar fotos y seguir el siniestro.
RS0750,"La atención telefónica fue desorganizada y con colas eternas. En mi caso, me colgaron la llamada y eso me dejó mala sensación."
RS0751,Abrí el parte por la app y la gestión fue clara. La app es intuitiva para enviar fotos y seguir el siniestro.
RS0752,"La atención del call center fue sin más y después de estar en espera. En mi caso, la reparación se retrasó y eso me dejó mala sensación."
RS0753,"Abrí el parte por chat y la gestión fue resolutiva. En resumen, satisfecho con el servicio. En mi caso, la peritación tardó y eso me dejó mala sensación."
RS0754,Abrí el parte por correo y la gestión fue excelente.
RS0755,"La cobertura del seguro es muy amplia, pero el precio de la póliza es poco competitivo. Abrí el parte por chat y la gestión fue tardía."
RS0756,"Abrí el parte por correo y la gestión fue rápida. En general, decepcionado con el servicio."
RS0757,"Me dieron cita para tejado en 6 semanas, dentro de lo razonable. La cobertura me parece limitada y además el precio es ajustado. En mi caso, me subieron la prima sin avisar y eso me dejó mala sensación."
RS0758,"Me dieron cita para fontanería en 11 días, dentro de lo razonable. La atención telefónica fue fría y con colas eternas."
RS0759,"La app es bien diseñada para enviar fotos y seguir el siniestro. La cobertura del seguro es bastante buena, pero el precio de la póliza es razonable. En mi caso, me pasaban de un agente a otro y eso me dejó mala sensación."
RS0760,La atención del call center fue deficiente y con mucha espera. La atención del call center fue eficaz y rápida.
RS0761,La app es confusa y me dio problemas al tramitar el parte. Abrí el parte en oficina y la gestión fue fría. El fontanero de electrodomésticos hizo un trabajo lento y sucio. Lo que peor llevé fue el papeleo.
RS0762,"La cobertura del seguro es más que suficiente, pero el precio de la póliza es poco competitivo."
RS0763,"La cobertura del seguro es muy amplia, pero el precio de la póliza es caro."
RS0764,"Para cerrar el siniestro me pidieron lo justo. La app es intuitiva para enviar fotos y seguir el siniestro. La renovación fue sencilla, aunque me subieron la prima un 15%."
RS0765,"Abrí el parte por la app y la gestión fue clara. En general, satisfecho con el servicio."
RS0766,El fontanero de tejado hizo un trabajo a medias.
RS0767,Para cerrar el siniestro me pidieron lo justo. Para cerrar el siniestro el papeleo fue mínimo. Lo que más valoro es la cobertura.
RS0768,"La cobertura del seguro es más que suficiente, pero el precio de la póliza es caro. El reparador de cristalería hizo un trabajo bien rematado."
RS0769,La atención del call center fue resolutiva y rápida. Lo que más valoro es la claridad.
RS0770,"Tardaron 6 días en darme cita para la reparación de persiana. En general, satisfecho con el servicio."
RS0771,"Tardaron 8 días en darme cita para la reparación de electrodomésticos. La atención del call center fue fría y con colas eternas. En general, satisfecho con el servicio."
RS0772,"Abrí el parte en oficina y la gestión fue correcta pero mejorable. Abrí el parte por correo y la gestión fue correcta pero mejorable. En general, decepcionado con el servicio."
RS0773,"La cobertura del seguro es muy amplia, pero el precio de la póliza es razonable. La atención telefónica fue mala y tras varios intentos."
RS0774,"La cobertura me parece poco clara en letra pequeña y además el precio es ajustado. Me dieron cita para cerrajería en 19 horas, dentro de lo razonable. Abrí el parte por correo y la gestión fue rápida. Lo que más valoro es la cobertura."
RS0775,"La atención del call center fue rápida y sin esperas. El fontanero de tejado hizo un trabajo de mala calidad. Me subieron la prima un 10% sin explicaciones y la renovación fue un lío. En mi caso, la cita se pospuso y eso me dejó mala sensación."
RS0776,La atención telefónica fue rápida y rápida.
RS0777,"La cobertura me parece justita y además el precio es poco competitivo. En mi caso, no me informaban del estado y eso me dejó mala sensación."
RS0778,"La atención del call center fue profesional y ágil. La renovación fue sencilla, aunque me subieron la prima un 15%. Para cerrar el siniestro demasiados requisitos."
RS0779,"La cobertura del seguro es bastante buena, pero el precio de la póliza es subidísimo. Hubo seguimiento y me atendieron con educación. En general, contento con el servicio."
RS0780,La atención del call center fue muy lenta y desesperantemente lenta.
RS0781,Abrí el parte en oficina y la gestión fue mala. El cristalero de cristalería hizo un trabajo impecable. Tardaron 6 semanas en darme cita para la reparación de cristalería. Lo que peor llevé fue la falta de información.
RS0782,Tardaron 18 días en darme cita para la reparación de pintura. Abrí el parte por la web y la gestión fue mejorable. Lo que peor llevé fue los retrasos.
RS0783,La atención telefónica fue tardía y con mucha espera. Tardaron 4 días en darme cita para la reparación de tejado.
RS0784,Abrí el parte por chat y la gestión fue eficaz. El profesional de humedades hizo un trabajo lento y sucio. El profesional de caldera hizo un trabajo bien rematado.
RS0785,"El cerrajero de cerrajería hizo un trabajo regular. En general, decepcionado con el servicio. En mi caso, me dieron información contradictoria y eso me dejó mala sensación."
RS0786,"La cobertura del seguro es bien cubierta, pero el precio de la póliza es ajustado. El fontanero de pintura hizo un trabajo de mala calidad."
RS0787,Hubo seguimiento y me atendieron con educación. La atención del call center fue amable y rápida.
RS0788,"La cobertura me parece con muchas exclusiones y además el precio es muy elevado. En mi caso, me dieron información contradictoria y eso me dejó mala sensación."
RS0789,Tardaron 10 horas en darme cita para la reparación de cerrajería.
RS0790,"Me dieron cita para cristalería en 19 días, dentro de lo razonable."
RS0791,Tardaron 15 días en darme cita para la reparación de fontanería. Abrí el parte por la web y la gestión fue rápida. Lo que más valoro es la claridad.
RS0792,"Abrí el parte por chat y la gestión fue correcta. La cobertura del seguro es muy amplia, pero el precio de la póliza es más alto que la competencia."
RS0793,"Tardaron 22 horas en darme cita para la reparación de pintura. En mi caso, la peritación tardó y eso me dejó mala sensación."
RS0794,Abrí el parte en oficina y la gestión fue eficaz.
RS0795,"Me dieron cita para electricidad en 19 horas, dentro de lo razonable. El electricista de pintura hizo un trabajo impecable."
RS0796,"La atención telefónica fue rápida y sin esperas. El técnico de caldera hizo un trabajo bien rematado. La app es lenta y me dio problemas al tramitar el parte. Sinceramente, satisfecho con el servicio."
RS0797,Abrí el parte por teléfono y la gestión fue sin más.
RS0798,"Hubo seguimiento y todo quedó bien documentado. Lo que más valoro es la cobertura. En mi caso, me colgaron la llamada y eso me dejó mala sensación."
RS0799,"Para cerrar el siniestro me solicitaron fotos y facturas de todo. Me dieron cita para cristalería en 22 horas, dentro de lo razonable."
RS0800,La app es poco intuitiva y me dio problemas al tramitar el parte. Me subieron la prima un 10% sin explicaciones y la renovación fue un lío.
RS0801,La atención del call center fue excelente y rapidísima.
RS0802,El reparador de electricidad hizo un trabajo bien rematado. Lo que peor llevé fue la espera.
RS0803,"Para cerrar el parte me pidieron demasiada documentación. No me informaban del estado y tuve que llamar varias veces. La atención del call center fue amable y sin esperas. Lo que más valoro es la cobertura. En mi caso, me costó darme de baja y eso me dejó mala sensación."
RS0804,"La renovación fue sencilla, aunque me subieron la prima un 25%. Para cerrar el siniestro me pidieron demasiada documentación."
RS0805,"Me dieron cita para caldera en 4 semanas, dentro de lo razonable."
RS0806,"La cobertura del seguro es bastante buena, pero el precio de la póliza es ajustado."
RS0807,"Me dieron cita para caldera en 16 días, dentro de lo razonable. Me mantuvieron informado y me ofrecieron alternativas. El cerrajero de tejado hizo un trabajo bien rematado. En mi caso, la resolución fue lenta y eso me dejó mala sensación."
RS0808,La atención telefónica fue excelente y en el momento.
RS0809,"Me dieron cita para electrodomésticos en 19 días, dentro de lo razonable. Para cerrar el siniestro la documentación fue sencilla."
RS0810,La app es con errores al subir fotos y me dio problemas al tramitar el parte. Para cerrar el siniestro me pidieron lo justo.
RS0811,La atención telefónica fue amable y rápida. Lo que más valoro es la rapidez.
RS0812,"El profesional de tejado hizo un trabajo a medias. En mi caso, me dieron información contradictoria y eso me dejó mala sensación."
RS0813,"El reparador de caldera hizo un trabajo lento y sucio. La atención del call center fue muy buena y sin esperas. En mi caso, me costó darme de baja y eso me dejó mala sensación."
RS0814,"El reparador de pintura hizo un trabajo a medias. Hubo seguimiento y me atendieron con educación. En general, contento con el servicio."
RS0815,"La app es bien diseñada para enviar fotos y seguir el siniestro. La atención del call center fue correcta y sin esperas. Hubo seguimiento y me asignaron un profesional rápido. En general, contento con el servicio. En mi caso, la cita se pospuso y eso me dejó mala sensación."
RS0816,"Me dieron cita para tejado en 12 horas, dentro de lo razonable. En general, contento con el servicio. En mi caso, me pasaban de un agente a otro y eso me dejó mala sensación."
RS0817,"La atención telefónica fue sin más y tras varios intentos. El fontanero de pintura hizo un trabajo bien rematado. En mi caso, no me informaban del estado y eso me dejó mala sensación."
RS0818,"La atención telefónica fue muy buena y en el momento. La app es bien diseñada para enviar fotos y seguir el siniestro. Me dieron cita para electricidad en 17 días, dentro de lo razonable."
RS0819,"La atención del call center fue muy lenta y con colas eternas. En mi caso, me pasaban de un agente a otro y eso me dejó mala sensación."
RS0820,"Abrí el parte por la app y la gestión fue resolutiva. Me mantuvieron informado y cumplieron los plazos. En mi caso, la peritación tardó y eso me dejó mala sensación."
RS0821,"Abrí el parte por la web y la gestión fue rápida. En general, decepcionado con el servicio. En mi caso, me subieron la prima sin avisar y eso me dejó mala sensación."
RS0822,El perito de cerrajería hizo un trabajo perfecto. Tardaron 15 horas en darme cita para la reparación de tejado. La atención telefónica fue correcta pero mejorable y desesperantemente lenta.
RS0823,Tardaron 18 días en darme cita para la reparación de caldera.
RS0824,La atención telefónica fue eficaz y en el momento. Abrí el parte por la web y la gestión fue fría.
RS0825,Tardaron 5 semanas en darme cita para la reparación de pintura.
RS0826,"Tardaron 6 semanas en darme cita para la reparación de humedades. El cerrajero de electricidad hizo un trabajo de mala calidad. En mi caso, me subieron la prima sin avisar y eso me dejó mala sensación."
RS0827,Abrí el parte por chat y la gestión fue eficaz. Abrí el parte por chat y la gestión fue muy buena.
RS0828,"La cobertura me parece más corta de lo que esperaba y además el precio es caro. Abrí el parte por correo y la gestión fue tardía. La cobertura del seguro es más que suficiente, pero el precio de la póliza es caro. En general, contento con el servicio. En mi caso, me colgaron la llamada y eso me dejó mala sensación."
RS0829,"Abrí el parte en oficina y la gestión fue mala. La atención del call center fue fría y tras varios intentos. En general, neutral con el servicio."
RS0830,"Me dieron cita para fontanería en 6 semanas, dentro de lo razonable. La atención telefónica fue fría y después de estar en espera. La atención del call center fue deficiente y desesperantemente lenta."
RS0831,El cristalero de electricidad hizo un trabajo lento y sucio. La app es rápida para enviar fotos y seguir el siniestro.
RS0832,La atención telefónica fue rápida y sin esperas.
RS0833,El cristalero de pintura hizo un trabajo lento y sucio.
RS0834,Tardaron 2 días en darme cita para la reparación de caldera.
RS0835,"Abrí el parte por chat y la gestión fue normal. En mi caso, no descolgaban y eso me dejó mala sensación."
RS0836,Abrí el parte por teléfono y la gestión fue muy buena.
RS0837,"El cerrajero de cristalería hizo un trabajo muy bueno. La cobertura del seguro es muy amplia, pero el precio de la póliza es caro."
RS0838,"Me dieron cita para persiana en 10 horas, dentro de lo razonable. El fontanero de electrodomésticos hizo un trabajo impecable."
RS0839,"La app es se cuelga y me dio problemas al tramitar el parte. La app es lenta y me dio problemas al tramitar el parte. En mi caso, no me informaban del estado y eso me dejó mala sensación."
RS0840,La cobertura me parece más corta de lo que esperaba y además el precio es acorde a la cobertura.
RS0841,La atención telefónica fue eficaz y ágil.
RS0842,"Para cerrar el siniestro el papeleo fue mínimo. Para cerrar el siniestro me solicitaron fotos y facturas de todo. En mi caso, me pedían lo mismo varias veces y eso me dejó mala sensación."
RS0843,"La atención telefónica fue deficiente y desesperantemente lenta. En general, decepcionado con el servicio."
RS0844,"La atención del call center fue tardía y con mucha espera. Tardaron 18 días en darme cita para la reparación de cerrajería. Lo que más valoro es el trato. En mi caso, la peritación tardó y eso me dejó mala sensación."
RS0845,"Me dieron cita para persiana en 3 días, dentro de lo razonable."
RS0846,"La renovación fue sencilla, aunque me subieron la prima un 20%. Tardaron 5 semanas en darme cita para la reparación de pintura. En mi caso, la resolución fue lenta y eso me dejó mala sensación."
RS0847,"El cerrajero de electrodomésticos hizo un trabajo de calidad. La renovación fue sencilla, aunque me subieron la prima un 7%. En general, decepcionado con el servicio."
RS0848,Para cerrar el siniestro el papeleo fue mínimo. Me subieron la prima un 15% sin explicaciones y la renovación fue un lío.
RS0849,"La app es muy cómoda para enviar fotos y seguir el siniestro. Para cerrar el siniestro mucho papeleo. En general, decepcionado con el servicio."
RS0850,"Para cerrar el siniestro me pidieron lo justo. La cobertura me parece limitada y además el precio es caro. En mi caso, me colgaron la llamada y eso me dejó mala sensación."
RS0851,Abrí el parte por chat y la gestión fue muy buena.
RS0852,"La atención telefónica fue clara y sin esperas. El cristalero de pintura hizo un trabajo muy bueno. Tardaron 4 semanas en darme cita para la reparación de tejado. En general, contento con el servicio. En mi caso, la reparación se retrasó y eso me dejó mala sensación."
RS0853,La atención del call center fue correcta y ágil. La app es confusa y me dio problemas al tramitar el parte. La app es fácil de usar para enviar fotos y seguir el siniestro.
RS0854,"Me dieron cita para pintura en 5 días, dentro de lo razonable."
RS0855,La app es bien diseñada para enviar fotos y seguir el siniestro. Abrí el parte por la web y la gestión fue eficaz.
RS0856,"Para cerrar el siniestro la documentación fue sencilla. En mi caso, la cita se pospuso y eso me dejó mala sensación."
RS0857,El cerrajero de electricidad hizo un trabajo de calidad.
RS0858,La cobertura me parece limitada y además el precio es muy elevado. Tardaron 8 días en darme cita para la reparación de humedades. Lo que peor llevé fue los retrasos.
RS0859,La atención telefónica fue desorganizada y desesperantemente lenta.
RS0860,La cobertura me parece más corta de lo que esperaba y además el precio es razonable. La atención telefónica fue mejorable y desesperantemente lenta. Lo que más valoro es el trato.
RS0861,"Para cerrar el siniestro el papeleo fue mínimo. La cobertura del seguro es más que suficiente, pero el precio de la póliza es más alto que la competencia. La atención del call center fue correcta pero mejorable y con mucha espera."
RS0862,Abrí el parte en oficina y la gestión fue deficiente.
RS0863,"Para cerrar el siniestro el papeleo fue mínimo. La renovación fue sencilla, aunque me subieron la prima un 15%. Para cerrar el siniestro demasiados requisitos. En mi caso, me subieron la prima sin avisar y eso me dejó mala sensación."
RS0864,"Abrí el parte en oficina y la gestión fue rápida. La atención telefónica fue tardía y con mucha espera. Lo que más valoro es el trato. En mi caso, no me informaban del estado y eso me dejó mala sensación."
RS0865,"La renovación fue sencilla, aunque me subieron la prima un 7%. En general, contento con el servicio."
RS0866,"La cobertura del seguro es muy amplia, pero el precio de la póliza es acorde a la cobertura. Para cerrar el siniestro me pidieron demasiada documentación. En mi caso, me dieron información contradictoria y eso me dejó mala sensación."
RS0867,La atención del call center fue ineficaz y con mucha espera. Abrí el parte por la app y la gestión fue tardía.
RS0868,"Me dieron cita para cristalería en 4 semanas, dentro de lo razonable. La atención telefónica fue normal y tras varios intentos."
RS0869,"La cobertura del seguro es bien cubierta, pero el precio de la póliza es competitivo. La atención del call center fue profesional y rápida."
RS0870,"La app es intuitiva para enviar fotos y seguir el siniestro. La renovación fue sencilla, aunque me subieron la prima un 7%."
RS0871,"Me mantuvieron informado y me atendieron con educación. En general, contento con el servicio."
RS0872,"La atención del call center fue clara y ágil. La cobertura del seguro es bien cubierta, pero el precio de la póliza es ajustado. En general, contento con el servicio."
RS0873,Abrí el parte por correo y la gestión fue resolutiva. No me informaban del estado y tuve que llamar varias veces.
RS0874,"La renovación fue sencilla, aunque me subieron la prima un 15%. Lo que más valoro es la rapidez."
RS0875,La atención telefónica fue aceptable y con colas eternas.
RS0876,Tardaron 8 semanas en darme cita para la reparación de cristalería.
RS0877,"La cobertura del seguro es muy amplia, pero el precio de la póliza es ajustado. Tardaron 15 horas en darme cita para la reparación de fontanería. En mi caso, la cita se pospuso y eso me dejó mala sensación."
RS0878,Tardaron 17 horas en darme cita para la reparación de cristalería. La atención telefónica fue tardía y después de estar en espera.
RS0879,Hubo seguimiento y me asignaron un profesional rápido. Lo que más valoro es la rapidez.
RS0880,Para cerrar el siniestro mucho papeleo. La cobertura me parece justita y además el precio es razonable.
RS0881,"El técnico de tejado hizo un trabajo rápido y limpio. La app es con errores al subir fotos y me dio problemas al tramitar el parte. En mi caso, la cita se pospuso y eso me dejó mala sensación."
RS0882,"La cobertura del seguro es más que suficiente, pero el precio de la póliza es razonable. La app es fácil de usar para enviar fotos y seguir el siniestro. Lo que peor llevé fue la falta de información."
RS0883,Abrí el parte por la app y la gestión fue muy buena. La atención telefónica fue normal y después de estar en espera.
RS0884,Abrí el parte por chat y la gestión fue amable. Lo que más valoro es la claridad.
RS0885,La atención telefónica fue normal y tras varios intentos.
RS0886,"La app es fácil de usar para enviar fotos y seguir el siniestro. Abrí el parte por teléfono y la gestión fue deficiente. En mi caso, no me informaban del estado y eso me dejó mala sensación."
RS0887,"Abrí el parte en oficina y la gestión fue correcta pero mejorable. Me dieron cita para cerrajería en 5 semanas, dentro de lo razonable. Para cerrar el siniestro la documentación fue sencilla. En general, satisfecho con el servicio."
RS0888,Abrí el parte por la app y la gestión fue resolutiva.
RS0889,El cristalero de caldera hizo un trabajo perfecto.
RS0890,"Me dieron cita para electricidad en 5 semanas, dentro de lo razonable. Lo que más valoro es la rapidez."
RS0891,La app es bien diseñada para enviar fotos y seguir el siniestro. Abrí el parte por la app y la gestión fue deficiente.
RS0892,"Abrí el parte por la web y la gestión fue correcta. La atención telefónica fue amable y rápida. En mi caso, me pasaban de un agente a otro y eso me dejó mala sensación."
RS0893,"La app es confusa y me dio problemas al tramitar el parte. La atención telefónica fue mala y con mucha espera. En general, contento con el servicio. En mi caso, me pedían lo mismo varias veces y eso me dejó mala sensación."
RS0894,La cobertura me parece justita y además el precio es más alto que la competencia.
RS0895,Abrí el parte en oficina y la gestión fue tardía. Tardaron 8 semanas en darme cita para la reparación de electricidad.
RS0896,"La atención del call center fue deficiente y después de estar en espera. En mi caso, me costó darme de baja y eso me dejó mala sensación."
RS0897,Abrí el parte por la app y la gestión fue desorganizada.
RS0898,"La atención del call center fue rápida y en el momento. La cobertura me parece justita y además el precio es poco competitivo. En general, neutral con el servicio."
RS0899,La app es muy cómoda para enviar fotos y seguir el siniestro. Me subieron la prima un 25% sin explicaciones y la renovación fue un lío. El cristalero de persiana hizo un trabajo bien rematado.
RS0900,"La app es muy cómoda para enviar fotos y seguir el siniestro. El cerrajero de fontanería hizo un trabajo rápido y limpio. En mi caso, me costó darme de baja y eso me dejó mala sensación."
RS0901,"La renovación fue sencilla, aunque me subieron la prima un 5%."
RS0902,La atención telefónica fue resolutiva y sin esperas.
RS0903,"Me dieron cita para electrodomésticos en 3 horas, dentro de lo razonable."
RS0904,"El perito de persiana hizo un trabajo con fallos. En mi caso, me pasaban de un agente a otro y eso me dejó mala sensación."
RS0905,"Para cerrar el siniestro me pidieron demasiada documentación. Abrí el parte por correo y la gestión fue clara. En general, contento con el servicio."
RS0906,"Me dieron cita para pintura en 4 horas, dentro de lo razonable. Para cerrar el siniestro me solicitaron fotos y facturas de todo. En general, satisfecho con el servicio."
RS0907,"La app es con errores al subir fotos y me dio problemas al tramitar el parte. En mi caso, me pedían lo mismo varias veces y eso me dejó mala sensación."
RS0908,Hubo seguimiento y me lo resolvieron a la primera. Para cerrar el siniestro me solicitaron fotos y facturas de todo. Lo que peor llevé fue el papeleo.
RS0909,"Me subieron la prima un 5% sin explicaciones y la renovación fue un lío. La cobertura del seguro es más que suficiente, pero el precio de la póliza es poco competitivo. Lo que peor llevé fue la espera."
RS0910,"Me dieron cita para persiana en 15 horas, dentro de lo razonable. En mi caso, me subieron la prima sin avisar y eso me dejó mala sensación."
RS0911,Para cerrar el siniestro me pidieron lo justo. La atención del call center fue resolutiva y rapidísima. Para cerrar el siniestro me pidieron lo justo.
RS0912,La app es super cómoda para enviar fotos y seguir el siniestro.
RS0913,La cobertura me parece poco clara en letra pequeña y además el precio es poco competitivo.
RS0914,Faltó comunicación y tuve que llamar varias veces. La atención del call center fue correcta y en el momento.
RS0915,La cobertura me parece limitada y además el precio es caro. La atención telefónica fue deficiente y tras varios intentos. Para cerrar el siniestro el papeleo fue mínimo.
RS0916,"Para cerrar el siniestro me pidieron demasiada documentación. En mi caso, me pedían lo mismo varias veces y eso me dejó mala sensación."
RS0917,"La cobertura del seguro es completa, pero el precio de la póliza es acorde a la cobertura. La atención telefónica fue mala y tras varios intentos."
RS0918,"La cobertura me parece limitada y además el precio es competitivo. En mi caso, me subieron la prima sin avisar y eso me dejó mala sensación."
RS0919,"La atención telefónica fue fría y después de estar en espera. Abrí el parte por la web y la gestión fue fría. La cobertura del seguro es muy amplia, pero el precio de la póliza es ajustado."
RS0920,Para cerrar el siniestro mucho papeleo. Lo que más valoro es el trato.
RS0921,"La cobertura del seguro es bastante buena, pero el precio de la póliza es subidísimo."
RS0922,Tardaron 4 semanas en darme cita para la reparación de pintura.
RS0923,"La cobertura me parece justita y además el precio es más alto que la competencia. La atención telefónica fue mejorable y tras varios intentos. La renovación fue sencilla, aunque me subieron la prima un 25%. Lo que peor llevé fue los retrasos."
RS0924,"El cristalero de cerrajería hizo un trabajo chapucero. La cobertura del seguro es muy amplia, pero el precio de la póliza es subidísimo. Abrí el parte por chat y la gestión fue desorganizada. Lo que más valoro es el trato."
RS0925,"La app es bien diseñada para enviar fotos y seguir el siniestro. Me dieron cita para pintura en 14 horas, dentro de lo razonable. En mi caso, no me informaban del estado y eso me dejó mala sensación."
RS0926,La atención telefónica fue clara y sin esperas. Me mantuvieron informado y me atendieron con educación.
RS0927,Abrí el parte por chat y la gestión fue clara. Para cerrar el siniestro demasiados requisitos. Abrí el parte por correo y la gestión fue deficiente.
RS0928,Abrí el parte por correo y la gestión fue mala.
RS0929,"La atención del call center fue tardía y desesperantemente lenta. El cerrajero de fontanería hizo un trabajo impecable. En mi caso, me subieron la prima sin avisar y eso me dejó mala sensación."
RS0930,La app es lenta y me dio problemas al tramitar el parte. Para cerrar el siniestro demasiados requisitos. Me subieron la prima un 20% sin explicaciones y la renovación fue un lío.
RS0931,"Me subieron la prima un 5% sin explicaciones y la renovación fue un lío. La cobertura del seguro es bastante buena, pero el precio de la póliza es poco competitivo."
RS0932,Me subieron la prima un 12% sin explicaciones y la renovación fue un lío. La app es bien diseñada para enviar fotos y seguir el siniestro.
RS0933,"La cobertura del seguro es muy amplia, pero el precio de la póliza es subidísimo. La cobertura del seguro es muy amplia, pero el precio de la póliza es correcto. Lo que peor llevé fue la falta de información."
RS0934,"La cobertura del seguro es muy amplia, pero el precio de la póliza es razonable."
RS0935,"El profesional de cerrajería hizo un trabajo regular. Me dieron cita para caldera en 3 semanas, dentro de lo razonable. Lo que más valoro es el trato."
RS0936,La atención del call center fue desorganizada y después de estar en espera.
RS0937,"Tardaron 10 días en darme cita para la reparación de pintura. La cobertura del seguro es más que suficiente, pero el precio de la póliza es más alto que la competencia."
RS0938,Para cerrar el siniestro mucho papeleo. Me mantuvieron informado y me ofrecieron alternativas.
RS0939,Abrí el parte por la web y la gestión fue correcta. El cristalero de cristalería hizo un trabajo perfecto. Para cerrar el incidencia me pidieron lo justo.
RS0940,"Me dieron cita para fontanería en 4 semanas, dentro de lo razonable."
RS0941,El electricista de electricidad hizo un trabajo con fallos. El fontanero de cristalería hizo un trabajo bien rematado.
RS0942,El reparador de fontanería hizo un trabajo perfecto. Lo que peor llevé fue la espera.
RS0943,"Me subieron la prima un 25% sin explicaciones y la renovación fue un lío. La cobertura me parece limitada y además el precio es muy elevado. En general, neutral con el servicio."
RS0944,"Me dieron cita para electricidad en 2 semanas, dentro de lo razonable. El reparador de fontanería hizo un trabajo impecable. En mi caso, no me informaban del estado y eso me dejó mala sensación."
RS0945,"No me informaban del estado y tuve que llamar varias veces. El profesional de pintura hizo un trabajo regular. En mi caso, la peritación tardó y eso me dejó mala sensación."
RS0946,Abrí el parte por la app y la gestión fue correcta pero mejorable.
RS0947,"La cobertura del seguro es muy amplia, pero el precio de la póliza es acorde a la cobertura. Abrí el parte por la web y la gestión fue amable."
RS0948,Abrí el parte por la web y la gestión fue eficaz. Lo que peor llevé fue los retrasos.
RS0949,"Para cerrar el siniestro demasiados requisitos. Me dieron cita para cristalería en 6 semanas, dentro de lo razonable."
RS0950,"Abrí el parte en oficina y la gestión fue normal. La app es lenta y me dio problemas al tramitar el parte. En mi caso, la resolución fue lenta y eso me dejó mala sensación."
RS0951,El reparador de tejado hizo un trabajo de calidad. Lo que más valoro es la claridad.
RS0952,Tardaron 10 días en darme cita para la reparación de electrodomésticos. La app es rápida para enviar fotos y seguir el siniestro. Lo que peor llevé fue los retrasos.
RS0953,La app es rápida para enviar fotos y seguir el siniestro. La cobertura me parece más corta de lo que esperaba y además el precio es ajustado.
RS0954,"La app es muy cómoda para enviar fotos y seguir el siniestro. La atención telefónica fue mejorable y desesperantemente lenta. Abrí el parte en oficina y la gestión fue muy lenta. En general, contento con el servicio."
RS0955,Hubo seguimiento y me ofrecieron alternativas. La app es confusa y me dio problemas al tramitar el parte. La app es fácil de usar para enviar fotos y seguir el siniestro.
RS0956,"Para cerrar el parte me solicitaron fotos y facturas de todo. La atención telefónica fue correcta y rápida. En general, satisfecho con el servicio."
RS0957,Me mantuvieron informado y me llamaron para hacer seguimiento.
RS0958,Tardaron 3 semanas en darme cita para la reparación de cerrajería. Lo que peor llevé fue el papeleo.
RS0959,"Tardaron 6 horas en darme cita para la reparación de cerrajería. En mi caso, me pasaban de un agente a otro y eso me dejó mala sensación."
RS0960,La cobertura me parece justita y además el precio es ajustado.
RS0961,La atención telefónica fue fría y desesperantemente lenta. La atención telefónica fue resolutiva y sin esperas.
RS0962,"La cobertura del seguro es bien cubierta, pero el precio de la póliza es muy elevado. Para cerrar el siniestro la documentación fue sencilla. En general, decepcionado con el servicio."
RS0963,Abrí el parte por teléfono y la gestión fue correcta pero mejorable. Abrí el parte por la app y la gestión fue mala.
RS0964,Tardaron 23 horas en darme cita para la reparación de fontanería.
RS0965,Faltó comunicación y tuve que llamar varias veces. El técnico de tejado hizo un trabajo rápido y limpio.
RS0966,"La atención telefónica fue tardía y después de estar en espera. La atención telefónica fue correcta pero mejorable y con mucha espera. En general, decepcionado con el servicio."
RS0967,"La cobertura del seguro es bastante buena, pero el precio de la póliza es caro. La cobertura me parece justita y además el precio es muy elevado. En mi caso, no descolgaban y eso me dejó mala sensación."
RS0968,"Para cerrar el siniestro el papeleo fue mínimo. La renovación fue sencilla, aunque me subieron la prima un 12%. Para cerrar el siniestro el papeleo fue mínimo. En general, decepcionado con el servicio. En mi caso, la peritación tardó y eso me dejó mala sensación."
RS0969,"Abrí el parte por chat y la gestión fue amable. Me subieron la prima un 12% sin explicaciones y la renovación fue un lío. En mi caso, la cita se pospuso y eso me dejó mala sensación."
RS0970,La atención telefónica fue correcta y sin esperas. Lo que peor llevé fue el papeleo.
RS0971,La cobertura me parece justita y además el precio es bastante elevado. Lo que más valoro es la claridad.
RS0972,"La cobertura del seguro es muy amplia, pero el precio de la póliza es caro. La atención del call center fue mejorable y con mucha espera."
RS0973,La atención del call center fue clara y rapidísima.
RS0974,La atención telefónica fue profesional y rápida.
RS0975,"La cobertura del seguro es bien cubierta, pero el precio de la póliza es muy elevado. Lo que peor llevé fue los retrasos. En mi caso, la reparación se retrasó y eso me dejó mala sensación."
RS0976,No me informaban del estado y tuve que llamar varias veces. La atención del call center fue correcta y rapidísima. Lo que peor llevé fue la espera.
RS0977,El cerrajero de electricidad hizo un trabajo rápido y limpio. Me subieron la prima un 15% sin explicaciones y la renovación fue un lío.
RS0978,La atención telefónica fue tardía y tras varios intentos…
RS0979,El profesional de electricidad hizo un trabajo regular.
RS0980,"El técnico de cerrajería hizo un trabajo lento y sucio. La cobertura del seguro es más que suficiente, pero el precio de la póliza es correcto."
RS0981,"La atención del call center fue muy lenta y con colas eternas. En general, decepcionado con el servicio."
RS0982,"Me dieron cita para electricidad en 13 días, dentro de lo razonable. El perito de cerrajería hizo un trabajo impecable."
RS0983,"La cobertura del seguro es más que suficiente, pero el precio de la póliza es caro. En general, neutral con el servicio. En mi caso, me pasaban de un agente a otro y eso me dejó mala sensación."
RS0984,"La cobertura del seguro es bien cubierta, pero el precio de la póliza es ajustado. En general, satisfecho con el servicio."
RS0985,El electricista de electrodomésticos hizo un trabajo impecable. La atención telefónica fue muy buena y en el momento.
RS0986,Abrí el parte en oficina y la gestión fue excelente.
RS0987,"Hubo seguimiento y me explicaron la cobertura con claridad. El técnico de electricidad hizo un trabajo lento y sucio. En mi caso, me pedían lo mismo varias veces y eso me dejó mala sensación."
RS0988,Para cerrar el siniestro me pidieron demasiada documentación. Para cerrar el siniestro la documentación fue sencilla.
RS0989,"La cobertura del seguro es muy amplia, pero el precio de la póliza es subidísimo. El electricista de cristalería hizo un trabajo con fallos. En general, decepcionado con el servicio."
RS0990,"Tardaron 6 semanas en darme cita para la reparación de caldera. El técnico de electricidad hizo un trabajo perfecto. Abrí el parte por la web y la gestión fue mala. Lo que más valoro es la claridad. En mi caso, me subieron la prima sin avisar y eso me dejó mala sensación."
RS0991,La atención telefónica fue rápida y rapidísima.
RS0992,"La atención del call center fue profesional y ágil. La cobertura del seguro es muy amplia, pero el precio de la póliza es poco competitivo."
RS0993,"Me subieron la prima un 15% sin explicaciones y la renovación fue un lío. Para cerrar el siniestro demasiados requisitos. El perito de fontanería hizo un trabajo rápido y limpio. En general, neutral con el servicio."
RS0994,"Me dieron cita para cristalería en 9 días, dentro de lo razonable. Para cerrar el siniestro me pidieron lo justo. Lo que peor llevé fue los retrasos."
RS0995,"La atención del call center fue eficaz y en el momento. Abrí el parte por teléfono y la gestión fue rápida. En general, satisfecho con el servicio. En mi caso, me pasaban de un agente a otro y eso me dejó mala sensación."
RS0996,El reparador de tejado hizo un trabajo impecable. La atención telefónica fue sin más y con mucha espera.
RS0997,Para cerrar el siniestro me pidieron demasiada documentación. Lo que más valoro es la cobertura.
RS0998,"Tardaron 10 horas en darme cita para la reparación de caldera. La app es se cuelga y me dio problemas al tramitar el parte. La cobertura del seguro es completa, pero el precio de la póliza es ajustado. Lo que más valoro es la claridad."
RS0999,"La cobertura del seguro es bastante buena, pero el precio de la poliza es ajustado. Tardaron 18 días en darme cita para la reparación de cerrajería. La atención del call center fue correcta pero mejorable y desesperantemente lenta."
RS1000,El cerrajero de cristalería hizo un trabajo chapucero. Lo que peor llevé fue la falta de información.
