CodFactura;FechaFactura;CodCliente;TipoServicio;MontoSinImp;Impuestos;MontoFactura;Coste;TipoVenta;FechaVencimiento
FAC4408;2026-01-10 00:00:00;76;INV;376.22;79.01;455.23;184.4;Teléfono;2026-02-09 00:00:00
FAC4409;2026-01-09 00:00:00;10;LEG;517.82;108.74;626.57;233.21;Online;2026-02-08 00:00:00
FAC4410;2026-01-20 00:00:00;24;DES;337.32;70.84;408.15;152.44;Online;2026-02-19 00:00:00
FAC4411;2026-01-07 00:00:00;81;CONS;2466.45;517.95;2984.4;1111.05;Teléfono;2026-02-06 00:00:00
FAC4412;2026-01-24 00:00:00;32;LEG;559.12;117.41;676.53;301.49;Online;2026-02-23 00:00:00
FAC4413;2026-01-03 00:00:00;69;INV;504.55;105.95;610.5;249.7;Teléfono;2026-02-02 00:00:00
FAC4414;2026-01-19 00:00:00;67;CONS;379.86;79.77;459.63;204.14;Teléfono;2026-02-18 00:00:00
FAC4415;2026-01-01 00:00:00;45;IMP;383.9;80.62;464.52;194.9;Teléfono;2026-01-31 00:00:00
FAC4416;2026-01-21 00:00:00;70;LEG;330.74;69.46;400.2;167.53;Online;2026-02-20 00:00:00
FAC4417;2026-01-11 00:00:00;86;IMP;2437.13;511.8;2948.93;1149.54;Teléfono;2026-02-10 00:00:00
FAC4418;2026-01-06 00:00:00;29;DES;452.22;94.97;547.18;219.67;Teléfono;2026-02-05 00:00:00
FAC4419;2026-01-11 00:00:00;44;DES;276.06;57.97;334.03;151.37;Online;2026-02-10 00:00:00
FAC4420;2026-01-25 00:00:00;88;INV;428.89;90.07;518.95;214.86;Teléfono;2026-02-24 00:00:00
FAC4421;2026-01-14 00:00:00;1;PMO;450.88;94.69;545.57;245.83;Online;2026-02-13 00:00:00
FAC4422;2026-01-05 00:00:00;103;INV;2011.35;422.38;2433.73;985.84;Online;2026-02-04 00:00:00
FAC4423;2026-01-24 00:00:00;102;LEG;497.93;104.56;602.49;233.5;Online;2026-02-23 00:00:00
FAC4424;2026-01-18 00:00:00;74;DES;375.03;78.76;453.79;189.53;Online;2026-02-17 00:00:00
FAC4425;2026-01-18 00:00:00;58;INV;240.19;50.44;290.64;125.99;Online;2026-02-17 00:00:00
FAC4426;2026-01-06 00:00:00;52;INV;361.59;75.93;437.52;169.46;Teléfono;2026-02-05 00:00:00
FAC4427;2026-01-25 00:00:00;23;ASES;382.86;80.4;463.26;198.59;Online;2026-02-24 00:00:00
FAC4428;2026-01-02 00:00:00;37;PMO;303.47;63.73;367.19;139.93;Online;2026-02-01 00:00:00
FAC4429;2026-01-15 00:00:00;3;LEG;523.39;109.91;633.3;257.75;Teléfono;2026-02-14 00:00:00
FAC4430;2026-01-14 00:00:00;59;PMO;324.59;68.16;392.75;177.68;Online;2026-02-13 00:00:00
FAC4431;2026-01-24 00:00:00;25;DES;460.79;96.77;557.56;236.46;Teléfono;2026-02-23 00:00:00
FAC4432;2026-01-25 00:00:00;88;INV;339.73;71.34;411.08;178.8;Online;2026-02-24 00:00:00
FAC4433;2026-01-10 00:00:00;39;PMO;550.64;115.63;666.28;259.3;Online;2026-02-09 00:00:00
FAC4434;2026-01-03 00:00:00;95;IMP;373.76;78.49;452.25;177.6;Online;2026-02-02 00:00:00
FAC4435;2026-01-17 00:00:00;67;ASES;333.4;70.02;403.42;167.35;Online;2026-02-16 00:00:00
FAC4436;2026-01-15 00:00:00;81;ASES;292.23;61.37;353.6;147.5;Online;2026-02-14 00:00:00
FAC4437;2026-01-12 00:00:00;39;PMO;7233.0;1518.93;8751.93;3455.0;Online;2026-02-11 00:00:00
FAC4438;2026-01-18 00:00:00;83;ASES;525.23;110.3;635.53;238.35;Online;2026-02-17 00:00:00
FAC4439;2026-01-23 00:00:00;88;DES;513.65;107.87;621.51;259.39;Online;2026-02-22 00:00:00
FAC4440;2026-01-26 00:00:00;38;ASES;480.78;100.96;581.74;262.96;Teléfono;2026-02-25 00:00:00
FAC4441;2026-01-08 00:00:00;55;PMO;396.1;83.18;479.28;178.74;Teléfono;2026-02-07 00:00:00
FAC4442;2026-01-13 00:00:00;101;LEG;473.12;99.36;572.48;237.58;Teléfono;2026-02-12 00:00:00
FAC4443;2026-01-24 00:00:00;70;IMP;258.24;54.23;312.47;118.83;Online;2026-02-23 00:00:00
FAC4444;2026-01-25 00:00:00;49;ASES;287.53;60.38;347.91;142.78;Online;2026-02-24 00:00:00
FAC4445;2026-01-28 00:00:00;32;CONS;247.39;51.95;299.34;135.5;Online;2026-02-27 00:00:00
FAC4446;2026-01-04 00:00:00;46;ASES;457.12;96.0;553.12;240.55;Online;2026-02-03 00:00:00
FAC4447;2026-01-04 00:00:00;79;CONS;630.02;132.3;762.33;289.22;Teléfono;2026-02-03 00:00:00
FAC4448;2026-01-24 00:00:00;99;CONS;512.34;107.59;619.93;270.32;Online;2026-02-23 00:00:00
FAC4449;2026-01-13 00:00:00;7;CONS;467.7;98.22;565.92;255.21;Online;2026-02-12 00:00:00
FAC4450;2026-01-23 00:00:00;60;PMO;418.72;87.93;506.65;203.98;Online;2026-02-22 00:00:00
FAC4451;2026-01-01 00:00:00;84;INV;372.94;78.32;451.25;174.07;Teléfono;2026-01-31 00:00:00
FAC4452;2026-01-09 00:00:00;3;LEG;462.56;97.14;559.7;239.22;Online;2026-02-08 00:00:00
FAC4453;2026-01-23 00:00:00;11;IMP;548.46;115.18;663.64;300.87;Teléfono;2026-02-22 00:00:00
FAC4454;2026-01-12 00:00:00;53;PMO;396.75;83.32;480.07;194.82;Online;2026-02-11 00:00:00
FAC4455;2026-01-21 00:00:00;78;LEG;378.13;79.41;457.53;188.92;Teléfono;2026-02-20 00:00:00
FAC4456;2026-01-19 00:00:00;31;CONS;520.36;109.28;629.63;281.53;Teléfono;2026-02-18 00:00:00
FAC4457;2026-01-02 00:00:00;82;LEG;251.07;52.73;303.8;113.41;Online;2026-02-01 00:00:00
FAC4458;2026-01-22 00:00:00;59;IMP;360.59;75.72;436.31;169.05;Online;2026-02-21 00:00:00
FAC4459;2026-01-05 00:00:00;101;LEG;260.46;54.7;315.15;117.42;Teléfono;2026-02-04 00:00:00
FAC4460;2026-01-23 00:00:00;84;INV;410.31;86.16;496.47;220.84;Teléfono;2026-02-22 00:00:00
FAC4461;2026-01-12 00:00:00;92;INV;402.4;84.5;486.9;208.96;Teléfono;2026-02-11 00:00:00
FAC4462;2026-01-19 00:00:00;63;INV;357.97;75.17;433.15;190.16;Online;2026-02-18 00:00:00
FAC4463;2026-01-27 00:00:00;46;PMO;606.21;127.3;733.51;324.62;Online;2026-02-26 00:00:00
FAC4464;2026-01-22 00:00:00;8;DES;547.04;114.88;661.92;272.28;Online;2026-02-21 00:00:00
FAC4465;2026-01-26 00:00:00;82;PMO;391.51;82.22;473.73;200.01;Teléfono;2026-02-25 00:00:00
FAC4466;2026-01-15 00:00:00;71;INV;408.97;85.88;494.86;190.8;Online;2026-02-14 00:00:00
FAC4467;2026-01-25 00:00:00;46;PMO;459.63;96.52;556.16;248.24;Teléfono;2026-02-24 00:00:00
FAC4468;2026-01-07 00:00:00;107;PMO;367.23;77.12;444.35;195.51;Online;2026-02-06 00:00:00
FAC4469;2026-01-04 00:00:00;17;LEG;396.73;83.31;480.05;204.85;Teléfono;2026-02-03 00:00:00
FAC4470;2026-01-12 00:00:00;31;CONS;597.62;125.5;723.12;307.03;Teléfono;2026-02-11 00:00:00
FAC4471;2026-01-27 00:00:00;85;INV;1325.89;278.44;1604.32;725.4;Online;2026-02-26 00:00:00
FAC4472;2026-01-05 00:00:00;80;CONS;629.64;132.22;761.86;308.57;Online;2026-02-04 00:00:00
FAC4473;2026-01-17 00:00:00;88;CONS;416.94;87.56;504.5;205.74;Teléfono;2026-02-16 00:00:00
FAC4474;2026-01-25 00:00:00;73;IMP;395.27;83.01;478.28;199.87;Teléfono;2026-02-24 00:00:00
FAC4475;2026-01-23 00:00:00;61;INV;2329.8;489.26;2819.05;1179.41;Teléfono;2026-02-22 00:00:00
FAC4476;2026-01-15 00:00:00;15;ASES;292.4;61.4;353.81;135.36;Online;2026-02-14 00:00:00
FAC4477;2026-01-04 00:00:00;25;LEG;1761.79;369.98;2131.77;968.69;Online;2026-02-03 00:00:00
FAC4478;2026-01-23 00:00:00;10;ASES;310.13;65.13;375.25;157.16;Teléfono;2026-02-22 00:00:00
FAC4479;2026-01-18 00:00:00;81;ASES;231.2;48.55;279.75;108.02;Online;2026-02-17 00:00:00
FAC4480;2026-01-05 00:00:00;48;PMO;339.93;71.38;411.31;173.18;Teléfono;2026-02-04 00:00:00
FAC4481;2026-01-01 00:00:00;32;CONS;283.19;59.47;342.66;136.79;Teléfono;2026-01-31 00:00:00
FAC4482;2026-01-19 00:00:00;24;DES;501.37;105.29;606.65;248.42;Online;2026-02-18 00:00:00
FAC4483;2026-01-15 00:00:00;94;PMO;317.18;66.61;383.79;155.21;Online;2026-02-14 00:00:00
FAC4484;2026-01-03 00:00:00;43;PMO;468.57;98.4;566.96;243.64;Online;2026-02-02 00:00:00
FAC4485;2026-01-02 00:00:00;45;CONS;555.61;116.68;672.29;296.7;Teléfono;2026-02-01 00:00:00
FAC4486;2026-01-11 00:00:00;37;ASES;424.67;89.18;513.85;230.9;Teléfono;2026-02-10 00:00:00
FAC4487;2026-01-15 00:00:00;86;DES;258.96;54.38;313.34;124.22;Online;2026-02-14 00:00:00
FAC4488;2026-01-07 00:00:00;14;LEG;322.64;67.75;390.39;165.62;Online;2026-02-06 00:00:00
FAC4489;2026-01-01 00:00:00;12;CONS;404.6;84.97;489.56;182.58;Teléfono;2026-01-31 00:00:00
FAC4490;2026-01-21 00:00:00;9;IMP;375.74;78.91;454.65;171.1;Online;2026-02-20 00:00:00
FAC4491;2026-01-16 00:00:00;57;ASES;432.01;90.72;522.74;221.05;Online;2026-02-15 00:00:00
FAC4492;2026-01-28 00:00:00;17;INV;475.3;99.81;575.11;246.2;Online;2026-02-27 00:00:00
FAC4493;2026-01-24 00:00:00;13;CONS;496.88;104.34;601.23;252.48;Online;2026-02-23 00:00:00
FAC4494;2026-01-11 00:00:00;98;INV;258.23;54.23;312.46;133.58;Online;2026-02-10 00:00:00
FAC4495;2026-01-03 00:00:00;14;ASES;297.04;62.38;359.42;162.4;Teléfono;2026-02-02 00:00:00
FAC4496;2026-01-17 00:00:00;35;DES;422.69;88.77;511.46;205.82;Online;2026-02-16 00:00:00
FAC4497;2026-01-13 00:00:00;31;DES;416.4;87.44;503.85;221.63;Online;2026-02-12 00:00:00
FAC4498;2026-01-03 00:00:00;75;CONS;426.53;89.57;516.1;220.39;Teléfono;2026-02-02 00:00:00
FAC4499;2026-01-08 00:00:00;57;DES;221.26;46.46;267.73;110.05;Online;2026-02-07 00:00:00
FAC4500;2026-01-16 00:00:00;2;DES;396.2;83.2;479.4;196.94;Online;2026-02-15 00:00:00
FAC4501;2026-01-04 00:00:00;31;CONS;370.16;77.73;447.89;170.29;Teléfono;2026-02-03 00:00:00
FAC4502;2026-01-22 00:00:00;100;INV;368.12;77.31;445.43;170.64;Teléfono;2026-02-21 00:00:00
FAC4503;2026-01-07 00:00:00;89;LEG;341.42;71.7;413.12;156.94;Teléfono;2026-02-06 00:00:00
FAC4504;2026-01-09 00:00:00;19;DES;562.57;118.14;680.71;271.27;Online;2026-02-08 00:00:00
FAC4505;2026-01-13 00:00:00;99;INV;351.07;73.73;424.8;183.07;Online;2026-02-12 00:00:00
FAC4506;2026-01-09 00:00:00;76;ASES;477.74;100.33;578.06;231.48;Teléfono;2026-02-08 00:00:00
FAC4507;2026-01-21 00:00:00;78;INV;280.7;58.95;339.65;134.32;Teléfono;2026-02-20 00:00:00
FAC4508;2026-01-01 00:00:00;94;LEG;360.73;75.75;436.48;180.55;Teléfono;2026-01-31 00:00:00
FAC4509;2026-01-15 00:00:00;73;PMO;330.41;69.39;399.79;160.13;Teléfono;2026-02-14 00:00:00
FAC4510;2026-01-11 00:00:00;102;PMO;599.24;125.84;725.08;275.31;Online;2026-02-10 00:00:00
FAC4511;2026-01-06 00:00:00;42;ASES;351.56;73.83;425.39;162.7;Teléfono;2026-02-05 00:00:00
FAC4512;2026-01-15 00:00:00;78;ASES;341.82;71.78;413.6;175.68;Teléfono;2026-02-14 00:00:00
FAC4513;2026-01-22 00:00:00;11;PMO;403.29;84.69;487.98;209.54;Teléfono;2026-02-21 00:00:00
FAC4514;2026-01-04 00:00:00;81;IMP;426.78;89.62;516.41;197.9;Teléfono;2026-02-03 00:00:00
FAC4515;2026-01-25 00:00:00;98;CONS;467.08;98.09;565.17;232.43;Online;2026-02-24 00:00:00
FAC4516;2026-01-27 00:00:00;82;DES;480.67;100.94;581.61;248.12;Online;2026-02-26 00:00:00
FAC4517;2026-01-10 00:00:00;14;LEG;285.51;59.96;345.46;129.07;Online;2026-02-09 00:00:00
FAC4518;2026-01-09 00:00:00;67;IMP;439.5;92.3;531.8;222.82;Teléfono;2026-02-08 00:00:00
FAC4519;2026-01-02 00:00:00;57;INV;562.08;118.04;680.12;306.39;Teléfono;2026-02-01 00:00:00
FAC4520;2026-01-05 00:00:00;74;PMO;448.54;94.19;542.74;210.21;Teléfono;2026-02-04 00:00:00
FAC4521;2026-01-17 00:00:00;40;DES;445.32;93.52;538.83;236.1;Online;2026-02-16 00:00:00
FAC4522;2026-01-05 00:00:00;47;IMP;442.9;93.01;535.91;208.75;Online;2026-02-04 00:00:00
FAC4523;2026-01-08 00:00:00;44;ASES;232.58;48.84;281.42;127.33;Online;2026-02-07 00:00:00
FAC4524;2026-01-20 00:00:00;37;LEG;350.05;73.51;423.56;178.92;Online;2026-02-19 00:00:00
FAC4525;2026-01-22 00:00:00;10;ASES;404.82;85.01;489.83;201.65;Online;2026-02-21 00:00:00
FAC4526;2026-01-26 00:00:00;75;CONS;1584.33;332.71;1917.04;822.48;Online;2026-02-25 00:00:00
FAC4527;2026-01-14 00:00:00;7;ASES;407.8;85.64;493.43;190.13;Teléfono;2026-02-13 00:00:00
FAC4528;2026-01-22 00:00:00;5;LEG;603.69;126.77;730.46;297.92;Teléfono;2026-02-21 00:00:00
FAC4529;2026-01-25 00:00:00;51;ASES;377.82;79.34;457.16;176.01;Teléfono;2026-02-24 00:00:00
FAC4530;2026-01-27 00:00:00;102;INV;469.92;98.68;568.6;225.46;Online;2026-02-26 00:00:00
FAC4531;2026-01-17 00:00:00;85;DES;239.24;50.24;289.48;116.65;Online;2026-02-16 00:00:00
FAC4532;2026-01-06 00:00:00;52;DES;464.65;97.58;562.22;218.18;Teléfono;2026-02-05 00:00:00
FAC4533;2026-01-26 00:00:00;36;INV;416.59;87.48;504.08;226.91;Teléfono;2026-02-25 00:00:00
FAC4534;2026-01-19 00:00:00;5;ASES;382.13;80.25;462.38;179.31;Online;2026-02-18 00:00:00
FAC4535;2026-01-28 00:00:00;29;DES;475.29;99.81;575.1;251.25;Teléfono;2026-02-27 00:00:00
FAC4536;2026-01-08 00:00:00;90;INV;245.85;51.63;297.48;120.73;Teléfono;2026-02-07 00:00:00
FAC4537;2026-01-28 00:00:00;66;CONS;409.34;85.96;495.3;196.13;Online;2026-02-27 00:00:00
FAC4538;2026-01-27 00:00:00;94;IMP;352.71;74.07;426.78;188.81;Teléfono;2026-02-26 00:00:00
FAC4539;2026-01-08 00:00:00;28;ASES;436.9;91.75;528.65;227.74;Teléfono;2026-02-07 00:00:00
FAC4540;2026-01-09 00:00:00;28;DES;487.92;102.46;590.38;250.04;Teléfono;2026-02-08 00:00:00
FAC4541;2026-01-02 00:00:00;98;INV;411.56;86.43;497.99;205.31;Teléfono;2026-02-01 00:00:00
FAC4542;2026-01-02 00:00:00;73;CONS;196.79;41.33;238.11;102.63;Online;2026-02-01 00:00:00
FAC4543;2026-01-16 00:00:00;88;ASES;541.59;113.73;655.32;291.77;Online;2026-02-15 00:00:00
FAC4544;2026-01-10 00:00:00;34;ASES;373.83;78.5;452.33;201.85;Teléfono;2026-02-09 00:00:00
FAC4545;2026-01-10 00:00:00;84;PMO;449.39;94.37;543.76;245.71;Teléfono;2026-02-09 00:00:00
FAC4546;2026-01-10 00:00:00;53;ASES;458.54;96.29;554.83;249.53;Online;2026-02-09 00:00:00
FAC4547;2026-01-15 00:00:00;3;IMP;174.15;36.57;210.72;89.05;Teléfono;2026-02-14 00:00:00
FAC4548;2026-01-14 00:00:00;33;DES;531.62;111.64;643.26;267.6;Teléfono;2026-02-13 00:00:00
FAC4549;2026-01-18 00:00:00;30;CONS;380.14;79.83;459.97;173.53;Online;2026-02-17 00:00:00
FAC4550;2026-01-08 00:00:00;30;INV;2133.52;448.04;2581.56;1016.7;Teléfono;2026-02-07 00:00:00
FAC4551;2026-01-09 00:00:00;7;PMO;360.48;75.7;436.18;166.5;Teléfono;2026-02-08 00:00:00
FAC4552;2026-01-12 00:00:00;56;INV;408.72;85.83;494.55;220.43;Teléfono;2026-02-11 00:00:00
FAC4553;2026-01-20 00:00:00;72;DES;1270.94;266.9;1537.84;654.22;Teléfono;2026-02-19 00:00:00
FAC4554;2026-02-02 00:00:00;56;INV;402.0;84.42;486.42;218.13;Teléfono;2026-03-04 00:00:00
FAC4555;2026-02-14 00:00:00;75;CONS;239.42;50.28;289.7;122.89;Teléfono;2026-03-16 00:00:00
FAC4556;2026-02-04 00:00:00;44;INV;468.59;98.4;566.99;255.14;Online;2026-03-06 00:00:00
FAC4557;2026-02-25 00:00:00;35;CONS;373.78;78.49;452.27;199.31;Teléfono;2026-03-27 00:00:00
FAC4558;2026-02-14 00:00:00;31;CONS;366.16;76.89;443.05;166.35;Teléfono;2026-03-16 00:00:00
FAC4559;2026-02-07 00:00:00;84;IMP;493.16;103.56;596.72;233.59;Teléfono;2026-03-09 00:00:00
FAC4560;2026-02-22 00:00:00;54;LEG;596.88;125.34;722.22;312.73;Online;2026-03-24 00:00:00
FAC4561;2026-02-13 00:00:00;102;CONS;493.97;103.73;597.71;235.93;Teléfono;2026-03-15 00:00:00
FAC4562;2026-02-20 00:00:00;43;LEG;454.04;95.35;549.39;204.48;Teléfono;2026-03-22 00:00:00
FAC4563;2026-02-12 00:00:00;18;INV;593.63;124.66;718.29;282.58;Online;2026-03-14 00:00:00
FAC4564;2026-02-06 00:00:00;102;ASES;537.79;112.94;650.73;266.53;Online;2026-03-08 00:00:00
FAC4565;2026-02-04 00:00:00;48;ASES;318.26;66.83;385.09;156.77;Teléfono;2026-03-06 00:00:00
FAC4566;2026-02-01 00:00:00;2;INV;384.53;80.75;465.28;211.45;Teléfono;2026-03-03 00:00:00
FAC4567;2026-02-22 00:00:00;77;CONS;471.39;98.99;570.38;223.73;Teléfono;2026-03-24 00:00:00
FAC4568;2026-02-21 00:00:00;36;INV;393.7;82.68;476.37;200.84;Online;2026-03-23 00:00:00
FAC4569;2026-02-15 00:00:00;31;CONS;421.59;88.53;510.12;212.04;Online;2026-03-17 00:00:00
FAC4570;2026-02-17 00:00:00;4;INV;451.62;94.84;546.46;241.13;Teléfono;2026-03-19 00:00:00
FAC4571;2026-02-20 00:00:00;34;ASES;506.54;106.37;612.92;242.98;Teléfono;2026-03-22 00:00:00
FAC4572;2026-02-27 00:00:00;99;ASES;306.39;64.34;370.73;167.77;Teléfono;2026-03-29 00:00:00
FAC4573;2026-02-27 00:00:00;100;CONS;314.49;66.04;380.54;143.24;Teléfono;2026-03-29 00:00:00
FAC4574;2026-02-24 00:00:00;59;CONS;338.08;71.0;409.07;171.25;Online;2026-03-26 00:00:00
FAC4575;2026-02-01 00:00:00;100;ASES;531.88;111.69;643.57;251.21;Teléfono;2026-03-03 00:00:00
FAC4576;2026-02-26 00:00:00;1;CONS;449.98;94.5;544.48;245.64;Teléfono;2026-03-28 00:00:00
FAC4577;2026-02-03 00:00:00;52;LEG;200.89;42.19;243.07;100.47;Teléfono;2026-03-05 00:00:00
FAC4578;2026-02-07 00:00:00;93;INV;363.14;76.26;439.4;184.26;Online;2026-03-09 00:00:00
FAC4579;2026-02-02 00:00:00;61;ASES;503.9;105.82;609.72;226.97;Teléfono;2026-03-04 00:00:00
FAC4580;2026-02-11 00:00:00;8;CONS;408.58;85.8;494.38;208.82;Online;2026-03-13 00:00:00
FAC4581;2026-02-23 00:00:00;67;IMP;404.38;84.92;489.3;199.52;Teléfono;2026-03-25 00:00:00
FAC4582;2026-02-06 00:00:00;46;INV;634.91;133.33;768.24;320.22;Online;2026-03-08 00:00:00
FAC4583;2026-02-26 00:00:00;58;DES;494.99;103.95;598.94;225.64;Teléfono;2026-03-28 00:00:00
FAC4584;2026-02-10 00:00:00;104;IMP;355.49;74.65;430.15;186.07;Online;2026-03-12 00:00:00
FAC4585;2026-02-05 00:00:00;32;IMP;454.19;95.38;549.57;220.34;Teléfono;2026-03-07 00:00:00
FAC4586;2026-02-09 00:00:00;9;CONS;357.84;75.15;432.99;163.63;Online;2026-03-11 00:00:00
FAC4587;2026-02-12 00:00:00;45;PMO;504.51;105.95;610.45;234.75;Online;2026-03-14 00:00:00
FAC4588;2026-02-03 00:00:00;50;INV;401.85;84.39;486.24;217.66;Online;2026-03-05 00:00:00
FAC4589;2026-02-20 00:00:00;61;INV;531.27;111.57;642.84;250.58;Teléfono;2026-03-22 00:00:00
FAC4590;2026-02-09 00:00:00;67;INV;510.65;107.24;617.88;272.67;Online;2026-03-11 00:00:00
FAC4591;2026-02-17 00:00:00;29;IMP;274.98;57.75;332.72;123.9;Online;2026-03-19 00:00:00
FAC4592;2026-02-24 00:00:00;5;INV;524.24;110.09;634.33;237.2;Teléfono;2026-03-26 00:00:00
FAC4593;2026-02-10 00:00:00;61;ASES;374.33;78.61;452.94;195.93;Online;2026-03-12 00:00:00
FAC4594;2026-02-17 00:00:00;99;INV;491.57;103.23;594.79;237.72;Online;2026-03-19 00:00:00
FAC4595;2026-02-16 00:00:00;73;CONS;518.64;108.91;627.56;284.79;Online;2026-03-18 00:00:00
FAC4596;2026-02-11 00:00:00;78;INV;370.5;77.8;448.3;173.63;Online;2026-03-13 00:00:00
FAC4597;2026-02-08 00:00:00;34;ASES;390.25;81.95;472.2;185.31;Online;2026-03-10 00:00:00
FAC4598;2026-02-03 00:00:00;13;CONS;350.3;73.56;423.86;163.67;Teléfono;2026-03-05 00:00:00
FAC4599;2026-02-24 00:00:00;94;ASES;304.68;63.98;368.67;141.48;Teléfono;2026-03-26 00:00:00
FAC4600;2026-02-06 00:00:00;46;PMO;456.93;95.96;552.88;245.78;Teléfono;2026-03-08 00:00:00
FAC4601;2026-02-24 00:00:00;64;DES;407.17;85.51;492.67;216.77;Online;2026-03-26 00:00:00
FAC4602;2026-02-23 00:00:00;102;CONS;314.02;65.94;379.96;144.22;Online;2026-03-25 00:00:00
FAC4603;2026-02-25 00:00:00;76;IMP;529.96;111.29;641.25;252.39;Teléfono;2026-03-27 00:00:00
FAC4604;2026-02-04 00:00:00;67;DES;360.83;75.77;436.61;169.11;Teléfono;2026-03-06 00:00:00
FAC4605;2026-02-04 00:00:00;99;INV;211.75;44.47;256.21;104.55;Online;2026-03-06 00:00:00
FAC4606;2026-02-18 00:00:00;92;DES;598.52;125.69;724.21;272.36;Online;2026-03-20 00:00:00
FAC4607;2026-02-03 00:00:00;61;INV;334.35;70.21;404.57;173.18;Teléfono;2026-03-05 00:00:00
FAC4608;2026-02-19 00:00:00;42;DES;356.52;74.87;431.39;174.44;Online;2026-03-21 00:00:00
FAC4609;2026-02-05 00:00:00;31;INV;481.56;101.13;582.69;264.1;Online;2026-03-07 00:00:00
FAC4610;2026-02-08 00:00:00;4;ASES;493.84;103.71;597.55;235.11;Online;2026-03-10 00:00:00
FAC4611;2026-02-27 00:00:00;99;PMO;400.4;84.08;484.48;189.42;Online;2026-03-29 00:00:00
FAC4612;2026-02-18 00:00:00;37;LEG;270.23;56.75;326.97;130.2;Online;2026-03-20 00:00:00
FAC4613;2026-02-13 00:00:00;13;IMP;253.79;53.3;307.08;129.14;Online;2026-03-15 00:00:00
FAC4614;2026-02-26 00:00:00;91;INV;490.56;103.02;593.58;268.34;Teléfono;2026-03-28 00:00:00
FAC4615;2026-02-27 00:00:00;107;PMO;415.23;87.2;502.43;204.77;Online;2026-03-29 00:00:00
FAC4616;2026-02-12 00:00:00;93;ASES;526.41;110.55;636.96;256.15;Teléfono;2026-03-14 00:00:00
FAC4617;2026-02-07 00:00:00;18;INV;484.24;101.69;585.93;244.48;Online;2026-03-09 00:00:00
FAC4618;2026-02-18 00:00:00;44;ASES;557.7;117.12;674.82;276.58;Online;2026-03-20 00:00:00
FAC4619;2026-02-12 00:00:00;61;ASES;492.59;103.44;596.04;263.06;Teléfono;2026-03-14 00:00:00
FAC4620;2026-02-21 00:00:00;84;IMP;416.5;87.46;503.96;208.71;Teléfono;2026-03-23 00:00:00
FAC4621;2026-02-05 00:00:00;98;LEG;368.75;77.44;446.19;196.78;Teléfono;2026-03-07 00:00:00
FAC4622;2026-02-04 00:00:00;31;IMP;464.01;97.44;561.45;234.8;Teléfono;2026-03-06 00:00:00
FAC4623;2026-02-08 00:00:00;26;LEG;298.43;62.67;361.09;162.94;Teléfono;2026-03-10 00:00:00
FAC4624;2026-02-27 00:00:00;26;DES;314.44;66.03;380.47;153.35;Teléfono;2026-03-29 00:00:00
FAC4625;2026-02-08 00:00:00;31;LEG;467.04;98.08;565.11;218.97;Teléfono;2026-03-10 00:00:00
FAC4626;2026-02-07 00:00:00;101;IMP;351.46;73.81;425.26;184.62;Online;2026-03-09 00:00:00
FAC4627;2026-02-15 00:00:00;78;ASES;289.05;60.7;349.75;138.76;Online;2026-03-17 00:00:00
FAC4628;2026-02-14 00:00:00;85;DES;261.6;54.94;316.53;140.64;Online;2026-03-16 00:00:00
FAC4629;2026-02-18 00:00:00;42;ASES;1925.07;404.26;2329.33;884.32;Teléfono;2026-03-20 00:00:00
FAC4630;2026-02-16 00:00:00;11;CONS;401.6;84.34;485.94;200.7;Online;2026-03-18 00:00:00
FAC4631;2026-02-09 00:00:00;49;PMO;314.94;66.14;381.08;170.94;Online;2026-03-11 00:00:00
FAC4632;2026-02-18 00:00:00;67;PMO;545.45;114.55;660.0;273.04;Teléfono;2026-03-20 00:00:00
FAC4633;2026-02-27 00:00:00;103;CONS;339.0;71.19;410.2;172.64;Teléfono;2026-03-29 00:00:00
FAC4634;2026-02-18 00:00:00;34;PMO;508.01;106.68;614.7;254.46;Online;2026-03-20 00:00:00
FAC4635;2026-02-27 00:00:00;106;DES;252.28;52.98;305.26;116.79;Online;2026-03-29 00:00:00
FAC4636;2026-02-10 00:00:00;20;IMP;348.97;73.28;422.25;159.12;Online;2026-03-12 00:00:00
FAC4637;2026-02-19 00:00:00;62;CONS;362.67;76.16;438.83;172.33;Online;2026-03-21 00:00:00
FAC4638;2026-02-18 00:00:00;31;ASES;1402.01;294.42;1696.44;638.45;Online;2026-03-20 00:00:00
FAC4639;2026-02-19 00:00:00;11;LEG;212.83;44.69;257.52;107.54;Teléfono;2026-03-21 00:00:00
FAC4640;2026-02-19 00:00:00;59;LEG;451.45;94.8;546.25;205.53;Online;2026-03-21 00:00:00
FAC4641;2026-02-05 00:00:00;98;INV;429.61;90.22;519.82;196.07;Online;2026-03-07 00:00:00
FAC4642;2026-02-21 00:00:00;35;PMO;553.84;116.31;670.15;283.14;Online;2026-03-23 00:00:00
FAC4643;2026-02-19 00:00:00;4;DES;326.66;68.6;395.26;162.74;Teléfono;2026-03-21 00:00:00
FAC4644;2026-02-28 00:00:00;48;ASES;284.17;59.67;343.84;153.61;Teléfono;2026-03-30 00:00:00
FAC4645;2026-02-16 00:00:00;29;CONS;227.51;47.78;275.29;123.32;Online;2026-03-18 00:00:00
FAC4646;2026-02-23 00:00:00;88;INV;348.19;73.12;421.31;178.96;Teléfono;2026-03-25 00:00:00
FAC4647;2026-02-01 00:00:00;51;INV;1221.93;256.61;1478.54;596.08;Online;2026-03-03 00:00:00
FAC4648;2026-02-03 00:00:00;35;INV;383.53;80.54;464.08;201.21;Teléfono;2026-03-05 00:00:00
FAC4649;2026-02-18 00:00:00;16;CONS;369.28;77.55;446.83;167.42;Teléfono;2026-03-20 00:00:00
FAC4650;2026-02-09 00:00:00;94;CONS;395.2;82.99;478.19;209.04;Teléfono;2026-03-11 00:00:00
FAC4651;2026-02-26 00:00:00;68;IMP;361.75;75.97;437.72;196.65;Teléfono;2026-03-28 00:00:00
FAC4652;2026-02-15 00:00:00;12;IMP;404.78;85.0;489.79;206.96;Teléfono;2026-03-17 00:00:00
FAC4653;2026-02-05 00:00:00;99;IMP;282.17;59.26;341.43;137.0;Online;2026-03-07 00:00:00
FAC4654;2026-02-12 00:00:00;33;IMP;355.58;74.67;430.25;168.6;Teléfono;2026-03-14 00:00:00
FAC4655;2026-02-10 00:00:00;19;INV;322.68;67.76;390.44;155.5;Teléfono;2026-03-12 00:00:00
FAC4656;2026-02-11 00:00:00;9;INV;545.97;114.65;660.63;274.0;Online;2026-03-13 00:00:00
FAC4657;2026-02-12 00:00:00;30;DES;374.12;78.57;452.69;204.73;Teléfono;2026-03-14 00:00:00
FAC4658;2026-02-14 00:00:00;21;CONS;350.29;73.56;423.86;174.51;Online;2026-03-16 00:00:00
FAC4659;2026-02-17 00:00:00;12;PMO;428.82;90.05;518.87;235.16;Online;2026-03-19 00:00:00
FAC4660;2026-02-15 00:00:00;42;DES;273.81;57.5;331.31;150.45;Online;2026-03-17 00:00:00
FAC4661;2026-02-14 00:00:00;107;IMP;354.03;74.35;428.37;192.8;Teléfono;2026-03-16 00:00:00
FAC4662;2026-02-05 00:00:00;1;LEG;366.09;76.88;442.97;174.48;Teléfono;2026-03-07 00:00:00
FAC4663;2026-02-15 00:00:00;65;INV;440.88;92.59;533.47;203.78;Teléfono;2026-03-17 00:00:00
FAC4664;2026-02-01 00:00:00;35;INV;350.04;73.51;423.55;188.99;Online;2026-03-03 00:00:00
FAC4665;2026-02-26 00:00:00;42;CONS;135.06;28.36;163.42;63.74;Online;2026-03-28 00:00:00
FAC4666;2026-02-14 00:00:00;11;INV;433.92;91.12;525.05;236.77;Online;2026-03-16 00:00:00
FAC4667;2026-02-03 00:00:00;55;INV;289.08;60.71;349.79;149.07;Online;2026-03-05 00:00:00
FAC4668;2026-02-23 00:00:00;63;CONS;373.41;78.42;451.83;179.94;Teléfono;2026-03-25 00:00:00
FAC4669;2026-02-20 00:00:00;42;DES;578.94;121.58;700.51;304.72;Online;2026-03-22 00:00:00
FAC4670;2026-02-11 00:00:00;105;INV;478.4;100.46;578.86;224.08;Online;2026-03-13 00:00:00
FAC4671;2026-02-07 00:00:00;69;PMO;255.7;53.7;309.4;137.08;Teléfono;2026-03-09 00:00:00
FAC4672;2026-02-08 00:00:00;98;IMP;317.69;66.71;384.4;168.83;Online;2026-03-10 00:00:00
FAC4673;2026-02-10 00:00:00;29;INV;432.27;90.78;523.05;203.49;Online;2026-03-12 00:00:00
FAC4674;2026-02-03 00:00:00;91;LEG;335.76;70.51;406.27;159.9;Online;2026-03-05 00:00:00
FAC4675;2026-02-01 00:00:00;84;PMO;428.63;90.01;518.64;201.43;Teléfono;2026-03-03 00:00:00
FAC4676;2026-02-28 00:00:00;100;DES;305.3;64.11;369.42;137.74;Teléfono;2026-03-30 00:00:00
FAC4677;2026-02-22 00:00:00;19;CONS;339.43;71.28;410.71;170.66;Online;2026-03-24 00:00:00
FAC4678;2026-02-28 00:00:00;50;PMO;223.49;46.93;270.42;113.74;Online;2026-03-30 00:00:00
FAC4679;2026-02-22 00:00:00;103;PMO;364.39;76.52;440.91;187.24;Online;2026-03-24 00:00:00
FAC4680;2026-02-16 00:00:00;19;ASES;508.79;106.85;615.64;232.73;Online;2026-03-18 00:00:00
FAC4681;2026-02-22 00:00:00;50;LEG;590.2;123.94;714.14;291.05;Teléfono;2026-03-24 00:00:00
FAC4682;2026-02-23 00:00:00;96;LEG;465.66;97.79;563.45;215.51;Online;2026-03-25 00:00:00
FAC4683;2026-02-03 00:00:00;77;LEG;421.88;88.6;510.48;228.74;Online;2026-03-05 00:00:00
FAC4684;2026-02-05 00:00:00;60;DES;375.24;78.8;454.04;201.49;Online;2026-03-07 00:00:00
FAC4685;2026-02-01 00:00:00;40;INV;429.81;90.26;520.07;229.22;Online;2026-03-03 00:00:00
FAC4686;2026-02-27 00:00:00;74;IMP;418.23;87.83;506.06;214.05;Teléfono;2026-03-29 00:00:00
FAC4687;2026-02-27 00:00:00;80;ASES;244.93;51.44;296.37;115.14;Teléfono;2026-03-29 00:00:00
FAC4688;2026-02-11 00:00:00;76;ASES;415.75;87.31;503.05;206.47;Teléfono;2026-03-13 00:00:00
FAC4689;2026-02-28 00:00:00;84;IMP;345.18;72.49;417.67;155.95;Teléfono;2026-03-30 00:00:00
FAC4690;2026-02-14 00:00:00;47;PMO;394.78;82.9;477.68;199.48;Online;2026-03-16 00:00:00
FAC4691;2026-02-01 00:00:00;77;CONS;579.71;121.74;701.45;301.56;Online;2026-03-03 00:00:00
FAC4692;2026-02-26 00:00:00;67;ASES;417.11;87.59;504.71;197.33;Online;2026-03-28 00:00:00
FAC4693;2026-02-27 00:00:00;105;CONS;476.71;100.11;576.82;249.63;Teléfono;2026-03-29 00:00:00
FAC4694;2026-02-21 00:00:00;11;LEG;462.08;97.04;559.12;242.41;Online;2026-03-23 00:00:00
FAC4695;2026-02-10 00:00:00;97;ASES;284.01;59.64;343.65;147.58;Teléfono;2026-03-12 00:00:00
FAC4696;2026-02-09 00:00:00;9;IMP;460.23;96.65;556.87;226.86;Teléfono;2026-03-11 00:00:00
FAC4697;2026-02-18 00:00:00;29;PMO;526.57;110.58;637.15;238.16;Teléfono;2026-03-20 00:00:00
FAC4698;2026-02-07 00:00:00;104;ASES;479.15;100.62;579.77;251.72;Teléfono;2026-03-09 00:00:00
FAC4699;2026-02-28 00:00:00;3;CONS;317.5;66.67;384.17;154.4;Online;2026-03-30 00:00:00
FAC4700;2026-03-24 00:00:00;105;INV;2153.85;452.31;2606.15;1124.9;Teléfono;2026-04-23 00:00:00
FAC4701;2026-03-04 00:00:00;92;IMP;2348.68;493.22;2841.91;1136.32;Teléfono;2026-04-03 00:00:00
FAC4702;2026-03-04 00:00:00;61;PMO;521.14;109.44;630.58;236.61;Online;2026-04-03 00:00:00
FAC4703;2026-03-14 00:00:00;88;INV;336.6;70.69;407.29;154.93;Teléfono;2026-04-13 00:00:00
FAC4704;2026-03-03 00:00:00;78;CONS;364.0;76.44;440.44;176.71;Online;2026-04-02 00:00:00
FAC4705;2026-03-04 00:00:00;22;LEG;381.34;80.08;461.42;201.75;Online;2026-04-03 00:00:00
FAC4706;2026-03-14 00:00:00;8;CONS;617.12;129.6;746.71;338.24;Teléfono;2026-04-13 00:00:00
FAC4707;2026-03-13 00:00:00;86;LEG;430.87;90.48;521.35;205.78;Teléfono;2026-04-12 00:00:00
FAC4708;2026-03-19 00:00:00;43;INV;366.1;76.88;442.98;165.32;Online;2026-04-18 00:00:00
FAC4709;2026-03-03 00:00:00;16;IMP;341.91;71.8;413.72;168.2;Online;2026-04-02 00:00:00
FAC4710;2026-03-09 00:00:00;5;INV;299.67;62.93;362.6;135.63;Teléfono;2026-04-08 00:00:00
FAC4711;2026-03-26 00:00:00;45;IMP;282.3;59.28;341.58;146.02;Online;2026-04-25 00:00:00
FAC4712;2026-03-01 00:00:00;91;INV;556.24;116.81;673.04;286.84;Teléfono;2026-03-31 00:00:00
FAC4713;2026-03-24 00:00:00;69;LEG;562.39;118.1;680.5;302.58;Teléfono;2026-04-23 00:00:00
FAC4714;2026-03-24 00:00:00;70;INV;383.28;80.49;463.76;183.02;Online;2026-04-23 00:00:00
FAC4715;2026-03-02 00:00:00;50;IMP;299.68;62.93;362.61;153.74;Teléfono;2026-04-01 00:00:00
FAC4716;2026-03-08 00:00:00;52;IMP;245.75;51.61;297.36;116.74;Teléfono;2026-04-07 00:00:00
FAC4717;2026-03-06 00:00:00;30;PMO;388.35;81.55;469.9;191.07;Online;2026-04-05 00:00:00
FAC4718;2026-03-16 00:00:00;41;CONS;448.92;94.27;543.19;245.56;Teléfono;2026-04-15 00:00:00
FAC4719;2026-03-09 00:00:00;20;LEG;500.25;105.05;605.3;239.96;Teléfono;2026-04-08 00:00:00
FAC4720;2026-03-05 00:00:00;48;INV;330.38;69.38;399.76;164.73;Online;2026-04-04 00:00:00
FAC4721;2026-03-21 00:00:00;4;INV;346.21;72.7;418.91;189.93;Online;2026-04-20 00:00:00
FAC4722;2026-03-02 00:00:00;103;CONS;381.71;80.16;461.87;176.86;Online;2026-04-01 00:00:00
FAC4723;2026-03-04 00:00:00;7;PMO;247.7;52.02;299.72;123.04;Online;2026-04-03 00:00:00
FAC4724;2026-03-26 00:00:00;77;CONS;204.82;43.01;247.84;95.3;Online;2026-04-25 00:00:00
FAC4725;2026-03-03 00:00:00;20;ASES;626.9;131.65;758.55;323.48;Teléfono;2026-04-02 00:00:00
FAC4726;2026-03-21 00:00:00;10;LEG;1371.34;287.98;1659.32;631.36;Teléfono;2026-04-20 00:00:00
FAC4727;2026-03-23 00:00:00;96;PMO;418.85;87.96;506.8;224.53;Teléfono;2026-04-22 00:00:00
FAC4728;2026-03-19 00:00:00;76;IMP;370.13;77.73;447.86;201.53;Online;2026-04-18 00:00:00
FAC4729;2026-03-25 00:00:00;28;LEG;470.89;98.89;569.78;213.34;Online;2026-04-24 00:00:00
FAC4730;2026-03-23 00:00:00;65;PMO;528.81;111.05;639.86;240.07;Online;2026-04-22 00:00:00
FAC4731;2026-03-23 00:00:00;35;CONS;408.11;85.7;493.81;206.58;Teléfono;2026-04-22 00:00:00
FAC4732;2026-03-07 00:00:00;25;PMO;100.0;21.0;121.0;52.08;Teléfono;2026-04-06 00:00:00
FAC4733;2026-03-11 00:00:00;81;CONS;368.27;77.34;445.6;186.53;Teléfono;2026-04-10 00:00:00
FAC4734;2026-03-15 00:00:00;105;CONS;270.36;56.78;327.13;128.87;Teléfono;2026-04-14 00:00:00
FAC4735;2026-03-19 00:00:00;91;LEG;322.96;67.82;390.78;154.28;Online;2026-04-18 00:00:00
FAC4736;2026-03-12 00:00:00;33;LEG;498.51;104.69;603.2;251.79;Online;2026-04-11 00:00:00
FAC4737;2026-03-28 00:00:00;60;PMO;435.42;91.44;526.86;222.01;Teléfono;2026-04-27 00:00:00
FAC4738;2026-03-02 00:00:00;50;CONS;305.54;64.16;369.71;164.83;Online;2026-04-01 00:00:00
FAC4739;2026-03-15 00:00:00;43;PMO;465.59;97.77;563.36;250.63;Online;2026-04-14 00:00:00
FAC4740;2026-03-07 00:00:00;18;PMO;364.63;76.57;441.21;165.55;Teléfono;2026-04-06 00:00:00
FAC4741;2026-03-19 00:00:00;40;INV;422.73;88.77;511.51;208.39;Online;2026-04-18 00:00:00
FAC4742;2026-03-24 00:00:00;37;LEG;478.68;100.52;579.21;219.98;Online;2026-04-23 00:00:00
FAC4743;2026-03-08 00:00:00;51;PMO;347.26;72.92;420.18;163.54;Teléfono;2026-04-07 00:00:00
FAC4744;2026-03-11 00:00:00;15;PMO;1578.82;331.55;1910.37;832.11;Online;2026-04-10 00:00:00
FAC4745;2026-03-12 00:00:00;34;ASES;543.72;114.18;657.9;275.61;Online;2026-04-11 00:00:00
FAC4746;2026-03-04 00:00:00;95;LEG;394.7;82.89;477.59;206.74;Online;2026-04-03 00:00:00
FAC4747;2026-03-27 00:00:00;42;CONS;470.83;98.87;569.7;250.18;Teléfono;2026-04-26 00:00:00
FAC4748;2026-03-05 00:00:00;69;IMP;477.57;100.29;577.86;220.74;Online;2026-04-04 00:00:00
FAC4749;2026-03-18 00:00:00;51;INV;347.57;72.99;420.56;164.7;Teléfono;2026-04-17 00:00:00
FAC4750;2026-03-12 00:00:00;80;PMO;344.16;72.27;416.43;155.55;Teléfono;2026-04-11 00:00:00
FAC4751;2026-03-20 00:00:00;3;LEG;504.83;106.02;610.85;270.78;Online;2026-04-19 00:00:00
FAC4752;2026-03-17 00:00:00;77;ASES;360.11;75.62;435.73;167.02;Online;2026-04-16 00:00:00
FAC4753;2026-03-21 00:00:00;70;PMO;378.53;79.49;458.02;171.76;Teléfono;2026-04-20 00:00:00
FAC4754;2026-03-08 00:00:00;102;DES;546.77;114.82;661.59;297.72;Online;2026-04-07 00:00:00
FAC4755;2026-03-01 00:00:00;43;IMP;447.43;93.96;541.39;235.85;Teléfono;2026-03-31 00:00:00
FAC4756;2026-03-15 00:00:00;59;INV;483.4;101.52;584.92;265.06;Online;2026-04-14 00:00:00
FAC4757;2026-03-12 00:00:00;91;DES;453.16;95.16;548.32;246.72;Online;2026-04-11 00:00:00
FAC4758;2026-03-15 00:00:00;6;DES;640.07;134.42;774.49;337.94;Teléfono;2026-04-14 00:00:00
FAC4759;2026-03-05 00:00:00;53;IMP;434.12;91.17;525.29;224.57;Teléfono;2026-04-04 00:00:00
FAC4760;2026-03-20 00:00:00;9;DES;432.25;90.77;523.03;203.45;Teléfono;2026-04-19 00:00:00
FAC4761;2026-03-10 00:00:00;47;PMO;257.5;54.08;311.58;116.1;Teléfono;2026-04-09 00:00:00
FAC4762;2026-03-16 00:00:00;75;CONS;302.55;63.54;366.09;164.19;Online;2026-04-15 00:00:00
FAC4763;2026-03-13 00:00:00;29;LEG;420.4;88.28;508.69;197.9;Teléfono;2026-04-12 00:00:00
FAC4764;2026-03-11 00:00:00;68;CONS;486.98;102.27;589.25;240.46;Teléfono;2026-04-10 00:00:00
FAC4765;2026-03-12 00:00:00;39;CONS;316.74;66.51;383.25;168.75;Online;2026-04-11 00:00:00
FAC4766;2026-03-19 00:00:00;8;INV;408.94;85.88;494.82;188.09;Teléfono;2026-04-18 00:00:00
FAC4767;2026-03-21 00:00:00;50;INV;396.63;83.29;479.93;191.91;Online;2026-04-20 00:00:00
FAC4768;2026-03-07 00:00:00;42;CONS;264.41;55.53;319.93;138.01;Teléfono;2026-04-06 00:00:00
FAC4769;2026-03-11 00:00:00;66;IMP;423.79;89.0;512.78;205.48;Online;2026-04-10 00:00:00
FAC4770;2026-03-05 00:00:00;38;LEG;374.54;78.65;453.19;173.93;Teléfono;2026-04-04 00:00:00
FAC4771;2026-03-17 00:00:00;51;INV;281.58;59.13;340.71;129.93;Teléfono;2026-04-16 00:00:00
FAC4772;2026-03-14 00:00:00;85;CONS;350.13;73.53;423.66;187.4;Online;2026-04-13 00:00:00
FAC4773;2026-03-18 00:00:00;66;LEG;261.93;55.01;316.94;141.16;Online;2026-04-17 00:00:00
FAC4774;2026-03-03 00:00:00;4;CONS;441.21;92.65;533.86;201.96;Teléfono;2026-04-02 00:00:00
FAC4775;2026-03-02 00:00:00;17;LEG;372.24;78.17;450.41;182.84;Online;2026-04-01 00:00:00
FAC4776;2026-03-03 00:00:00;100;LEG;403.53;84.74;488.27;191.25;Teléfono;2026-04-02 00:00:00
FAC4777;2026-03-21 00:00:00;64;LEG;322.94;67.82;390.76;170.06;Online;2026-04-20 00:00:00
FAC4778;2026-03-04 00:00:00;72;ASES;552.06;115.93;668.0;251.18;Teléfono;2026-04-03 00:00:00
FAC4779;2026-03-03 00:00:00;7;INV;490.28;102.96;593.24;229.46;Teléfono;2026-04-02 00:00:00
FAC4780;2026-03-18 00:00:00;42;ASES;353.28;74.19;427.46;191.11;Online;2026-04-17 00:00:00
FAC4781;2026-03-20 00:00:00;44;CONS;150.1;31.52;181.62;75.27;Online;2026-04-19 00:00:00
FAC4782;2026-03-03 00:00:00;96;ASES;294.53;61.85;356.38;161.48;Online;2026-04-02 00:00:00
FAC4783;2026-03-16 00:00:00;69;IMP;466.01;97.86;563.87;225.31;Teléfono;2026-04-15 00:00:00
FAC4784;2026-03-13 00:00:00;19;ASES;276.93;58.16;335.09;136.16;Online;2026-04-12 00:00:00
FAC4785;2026-03-16 00:00:00;76;DES;483.99;101.64;585.63;264.66;Teléfono;2026-04-15 00:00:00
FAC4786;2026-03-09 00:00:00;17;PMO;413.28;86.79;500.06;208.02;Online;2026-04-08 00:00:00
FAC4787;2026-03-06 00:00:00;10;ASES;233.12;48.96;282.08;109.26;Teléfono;2026-04-05 00:00:00
FAC4788;2026-03-18 00:00:00;101;LEG;510.83;107.27;618.1;239.26;Teléfono;2026-04-17 00:00:00
FAC4789;2026-03-28 00:00:00;20;LEG;378.05;79.39;457.44;176.34;Online;2026-04-27 00:00:00
FAC4790;2026-03-27 00:00:00;41;INV;376.42;79.05;455.46;185.16;Online;2026-04-26 00:00:00
FAC4791;2026-03-22 00:00:00;68;LEG;469.19;98.53;567.73;252.24;Online;2026-04-21 00:00:00
FAC4792;2026-03-11 00:00:00;47;DES;414.87;87.12;502.0;203.14;Teléfono;2026-04-10 00:00:00
FAC4793;2026-03-08 00:00:00;86;INV;455.36;95.63;550.99;240.38;Online;2026-04-07 00:00:00
FAC4794;2026-03-06 00:00:00;105;LEG;1728.57;363.0;2091.57;922.66;Teléfono;2026-04-05 00:00:00
FAC4795;2026-03-28 00:00:00;18;DES;442.03;92.83;534.86;233.29;Online;2026-04-27 00:00:00
FAC4796;2026-03-03 00:00:00;77;ASES;192.1;40.34;232.44;91.76;Teléfono;2026-04-02 00:00:00
FAC4797;2026-03-08 00:00:00;35;IMP;420.05;88.21;508.25;213.15;Online;2026-04-07 00:00:00
FAC4798;2026-03-21 00:00:00;9;IMP;497.13;104.4;601.53;250.17;Online;2026-04-20 00:00:00
FAC4799;2026-03-26 00:00:00;77;INV;539.51;113.3;652.81;281.43;Teléfono;2026-04-25 00:00:00
FAC4800;2026-03-07 00:00:00;38;IMP;183.04;38.44;221.47;95.13;Teléfono;2026-04-06 00:00:00
FAC4801;2026-03-08 00:00:00;95;IMP;471.39;98.99;570.38;234.95;Online;2026-04-07 00:00:00
FAC4802;2026-03-12 00:00:00;84;PMO;411.83;86.48;498.32;191.33;Online;2026-04-11 00:00:00
FAC4803;2026-03-16 00:00:00;42;LEG;288.39;60.56;348.96;135.81;Online;2026-04-15 00:00:00
FAC4804;2026-03-01 00:00:00;83;CONS;362.97;76.22;439.19;178.02;Online;2026-03-31 00:00:00
FAC4805;2026-03-11 00:00:00;89;CONS;427.03;89.68;516.71;199.34;Online;2026-04-10 00:00:00
FAC4806;2026-03-11 00:00:00;76;CONS;365.36;76.73;442.09;195.26;Teléfono;2026-04-10 00:00:00
FAC4807;2026-03-15 00:00:00;73;IMP;290.12;60.92;351.04;157.3;Online;2026-04-14 00:00:00
FAC4808;2026-03-08 00:00:00;50;LEG;401.26;84.26;485.52;202.38;Teléfono;2026-04-07 00:00:00
FAC4809;2026-03-17 00:00:00;58;ASES;486.74;102.22;588.95;257.1;Teléfono;2026-04-16 00:00:00
FAC4810;2026-03-08 00:00:00;104;ASES;514.42;108.03;622.44;236.41;Online;2026-04-07 00:00:00
FAC4811;2026-03-26 00:00:00;39;ASES;242.17;50.86;293.03;112.68;Online;2026-04-25 00:00:00
FAC4812;2026-03-23 00:00:00;106;LEG;447.76;94.03;541.79;225.73;Teléfono;2026-04-22 00:00:00
FAC4813;2026-03-14 00:00:00;33;PMO;308.27;64.74;373.01;152.0;Online;2026-04-13 00:00:00
FAC4814;2026-03-09 00:00:00;58;IMP;252.77;53.08;305.86;127.67;Online;2026-04-08 00:00:00
FAC4815;2026-03-15 00:00:00;19;PMO;171.5;36.01;207.51;92.14;Online;2026-04-14 00:00:00
FAC4816;2026-03-27 00:00:00;69;ASES;497.73;104.52;602.25;224.84;Teléfono;2026-04-26 00:00:00
FAC4817;2026-03-20 00:00:00;65;ASES;417.97;87.77;505.74;217.86;Online;2026-04-19 00:00:00
FAC4818;2026-03-02 00:00:00;42;CONS;525.93;110.45;636.38;275.51;Teléfono;2026-04-01 00:00:00
FAC4819;2026-03-28 00:00:00;13;IMP;405.33;85.12;490.45;221.67;Teléfono;2026-04-27 00:00:00
FAC4820;2026-03-05 00:00:00;105;LEG;426.7;89.61;516.3;195.74;Online;2026-04-04 00:00:00
FAC4821;2026-03-05 00:00:00;72;ASES;567.86;119.25;687.11;266.21;Teléfono;2026-04-04 00:00:00
FAC4822;2026-03-23 00:00:00;26;PMO;224.07;47.05;271.12;119.38;Online;2026-04-22 00:00:00
FAC4823;2026-03-13 00:00:00;76;ASES;448.41;94.17;542.58;204.55;Online;2026-04-12 00:00:00
FAC4824;2026-03-28 00:00:00;70;IMP;401.67;84.35;486.02;194.22;Online;2026-04-27 00:00:00
FAC4825;2026-03-28 00:00:00;36;PMO;363.49;76.33;439.82;181.1;Teléfono;2026-04-27 00:00:00
FAC4826;2026-03-24 00:00:00;75;IMP;537.56;112.89;650.45;264.89;Teléfono;2026-04-23 00:00:00
FAC4827;2026-03-13 00:00:00;40;IMP;408.46;85.78;494.24;206.86;Teléfono;2026-04-12 00:00:00
FAC4828;2026-03-03 00:00:00;15;INV;460.37;96.68;557.05;223.95;Online;2026-04-02 00:00:00
FAC4829;2026-03-05 00:00:00;19;INV;462.81;97.19;560.0;240.81;Online;2026-04-04 00:00:00
FAC4830;2026-03-21 00:00:00;51;INV;481.98;101.22;583.19;257.49;Teléfono;2026-04-20 00:00:00
FAC4831;2026-03-03 00:00:00;102;ASES;571.03;119.92;690.94;270.25;Online;2026-04-02 00:00:00
FAC4832;2026-03-16 00:00:00;5;IMP;364.09;76.46;440.55;177.83;Online;2026-04-15 00:00:00
FAC4833;2026-03-27 00:00:00;34;LEG;269.95;56.69;326.65;121.87;Teléfono;2026-04-26 00:00:00
FAC4834;2026-03-12 00:00:00;38;CONS;155.69;32.7;188.39;83.91;Online;2026-04-11 00:00:00
FAC4835;2026-03-28 00:00:00;30;LEG;298.31;62.65;360.96;151.08;Online;2026-04-27 00:00:00
FAC4836;2026-03-24 00:00:00;84;CONS;277.45;58.26;335.71;125.07;Online;2026-04-23 00:00:00
FAC4837;2026-03-06 00:00:00;46;ASES;413.48;86.83;500.31;213.02;Online;2026-04-05 00:00:00
FAC4838;2026-03-02 00:00:00;32;INV;443.15;93.06;536.22;213.86;Online;2026-04-01 00:00:00
FAC4839;2026-03-20 00:00:00;14;CONS;378.67;79.52;458.19;189.83;Online;2026-04-19 00:00:00
FAC4840;2026-03-24 00:00:00;105;IMP;367.91;77.26;445.17;174.78;Online;2026-04-23 00:00:00
FAC4841;2026-03-28 00:00:00;55;ASES;404.79;85.01;489.79;195.83;Online;2026-04-27 00:00:00
FAC4842;2026-03-13 00:00:00;62;IMP;273.51;57.44;330.94;129.16;Teléfono;2026-04-12 00:00:00
FAC4843;2026-03-01 00:00:00;44;LEG;329.69;69.24;398.93;165.23;Teléfono;2026-03-31 00:00:00
FAC4844;2026-03-05 00:00:00;37;DES;334.4;70.22;404.62;170.25;Teléfono;2026-04-04 00:00:00
FAC4845;2026-03-24 00:00:00;55;ASES;511.16;107.34;618.51;242.38;Teléfono;2026-04-23 00:00:00
FAC4846;2026-04-12 00:00:00;83;PMO;363.91;76.42;440.33;175.85;Online;2026-05-12 00:00:00
FAC4847;2026-04-11 00:00:00;86;PMO;545.81;114.62;660.43;285.4;Teléfono;2026-05-11 00:00:00
FAC4848;2026-04-26 00:00:00;48;LEG;357.81;75.14;432.94;177.3;Teléfono;2026-05-26 00:00:00
FAC4849;2026-04-22 00:00:00;77;LEG;310.82;65.27;376.1;164.53;Teléfono;2026-05-22 00:00:00
FAC4850;2026-04-05 00:00:00;2;LEG;261.6;54.94;316.54;132.03;Teléfono;2026-05-05 00:00:00
FAC4851;2026-04-21 00:00:00;28;IMP;422.45;88.71;511.16;200.71;Online;2026-05-21 00:00:00
FAC4852;2026-04-28 00:00:00;34;PMO;431.89;90.7;522.59;205.43;Teléfono;2026-05-28 00:00:00
FAC4853;2026-04-22 00:00:00;78;DES;564.75;118.6;683.35;309.73;Online;2026-05-22 00:00:00
FAC4854;2026-04-28 00:00:00;95;CONS;475.39;99.83;575.22;247.11;Teléfono;2026-05-28 00:00:00
FAC4855;2026-04-24 00:00:00;107;PMO;425.15;89.28;514.43;228.78;Teléfono;2026-05-24 00:00:00
FAC4856;2026-04-15 00:00:00;61;INV;568.84;119.46;688.3;297.38;Online;2026-05-15 00:00:00
FAC4857;2026-04-10 00:00:00;58;IMP;310.56;65.22;375.78;166.74;Online;2026-05-10 00:00:00
FAC4858;2026-04-11 00:00:00;37;LEG;1282.95;269.42;1552.37;665.76;Teléfono;2026-05-11 00:00:00
FAC4859;2026-04-25 00:00:00;70;CONS;433.69;91.07;524.77;198.8;Online;2026-05-25 00:00:00
FAC4860;2026-04-14 00:00:00;28;PMO;445.23;93.5;538.73;238.89;Online;2026-05-14 00:00:00
FAC4861;2026-04-02 00:00:00;91;ASES;363.78;76.39;440.18;188.87;Online;2026-05-02 00:00:00
FAC4862;2026-04-13 00:00:00;41;IMP;376.43;79.05;455.49;188.33;Online;2026-05-13 00:00:00
FAC4863;2026-04-21 00:00:00;95;IMP;387.94;81.47;469.4;177.55;Teléfono;2026-05-21 00:00:00
FAC4864;2026-04-05 00:00:00;80;LEG;365.01;76.65;441.66;198.11;Teléfono;2026-05-05 00:00:00
FAC4865;2026-04-18 00:00:00;103;DES;237.12;49.8;286.92;108.52;Online;2026-05-18 00:00:00
FAC4866;2026-04-26 00:00:00;19;ASES;528.0;110.88;638.88;267.12;Online;2026-05-26 00:00:00
FAC4867;2026-04-07 00:00:00;10;CONS;507.72;106.62;614.34;273.29;Online;2026-05-07 00:00:00
FAC4868;2026-04-02 00:00:00;51;CONS;417.8;87.74;505.54;190.91;Teléfono;2026-05-02 00:00:00
FAC4869;2026-04-17 00:00:00;50;LEG;471.45;99.01;570.46;214.85;Online;2026-05-17 00:00:00
FAC4870;2026-04-21 00:00:00;95;DES;430.91;90.49;521.4;202.15;Online;2026-05-21 00:00:00
FAC4871;2026-04-17 00:00:00;8;IMP;398.68;83.72;482.4;215.19;Online;2026-05-17 00:00:00
FAC4872;2026-04-02 00:00:00;69;CONS;1410.54;296.21;1706.76;672.74;Online;2026-05-02 00:00:00
FAC4873;2026-04-11 00:00:00;88;PMO;570.18;119.74;689.92;261.22;Online;2026-05-11 00:00:00
FAC4874;2026-04-08 00:00:00;3;CIB;434.3;91.2;525.5;232.38;Teléfono;2026-05-08 00:00:00
FAC4875;2026-04-17 00:00:00;64;ASES;335.3;70.41;405.71;164.53;Online;2026-05-17 00:00:00
FAC4876;2026-04-23 00:00:00;82;INV;359.77;75.55;435.32;172.64;Online;2026-05-23 00:00:00
FAC4877;2026-04-13 00:00:00;77;PMO;100.63;21.13;121.76;48.8;Teléfono;2026-05-13 00:00:00
FAC4878;2026-04-04 00:00:00;58;DES;377.68;79.31;456.99;198.95;Teléfono;2026-05-04 00:00:00
FAC4879;2026-04-23 00:00:00;103;CONS;359.5;75.5;435.0;180.25;Online;2026-05-23 00:00:00
FAC4880;2026-04-09 00:00:00;107;INV;428.28;89.94;518.21;206.54;Online;2026-05-09 00:00:00
FAC4881;2026-04-15 00:00:00;31;INV;261.22;54.86;316.07;122.83;Teléfono;2026-05-15 00:00:00
FAC4882;2026-04-22 00:00:00;50;CONS;342.73;71.97;414.7;175.32;Online;2026-05-22 00:00:00
FAC4883;2026-04-23 00:00:00;55;PMO;354.55;74.46;429.0;178.53;Online;2026-05-23 00:00:00
FAC4884;2026-04-11 00:00:00;30;LEG;309.32;64.96;374.28;147.37;Teléfono;2026-05-11 00:00:00
FAC4885;2026-04-20 00:00:00;27;LEG;338.9;71.17;410.07;152.71;Teléfono;2026-05-20 00:00:00
FAC4886;2026-04-28 00:00:00;23;INV;483.66;101.57;585.23;244.41;Online;2026-05-28 00:00:00
FAC4887;2026-04-20 00:00:00;99;DES;143.41;30.12;173.52;72.82;Online;2026-05-20 00:00:00
FAC4888;2026-04-15 00:00:00;101;LEG;425.18;89.29;514.47;209.31;Online;2026-05-15 00:00:00
FAC4889;2026-04-05 00:00:00;17;PMO;448.81;94.25;543.06;203.45;Teléfono;2026-05-05 00:00:00
FAC4890;2026-04-06 00:00:00;35;DES;286.14;60.09;346.23;155.54;Teléfono;2026-05-06 00:00:00
FAC4891;2026-04-26 00:00:00;74;IMP;541.55;113.72;655.27;268.93;Teléfono;2026-05-26 00:00:00
FAC4892;2026-04-25 00:00:00;9;ASES;239.01;50.19;289.2;125.54;Teléfono;2026-05-25 00:00:00
FAC4893;2026-04-25 00:00:00;21;PMO;526.5;110.57;637.07;246.27;Online;2026-05-25 00:00:00
FAC4894;2026-04-21 00:00:00;12;LEG;567.13;119.1;686.22;294.69;Teléfono;2026-05-21 00:00:00
FAC4895;2026-04-23 00:00:00;66;LEG;425.15;89.28;514.43;229.34;Teléfono;2026-05-23 00:00:00
FAC4896;2026-04-10 00:00:00;84;ASES;262.92;55.21;318.13;144.33;Teléfono;2026-05-10 00:00:00
FAC4897;2026-04-16 00:00:00;60;IMP;559.49;117.49;676.99;282.4;Teléfono;2026-05-16 00:00:00
FAC4898;2026-04-16 00:00:00;94;LEG;314.9;66.13;381.03;142.1;Online;2026-05-16 00:00:00
FAC4899;2026-04-17 00:00:00;13;INV;450.07;94.52;544.59;220.88;Online;2026-05-17 00:00:00
FAC4900;2026-04-28 00:00:00;64;PMO;429.4;90.17;519.58;220.9;Online;2026-05-28 00:00:00
FAC4901;2026-04-25 00:00:00;30;ASES;249.68;52.43;302.12;117.12;Online;2026-05-25 00:00:00
FAC4902;2026-04-23 00:00:00;33;IMP;1402.57;294.54;1697.11;697.03;Teléfono;2026-05-23 00:00:00
FAC4903;2026-04-12 00:00:00;82;ASES;406.95;85.46;492.41;201.47;Online;2026-05-12 00:00:00
FAC4904;2026-04-10 00:00:00;48;DES;425.71;89.4;515.1;224.14;Teléfono;2026-05-10 00:00:00
FAC4905;2026-04-01 00:00:00;21;INV;603.25;126.68;729.93;305.97;Online;2026-05-01 00:00:00
FAC4906;2026-04-01 00:00:00;50;PMO;374.39;78.62;453.01;168.63;Teléfono;2026-05-01 00:00:00
FAC4907;2026-04-09 00:00:00;51;INV;443.8;93.2;536.99;217.35;Teléfono;2026-05-09 00:00:00
FAC4908;2026-04-19 00:00:00;96;IMP;502.42;105.51;607.93;242.28;Online;2026-05-19 00:00:00
FAC4909;2026-04-25 00:00:00;43;IMP;544.82;114.41;659.24;273.62;Teléfono;2026-05-25 00:00:00
FAC4910;2026-04-21 00:00:00;32;CONS;261.12;54.83;315.95;127.92;Online;2026-05-21 00:00:00
FAC4911;2026-04-09 00:00:00;92;DES;361.7;75.96;437.66;196.49;Teléfono;2026-05-09 00:00:00
FAC4912;2026-04-01 00:00:00;94;ASES;443.41;93.12;536.52;215.33;Online;2026-05-01 00:00:00
FAC4913;2026-04-07 00:00:00;18;DES;337.45;70.86;408.31;165.37;Online;2026-05-07 00:00:00
FAC4914;2026-04-25 00:00:00;59;CONS;445.4;93.53;538.93;220.27;Teléfono;2026-05-25 00:00:00
FAC4915;2026-04-07 00:00:00;80;LEG;358.49;75.28;433.77;183.37;Teléfono;2026-05-07 00:00:00
FAC4916;2026-04-03 00:00:00;46;LEG;470.51;98.81;569.32;228.92;Teléfono;2026-05-03 00:00:00
FAC4917;2026-04-27 00:00:00;20;CONS;405.12;85.08;490.2;206.5;Online;2026-05-27 00:00:00
FAC4918;2026-04-16 00:00:00;102;CONS;277.17;58.2;335.37;125.04;Teléfono;2026-05-16 00:00:00
FAC4919;2026-04-27 00:00:00;29;DES;389.54;81.8;471.35;209.05;Teléfono;2026-05-27 00:00:00
FAC4920;2026-04-25 00:00:00;62;INV;260.57;54.72;315.29;127.08;Teléfono;2026-05-25 00:00:00
FAC4921;2026-04-12 00:00:00;96;INV;536.68;112.7;649.38;286.4;Teléfono;2026-05-12 00:00:00
FAC4922;2026-04-20 00:00:00;45;DES;473.72;99.48;573.2;221.9;Teléfono;2026-05-20 00:00:00
FAC4923;2026-04-19 00:00:00;32;PMO;269.03;56.5;325.52;137.58;Teléfono;2026-05-19 00:00:00
FAC4924;2026-04-25 00:00:00;50;INV;448.15;94.11;542.26;225.79;Online;2026-05-25 00:00:00
FAC4925;2026-04-08 00:00:00;22;IMP;229.16;48.12;277.29;121.68;Online;2026-05-08 00:00:00
FAC4926;2026-04-13 00:00:00;94;CONS;256.19;53.8;309.99;124.62;Teléfono;2026-05-13 00:00:00
FAC4927;2026-04-14 00:00:00;15;LEG;543.4;114.11;657.52;291.65;Teléfono;2026-05-14 00:00:00
FAC4928;2026-04-24 00:00:00;101;PMO;429.24;90.14;519.38;196.87;Teléfono;2026-05-24 00:00:00
FAC4929;2026-04-08 00:00:00;71;INV;457.94;96.17;554.1;208.88;Online;2026-05-08 00:00:00
FAC4930;2026-04-14 00:00:00;55;DES;488.13;102.51;590.64;245.41;Teléfono;2026-05-14 00:00:00
FAC4931;2026-04-22 00:00:00;106;PMO;339.12;71.21;410.33;157.75;Teléfono;2026-05-22 00:00:00
FAC4932;2026-04-05 00:00:00;104;IMP;338.57;71.1;409.66;162.51;Teléfono;2026-05-05 00:00:00
FAC4933;2026-04-14 00:00:00;74;DES;501.42;105.3;606.72;237.79;Online;2026-05-14 00:00:00
FAC4934;2026-04-26 00:00:00;35;DES;481.97;101.21;583.18;233.7;Online;2026-05-26 00:00:00
FAC4935;2026-04-12 00:00:00;26;DES;335.91;70.54;406.45;167.78;Teléfono;2026-05-12 00:00:00
FAC4936;2026-04-07 00:00:00;73;INV;302.25;63.47;365.72;145.74;Online;2026-05-07 00:00:00
FAC4937;2026-04-27 00:00:00;13;PMO;596.28;125.22;721.5;325.55;Online;2026-05-27 00:00:00
FAC4938;2026-04-12 00:00:00;63;DES;330.85;69.48;400.33;180.06;Teléfono;2026-05-12 00:00:00
FAC4939;2026-04-06 00:00:00;75;ASES;100.0;21.0;121.0;45.76;Teléfono;2026-05-06 00:00:00
FAC4940;2026-04-10 00:00:00;63;CONS;426.77;89.62;516.39;220.23;Teléfono;2026-05-10 00:00:00
FAC4941;2026-04-02 00:00:00;55;ASES;350.27;73.56;423.83;185.78;Online;2026-05-02 00:00:00
FAC4942;2026-04-19 00:00:00;58;IMP;606.91;127.45;734.36;320.69;Online;2026-05-19 00:00:00
FAC4943;2026-04-13 00:00:00;32;IMP;316.14;66.39;382.53;169.82;Teléfono;2026-05-13 00:00:00
FAC4944;2026-04-17 00:00:00;72;DES;269.0;56.49;325.49;135.35;Online;2026-05-17 00:00:00
FAC4945;2026-04-28 00:00:00;58;PMO;498.71;104.73;603.44;268.12;Teléfono;2026-05-28 00:00:00
FAC4946;2026-04-28 00:00:00;15;DES;240.17;50.44;290.6;119.77;Teléfono;2026-05-28 00:00:00
FAC4947;2026-04-21 00:00:00;91;ASES;450.64;94.63;545.27;223.54;Teléfono;2026-05-21 00:00:00
FAC4948;2026-04-16 00:00:00;78;IMP;467.07;98.08;565.15;237.15;Online;2026-05-16 00:00:00
FAC4949;2026-04-25 00:00:00;34;PMO;1355.56;284.67;1640.23;714.95;Online;2026-05-25 00:00:00
FAC4950;2026-04-15 00:00:00;78;INV;348.18;73.12;421.29;173.46;Online;2026-05-15 00:00:00
FAC4951;2026-04-01 00:00:00;16;CONS;514.28;108.0;622.28;273.47;Online;2026-05-01 00:00:00
FAC4952;2026-04-16 00:00:00;21;CONS;299.92;62.98;362.9;159.54;Online;2026-05-16 00:00:00
FAC4953;2026-04-09 00:00:00;6;ASES;461.27;96.87;558.14;247.45;Online;2026-05-09 00:00:00
FAC4954;2026-04-24 00:00:00;50;PMO;474.04;99.55;573.59;257.41;Online;2026-05-24 00:00:00
FAC4955;2026-04-24 00:00:00;39;INV;466.99;98.07;565.06;222.72;Teléfono;2026-05-24 00:00:00
FAC4956;2026-04-24 00:00:00;30;CONS;486.6;102.19;588.79;243.11;Teléfono;2026-05-24 00:00:00
FAC4957;2026-04-27 00:00:00;45;IMP;547.46;114.97;662.43;297.73;Teléfono;2026-05-27 00:00:00
FAC4958;2026-04-24 00:00:00;68;ASES;533.55;112.04;645.59;261.53;Teléfono;2026-05-24 00:00:00
FAC4959;2026-04-19 00:00:00;46;PMO;322.46;67.72;390.18;160.56;Teléfono;2026-05-19 00:00:00
FAC4960;2026-04-17 00:00:00;68;DES;272.05;57.13;329.18;135.34;Online;2026-05-17 00:00:00
FAC4961;2026-04-18 00:00:00;17;ASES;245.52;51.56;297.08;121.0;Teléfono;2026-05-18 00:00:00
FAC4962;2026-04-14 00:00:00;62;IMP;461.74;96.97;558.71;210.58;Teléfono;2026-05-14 00:00:00
FAC4963;2026-04-26 00:00:00;107;INV;522.28;109.68;631.96;269.78;Online;2026-05-26 00:00:00
FAC4964;2026-04-19 00:00:00;47;LEG;367.94;77.27;445.2;185.87;Teléfono;2026-05-19 00:00:00
FAC4965;2026-04-16 00:00:00;101;IMP;339.25;71.24;410.49;177.92;Online;2026-05-16 00:00:00
FAC4966;2026-04-20 00:00:00;69;CONS;374.7;78.69;453.39;172.44;Online;2026-05-20 00:00:00
FAC4967;2026-04-04 00:00:00;95;IMP;467.93;98.27;566.2;242.51;Teléfono;2026-05-04 00:00:00
FAC4968;2026-04-10 00:00:00;57;PMO;337.87;70.95;408.82;160.69;Teléfono;2026-05-10 00:00:00
FAC4969;2026-04-23 00:00:00;10;PMO;513.02;107.73;620.75;238.92;Online;2026-05-23 00:00:00
FAC4970;2026-04-03 00:00:00;93;IMP;522.72;109.77;632.5;278.13;Teléfono;2026-05-03 00:00:00
FAC4971;2026-04-06 00:00:00;1;DES;553.3;116.19;669.5;294.42;Online;2026-05-06 00:00:00
FAC4972;2026-04-25 00:00:00;43;ASES;470.86;98.88;569.74;246.1;Teléfono;2026-05-25 00:00:00
FAC4973;2026-04-18 00:00:00;100;ASES;429.15;90.12;519.27;208.75;Online;2026-05-18 00:00:00
FAC4974;2026-04-24 00:00:00;105;PMO;453.4;95.21;548.61;215.73;Online;2026-05-24 00:00:00
FAC4975;2026-04-13 00:00:00;42;INV;222.18;46.66;268.84;115.28;Online;2026-05-13 00:00:00
FAC4976;2026-04-03 00:00:00;23;DES;418.17;87.82;505.98;227.23;Online;2026-05-03 00:00:00
FAC4977;2026-04-12 00:00:00;68;ASES;493.11;103.55;596.67;260.04;Teléfono;2026-05-12 00:00:00
FAC4978;2026-04-17 00:00:00;2;DES;341.03;71.62;412.65;158.2;Online;2026-05-17 00:00:00
FAC4979;2026-04-26 00:00:00;10;PMO;252.91;53.11;306.02;115.95;Online;2026-05-26 00:00:00
FAC4980;2026-04-10 00:00:00;36;ASES;400.58;84.12;484.7;182.04;Online;2026-05-10 00:00:00
FAC4981;2026-04-06 00:00:00;93;LEG;446.33;93.73;540.05;237.9;Online;2026-05-06 00:00:00
FAC4982;2026-04-12 00:00:00;49;LEG;201.1;42.23;243.33;94.13;Online;2026-05-12 00:00:00
FAC4983;2026-04-14 00:00:00;92;INV;403.04;84.64;487.68;219.01;Online;2026-05-14 00:00:00
FAC4984;2026-04-07 00:00:00;19;DES;351.14;73.74;424.88;162.38;Online;2026-05-07 00:00:00
FAC4985;2026-04-28 00:00:00;46;CONS;560.17;117.63;677.8;266.92;Online;2026-05-28 00:00:00
FAC4986;2026-04-18 00:00:00;52;DES;318.46;66.88;385.34;173.78;Online;2026-05-18 00:00:00
FAC4987;2026-04-23 00:00:00;84;PMO;319.53;67.1;386.64;156.83;Online;2026-05-23 00:00:00
FAC4988;2026-04-13 00:00:00;88;DES;527.73;110.82;638.55;253.1;Teléfono;2026-05-13 00:00:00
FAC4989;2026-04-13 00:00:00;42;INV;180.66;37.94;218.6;82.0;Online;2026-05-13 00:00:00
FAC4990;2026-04-12 00:00:00;52;DES;392.49;82.42;474.92;198.84;Online;2026-05-12 00:00:00
FAC4991;2026-04-02 00:00:00;1;LEG;429.64;90.23;519.87;199.44;Online;2026-05-02 00:00:00
FAC4992;2026-05-18 00:00:00;29;DES;366.6;76.99;443.58;176.68;Teléfono;2026-06-17 00:00:00
FAC4993;2026-05-25 00:00:00;107;LEG;322.38;67.7;390.08;176.68;Online;2026-06-24 00:00:00
FAC4994;2026-05-25 00:00:00;84;DES;283.7;59.58;343.28;143.12;Teléfono;2026-06-24 00:00:00
FAC4995;2026-05-28 00:00:00;87;ASES;540.68;113.54;654.22;264.24;Online;2026-06-27 00:00:00
FAC4996;2026-05-06 00:00:00;20;DES;362.59;76.14;438.73;168.94;Teléfono;2026-06-05 00:00:00
FAC4997;2026-05-06 00:00:00;29;ASES;438.87;92.16;531.04;222.39;Teléfono;2026-06-05 00:00:00
FAC4998;2026-05-22 00:00:00;102;LEG;247.14;51.9;299.04;135.06;Teléfono;2026-06-21 00:00:00
FAC4999;2026-05-28 00:00:00;50;LEG;555.72;116.7;672.42;291.48;Teléfono;2026-06-27 00:00:00
FAC5000;2026-05-03 00:00:00;97;LEG;251.84;52.89;304.73;118.24;Online;2026-06-02 00:00:00
FAC5001;2026-05-15 00:00:00;102;PMO;415.85;87.33;503.17;215.14;Teléfono;2026-06-14 00:00:00
FAC5002;2026-05-23 00:00:00;78;LEG;398.86;83.76;482.62;207.26;Teléfono;2026-06-22 00:00:00
FAC5003;2026-05-26 00:00:00;50;DES;451.08;94.73;545.8;232.42;Teléfono;2026-06-25 00:00:00
FAC5004;2026-05-11 00:00:00;83;INV;376.41;79.05;455.46;197.63;Online;2026-06-10 00:00:00
FAC5005;2026-05-17 00:00:00;65;PMO;504.88;106.02;610.9;228.74;Online;2026-06-16 00:00:00
FAC5006;2026-05-19 00:00:00;95;LEG;465.09;97.67;562.75;216.34;Teléfono;2026-06-18 00:00:00
FAC5007;2026-05-20 00:00:00;85;PMO;421.48;88.51;509.99;227.62;Teléfono;2026-06-19 00:00:00
FAC5008;2026-05-08 00:00:00;53;PMO;359.99;75.6;435.59;175.05;Online;2026-06-07 00:00:00
FAC5009;2026-05-01 00:00:00;54;PMO;394.49;82.84;477.33;202.32;Online;2026-05-31 00:00:00
FAC5010;2026-05-02 00:00:00;107;INV;448.98;94.29;543.27;241.35;Online;2026-06-01 00:00:00
FAC5011;2026-05-12 00:00:00;32;ASES;407.58;85.59;493.17;220.23;Teléfono;2026-06-11 00:00:00
FAC5012;2026-05-04 00:00:00;86;DES;464.76;97.6;562.36;235.73;Online;2026-06-03 00:00:00
FAC5013;2026-05-06 00:00:00;90;IMP;449.35;94.36;543.72;233.22;Online;2026-06-05 00:00:00
FAC5014;2026-05-11 00:00:00;20;ASES;409.59;86.01;495.6;208.65;Online;2026-06-10 00:00:00
FAC5015;2026-05-15 00:00:00;80;CONS;280.39;58.88;339.27;138.21;Online;2026-06-14 00:00:00
FAC5016;2026-05-14 00:00:00;68;PMO;330.04;69.31;399.34;181.46;Online;2026-06-13 00:00:00
FAC5017;2026-05-25 00:00:00;31;DES;283.43;59.52;342.95;136.52;Teléfono;2026-06-24 00:00:00
FAC5018;2026-05-28 00:00:00;91;PMO;446.15;93.69;539.84;224.72;Teléfono;2026-06-27 00:00:00
FAC5019;2026-05-01 00:00:00;70;LEG;579.07;121.6;700.68;313.14;Teléfono;2026-05-31 00:00:00
FAC5020;2026-05-26 00:00:00;51;INV;264.0;55.44;319.44;142.4;Online;2026-06-25 00:00:00
FAC5021;2026-05-26 00:00:00;55;CONS;378.71;79.53;458.24;176.4;Teléfono;2026-06-25 00:00:00
FAC5022;2026-05-11 00:00:00;65;LEG;469.91;98.68;568.59;232.12;Teléfono;2026-06-10 00:00:00
FAC5023;2026-05-19 00:00:00;1;CONS;232.49;48.82;281.32;119.67;Teléfono;2026-06-18 00:00:00
FAC5024;2026-05-23 00:00:00;31;IMP;430.67;90.44;521.11;212.73;Online;2026-06-22 00:00:00
FAC5025;2026-05-08 00:00:00;37;DES;398.51;83.69;482.19;212.15;Online;2026-06-07 00:00:00
FAC5026;2026-05-28 00:00:00;105;INV;415.64;87.28;502.93;224.84;Online;2026-06-27 00:00:00
FAC5027;2026-05-12 00:00:00;18;PMO;384.96;80.84;465.8;177.97;Teléfono;2026-06-11 00:00:00
FAC5028;2026-05-10 00:00:00;61;IMP;2397.88;503.56;2901.44;1229.62;Teléfono;2026-06-09 00:00:00
FAC5029;2026-05-04 00:00:00;69;LEG;499.75;104.95;604.7;268.4;Teléfono;2026-06-03 00:00:00
FAC5030;2026-05-02 00:00:00;65;INV;219.7;46.14;265.84;119.44;Teléfono;2026-06-01 00:00:00
FAC5031;2026-05-19 00:00:00;24;INV;443.73;93.18;536.92;204.56;Teléfono;2026-06-18 00:00:00
FAC5032;2026-05-10 00:00:00;55;IMP;371.46;78.01;449.46;197.04;Teléfono;2026-06-09 00:00:00
FAC5033;2026-05-21 00:00:00;105;IMP;438.5;92.08;530.58;207.95;Online;2026-06-20 00:00:00
FAC5034;2026-05-26 00:00:00;38;CONS;2079.23;436.64;2515.87;993.93;Online;2026-06-25 00:00:00
FAC5035;2026-05-06 00:00:00;49;INV;386.62;81.19;467.81;207.96;Teléfono;2026-06-05 00:00:00
FAC5036;2026-05-19 00:00:00;87;DES;174.33;36.61;210.94;85.25;Online;2026-06-18 00:00:00
FAC5037;2026-05-17 00:00:00;102;PMO;560.7;117.75;678.45;274.87;Teléfono;2026-06-16 00:00:00
FAC5038;2026-05-17 00:00:00;79;INV;352.58;74.04;426.63;186.4;Teléfono;2026-06-16 00:00:00
FAC5039;2026-05-20 00:00:00;87;IMP;570.99;119.91;690.9;289.18;Online;2026-06-19 00:00:00
FAC5040;2026-05-19 00:00:00;82;IMP;419.37;88.07;507.43;221.84;Online;2026-06-18 00:00:00
FAC5041;2026-05-02 00:00:00;33;CONS;464.23;97.49;561.72;237.51;Teléfono;2026-06-01 00:00:00
FAC5042;2026-05-15 00:00:00;58;PMO;361.07;75.82;436.89;163.11;Online;2026-06-14 00:00:00
FAC5043;2026-05-24 00:00:00;13;PMO;410.28;86.16;496.44;221.69;Teléfono;2026-06-23 00:00:00
FAC5044;2026-05-04 00:00:00;100;INV;581.43;122.1;703.52;284.08;Online;2026-06-03 00:00:00
FAC5045;2026-05-23 00:00:00;18;INV;282.96;59.42;342.38;146.64;Online;2026-06-22 00:00:00
FAC5046;2026-05-26 00:00:00;75;ASES;1365.49;286.75;1652.24;640.92;Teléfono;2026-06-25 00:00:00
FAC5047;2026-05-21 00:00:00;68;ASES;2425.97;509.45;2935.42;1284.96;Online;2026-06-20 00:00:00
FAC5048;2026-05-27 00:00:00;69;LEG;432.71;90.87;523.58;202.81;Teléfono;2026-06-26 00:00:00
FAC5049;2026-05-25 00:00:00;67;DES;415.46;87.25;502.71;199.51;Online;2026-06-24 00:00:00
FAC5050;2026-05-02 00:00:00;4;ASES;8658.86;1818.36;10477.22;4547.39;Online;2026-06-01 00:00:00
FAC5051;2026-05-04 00:00:00;60;ASES;578.52;121.49;700.01;289.64;Online;2026-06-03 00:00:00
FAC5052;2026-05-03 00:00:00;40;LEG;311.17;65.34;376.51;158.18;Teléfono;2026-06-02 00:00:00
FAC5053;2026-05-18 00:00:00;36;CONS;1537.97;322.97;1860.94;807.41;Teléfono;2026-06-17 00:00:00
FAC5054;2026-05-11 00:00:00;63;ASES;412.39;86.6;498.99;216.76;Online;2026-06-10 00:00:00
FAC5055;2026-05-26 00:00:00;78;LEG;2145.31;450.52;2595.82;1161.72;Online;2026-06-25 00:00:00
FAC5056;2026-05-02 00:00:00;45;LEG;337.65;70.91;408.56;169.37;Teléfono;2026-06-01 00:00:00
FAC5057;2026-05-10 00:00:00;32;PMO;514.45;108.03;622.49;238.54;Online;2026-06-09 00:00:00
FAC5058;2026-05-22 00:00:00;28;IMP;576.7;121.11;697.81;286.0;Online;2026-06-21 00:00:00
FAC5059;2026-05-21 00:00:00;5;LEG;474.77;99.7;574.47;238.77;Online;2026-06-20 00:00:00
FAC5060;2026-05-13 00:00:00;16;INV;359.91;75.58;435.5;185.43;Teléfono;2026-06-12 00:00:00
FAC5061;2026-05-26 00:00:00;77;IMP;548.56;115.2;663.76;298.95;Online;2026-06-25 00:00:00
FAC5062;2026-05-25 00:00:00;3;INV;343.31;72.09;415.4;163.74;Teléfono;2026-06-24 00:00:00
FAC5063;2026-05-27 00:00:00;12;DES;383.28;80.49;463.77;195.13;Online;2026-06-26 00:00:00
FAC5064;2026-05-13 00:00:00;7;IMP;523.33;109.9;633.22;256.05;Teléfono;2026-06-12 00:00:00
FAC5065;2026-05-20 00:00:00;22;CONS;277.31;58.24;335.55;134.39;Teléfono;2026-06-19 00:00:00
FAC5066;2026-05-11 00:00:00;81;PMO;380.83;79.97;460.8;174.22;Online;2026-06-10 00:00:00
FAC5067;2026-05-10 00:00:00;48;LEG;440.73;92.55;533.28;224.25;Online;2026-06-09 00:00:00
FAC5068;2026-05-28 00:00:00;25;IMP;349.53;73.4;422.94;163.21;Online;2026-06-27 00:00:00
FAC5069;2026-05-19 00:00:00;64;PMO;338.02;70.98;409.0;152.66;Online;2026-06-18 00:00:00
FAC5070;2026-05-23 00:00:00;82;CONS;450.23;94.55;544.78;219.37;Online;2026-06-22 00:00:00
FAC5071;2026-05-19 00:00:00;37;IMP;332.4;69.8;402.2;166.36;Online;2026-06-18 00:00:00
FAC5072;2026-05-20 00:00:00;95;ASES;445.93;93.65;539.57;214.77;Online;2026-06-19 00:00:00
FAC5073;2026-05-17 00:00:00;61;LEG;170.28;35.76;206.04;84.65;Teléfono;2026-06-16 00:00:00
FAC5074;2026-05-06 00:00:00;56;IMP;387.23;81.32;468.55;197.18;Online;2026-06-05 00:00:00
FAC5075;2026-05-18 00:00:00;46;DES;384.97;80.84;465.81;190.92;Teléfono;2026-06-17 00:00:00
FAC5076;2026-05-07 00:00:00;41;DES;251.81;52.88;304.68;116.12;Teléfono;2026-06-06 00:00:00
FAC5077;2026-05-23 00:00:00;102;CONS;402.68;84.56;487.25;203.48;Online;2026-06-22 00:00:00
FAC5078;2026-05-14 00:00:00;97;CONS;455.77;95.71;551.48;219.51;Teléfono;2026-06-13 00:00:00
FAC5079;2026-05-22 00:00:00;105;PMO;161.88;33.99;195.87;79.24;Online;2026-06-21 00:00:00
FAC5080;2026-05-07 00:00:00;102;INV;337.78;70.93;408.71;169.79;Teléfono;2026-06-06 00:00:00
FAC5081;2026-05-10 00:00:00;16;CONS;293.19;61.57;354.76;160.19;Online;2026-06-09 00:00:00
FAC5082;2026-05-05 00:00:00;45;PMO;7556.03;1586.77;9142.8;3546.2;Online;2026-06-04 00:00:00
FAC5083;2026-05-13 00:00:00;64;PMO;363.73;76.38;440.12;196.72;Online;2026-06-12 00:00:00
FAC5084;2026-05-24 00:00:00;68;LEG;352.92;74.11;427.03;164.28;Online;2026-06-23 00:00:00
FAC5085;2026-05-11 00:00:00;94;PMO;343.24;72.08;415.32;178.44;Online;2026-06-10 00:00:00
FAC5086;2026-05-07 00:00:00;38;IMP;349.17;73.33;422.5;158.64;Online;2026-06-06 00:00:00
FAC5087;2026-05-17 00:00:00;8;IMP;325.22;68.3;393.52;163.33;Teléfono;2026-06-16 00:00:00
FAC5088;2026-05-03 00:00:00;9;CONS;350.88;73.69;424.57;183.25;Teléfono;2026-06-02 00:00:00
FAC5089;2026-05-22 00:00:00;11;LEG;538.81;113.15;651.96;296.27;Teléfono;2026-06-21 00:00:00
FAC5090;2026-05-11 00:00:00;18;DES;243.79;51.19;294.98;118.32;Online;2026-06-10 00:00:00
FAC5091;2026-05-16 00:00:00;102;INV;450.25;94.55;544.8;228.78;Online;2026-06-15 00:00:00
FAC5092;2026-05-13 00:00:00;81;INV;438.61;92.11;530.72;235.23;Online;2026-06-12 00:00:00
FAC5093;2026-05-04 00:00:00;52;INV;306.66;64.4;371.05;140.94;Teléfono;2026-06-03 00:00:00
FAC5094;2026-05-20 00:00:00;96;DES;448.88;94.27;543.15;215.01;Online;2026-06-19 00:00:00
FAC5095;2026-05-21 00:00:00;21;DES;506.27;106.32;612.58;238.74;Teléfono;2026-06-20 00:00:00
FAC5096;2026-05-16 00:00:00;102;CONS;1593.28;334.59;1927.87;866.91;Online;2026-06-15 00:00:00
FAC5097;2026-05-02 00:00:00;28;IMP;350.29;73.56;423.85;184.41;Teléfono;2026-06-01 00:00:00
FAC5098;2026-05-18 00:00:00;48;LEG;401.84;84.39;486.23;206.05;Online;2026-06-17 00:00:00
FAC5099;2026-05-02 00:00:00;51;PMO;497.55;104.48;602.03;249.41;Teléfono;2026-06-01 00:00:00
FAC5100;2026-05-16 00:00:00;21;ASES;1592.63;334.45;1927.09;864.88;Online;2026-06-15 00:00:00
FAC5101;2026-05-11 00:00:00;89;LEG;469.19;98.53;567.72;235.41;Online;2026-06-10 00:00:00
FAC5102;2026-05-11 00:00:00;32;DES;505.51;106.16;611.67;236.34;Online;2026-06-10 00:00:00
FAC5103;2026-05-08 00:00:00;81;INV;331.37;69.59;400.96;158.69;Online;2026-06-07 00:00:00
FAC5104;2026-05-14 00:00:00;51;INV;550.56;115.62;666.18;268.34;Online;2026-06-13 00:00:00
FAC5105;2026-05-10 00:00:00;41;IMP;473.3;99.39;572.7;236.33;Teléfono;2026-06-09 00:00:00
FAC5106;2026-05-04 00:00:00;67;ASES;566.76;119.02;685.78;302.99;Online;2026-06-03 00:00:00
FAC5107;2026-05-04 00:00:00;21;ASES;320.33;67.27;387.6;170.24;Teléfono;2026-06-03 00:00:00
FAC5108;2026-05-06 00:00:00;36;DES;460.49;96.7;557.2;221.97;Online;2026-06-05 00:00:00
FAC5109;2026-05-22 00:00:00;62;PMO;429.71;90.24;519.95;229.17;Online;2026-06-21 00:00:00
FAC5110;2026-05-18 00:00:00;85;ASES;338.87;71.16;410.04;165.13;Online;2026-06-17 00:00:00
FAC5111;2026-05-11 00:00:00;92;DES;474.42;99.63;574.05;256.16;Teléfono;2026-06-10 00:00:00
FAC5112;2026-05-13 00:00:00;41;PMO;201.97;42.41;244.38;106.12;Teléfono;2026-06-12 00:00:00
FAC5113;2026-05-18 00:00:00;29;DES;317.54;66.68;384.22;170.07;Teléfono;2026-06-17 00:00:00
FAC5114;2026-05-04 00:00:00;107;IMP;447.33;93.94;541.27;219.21;Teléfono;2026-06-03 00:00:00
FAC5115;2026-05-03 00:00:00;45;ASES;391.09;82.13;473.22;199.0;Online;2026-06-02 00:00:00
FAC5116;2026-05-09 00:00:00;42;DES;390.59;82.02;472.61;179.47;Online;2026-06-08 00:00:00
FAC5117;2026-05-07 00:00:00;49;CONS;321.58;67.53;389.12;162.1;Online;2026-06-06 00:00:00
FAC5118;2026-05-11 00:00:00;61;CONS;352.63;74.05;426.68;164.82;Online;2026-06-10 00:00:00
FAC5119;2026-05-08 00:00:00;92;CONS;499.92;104.98;604.9;243.61;Teléfono;2026-06-07 00:00:00
FAC5120;2026-05-09 00:00:00;24;IMP;329.86;69.27;399.13;151.73;Teléfono;2026-06-08 00:00:00
FAC5121;2026-05-12 00:00:00;103;INV;562.94;118.22;681.16;286.39;Online;2026-06-11 00:00:00
FAC5122;2026-05-16 00:00:00;46;PMO;420.63;88.33;508.96;225.93;Teléfono;2026-06-15 00:00:00
FAC5123;2026-05-09 00:00:00;19;CONS;2283.02;479.43;2762.46;1234.26;Teléfono;2026-06-08 00:00:00
FAC5124;2026-05-12 00:00:00;46;LEG;430.08;90.32;520.4;226.61;Online;2026-06-11 00:00:00
FAC5125;2026-05-08 00:00:00;104;LEG;586.59;123.18;709.78;312.77;Teléfono;2026-06-07 00:00:00
FAC5126;2026-05-25 00:00:00;92;LEG;356.12;74.78;430.9;170.39;Online;2026-06-24 00:00:00
FAC5127;2026-05-07 00:00:00;83;ASES;402.53;84.53;487.07;210.0;Teléfono;2026-06-06 00:00:00
FAC5128;2026-05-23 00:00:00;74;INV;501.43;105.3;606.73;226.44;Teléfono;2026-06-22 00:00:00
FAC5129;2026-05-11 00:00:00;27;DES;559.07;117.41;676.48;304.05;Teléfono;2026-06-10 00:00:00
FAC5130;2026-05-07 00:00:00;64;PMO;295.16;61.98;357.14;145.43;Teléfono;2026-06-06 00:00:00
FAC5131;2026-05-02 00:00:00;93;IMP;444.19;93.28;537.47;227.57;Teléfono;2026-06-01 00:00:00
FAC5132;2026-05-17 00:00:00;63;IMP;437.28;91.83;529.11;237.68;Online;2026-06-16 00:00:00
FAC5133;2026-05-28 00:00:00;15;INV;505.14;106.08;611.22;231.36;Teléfono;2026-06-27 00:00:00
FAC5134;2026-05-24 00:00:00;8;CONS;391.54;82.22;473.76;184.01;Teléfono;2026-06-23 00:00:00
FAC5135;2026-05-26 00:00:00;72;DES;451.17;94.74;545.91;210.37;Online;2026-06-25 00:00:00
FAC5136;2026-05-23 00:00:00;23;DES;502.15;105.45;607.6;275.13;Online;2026-06-22 00:00:00
FAC5137;2026-05-27 00:00:00;36;CONS;382.53;80.33;462.86;181.59;Teléfono;2026-06-26 00:00:00
FAC5138;2026-06-11 00:00:00;21;DES;275.37;57.83;333.19;136.12;Online;2026-07-11 00:00:00
FAC5139;2026-06-23 00:00:00;9;DES;435.84;91.53;527.36;199.75;Online;2026-07-23 00:00:00
FAC5140;2026-06-21 00:00:00;33;IMP;388.19;81.52;469.71;193.34;Online;2026-07-21 00:00:00
FAC5141;2026-06-06 00:00:00;100;LEG;482.69;101.37;584.06;257.14;Teléfono;2026-07-06 00:00:00
FAC5142;2026-06-12 00:00:00;25;IMP;522.61;109.75;632.36;285.89;Teléfono;2026-07-12 00:00:00
FAC5143;2026-06-03 00:00:00;7;PMO;274.95;57.74;332.69;148.57;Teléfono;2026-07-03 00:00:00
FAC5144;2026-06-19 00:00:00;42;ASES;472.94;99.32;572.26;222.91;Online;2026-07-19 00:00:00
FAC5145;2026-06-16 00:00:00;50;ASES;394.84;82.92;477.76;199.33;Online;2026-07-16 00:00:00
FAC5146;2026-06-21 00:00:00;12;CONS;322.81;67.79;390.6;156.12;Teléfono;2026-07-21 00:00:00
FAC5147;2026-06-18 00:00:00;71;CONS;495.2;103.99;599.19;265.71;Teléfono;2026-07-18 00:00:00
FAC5148;2026-06-10 00:00:00;106;ASES;387.75;81.43;469.18;205.39;Teléfono;2026-07-10 00:00:00
FAC5149;2026-06-01 00:00:00;40;LEG;531.8;111.68;643.48;285.59;Teléfono;2026-07-01 00:00:00
FAC5150;2026-06-27 00:00:00;37;INV;2183.98;458.64;2642.62;1052.04;Online;2026-07-27 00:00:00
FAC5151;2026-06-21 00:00:00;63;PMO;326.74;68.62;395.35;161.57;Online;2026-07-21 00:00:00
FAC5152;2026-06-25 00:00:00;84;PMO;576.9;121.15;698.04;310.4;Online;2026-07-25 00:00:00
FAC5153;2026-06-09 00:00:00;33;DES;434.91;91.33;526.24;199.4;Online;2026-07-09 00:00:00
FAC5154;2026-06-19 00:00:00;107;INV;299.19;62.83;362.02;162.47;Online;2026-07-19 00:00:00
FAC5155;2026-06-28 00:00:00;40;CONS;443.76;93.19;536.95;241.09;Online;2026-07-28 00:00:00
FAC5156;2026-06-08 00:00:00;95;DES;402.96;84.62;487.58;220.09;Teléfono;2026-07-08 00:00:00
FAC5157;2026-06-14 00:00:00;50;INV;2233.98;469.14;2703.12;1192.22;Online;2026-07-14 00:00:00
FAC5158;2026-06-20 00:00:00;38;ASES;381.41;80.1;461.5;188.31;Teléfono;2026-07-20 00:00:00
FAC5159;2026-06-09 00:00:00;21;LEG;531.93;111.71;643.64;241.74;Teléfono;2026-07-09 00:00:00
FAC5160;2026-06-05 00:00:00;97;IMP;410.4;86.18;496.59;223.0;Online;2026-07-05 00:00:00
FAC5161;2026-06-18 00:00:00;22;IMP;301.47;63.31;364.77;154.21;Teléfono;2026-07-18 00:00:00
FAC5162;2026-06-03 00:00:00;95;CONS;314.44;66.03;380.48;141.69;Online;2026-07-03 00:00:00
FAC5163;2026-06-24 00:00:00;23;ASES;376.23;79.01;455.24;189.76;Teléfono;2026-07-24 00:00:00
FAC5164;2026-06-03 00:00:00;98;CONS;352.69;74.06;426.75;164.63;Online;2026-07-03 00:00:00
FAC5165;2026-06-06 00:00:00;52;DES;458.78;96.34;555.12;216.68;Online;2026-07-06 00:00:00
FAC5166;2026-06-07 00:00:00;6;INV;467.06;98.08;565.14;242.82;Teléfono;2026-07-07 00:00:00
FAC5167;2026-06-21 00:00:00;20;IMP;499.97;104.99;604.96;258.48;Teléfono;2026-07-21 00:00:00
FAC5168;2026-06-21 00:00:00;95;ASES;439.01;92.19;531.21;222.63;Online;2026-07-21 00:00:00
FAC5169;2026-06-20 00:00:00;39;LEG;439.02;92.19;531.21;228.16;Teléfono;2026-07-20 00:00:00
FAC5170;2026-06-07 00:00:00;56;CONS;512.41;107.61;620.02;262.73;Online;2026-07-07 00:00:00
FAC5171;2026-06-24 00:00:00;74;LEG;348.33;73.15;421.48;165.05;Teléfono;2026-07-24 00:00:00
FAC5172;2026-06-23 00:00:00;24;ASES;236.83;49.73;286.56;121.4;Teléfono;2026-07-23 00:00:00
FAC5173;2026-06-19 00:00:00;96;PMO;211.41;44.4;255.81;99.84;Teléfono;2026-07-19 00:00:00
FAC5174;2026-06-03 00:00:00;34;ASES;362.74;76.18;438.92;180.45;Online;2026-07-03 00:00:00
FAC5175;2026-06-21 00:00:00;26;CONS;241.44;50.7;292.14;109.28;Online;2026-07-21 00:00:00
FAC5176;2026-06-25 00:00:00;80;PMO;330.1;69.32;399.42;161.14;Teléfono;2026-07-25 00:00:00
FAC5177;2026-06-03 00:00:00;77;LEG;296.61;62.29;358.9;144.67;Teléfono;2026-07-03 00:00:00
FAC5178;2026-06-17 00:00:00;45;IMP;386.3;81.12;467.42;178.95;Teléfono;2026-07-17 00:00:00
FAC5179;2026-06-04 00:00:00;29;DES;444.16;93.27;537.43;207.44;Online;2026-07-04 00:00:00
FAC5180;2026-06-05 00:00:00;80;CONS;360.47;75.7;436.17;165.49;Teléfono;2026-07-05 00:00:00
FAC5181;2026-06-08 00:00:00;44;IMP;287.36;60.35;347.71;140.93;Teléfono;2026-07-08 00:00:00
FAC5182;2026-06-11 00:00:00;33;DES;464.78;97.6;562.38;218.75;Online;2026-07-11 00:00:00
FAC5183;2026-06-07 00:00:00;87;DES;436.19;91.6;527.79;214.89;Online;2026-07-07 00:00:00
FAC5184;2026-06-07 00:00:00;44;DES;277.76;58.33;336.09;142.54;Online;2026-07-07 00:00:00
FAC5185;2026-06-11 00:00:00;53;PMO;483.33;101.5;584.83;226.06;Online;2026-07-11 00:00:00
FAC5186;2026-06-07 00:00:00;66;CONS;376.33;79.03;455.37;191.43;Teléfono;2026-07-07 00:00:00
FAC5187;2026-06-20 00:00:00;15;DES;567.8;119.24;687.03;262.38;Online;2026-07-20 00:00:00
FAC5188;2026-06-10 00:00:00;1;PMO;410.73;86.25;496.98;195.49;Online;2026-07-10 00:00:00
FAC5189;2026-06-20 00:00:00;21;DES;190.83;40.08;230.91;101.33;Online;2026-07-20 00:00:00
FAC5190;2026-06-18 00:00:00;34;DES;585.16;122.88;708.04;265.48;Teléfono;2026-07-18 00:00:00
FAC5191;2026-06-10 00:00:00;98;IMP;446.12;93.69;539.81;200.81;Online;2026-07-10 00:00:00
FAC5192;2026-06-01 00:00:00;89;ASES;348.46;73.18;421.63;171.21;Teléfono;2026-07-01 00:00:00
FAC5193;2026-06-01 00:00:00;22;IMP;234.06;49.15;283.22;105.41;Teléfono;2026-07-01 00:00:00
FAC5194;2026-06-11 00:00:00;69;CONS;257.65;54.11;311.75;133.06;Teléfono;2026-07-11 00:00:00
FAC5195;2026-06-01 00:00:00;73;PMO;490.75;103.06;593.81;259.72;Teléfono;2026-07-01 00:00:00
FAC5196;2026-06-17 00:00:00;19;IMP;509.02;106.9;615.92;257.97;Online;2026-07-17 00:00:00
FAC5197;2026-06-22 00:00:00;14;CONS;352.03;73.93;425.95;172.25;Teléfono;2026-07-22 00:00:00
FAC5198;2026-06-26 00:00:00;75;PMO;2115.99;444.36;2560.34;1055.07;Teléfono;2026-07-26 00:00:00
FAC5199;2026-06-21 00:00:00;36;INV;328.68;69.02;397.7;180.54;Teléfono;2026-07-21 00:00:00
FAC5200;2026-06-02 00:00:00;86;PMO;260.69;54.74;315.43;120.38;Online;2026-07-02 00:00:00
FAC5201;2026-06-22 00:00:00;52;ASES;523.06;109.84;632.9;266.5;Online;2026-07-22 00:00:00
FAC5202;2026-06-02 00:00:00;69;ASES;329.64;69.22;398.86;173.18;Teléfono;2026-07-02 00:00:00
FAC5203;2026-06-14 00:00:00;16;CONS;474.22;99.59;573.81;220.1;Online;2026-07-14 00:00:00
FAC5204;2026-06-17 00:00:00;49;IMP;475.41;99.84;575.24;245.87;Teléfono;2026-07-17 00:00:00
FAC5205;2026-06-03 00:00:00;5;LEG;472.3;99.18;571.49;230.43;Teléfono;2026-07-03 00:00:00
FAC5206;2026-06-03 00:00:00;45;INV;479.29;100.65;579.94;245.79;Teléfono;2026-07-03 00:00:00
FAC5207;2026-06-04 00:00:00;46;CONS;166.27;34.92;201.19;80.1;Teléfono;2026-07-04 00:00:00
FAC5208;2026-06-06 00:00:00;95;INV;357.9;75.16;433.06;163.98;Teléfono;2026-07-06 00:00:00
FAC5209;2026-06-20 00:00:00;64;PMO;409.0;85.89;494.9;203.95;Teléfono;2026-07-20 00:00:00
FAC5210;2026-06-17 00:00:00;101;IMP;197.94;41.57;239.51;97.45;Online;2026-07-17 00:00:00
FAC5211;2026-06-23 00:00:00;4;INV;414.22;86.99;501.21;208.25;Online;2026-07-23 00:00:00
FAC5212;2026-06-21 00:00:00;6;INV;174.64;36.68;211.32;81.02;Online;2026-07-21 00:00:00
FAC5213;2026-06-16 00:00:00;39;DES;2478.28;520.44;2998.72;1206.21;Online;2026-07-16 00:00:00
FAC5214;2026-06-24 00:00:00;51;ASES;402.97;84.62;487.6;182.22;Online;2026-07-24 00:00:00
FAC5215;2026-06-03 00:00:00;43;ASES;494.46;103.84;598.29;247.28;Online;2026-07-03 00:00:00
FAC5216;2026-06-18 00:00:00;37;LEG;429.38;90.17;519.56;229.74;Online;2026-07-18 00:00:00
FAC5217;2026-06-08 00:00:00;107;ASES;5047.72;1060.02;6107.74;2463.43;Online;2026-07-08 00:00:00
FAC5218;2026-06-01 00:00:00;41;IMP;437.74;91.92;529.66;200.34;Teléfono;2026-07-01 00:00:00
FAC5219;2026-06-07 00:00:00;43;IMP;379.73;79.74;459.48;174.27;Teléfono;2026-07-07 00:00:00
FAC5220;2026-06-02 00:00:00;24;CONS;444.19;93.28;537.47;232.73;Online;2026-07-02 00:00:00
FAC5221;2026-06-13 00:00:00;52;CONS;417.0;87.57;504.57;189.65;Online;2026-07-13 00:00:00
FAC5222;2026-06-20 00:00:00;9;PMO;623.08;130.85;753.93;304.95;Teléfono;2026-07-20 00:00:00
FAC5223;2026-06-17 00:00:00;48;IMP;413.62;86.86;500.48;214.84;Online;2026-07-17 00:00:00
FAC5224;2026-06-19 00:00:00;15;LEG;414.4;87.02;501.43;205.37;Teléfono;2026-07-19 00:00:00
FAC5225;2026-06-26 00:00:00;46;IMP;401.81;84.38;486.19;195.63;Online;2026-07-26 00:00:00
FAC5226;2026-06-16 00:00:00;57;CONS;325.05;68.26;393.32;151.28;Teléfono;2026-07-16 00:00:00
FAC5227;2026-06-24 00:00:00;104;DES;271.44;57.0;328.44;147.74;Teléfono;2026-07-24 00:00:00
FAC5228;2026-06-19 00:00:00;87;PMO;466.65;98.0;564.65;253.26;Teléfono;2026-07-19 00:00:00
FAC5229;2026-06-04 00:00:00;39;CONS;467.38;98.15;565.53;231.27;Online;2026-07-04 00:00:00
FAC5230;2026-06-10 00:00:00;46;CONS;318.4;66.86;385.26;166.59;Teléfono;2026-07-10 00:00:00
FAC5231;2026-06-05 00:00:00;61;INV;372.87;78.3;451.18;191.71;Teléfono;2026-07-05 00:00:00
FAC5232;2026-06-13 00:00:00;42;INV;512.12;107.54;619.66;272.14;Online;2026-07-13 00:00:00
FAC5233;2026-06-26 00:00:00;63;ASES;351.32;73.78;425.1;158.75;Online;2026-07-26 00:00:00
FAC5234;2026-06-12 00:00:00;72;PMO;260.13;54.63;314.76;136.17;Teléfono;2026-07-12 00:00:00
FAC5235;2026-06-25 00:00:00;3;ASES;540.65;113.54;654.19;273.78;Online;2026-07-25 00:00:00
FAC5236;2026-06-10 00:00:00;38;IMP;489.54;102.8;592.34;266.88;Online;2026-07-10 00:00:00
FAC5237;2026-06-23 00:00:00;83;IMP;294.56;61.86;356.42;146.16;Teléfono;2026-07-23 00:00:00
FAC5238;2026-06-05 00:00:00;55;DES;434.8;91.31;526.11;202.14;Online;2026-07-05 00:00:00
FAC5239;2026-06-14 00:00:00;97;CONS;263.45;55.32;318.77;137.51;Teléfono;2026-07-14 00:00:00
FAC5240;2026-06-16 00:00:00;58;CONS;357.62;75.1;432.72;181.41;Online;2026-07-16 00:00:00
FAC5241;2026-06-25 00:00:00;62;CONS;342.93;72.01;414.94;171.15;Online;2026-07-25 00:00:00
FAC5242;2026-06-08 00:00:00;94;CONS;504.19;105.88;610.07;234.53;Online;2026-07-08 00:00:00
FAC5243;2026-06-25 00:00:00;91;DES;410.47;86.2;496.67;189.45;Teléfono;2026-07-25 00:00:00
FAC5244;2026-06-16 00:00:00;43;ASES;457.0;95.97;552.97;227.29;Teléfono;2026-07-16 00:00:00
FAC5245;2026-06-13 00:00:00;103;IMP;398.24;83.63;481.87;185.45;Teléfono;2026-07-13 00:00:00
FAC5246;2026-06-07 00:00:00;9;DES;428.99;90.09;519.08;235.89;Online;2026-07-07 00:00:00
FAC5247;2026-06-06 00:00:00;48;PMO;532.13;111.75;643.88;245.42;Teléfono;2026-07-06 00:00:00
FAC5248;2026-06-10 00:00:00;27;ASES;580.1;121.82;701.92;272.29;Online;2026-07-10 00:00:00
FAC5249;2026-06-18 00:00:00;13;CONS;544.97;114.44;659.41;260.99;Teléfono;2026-07-18 00:00:00
FAC5250;2026-06-04 00:00:00;69;ASES;369.37;77.57;446.94;171.09;Teléfono;2026-07-04 00:00:00
FAC5251;2026-06-07 00:00:00;94;DES;539.74;113.35;653.09;251.45;Teléfono;2026-07-07 00:00:00
FAC5252;2026-06-21 00:00:00;9;IMP;583.38;122.51;705.89;288.84;Online;2026-07-21 00:00:00
FAC5253;2026-06-04 00:00:00;75;PMO;331.23;69.56;400.79;155.45;Teléfono;2026-07-04 00:00:00
FAC5254;2026-06-11 00:00:00;68;ASES;368.09;77.3;445.39;192.83;Teléfono;2026-07-11 00:00:00
FAC5255;2026-06-28 00:00:00;37;PMO;308.53;64.79;373.33;151.32;Online;2026-07-28 00:00:00
FAC5256;2026-06-22 00:00:00;50;IMP;432.5;90.82;523.32;219.12;Teléfono;2026-07-22 00:00:00
FAC5257;2026-06-24 00:00:00;91;ASES;431.44;90.6;522.04;229.36;Teléfono;2026-07-24 00:00:00
FAC5258;2026-06-21 00:00:00;70;CONS;534.73;112.29;647.02;254.37;Teléfono;2026-07-21 00:00:00
FAC5259;2026-06-03 00:00:00;64;ASES;424.42;89.13;513.54;209.2;Online;2026-07-03 00:00:00
FAC5260;2026-06-26 00:00:00;38;DES;348.99;73.29;422.28;174.06;Teléfono;2026-07-26 00:00:00
FAC5261;2026-06-14 00:00:00;57;DES;340.03;71.41;411.44;153.87;Teléfono;2026-07-14 00:00:00
FAC5262;2026-06-04 00:00:00;62;IMP;444.83;93.41;538.25;205.66;Online;2026-07-04 00:00:00
FAC5263;2026-06-02 00:00:00;10;LEG;289.16;60.72;349.88;138.34;Online;2026-07-02 00:00:00
FAC5264;2026-06-22 00:00:00;49;LEG;304.98;64.05;369.03;151.62;Online;2026-07-22 00:00:00
FAC5265;2026-06-28 00:00:00;71;IMP;426.96;89.66;516.62;220.4;Online;2026-07-28 00:00:00
FAC5266;2026-06-04 00:00:00;88;ASES;352.65;74.06;426.71;181.73;Teléfono;2026-07-04 00:00:00
FAC5267;2026-06-08 00:00:00;72;PMO;291.93;61.31;353.24;143.95;Online;2026-07-08 00:00:00
FAC5268;2026-06-16 00:00:00;1;CONS;392.16;82.35;474.52;215.31;Teléfono;2026-07-16 00:00:00
FAC5269;2026-06-08 00:00:00;39;CONS;423.05;88.84;511.9;216.99;Teléfono;2026-07-08 00:00:00
FAC5270;2026-06-15 00:00:00;39;LEG;400.81;84.17;484.98;208.44;Online;2026-07-15 00:00:00
FAC5271;2026-06-14 00:00:00;27;CONS;407.82;85.64;493.46;224.23;Teléfono;2026-07-14 00:00:00
FAC5272;2026-06-12 00:00:00;46;PMO;145.0;30.45;175.45;65.9;Online;2026-07-12 00:00:00
FAC5273;2026-06-09 00:00:00;99;DES;438.6;92.11;530.71;205.82;Online;2026-07-09 00:00:00
FAC5274;2026-06-09 00:00:00;81;CONS;461.97;97.01;558.99;243.71;Teléfono;2026-07-09 00:00:00
FAC5275;2026-06-23 00:00:00;59;PMO;375.15;78.78;453.93;192.29;Teléfono;2026-07-23 00:00:00
FAC5276;2026-06-01 00:00:00;67;DES;420.18;88.24;508.42;214.92;Online;2026-07-01 00:00:00
FAC5277;2026-06-13 00:00:00;91;LEG;490.33;102.97;593.31;240.01;Online;2026-07-13 00:00:00
FAC5278;2026-06-22 00:00:00;103;LEG;298.59;62.7;361.29;135.43;Online;2026-07-22 00:00:00
FAC5279;2026-06-20 00:00:00;77;INV;319.78;67.15;386.94;172.11;Teléfono;2026-07-20 00:00:00
FAC5280;2026-06-24 00:00:00;94;CONS;280.88;58.98;339.86;144.59;Teléfono;2026-07-24 00:00:00
FAC5281;2026-06-15 00:00:00;55;DES;289.64;60.82;350.47;145.62;Teléfono;2026-07-15 00:00:00
FAC5282;2026-06-14 00:00:00;84;PMO;270.51;56.81;327.31;138.45;Teléfono;2026-07-14 00:00:00
FAC5283;2026-06-06 00:00:00;101;PMO;545.89;114.64;660.53;299.75;Teléfono;2026-07-06 00:00:00
FAC5284;2026-07-01 00:00:00;53;INV;485.94;102.05;587.99;255.37;Teléfono;2026-07-31 00:00:00
FAC5285;2026-07-23 00:00:00;88;LEG;1406.98;295.47;1702.45;663.85;Online;2026-08-22 00:00:00
FAC5286;2026-07-01 00:00:00;4;ASES;370.6;77.83;448.43;181.64;Teléfono;2026-07-31 00:00:00
FAC5287;2026-07-28 00:00:00;68;INV;428.49;89.98;518.47;201.33;Teléfono;2026-08-27 00:00:00
FAC5288;2026-07-16 00:00:00;98;IMP;1121.41;235.5;1356.91;578.32;Online;2026-08-15 00:00:00
FAC5289;2026-07-25 00:00:00;81;DES;6604.12;1386.87;7990.99;3031.16;Online;2026-08-24 00:00:00
FAC5290;2026-07-11 00:00:00;93;ASES;570.4;119.78;690.19;298.2;Online;2026-08-10 00:00:00
FAC5291;2026-07-23 00:00:00;29;LEG;427.24;89.72;516.96;192.45;Online;2026-08-22 00:00:00
FAC5292;2026-07-19 00:00:00;83;IMP;655.96;137.75;793.71;356.23;Online;2026-08-18 00:00:00
FAC5293;2026-07-10 00:00:00;16;ASES;357.06;74.98;432.05;169.73;Teléfono;2026-08-09 00:00:00
FAC5294;2026-07-05 00:00:00;101;DES;403.31;84.7;488.01;200.69;Online;2026-08-04 00:00:00
FAC5295;2026-07-02 00:00:00;73;INV;578.46;121.48;699.94;296.45;Teléfono;2026-08-01 00:00:00
FAC5296;2026-07-04 00:00:00;20;IMP;479.98;100.79;580.77;261.6;Online;2026-08-03 00:00:00
FAC5297;2026-07-07 00:00:00;13;IMP;386.44;81.15;467.59;176.26;Teléfono;2026-08-06 00:00:00
FAC5298;2026-07-26 00:00:00;12;IMP;2401.56;504.33;2905.89;1116.18;Online;2026-08-25 00:00:00
FAC5299;2026-07-10 00:00:00;88;DES;501.32;105.28;606.6;228.55;Teléfono;2026-08-09 00:00:00
FAC5300;2026-07-03 00:00:00;5;ASES;323.55;67.94;391.49;167.19;Online;2026-08-02 00:00:00
FAC5301;2026-07-27 00:00:00;65;PMO;464.59;97.56;562.16;242.35;Teléfono;2026-08-26 00:00:00
FAC5302;2026-07-09 00:00:00;12;CONS;415.87;87.33;503.2;200.79;Teléfono;2026-08-08 00:00:00
FAC5303;2026-07-28 00:00:00;106;DES;360.39;75.68;436.07;195.03;Online;2026-08-27 00:00:00
FAC5304;2026-07-01 00:00:00;77;INV;296.97;62.36;359.33;144.11;Online;2026-07-31 00:00:00
FAC5305;2026-07-09 00:00:00;95;DES;420.46;88.3;508.76;189.89;Teléfono;2026-08-08 00:00:00
FAC5306;2026-07-27 00:00:00;3;INV;342.57;71.94;414.51;171.48;Teléfono;2026-08-26 00:00:00
FAC5307;2026-07-01 00:00:00;49;ASES;500.47;105.1;605.57;227.54;Online;2026-07-31 00:00:00
FAC5308;2026-07-16 00:00:00;10;LEG;424.6;89.17;513.77;194.41;Teléfono;2026-08-15 00:00:00
FAC5309;2026-07-24 00:00:00;53;LEG;427.15;89.7;516.85;199.98;Teléfono;2026-08-23 00:00:00
FAC5310;2026-07-25 00:00:00;39;INV;468.9;98.47;567.37;222.15;Teléfono;2026-08-24 00:00:00
FAC5311;2026-07-21 00:00:00;68;INV;485.87;102.03;587.9;266.48;Online;2026-08-20 00:00:00
FAC5312;2026-07-03 00:00:00;35;ASES;385.25;80.9;466.15;201.15;Teléfono;2026-08-02 00:00:00
FAC5313;2026-07-16 00:00:00;52;ASES;347.81;73.04;420.85;188.09;Online;2026-08-15 00:00:00
FAC5314;2026-07-24 00:00:00;67;INV;436.54;91.67;528.21;214.87;Online;2026-08-23 00:00:00
FAC5315;2026-07-21 00:00:00;71;PMO;469.0;98.49;567.49;231.67;Teléfono;2026-08-20 00:00:00
FAC5316;2026-07-20 00:00:00;77;LEG;388.92;81.67;470.59;201.84;Teléfono;2026-08-19 00:00:00
FAC5317;2026-07-22 00:00:00;38;ASES;328.54;68.99;397.53;150.37;Teléfono;2026-08-21 00:00:00
FAC5318;2026-07-01 00:00:00;88;LEG;338.67;71.12;409.8;154.63;Online;2026-07-31 00:00:00
FAC5319;2026-07-03 00:00:00;70;DES;366.11;76.88;442.99;170.77;Online;2026-08-02 00:00:00
FAC5320;2026-07-01 00:00:00;105;INV;476.54;100.07;576.62;235.85;Teléfono;2026-07-31 00:00:00
FAC5321;2026-07-04 00:00:00;10;CONS;515.61;108.28;623.89;241.95;Teléfono;2026-08-03 00:00:00
FAC5322;2026-07-09 00:00:00;34;ASES;606.69;127.41;734.1;321.52;Online;2026-08-08 00:00:00
FAC5323;2026-07-08 00:00:00;102;IMP;423.89;89.02;512.9;194.96;Teléfono;2026-08-07 00:00:00
FAC5324;2026-07-06 00:00:00;105;CONS;268.12;56.31;324.43;138.89;Online;2026-08-05 00:00:00
FAC5325;2026-07-07 00:00:00;59;CONS;354.57;74.46;429.03;194.42;Online;2026-08-06 00:00:00
FAC5326;2026-07-28 00:00:00;88;ASES;374.82;78.71;453.54;180.47;Teléfono;2026-08-27 00:00:00
FAC5327;2026-07-09 00:00:00;14;INV;376.16;78.99;455.15;197.3;Teléfono;2026-08-08 00:00:00
FAC5328;2026-07-08 00:00:00;103;DES;419.7;88.14;507.84;208.31;Online;2026-08-07 00:00:00
FAC5329;2026-07-23 00:00:00;42;IMP;350.24;73.55;423.79;182.8;Online;2026-08-22 00:00:00
FAC5330;2026-07-26 00:00:00;37;ASES;544.68;114.38;659.07;280.97;Online;2026-08-25 00:00:00
FAC5331;2026-07-20 00:00:00;42;LEG;424.4;89.12;513.52;212.73;Online;2026-08-19 00:00:00
FAC5332;2026-07-22 00:00:00;92;PMO;364.01;76.44;440.45;189.99;Teléfono;2026-08-21 00:00:00
FAC5333;2026-07-10 00:00:00;40;CONS;387.88;81.46;469.34;178.03;Online;2026-08-09 00:00:00
FAC5334;2026-07-04 00:00:00;65;CONS;390.62;82.03;472.64;190.3;Teléfono;2026-08-03 00:00:00
FAC5335;2026-07-08 00:00:00;63;PMO;480.27;100.86;581.13;223.22;Online;2026-08-07 00:00:00
FAC5336;2026-07-19 00:00:00;71;DES;373.57;78.45;452.02;188.08;Teléfono;2026-08-18 00:00:00
FAC5337;2026-07-10 00:00:00;41;PMO;383.61;80.56;464.16;205.58;Online;2026-08-09 00:00:00
FAC5338;2026-07-21 00:00:00;5;CONS;523.99;110.04;634.03;252.71;Teléfono;2026-08-20 00:00:00
FAC5339;2026-07-06 00:00:00;17;ASES;472.0;99.12;571.12;247.19;Online;2026-08-05 00:00:00
FAC5340;2026-07-15 00:00:00;28;IMP;400.51;84.11;484.62;194.8;Online;2026-08-14 00:00:00
FAC5341;2026-07-24 00:00:00;85;ASES;552.71;116.07;668.78;259.94;Online;2026-08-23 00:00:00
FAC5342;2026-07-02 00:00:00;39;DES;403.05;84.64;487.69;215.81;Online;2026-08-01 00:00:00
FAC5343;2026-07-14 00:00:00;36;ASES;558.07;117.2;675.27;265.43;Teléfono;2026-08-13 00:00:00
FAC5344;2026-07-19 00:00:00;67;PMO;401.28;84.27;485.55;186.83;Online;2026-08-18 00:00:00
FAC5345;2026-07-13 00:00:00;74;DES;283.15;59.46;342.61;144.65;Online;2026-08-12 00:00:00
FAC5346;2026-07-25 00:00:00;27;INV;443.64;93.16;536.81;231.14;Online;2026-08-24 00:00:00
FAC5347;2026-07-10 00:00:00;51;CONS;500.38;105.08;605.46;236.14;Online;2026-08-09 00:00:00
FAC5348;2026-07-01 00:00:00;61;IMP;404.13;84.87;489.0;197.15;Online;2026-07-31 00:00:00
FAC5349;2026-07-22 00:00:00;14;INV;455.5;95.65;551.15;219.18;Online;2026-08-21 00:00:00
FAC5350;2026-07-01 00:00:00;25;LEG;236.47;49.66;286.13;114.76;Online;2026-07-31 00:00:00
FAC5351;2026-07-10 00:00:00;77;DES;535.6;112.48;648.08;244.42;Teléfono;2026-08-09 00:00:00
FAC5352;2026-07-27 00:00:00;79;CONS;518.29;108.84;627.13;258.61;Teléfono;2026-08-26 00:00:00
FAC5353;2026-07-04 00:00:00;58;CONS;245.55;51.57;297.12;110.81;Online;2026-08-03 00:00:00
FAC5354;2026-07-05 00:00:00;3;PMO;418.28;87.84;506.12;216.94;Teléfono;2026-08-04 00:00:00
FAC5355;2026-07-15 00:00:00;100;LEG;322.14;67.65;389.79;168.37;Online;2026-08-14 00:00:00
FAC5356;2026-07-21 00:00:00;64;LEG;532.12;111.75;643.87;263.55;Online;2026-08-20 00:00:00
FAC5357;2026-07-27 00:00:00;53;INV;238.61;50.11;288.72;129.22;Online;2026-08-26 00:00:00
FAC5358;2026-07-20 00:00:00;82;CONS;280.14;58.83;338.97;141.72;Online;2026-08-19 00:00:00
FAC5359;2026-07-05 00:00:00;98;PMO;382.51;80.33;462.83;199.02;Online;2026-08-04 00:00:00
FAC5360;2026-07-21 00:00:00;22;DES;301.66;63.35;365.0;147.03;Online;2026-08-20 00:00:00
FAC5361;2026-07-27 00:00:00;54;LEG;431.57;90.63;522.2;226.97;Online;2026-08-26 00:00:00
FAC5362;2026-07-11 00:00:00;75;IMP;393.24;82.58;475.82;201.66;Teléfono;2026-08-10 00:00:00
FAC5363;2026-07-20 00:00:00;57;DES;423.6;88.96;512.55;222.37;Teléfono;2026-08-19 00:00:00
FAC5364;2026-07-03 00:00:00;71;CONS;433.65;91.07;524.71;238.4;Online;2026-08-02 00:00:00
FAC5365;2026-07-18 00:00:00;61;DES;327.67;68.81;396.48;179.88;Teléfono;2026-08-17 00:00:00
FAC5366;2026-07-14 00:00:00;54;IMP;457.47;96.07;553.54;245.19;Online;2026-08-13 00:00:00
FAC5367;2026-07-23 00:00:00;32;PMO;474.69;99.69;574.38;233.11;Teléfono;2026-08-22 00:00:00
FAC5368;2026-07-13 00:00:00;36;DES;285.55;59.97;345.52;139.97;Online;2026-08-12 00:00:00
FAC5369;2026-07-01 00:00:00;10;PMO;379.05;79.6;458.65;201.41;Teléfono;2026-07-31 00:00:00
FAC5370;2026-07-19 00:00:00;34;INV;201.62;42.34;243.96;105.1;Teléfono;2026-08-18 00:00:00
FAC5371;2026-07-23 00:00:00;38;PMO;347.98;73.08;421.05;167.56;Teléfono;2026-08-22 00:00:00
FAC5372;2026-07-23 00:00:00;22;LEG;359.52;75.5;435.02;177.52;Teléfono;2026-08-22 00:00:00
FAC5373;2026-07-08 00:00:00;34;CONS;596.99;125.37;722.36;273.96;Online;2026-08-07 00:00:00
FAC5374;2026-07-22 00:00:00;85;ASES;445.26;93.51;538.77;235.11;Online;2026-08-21 00:00:00
FAC5375;2026-07-16 00:00:00;53;PMO;418.93;87.98;506.91;223.55;Online;2026-08-15 00:00:00
FAC5376;2026-07-04 00:00:00;61;PMO;314.97;66.14;381.11;164.57;Online;2026-08-03 00:00:00
FAC5377;2026-07-22 00:00:00;22;INV;360.11;75.62;435.74;187.84;Teléfono;2026-08-21 00:00:00
FAC5378;2026-07-18 00:00:00;20;ASES;330.71;69.45;400.15;172.6;Online;2026-08-17 00:00:00
FAC5379;2026-07-19 00:00:00;79;ASES;457.66;96.11;553.76;219.63;Online;2026-08-18 00:00:00
FAC5380;2026-07-13 00:00:00;13;PMO;307.39;64.55;371.95;155.14;Teléfono;2026-08-12 00:00:00
FAC5381;2026-07-14 00:00:00;31;IMP;276.81;58.13;334.95;124.82;Online;2026-08-13 00:00:00
FAC5382;2026-07-23 00:00:00;104;LEG;248.16;52.11;300.27;130.88;Teléfono;2026-08-22 00:00:00
FAC5383;2026-07-21 00:00:00;99;PMO;565.19;118.69;683.88;271.65;Teléfono;2026-08-20 00:00:00
FAC5384;2026-07-04 00:00:00;70;IMP;346.44;72.75;419.19;163.24;Online;2026-08-03 00:00:00
FAC5385;2026-07-06 00:00:00;99;ASES;432.01;90.72;522.73;213.38;Teléfono;2026-08-05 00:00:00
FAC5386;2026-07-26 00:00:00;64;ASES;415.84;87.33;503.17;188.32;Teléfono;2026-08-25 00:00:00
FAC5387;2026-07-14 00:00:00;31;DES;614.05;128.95;743.0;291.45;Teléfono;2026-08-13 00:00:00
FAC5388;2026-07-03 00:00:00;71;INV;501.15;105.24;606.39;234.39;Teléfono;2026-08-02 00:00:00
FAC5389;2026-07-21 00:00:00;47;IMP;492.01;103.32;595.34;268.69;Teléfono;2026-08-20 00:00:00
FAC5390;2026-07-03 00:00:00;24;LEG;625.93;131.44;757.37;344.12;Teléfono;2026-08-02 00:00:00
FAC5391;2026-07-03 00:00:00;42;PMO;481.48;101.11;582.59;248.48;Teléfono;2026-08-02 00:00:00
FAC5392;2026-07-17 00:00:00;103;PMO;443.86;93.21;537.07;216.45;Teléfono;2026-08-16 00:00:00
FAC5393;2026-07-19 00:00:00;107;IMP;465.27;97.71;562.98;243.08;Online;2026-08-18 00:00:00
FAC5394;2026-07-07 00:00:00;59;DES;416.68;87.5;504.18;206.85;Teléfono;2026-08-06 00:00:00
FAC5395;2026-07-01 00:00:00;50;ASES;598.52;125.69;724.21;313.96;Teléfono;2026-07-31 00:00:00
FAC5396;2026-07-26 00:00:00;82;PMO;1578.34;331.45;1909.8;764.43;Teléfono;2026-08-25 00:00:00
FAC5397;2026-07-25 00:00:00;46;LEG;384.01;80.64;464.65;209.54;Teléfono;2026-08-24 00:00:00
FAC5398;2026-07-17 00:00:00;4;IMP;348.09;73.1;421.19;188.73;Online;2026-08-16 00:00:00
FAC5399;2026-07-08 00:00:00;60;PMO;1431.75;300.67;1732.42;648.67;Teléfono;2026-08-07 00:00:00
FAC5400;2026-07-19 00:00:00;86;PMO;306.38;64.34;370.71;160.1;Online;2026-08-18 00:00:00
FAC5401;2026-07-04 00:00:00;72;LEG;609.03;127.9;736.93;297.69;Online;2026-08-03 00:00:00
FAC5402;2026-07-02 00:00:00;67;PMO;484.7;101.79;586.48;239.88;Teléfono;2026-08-01 00:00:00
FAC5403;2026-07-10 00:00:00;98;INV;412.73;86.67;499.4;197.9;Online;2026-08-09 00:00:00
FAC5404;2026-07-20 00:00:00;94;CONS;553.47;116.23;669.69;250.8;Teléfono;2026-08-19 00:00:00
FAC5405;2026-07-18 00:00:00;18;ASES;458.31;96.25;554.56;221.73;Teléfono;2026-08-17 00:00:00
FAC5406;2026-07-17 00:00:00;19;PMO;221.67;46.55;268.22;116.28;Teléfono;2026-08-16 00:00:00
FAC5407;2026-07-24 00:00:00;93;DES;468.11;98.3;566.42;218.12;Online;2026-08-23 00:00:00
FAC5408;2026-07-25 00:00:00;64;CONS;396.94;83.36;480.3;202.23;Teléfono;2026-08-24 00:00:00
FAC5409;2026-07-27 00:00:00;4;CONS;422.46;88.72;511.18;195.46;Online;2026-08-26 00:00:00
FAC5410;2026-07-18 00:00:00;83;LEG;373.19;78.37;451.57;183.7;Teléfono;2026-08-17 00:00:00
FAC5411;2026-07-24 00:00:00;75;LEG;521.93;109.6;631.53;246.0;Teléfono;2026-08-23 00:00:00
FAC5412;2026-07-26 00:00:00;97;IMP;313.46;65.83;379.29;149.26;Online;2026-08-25 00:00:00
FAC5413;2026-07-22 00:00:00;67;INV;398.42;83.67;482.09;199.4;Online;2026-08-21 00:00:00
FAC5414;2026-07-20 00:00:00;76;LEG;480.94;101.0;581.93;242.17;Teléfono;2026-08-19 00:00:00
FAC5415;2026-07-03 00:00:00;82;IMP;429.6;90.22;519.82;224.56;Teléfono;2026-08-02 00:00:00
FAC5416;2026-07-16 00:00:00;86;LEG;416.6;87.49;504.09;214.42;Teléfono;2026-08-15 00:00:00
FAC5417;2026-07-18 00:00:00;2;PMO;1407.09;295.49;1702.57;736.08;Teléfono;2026-08-17 00:00:00
FAC5418;2026-07-07 00:00:00;72;CONS;499.65;104.93;604.57;232.87;Online;2026-08-06 00:00:00
FAC5419;2026-07-19 00:00:00;90;INV;1605.15;337.08;1942.23;877.42;Teléfono;2026-08-18 00:00:00
FAC5420;2026-07-09 00:00:00;9;PMO;386.58;81.18;467.77;174.85;Online;2026-08-08 00:00:00
FAC5421;2026-07-02 00:00:00;69;INV;312.74;65.68;378.42;145.79;Online;2026-08-01 00:00:00
FAC5422;2026-07-02 00:00:00;37;LEG;1612.78;338.68;1951.47;827.33;Online;2026-08-01 00:00:00
FAC5423;2026-07-18 00:00:00;69;INV;371.71;78.06;449.77;182.52;Online;2026-08-17 00:00:00
FAC5424;2026-07-26 00:00:00;22;DES;351.33;73.78;425.11;181.54;Teléfono;2026-08-25 00:00:00
FAC5425;2026-07-28 00:00:00;53;ASES;551.09;115.73;666.82;275.23;Teléfono;2026-08-27 00:00:00
FAC5426;2026-07-01 00:00:00;70;CONS;395.36;83.03;478.39;198.21;Teléfono;2026-07-31 00:00:00
FAC5427;2026-07-13 00:00:00;63;ASES;442.97;93.02;535.99;224.4;Online;2026-08-12 00:00:00
FAC5428;2026-07-26 00:00:00;16;PMO;589.4;123.77;713.17;269.24;Teléfono;2026-08-25 00:00:00
FAC5429;2026-07-27 00:00:00;105;PMO;343.0;72.03;415.03;182.37;Online;2026-08-26 00:00:00
FAC5430;2026-08-05 00:00:00;33;CONS;440.26;92.45;532.71;232.07;Online;2026-09-04 00:00:00
FAC5431;2026-08-15 00:00:00;23;IMP;336.2;70.6;406.8;165.09;Online;2026-09-14 00:00:00
FAC5432;2026-08-28 00:00:00;67;DES;428.24;89.93;518.16;220.3;Online;2026-09-27 00:00:00
FAC5433;2026-08-23 00:00:00;10;INV;670.26;140.75;811.02;310.63;Online;2026-09-22 00:00:00
FAC5434;2026-08-07 00:00:00;57;PMO;182.39;38.3;220.69;84.65;Teléfono;2026-09-06 00:00:00
FAC5435;2026-08-21 00:00:00;5;INV;1317.83;276.74;1594.57;663.71;Online;2026-09-20 00:00:00
FAC5436;2026-08-20 00:00:00;53;LEG;308.75;64.84;373.59;146.86;Online;2026-09-19 00:00:00
FAC5437;2026-08-24 00:00:00;30;IMP;318.41;66.87;385.28;169.47;Online;2026-09-23 00:00:00
FAC5438;2026-08-23 00:00:00;86;ASES;394.38;82.82;477.19;180.82;Online;2026-09-22 00:00:00
FAC5439;2026-08-15 00:00:00;104;LEG;293.33;61.6;354.93;138.67;Teléfono;2026-09-14 00:00:00
FAC5440;2026-08-12 00:00:00;12;IMP;391.63;82.24;473.87;209.86;Online;2026-09-11 00:00:00
FAC5441;2026-08-10 00:00:00;44;DES;405.57;85.17;490.74;188.3;Teléfono;2026-09-09 00:00:00
FAC5442;2026-08-05 00:00:00;75;INV;354.12;74.37;428.49;168.05;Teléfono;2026-09-04 00:00:00
FAC5443;2026-08-27 00:00:00;101;CONS;641.94;134.81;776.75;311.07;Teléfono;2026-09-26 00:00:00
FAC5444;2026-08-28 00:00:00;40;CONS;443.51;93.14;536.65;219.55;Teléfono;2026-09-27 00:00:00
FAC5445;2026-08-04 00:00:00;82;ASES;415.94;87.35;503.29;210.71;Online;2026-09-03 00:00:00
FAC5446;2026-08-12 00:00:00;90;INV;469.88;98.68;568.56;240.0;Teléfono;2026-09-11 00:00:00
FAC5447;2026-08-17 00:00:00;24;INV;349.27;73.35;422.61;162.36;Online;2026-09-16 00:00:00
FAC5448;2026-08-27 00:00:00;60;IMP;310.29;65.16;375.45;146.62;Online;2026-09-26 00:00:00
FAC5449;2026-08-28 00:00:00;12;IMP;485.46;101.95;587.41;220.81;Teléfono;2026-09-27 00:00:00
FAC5450;2026-08-04 00:00:00;40;IMP;540.75;113.56;654.31;280.25;Online;2026-09-03 00:00:00
FAC5451;2026-08-27 00:00:00;41;LEG;305.58;64.17;369.76;150.9;Online;2026-09-26 00:00:00
FAC5452;2026-08-12 00:00:00;22;PMO;319.29;67.05;386.34;172.27;Teléfono;2026-09-11 00:00:00
FAC5453;2026-08-04 00:00:00;28;INV;427.75;89.83;517.57;201.06;Online;2026-09-03 00:00:00
FAC5454;2026-08-16 00:00:00;17;DES;430.52;90.41;520.93;233.51;Teléfono;2026-09-15 00:00:00
FAC5455;2026-08-22 00:00:00;67;ASES;323.35;67.9;391.26;176.92;Online;2026-09-21 00:00:00
FAC5456;2026-08-13 00:00:00;60;CONS;476.01;99.96;575.97;232.3;Teléfono;2026-09-12 00:00:00
FAC5457;2026-08-02 00:00:00;64;ASES;175.51;36.86;212.37;79.77;Teléfono;2026-09-01 00:00:00
FAC5458;2026-08-04 00:00:00;95;INV;434.44;91.23;525.68;235.87;Online;2026-09-03 00:00:00
FAC5459;2026-08-26 00:00:00;10;ASES;518.12;108.81;626.93;280.43;Online;2026-09-25 00:00:00
FAC5460;2026-08-18 00:00:00;37;IMP;497.21;104.41;601.63;251.54;Teléfono;2026-09-17 00:00:00
FAC5461;2026-08-18 00:00:00;16;LEG;515.2;108.19;623.39;263.03;Teléfono;2026-09-17 00:00:00
FAC5462;2026-08-21 00:00:00;3;DES;306.71;64.41;371.11;141.98;Online;2026-09-20 00:00:00
FAC5463;2026-08-18 00:00:00;46;IMP;337.22;70.82;408.04;162.01;Teléfono;2026-09-17 00:00:00
FAC5464;2026-08-08 00:00:00;91;PMO;467.22;98.12;565.33;252.39;Online;2026-09-07 00:00:00
FAC5465;2026-08-14 00:00:00;44;INV;482.75;101.38;584.13;250.48;Teléfono;2026-09-13 00:00:00
FAC5466;2026-08-13 00:00:00;4;IMP;430.6;90.43;521.02;201.96;Teléfono;2026-09-12 00:00:00
FAC5467;2026-08-08 00:00:00;2;DES;529.6;111.22;640.82;272.55;Teléfono;2026-09-07 00:00:00
FAC5468;2026-08-05 00:00:00;28;LEG;486.24;102.11;588.35;220.92;Online;2026-09-04 00:00:00
FAC5469;2026-08-23 00:00:00;91;PMO;361.52;75.92;437.44;182.6;Teléfono;2026-09-22 00:00:00
FAC5470;2026-08-19 00:00:00;64;CONS;290.53;61.01;351.54;156.06;Teléfono;2026-09-18 00:00:00
FAC5471;2026-08-16 00:00:00;72;LEG;1546.49;324.76;1871.25;827.31;Online;2026-09-15 00:00:00
FAC5472;2026-08-25 00:00:00;49;ASES;402.16;84.45;486.62;188.01;Online;2026-09-24 00:00:00
FAC5473;2026-08-16 00:00:00;9;ASES;385.84;81.03;466.87;193.91;Online;2026-09-15 00:00:00
FAC5474;2026-08-12 00:00:00;13;PMO;577.06;121.18;698.25;297.11;Teléfono;2026-09-11 00:00:00
FAC5475;2026-08-27 00:00:00;85;IMP;524.56;110.16;634.72;257.41;Teléfono;2026-09-26 00:00:00
FAC5476;2026-08-01 00:00:00;89;CONS;446.64;93.79;540.43;214.92;Online;2026-08-31 00:00:00
FAC5477;2026-08-01 00:00:00;103;INV;371.88;78.09;449.98;201.38;Online;2026-08-31 00:00:00
FAC5478;2026-08-20 00:00:00;78;ASES;374.09;78.56;452.65;175.5;Online;2026-09-19 00:00:00
FAC5479;2026-08-25 00:00:00;68;LEG;480.44;100.89;581.33;243.1;Online;2026-09-24 00:00:00
FAC5480;2026-08-16 00:00:00;26;ASES;390.41;81.99;472.4;182.75;Teléfono;2026-09-15 00:00:00
FAC5481;2026-08-08 00:00:00;69;IMP;437.63;91.9;529.54;229.4;Teléfono;2026-09-07 00:00:00
FAC5482;2026-08-16 00:00:00;28;ASES;460.64;96.73;557.38;211.12;Online;2026-09-15 00:00:00
FAC5483;2026-08-17 00:00:00;82;DES;487.97;102.47;590.45;246.5;Teléfono;2026-09-16 00:00:00
FAC5484;2026-08-07 00:00:00;106;LEG;1657.7;348.12;2005.82;866.79;Online;2026-09-06 00:00:00
FAC5485;2026-08-25 00:00:00;31;ASES;2478.5;520.48;2998.98;1358.33;Teléfono;2026-09-24 00:00:00
FAC5486;2026-08-26 00:00:00;80;PMO;310.1;65.12;375.22;142.2;Online;2026-09-25 00:00:00
FAC5487;2026-08-07 00:00:00;91;LEG;351.46;73.81;425.27;188.37;Teléfono;2026-09-06 00:00:00
FAC5488;2026-08-16 00:00:00;29;PMO;374.83;78.71;453.55;182.91;Online;2026-09-15 00:00:00
FAC5489;2026-08-26 00:00:00;41;DES;459.21;96.43;555.64;215.42;Teléfono;2026-09-25 00:00:00
FAC5490;2026-08-15 00:00:00;104;INV;462.3;97.08;559.38;235.33;Online;2026-09-14 00:00:00
FAC5491;2026-08-04 00:00:00;9;PMO;445.06;93.46;538.52;240.82;Teléfono;2026-09-03 00:00:00
FAC5492;2026-08-23 00:00:00;26;CONS;377.55;79.29;456.84;174.38;Teléfono;2026-09-22 00:00:00
FAC5493;2026-08-24 00:00:00;97;ASES;390.6;82.03;472.62;204.77;Online;2026-09-23 00:00:00
FAC5494;2026-08-04 00:00:00;86;DES;396.12;83.18;479.3;186.61;Online;2026-09-03 00:00:00
FAC5495;2026-08-21 00:00:00;13;INV;2352.47;494.02;2846.48;1186.97;Teléfono;2026-09-20 00:00:00
FAC5496;2026-08-01 00:00:00;90;CONS;482.7;101.37;584.07;260.8;Teléfono;2026-08-31 00:00:00
FAC5497;2026-08-08 00:00:00;39;CONS;358.79;75.34;434.13;189.65;Teléfono;2026-09-07 00:00:00
FAC5498;2026-08-25 00:00:00;77;ASES;569.97;119.69;689.67;300.81;Teléfono;2026-09-24 00:00:00
FAC5499;2026-08-17 00:00:00;33;LEG;456.34;95.83;552.17;213.22;Teléfono;2026-09-16 00:00:00
FAC5500;2026-08-14 00:00:00;15;DES;452.19;94.96;547.15;211.84;Teléfono;2026-09-13 00:00:00
FAC5501;2026-08-17 00:00:00;4;LEG;372.13;78.15;450.28;185.84;Teléfono;2026-09-16 00:00:00
FAC5502;2026-08-26 00:00:00;47;PMO;415.56;87.27;502.83;226.45;Online;2026-09-25 00:00:00
FAC5503;2026-08-15 00:00:00;17;CONS;398.72;83.73;482.45;186.23;Online;2026-09-14 00:00:00
FAC5504;2026-08-23 00:00:00;105;DES;360.72;75.75;436.48;195.81;Online;2026-09-22 00:00:00
FAC5505;2026-08-08 00:00:00;16;LEG;249.82;52.46;302.28;129.23;Online;2026-09-07 00:00:00
FAC5506;2026-08-03 00:00:00;80;ASES;373.4;78.41;451.81;196.89;Online;2026-09-02 00:00:00
FAC5507;2026-08-19 00:00:00;22;IMP;333.61;70.06;403.67;179.8;Teléfono;2026-09-18 00:00:00
FAC5508;2026-08-19 00:00:00;24;ASES;360.87;75.78;436.66;173.92;Online;2026-09-18 00:00:00
FAC5509;2026-08-05 00:00:00;44;PMO;311.11;65.33;376.44;149.29;Teléfono;2026-09-04 00:00:00
FAC5510;2026-08-25 00:00:00;61;CONS;404.64;84.97;489.61;191.78;Teléfono;2026-09-24 00:00:00
FAC5511;2026-08-18 00:00:00;71;LEG;267.14;56.1;323.23;126.68;Online;2026-09-17 00:00:00
FAC5512;2026-08-26 00:00:00;81;DES;276.79;58.13;334.91;133.74;Teléfono;2026-09-25 00:00:00
FAC5513;2026-08-06 00:00:00;50;ASES;547.3;114.93;662.24;299.35;Teléfono;2026-09-05 00:00:00
FAC5514;2026-08-09 00:00:00;35;CONS;535.34;112.42;647.77;250.97;Online;2026-09-08 00:00:00
FAC5515;2026-08-04 00:00:00;101;IMP;554.73;116.49;671.23;269.69;Teléfono;2026-09-03 00:00:00
FAC5516;2026-08-20 00:00:00;87;PMO;542.97;114.02;657.0;255.97;Online;2026-09-19 00:00:00
FAC5517;2026-08-18 00:00:00;79;LEG;425.53;89.36;514.9;223.46;Online;2026-09-17 00:00:00
FAC5518;2026-08-19 00:00:00;88;ASES;347.18;72.91;420.08;160.87;Online;2026-09-18 00:00:00
FAC5519;2026-08-18 00:00:00;98;LEG;2319.69;487.14;2806.83;1147.01;Teléfono;2026-09-17 00:00:00
FAC5520;2026-08-08 00:00:00;70;CONS;385.24;80.9;466.14;210.03;Teléfono;2026-09-07 00:00:00
FAC5521;2026-08-02 00:00:00;103;ASES;472.25;99.17;571.42;229.9;Online;2026-09-01 00:00:00
FAC5522;2026-08-27 00:00:00;54;IMP;368.33;77.35;445.68;192.26;Teléfono;2026-09-26 00:00:00
FAC5523;2026-08-18 00:00:00;69;DES;378.56;79.5;458.06;178.9;Online;2026-09-17 00:00:00
FAC5524;2026-08-24 00:00:00;107;CONS;339.96;71.39;411.35;164.3;Online;2026-09-23 00:00:00
FAC5525;2026-08-24 00:00:00;102;IMP;443.55;93.14;536.69;224.5;Online;2026-09-23 00:00:00
FAC5526;2026-08-27 00:00:00;51;ASES;372.74;78.28;451.02;194.8;Teléfono;2026-09-26 00:00:00
FAC5527;2026-08-16 00:00:00;14;DES;233.22;48.98;282.2;120.64;Teléfono;2026-09-15 00:00:00
FAC5528;2026-08-11 00:00:00;7;ASES;404.11;84.86;488.97;185.02;Teléfono;2026-09-10 00:00:00
FAC5529;2026-08-02 00:00:00;37;LEG;384.83;80.82;465.65;181.77;Online;2026-09-01 00:00:00
FAC5530;2026-08-20 00:00:00;33;PMO;478.41;100.47;578.88;224.19;Online;2026-09-19 00:00:00
FAC5531;2026-08-15 00:00:00;34;DES;481.0;101.01;582.01;264.46;Teléfono;2026-09-14 00:00:00
FAC5532;2026-08-11 00:00:00;24;DES;536.43;112.65;649.07;248.5;Teléfono;2026-09-10 00:00:00
FAC5533;2026-08-01 00:00:00;35;LEG;369.28;77.55;446.83;187.32;Online;2026-08-31 00:00:00
FAC5534;2026-08-11 00:00:00;47;CONS;490.32;102.97;593.29;235.22;Teléfono;2026-09-10 00:00:00
FAC5535;2026-08-15 00:00:00;6;ASES;310.58;65.22;375.8;165.27;Teléfono;2026-09-14 00:00:00
FAC5536;2026-08-23 00:00:00;16;PMO;544.49;114.34;658.83;258.12;Teléfono;2026-09-22 00:00:00
FAC5537;2026-08-22 00:00:00;35;CONS;358.32;75.25;433.57;173.12;Online;2026-09-21 00:00:00
FAC5538;2026-08-21 00:00:00;4;IMP;327.73;68.82;396.56;175.17;Online;2026-09-20 00:00:00
FAC5539;2026-08-01 00:00:00;92;PMO;393.94;82.73;476.67;209.71;Online;2026-08-31 00:00:00
FAC5540;2026-08-08 00:00:00;46;ASES;1613.72;338.88;1952.6;842.1;Online;2026-09-07 00:00:00
FAC5541;2026-08-15 00:00:00;95;LEG;381.63;80.14;461.77;176.67;Teléfono;2026-09-14 00:00:00
FAC5542;2026-08-24 00:00:00;82;DES;208.03;43.69;251.72;103.27;Teléfono;2026-09-23 00:00:00
FAC5543;2026-08-20 00:00:00;39;IMP;270.28;56.76;327.04;133.99;Online;2026-09-19 00:00:00
FAC5544;2026-08-13 00:00:00;88;ASES;224.26;47.09;271.35;111.98;Online;2026-09-12 00:00:00
FAC5545;2026-08-03 00:00:00;82;LEG;431.1;90.53;521.64;204.42;Teléfono;2026-09-02 00:00:00
FAC5546;2026-08-24 00:00:00;22;IMP;196.57;41.28;237.84;98.28;Online;2026-09-23 00:00:00
FAC5547;2026-08-23 00:00:00;19;DES;280.39;58.88;339.27;137.35;Online;2026-09-22 00:00:00
FAC5548;2026-08-28 00:00:00;101;DES;435.68;91.49;527.18;202.95;Teléfono;2026-09-27 00:00:00
FAC5549;2026-08-16 00:00:00;43;CONS;410.45;86.19;496.64;197.47;Teléfono;2026-09-15 00:00:00
FAC5550;2026-08-03 00:00:00;56;ASES;302.6;63.55;366.15;149.35;Online;2026-09-02 00:00:00
FAC5551;2026-08-22 00:00:00;17;DES;266.66;56.0;322.65;128.59;Online;2026-09-21 00:00:00
FAC5552;2026-08-26 00:00:00;6;CONS;440.44;92.49;532.93;212.5;Teléfono;2026-09-25 00:00:00
FAC5553;2026-08-10 00:00:00;72;IMP;158.74;33.34;192.08;82.37;Teléfono;2026-09-09 00:00:00
FAC5554;2026-08-22 00:00:00;56;DES;309.32;64.96;374.28;155.0;Online;2026-09-21 00:00:00
FAC5555;2026-08-25 00:00:00;19;DES;426.29;89.52;515.82;204.41;Teléfono;2026-09-24 00:00:00
FAC5556;2026-08-19 00:00:00;66;PMO;652.7;137.07;789.77;309.88;Teléfono;2026-09-18 00:00:00
FAC5557;2026-08-04 00:00:00;47;ASES;2477.64;520.31;2997.95;1133.35;Teléfono;2026-09-03 00:00:00
FAC5558;2026-08-18 00:00:00;86;ASES;364.12;76.46;440.58;195.1;Teléfono;2026-09-17 00:00:00
FAC5559;2026-08-18 00:00:00;58;ASES;401.72;84.36;486.08;199.55;Online;2026-09-17 00:00:00
FAC5560;2026-08-20 00:00:00;27;IMP;472.41;99.21;571.61;223.67;Online;2026-09-19 00:00:00
FAC5561;2026-08-03 00:00:00;4;INV;403.98;84.84;488.82;197.46;Teléfono;2026-09-02 00:00:00
FAC5562;2026-08-07 00:00:00;6;LEG;275.72;57.9;333.62;147.76;Teléfono;2026-09-06 00:00:00
FAC5563;2026-08-16 00:00:00;43;INV;526.71;110.61;637.32;267.73;Online;2026-09-15 00:00:00
FAC5564;2026-08-23 00:00:00;78;CONS;330.21;69.34;399.55;167.71;Online;2026-09-22 00:00:00
FAC5565;2026-08-15 00:00:00;89;LEG;474.63;99.67;574.3;230.72;Teléfono;2026-09-14 00:00:00
FAC5566;2026-08-05 00:00:00;47;CONS;490.08;102.92;593.0;262.08;Online;2026-09-04 00:00:00
FAC5567;2026-08-16 00:00:00;17;ASES;388.74;81.64;470.38;177.38;Online;2026-09-15 00:00:00
FAC5568;2026-08-09 00:00:00;49;CONS;170.63;35.83;206.46;81.0;Online;2026-09-08 00:00:00
FAC5569;2026-08-17 00:00:00;73;ASES;1991.11;418.13;2409.24;904.6;Teléfono;2026-09-16 00:00:00
FAC5570;2026-08-18 00:00:00;88;CONS;470.27;98.76;569.03;226.51;Teléfono;2026-09-17 00:00:00
FAC5571;2026-08-22 00:00:00;52;DES;421.66;88.55;510.2;230.35;Teléfono;2026-09-21 00:00:00
FAC5572;2026-08-18 00:00:00;20;ASES;305.14;64.08;369.22;158.97;Teléfono;2026-09-17 00:00:00
FAC5573;2026-08-27 00:00:00;73;CONS;407.31;85.54;492.85;201.14;Online;2026-09-26 00:00:00
FAC5574;2026-08-02 00:00:00;66;LEG;382.88;80.4;463.28;195.01;Online;2026-09-01 00:00:00
FAC5575;2026-08-20 00:00:00;24;LEG;409.15;85.92;495.07;191.24;Teléfono;2026-09-19 00:00:00
FAC5576;2026-09-23 00:00:00;13;INV;486.38;102.14;588.52;236.31;Teléfono;2026-10-23 00:00:00
FAC5577;2026-09-10 00:00:00;30;DES;459.75;96.55;556.29;216.55;Teléfono;2026-10-10 00:00:00
FAC5578;2026-09-16 00:00:00;30;DES;561.66;117.95;679.61;306.26;Online;2026-10-16 00:00:00
FAC5579;2026-09-01 00:00:00;19;CONS;130.94;27.5;158.44;65.62;Teléfono;2026-10-01 00:00:00
FAC5580;2026-09-13 00:00:00;22;ASES;461.6;96.94;558.54;215.28;Teléfono;2026-10-13 00:00:00
FAC5581;2026-09-19 00:00:00;73;DES;428.97;90.08;519.05;208.58;Online;2026-10-19 00:00:00
FAC5582;2026-09-28 00:00:00;32;PMO;369.05;77.5;446.55;182.39;Teléfono;2026-10-28 00:00:00
FAC5583;2026-09-26 00:00:00;64;DES;380.64;79.93;460.57;196.74;Online;2026-10-26 00:00:00
FAC5584;2026-09-14 00:00:00;84;ASES;550.95;115.7;666.66;252.86;Online;2026-10-14 00:00:00
FAC5585;2026-09-23 00:00:00;50;CONS;443.41;93.12;536.53;222.75;Online;2026-10-23 00:00:00
FAC5586;2026-09-15 00:00:00;44;INV;376.99;79.17;456.16;197.49;Online;2026-10-15 00:00:00
FAC5587;2026-09-17 00:00:00;75;IMP;609.75;128.05;737.8;314.73;Teléfono;2026-10-17 00:00:00
FAC5588;2026-09-14 00:00:00;78;CONS;313.49;65.83;379.32;141.91;Teléfono;2026-10-14 00:00:00
FAC5589;2026-09-25 00:00:00;102;ASES;339.32;71.26;410.58;170.71;Online;2026-10-25 00:00:00
FAC5590;2026-09-22 00:00:00;91;INV;368.55;77.4;445.95;192.54;Online;2026-10-22 00:00:00
FAC5591;2026-09-09 00:00:00;98;CONS;423.17;88.87;512.03;216.09;Teléfono;2026-10-09 00:00:00
FAC5592;2026-09-22 00:00:00;78;CONS;369.67;77.63;447.3;198.07;Teléfono;2026-10-22 00:00:00
FAC5593;2026-09-22 00:00:00;101;INV;385.4;80.93;466.34;201.96;Online;2026-10-22 00:00:00
FAC5594;2026-09-12 00:00:00;56;DES;347.0;72.87;419.87;187.83;Teléfono;2026-10-12 00:00:00
FAC5595;2026-09-08 00:00:00;3;INV;359.72;75.54;435.27;166.04;Online;2026-10-08 00:00:00
FAC5596;2026-09-14 00:00:00;26;ASES;247.44;51.96;299.4;115.13;Teléfono;2026-10-14 00:00:00
FAC5597;2026-09-22 00:00:00;36;IMP;580.36;121.88;702.24;285.23;Online;2026-10-22 00:00:00
FAC5598;2026-09-13 00:00:00;7;ASES;253.94;53.33;307.26;115.97;Online;2026-10-13 00:00:00
FAC5599;2026-09-23 00:00:00;80;ASES;412.49;86.62;499.11;188.51;Teléfono;2026-10-23 00:00:00
FAC5600;2026-09-28 00:00:00;105;IMP;289.02;60.69;349.71;148.16;Online;2026-10-28 00:00:00
FAC5601;2026-09-02 00:00:00;53;LEG;299.62;62.92;362.54;164.4;Teléfono;2026-10-02 00:00:00
FAC5602;2026-09-11 00:00:00;22;PMO;225.73;47.4;273.13;112.01;Teléfono;2026-10-11 00:00:00
FAC5603;2026-09-24 00:00:00;22;LEG;490.67;103.04;593.71;227.35;Online;2026-10-24 00:00:00
FAC5604;2026-09-05 00:00:00;9;IMP;495.74;104.11;599.85;238.47;Teléfono;2026-10-05 00:00:00
FAC5605;2026-09-09 00:00:00;35;PMO;277.56;58.29;335.85;131.89;Online;2026-10-09 00:00:00
FAC5606;2026-09-21 00:00:00;19;LEG;442.21;92.86;535.07;236.37;Teléfono;2026-10-21 00:00:00
FAC5607;2026-09-14 00:00:00;67;IMP;494.07;103.76;597.83;266.01;Online;2026-10-14 00:00:00
FAC5608;2026-09-25 00:00:00;31;INV;543.98;114.23;658.21;283.56;Teléfono;2026-10-25 00:00:00
FAC5609;2026-09-16 00:00:00;90;IMP;303.14;63.66;366.8;147.53;Teléfono;2026-10-16 00:00:00
FAC5610;2026-09-28 00:00:00;57;DES;540.43;113.49;653.93;266.42;Online;2026-10-28 00:00:00
FAC5611;2026-09-14 00:00:00;43;CONS;1336.86;280.74;1617.59;722.64;Teléfono;2026-10-14 00:00:00
FAC5612;2026-09-16 00:00:00;74;LEG;458.38;96.26;554.64;229.06;Teléfono;2026-10-16 00:00:00
FAC5613;2026-09-26 00:00:00;104;ASES;421.81;88.58;510.38;190.91;Online;2026-10-26 00:00:00
FAC5614;2026-09-15 00:00:00;77;IMP;570.99;119.91;690.9;262.97;Teléfono;2026-10-15 00:00:00
FAC5615;2026-09-01 00:00:00;23;LEG;426.14;89.49;515.63;214.63;Teléfono;2026-10-01 00:00:00
FAC5616;2026-09-25 00:00:00;74;PMO;477.05;100.18;577.23;225.2;Teléfono;2026-10-25 00:00:00
FAC5617;2026-09-20 00:00:00;56;ASES;315.75;66.31;382.06;160.48;Online;2026-10-20 00:00:00
FAC5618;2026-09-20 00:00:00;29;LEG;342.31;71.89;414.2;182.02;Teléfono;2026-10-20 00:00:00
FAC5619;2026-09-08 00:00:00;61;ASES;358.36;75.26;433.61;169.79;Online;2026-10-08 00:00:00
FAC5620;2026-09-17 00:00:00;69;PMO;1177.24;247.22;1424.47;633.04;Online;2026-10-17 00:00:00
FAC5621;2026-09-13 00:00:00;31;LEG;282.66;59.36;342.02;146.13;Online;2026-10-13 00:00:00
FAC5622;2026-09-02 00:00:00;29;IMP;355.28;74.61;429.88;189.49;Teléfono;2026-10-02 00:00:00
FAC5623;2026-09-28 00:00:00;20;INV;521.87;109.59;631.46;248.12;Teléfono;2026-10-28 00:00:00
FAC5624;2026-09-06 00:00:00;105;LEG;406.77;85.42;492.2;220.77;Online;2026-10-06 00:00:00
FAC5625;2026-09-14 00:00:00;43;LEG;511.29;107.37;618.66;234.49;Online;2026-10-14 00:00:00
FAC5626;2026-09-23 00:00:00;38;ASES;330.63;69.43;400.06;157.52;Teléfono;2026-10-23 00:00:00
FAC5627;2026-09-19 00:00:00;87;IMP;487.93;102.46;590.39;239.28;Online;2026-10-19 00:00:00
FAC5628;2026-09-18 00:00:00;11;INV;349.36;73.37;422.73;186.37;Teléfono;2026-10-18 00:00:00
FAC5629;2026-09-28 00:00:00;87;IMP;244.64;51.38;296.02;126.42;Online;2026-10-28 00:00:00
FAC5630;2026-09-22 00:00:00;4;IMP;351.6;73.84;425.43;181.24;Teléfono;2026-10-22 00:00:00
FAC5631;2026-09-08 00:00:00;21;LEG;480.48;100.9;581.38;237.7;Online;2026-10-08 00:00:00
FAC5632;2026-09-17 00:00:00;102;PMO;385.3;80.91;466.21;173.52;Online;2026-10-17 00:00:00
FAC5633;2026-09-22 00:00:00;30;PMO;446.93;93.86;540.79;219.72;Online;2026-10-22 00:00:00
FAC5634;2026-09-16 00:00:00;23;ASES;433.54;91.04;524.59;220.91;Online;2026-10-16 00:00:00
FAC5635;2026-09-05 00:00:00;18;ASES;351.12;73.74;424.86;174.55;Teléfono;2026-10-05 00:00:00
FAC5636;2026-09-02 00:00:00;98;ASES;353.78;74.29;428.07;161.43;Online;2026-10-02 00:00:00
FAC5637;2026-09-08 00:00:00;19;CONS;227.86;47.85;275.72;102.63;Online;2026-10-08 00:00:00
FAC5638;2026-09-10 00:00:00;45;PMO;459.2;96.43;555.63;211.89;Teléfono;2026-10-10 00:00:00
FAC5639;2026-09-04 00:00:00;86;ASES;362.66;76.16;438.82;174.94;Teléfono;2026-10-04 00:00:00
FAC5640;2026-09-11 00:00:00;12;CONS;318.19;66.82;385.01;154.16;Teléfono;2026-10-11 00:00:00
FAC5641;2026-09-03 00:00:00;84;ASES;363.53;76.34;439.87;183.83;Online;2026-10-03 00:00:00
FAC5642;2026-09-23 00:00:00;46;IMP;384.99;80.85;465.84;177.1;Online;2026-10-23 00:00:00
FAC5643;2026-09-10 00:00:00;25;IMP;448.0;94.08;542.08;242.81;Teléfono;2026-10-10 00:00:00
FAC5644;2026-09-21 00:00:00;44;DES;441.23;92.66;533.89;234.93;Online;2026-10-21 00:00:00
FAC5645;2026-09-15 00:00:00;47;ASES;370.85;77.88;448.73;179.83;Teléfono;2026-10-15 00:00:00
FAC5646;2026-09-17 00:00:00;14;LEG;370.14;77.73;447.87;190.98;Online;2026-10-17 00:00:00
FAC5647;2026-09-23 00:00:00;89;INV;316.62;66.49;383.11;162.24;Teléfono;2026-10-23 00:00:00
FAC5648;2026-09-11 00:00:00;15;CONS;231.55;48.62;280.17;127.09;Online;2026-10-11 00:00:00
FAC5649;2026-09-12 00:00:00;67;DES;195.81;41.12;236.93;88.94;Teléfono;2026-10-12 00:00:00
FAC5650;2026-09-16 00:00:00;42;DES;292.93;61.52;354.45;148.55;Online;2026-10-16 00:00:00
FAC5651;2026-09-20 00:00:00;47;ASES;242.33;50.89;293.22;113.69;Online;2026-10-20 00:00:00
FAC5652;2026-09-08 00:00:00;69;INV;313.01;65.73;378.74;168.54;Teléfono;2026-10-08 00:00:00
FAC5653;2026-09-18 00:00:00;42;LEG;320.51;67.31;387.82;165.89;Teléfono;2026-10-18 00:00:00
FAC5654;2026-09-09 00:00:00;52;IMP;509.73;107.04;616.77;235.92;Teléfono;2026-10-09 00:00:00
FAC5655;2026-09-21 00:00:00;60;CONS;132.83;27.89;160.72;71.61;Online;2026-10-21 00:00:00
FAC5656;2026-09-05 00:00:00;31;CONS;391.34;82.18;473.52;207.67;Online;2026-10-05 00:00:00
FAC5657;2026-09-11 00:00:00;34;IMP;337.2;70.81;408.01;154.7;Online;2026-10-11 00:00:00
FAC5658;2026-09-28 00:00:00;31;CONS;423.63;88.96;512.6;227.97;Online;2026-10-28 00:00:00
FAC5659;2026-09-16 00:00:00;107;LEG;367.11;77.09;444.21;191.73;Online;2026-10-16 00:00:00
FAC5660;2026-09-22 00:00:00;63;CONS;424.03;89.05;513.07;195.26;Online;2026-10-22 00:00:00
FAC5661;2026-09-02 00:00:00;56;DES;410.41;86.19;496.6;192.29;Teléfono;2026-10-02 00:00:00
FAC5662;2026-09-22 00:00:00;95;INV;473.78;99.49;573.28;248.7;Teléfono;2026-10-22 00:00:00
FAC5663;2026-09-25 00:00:00;100;ASES;361.89;76.0;437.89;173.35;Teléfono;2026-10-25 00:00:00
FAC5664;2026-09-11 00:00:00;104;LEG;463.46;97.33;560.79;233.21;Teléfono;2026-10-11 00:00:00
FAC5665;2026-09-04 00:00:00;86;DES;425.55;89.36;514.91;200.26;Teléfono;2026-10-04 00:00:00
FAC5666;2026-09-02 00:00:00;31;CONS;462.46;97.12;559.57;221.47;Online;2026-10-02 00:00:00
FAC5667;2026-09-19 00:00:00;91;LEG;433.3;90.99;524.29;229.12;Teléfono;2026-10-19 00:00:00
FAC5668;2026-09-19 00:00:00;44;CONS;436.75;91.72;528.47;207.36;Teléfono;2026-10-19 00:00:00
FAC5669;2026-09-21 00:00:00;24;PMO;413.1;86.75;499.85;191.39;Teléfono;2026-10-21 00:00:00
FAC5670;2026-09-15 00:00:00;4;CONS;578.98;121.59;700.56;280.21;Teléfono;2026-10-15 00:00:00
FAC5671;2026-09-27 00:00:00;2;CONS;474.27;99.6;573.87;238.57;Online;2026-10-27 00:00:00
FAC5672;2026-09-23 00:00:00;68;IMP;438.62;92.11;530.73;203.49;Online;2026-10-23 00:00:00
FAC5673;2026-09-03 00:00:00;25;ASES;396.76;83.32;480.08;192.24;Online;2026-10-03 00:00:00
FAC5674;2026-09-17 00:00:00;41;CONS;339.47;71.29;410.76;179.89;Teléfono;2026-10-17 00:00:00
FAC5675;2026-09-16 00:00:00;24;INV;449.22;94.34;543.55;245.75;Online;2026-10-16 00:00:00
FAC5676;2026-09-24 00:00:00;75;INV;357.73;75.12;432.86;170.01;Teléfono;2026-10-24 00:00:00
FAC5677;2026-09-22 00:00:00;61;PMO;363.01;76.23;439.24;196.21;Online;2026-10-22 00:00:00
FAC5678;2026-09-02 00:00:00;26;LEG;464.14;97.47;561.61;246.83;Teléfono;2026-10-02 00:00:00
FAC5679;2026-09-28 00:00:00;87;LEG;254.43;53.43;307.86;115.23;Teléfono;2026-10-28 00:00:00
FAC5680;2026-09-08 00:00:00;62;ASES;387.2;81.31;468.52;193.73;Online;2026-10-08 00:00:00
FAC5681;2026-09-18 00:00:00;57;CONS;308.11;64.7;372.81;165.39;Teléfono;2026-10-18 00:00:00
FAC5682;2026-09-20 00:00:00;79;PMO;545.73;114.6;660.33;250.02;Teléfono;2026-10-20 00:00:00
FAC5683;2026-09-07 00:00:00;50;ASES;353.52;74.24;427.76;181.89;Teléfono;2026-10-07 00:00:00
FAC5684;2026-09-25 00:00:00;89;INV;234.5;49.24;283.74;109.47;Teléfono;2026-10-25 00:00:00
FAC5685;2026-09-25 00:00:00;103;INV;391.33;82.18;473.5;196.78;Online;2026-10-25 00:00:00
FAC5686;2026-09-07 00:00:00;10;LEG;382.8;80.39;463.18;195.0;Teléfono;2026-10-07 00:00:00
FAC5687;2026-09-10 00:00:00;19;IMP;326.57;68.58;395.15;159.72;Online;2026-10-10 00:00:00
FAC5688;2026-09-05 00:00:00;73;CONS;226.61;47.59;274.2;113.83;Online;2026-10-05 00:00:00
FAC5689;2026-09-21 00:00:00;75;PMO;433.67;91.07;524.74;226.96;Online;2026-10-21 00:00:00
FAC5690;2026-09-20 00:00:00;60;PMO;492.89;103.51;596.39;270.14;Teléfono;2026-10-20 00:00:00
FAC5691;2026-09-03 00:00:00;59;INV;275.37;57.83;333.19;140.45;Teléfono;2026-10-03 00:00:00
FAC5692;2026-09-14 00:00:00;69;LEG;411.82;86.48;498.3;195.84;Online;2026-10-14 00:00:00
FAC5693;2026-09-22 00:00:00;8;DES;491.68;103.25;594.93;244.99;Online;2026-10-22 00:00:00
FAC5694;2026-09-07 00:00:00;10;PMO;319.37;67.07;386.43;175.16;Teléfono;2026-10-07 00:00:00
FAC5695;2026-09-28 00:00:00;2;PMO;475.88;99.93;575.81;214.75;Online;2026-10-28 00:00:00
FAC5696;2026-09-16 00:00:00;72;DES;441.73;92.76;534.49;225.23;Online;2026-10-16 00:00:00
FAC5697;2026-09-24 00:00:00;83;IMP;367.42;77.16;444.58;190.5;Teléfono;2026-10-24 00:00:00
FAC5698;2026-09-23 00:00:00;51;ASES;501.66;105.35;607.01;251.12;Teléfono;2026-10-23 00:00:00
FAC5699;2026-09-04 00:00:00;59;ASES;312.92;65.71;378.64;150.04;Online;2026-10-04 00:00:00
FAC5700;2026-09-24 00:00:00;51;CONS;447.18;93.91;541.09;207.35;Teléfono;2026-10-24 00:00:00
FAC5701;2026-09-23 00:00:00;79;ASES;509.72;107.04;616.76;238.67;Online;2026-10-23 00:00:00
FAC5702;2026-09-17 00:00:00;72;ASES;451.78;94.87;546.65;234.42;Teléfono;2026-10-17 00:00:00
FAC5703;2026-09-25 00:00:00;14;DES;332.7;69.87;402.57;151.48;Online;2026-10-25 00:00:00
FAC5704;2026-09-04 00:00:00;43;INV;300.43;63.09;363.52;162.61;Online;2026-10-04 00:00:00
FAC5705;2026-09-27 00:00:00;77;DES;397.47;83.47;480.94;211.2;Online;2026-10-27 00:00:00
FAC5706;2026-09-24 00:00:00;100;INV;379.29;79.65;458.94;191.87;Teléfono;2026-10-24 00:00:00
FAC5707;2026-09-14 00:00:00;52;ASES;532.7;111.87;644.57;255.79;Teléfono;2026-10-14 00:00:00
FAC5708;2026-09-21 00:00:00;30;IMP;472.7;99.27;571.96;234.71;Online;2026-10-21 00:00:00
FAC5709;2026-09-22 00:00:00;30;LEG;342.59;71.94;414.53;184.35;Teléfono;2026-10-22 00:00:00
FAC5710;2026-09-19 00:00:00;66;IMP;355.48;74.65;430.13;171.52;Online;2026-10-19 00:00:00
FAC5711;2026-09-02 00:00:00;95;DES;487.65;102.41;590.06;268.07;Teléfono;2026-10-02 00:00:00
FAC5712;2026-09-13 00:00:00;71;LEG;326.51;68.57;395.08;166.88;Online;2026-10-13 00:00:00
FAC5713;2026-09-15 00:00:00;25;IMP;315.7;66.3;381.99;171.48;Teléfono;2026-10-15 00:00:00
FAC5714;2026-09-08 00:00:00;92;LEG;453.41;95.22;548.62;211.98;Online;2026-10-08 00:00:00
FAC5715;2026-09-15 00:00:00;29;LEG;391.74;82.27;474.01;185.02;Teléfono;2026-10-15 00:00:00
FAC5716;2026-09-18 00:00:00;19;CONS;381.16;80.04;461.2;207.34;Online;2026-10-18 00:00:00
FAC5717;2026-09-16 00:00:00;25;ASES;441.57;92.73;534.3;201.73;Online;2026-10-16 00:00:00
FAC5718;2026-09-23 00:00:00;67;CONS;515.75;108.31;624.06;266.73;Online;2026-10-23 00:00:00
FAC5719;2026-09-28 00:00:00;86;LEG;365.52;76.76;442.27;168.35;Online;2026-10-28 00:00:00
FAC5720;2026-09-27 00:00:00;32;LEG;1201.03;252.22;1453.24;575.67;Teléfono;2026-10-27 00:00:00
FAC5721;2026-09-09 00:00:00;84;LEG;433.72;91.08;524.8;238.23;Teléfono;2026-10-09 00:00:00
FAC5722;2026-10-23 00:00:00;95;CONS;337.64;70.9;408.54;163.16;Teléfono;2026-11-22 00:00:00
FAC5723;2026-10-11 00:00:00;31;LEG;296.97;62.36;359.34;147.41;Online;2026-11-10 00:00:00
FAC5724;2026-10-20 00:00:00;30;CONS;237.78;49.93;287.72;122.07;Teléfono;2026-11-19 00:00:00
FAC5725;2026-10-02 00:00:00;47;PMO;407.57;85.59;493.16;223.88;Teléfono;2026-11-01 00:00:00
FAC5726;2026-10-22 00:00:00;13;IMP;454.03;95.35;549.38;212.63;Online;2026-11-21 00:00:00
FAC5727;2026-10-05 00:00:00;47;DES;425.15;89.28;514.43;202.33;Teléfono;2026-11-04 00:00:00
FAC5728;2026-10-02 00:00:00;90;IMP;335.01;70.35;405.36;179.39;Online;2026-11-01 00:00:00
FAC5729;2026-10-20 00:00:00;57;LEG;390.38;81.98;472.36;206.08;Teléfono;2026-11-19 00:00:00
FAC5730;2026-10-22 00:00:00;54;DES;487.45;102.36;589.82;263.7;Teléfono;2026-11-21 00:00:00
FAC5731;2026-10-14 00:00:00;52;ASES;335.52;70.46;405.97;153.21;Teléfono;2026-11-13 00:00:00
FAC5732;2026-10-23 00:00:00;69;CONS;565.87;118.83;684.7;301.34;Teléfono;2026-11-22 00:00:00
FAC5733;2026-10-08 00:00:00;29;IMP;629.11;132.11;761.23;306.36;Teléfono;2026-11-07 00:00:00
FAC5734;2026-10-05 00:00:00;38;INV;642.16;134.85;777.01;316.5;Online;2026-11-04 00:00:00
FAC5735;2026-10-10 00:00:00;84;DES;464.46;97.54;561.99;212.48;Online;2026-11-09 00:00:00
FAC5736;2026-10-08 00:00:00;100;IMP;407.43;85.56;492.99;212.29;Online;2026-11-07 00:00:00
FAC5737;2026-10-17 00:00:00;41;DES;419.3;88.05;507.36;229.48;Online;2026-11-16 00:00:00
FAC5738;2026-10-06 00:00:00;25;DES;437.96;91.97;529.94;214.43;Teléfono;2026-11-05 00:00:00
FAC5739;2026-10-21 00:00:00;55;PMO;333.8;70.1;403.9;172.29;Online;2026-11-20 00:00:00
FAC5740;2026-10-25 00:00:00;53;INV;516.68;108.5;625.18;262.39;Online;2026-11-24 00:00:00
FAC5741;2026-10-01 00:00:00;15;LEG;546.06;114.67;660.73;293.22;Online;2026-10-31 00:00:00
FAC5742;2026-10-08 00:00:00;32;LEG;547.62;115.0;662.62;270.42;Teléfono;2026-11-07 00:00:00
FAC5743;2026-10-26 00:00:00;20;LEG;442.25;92.87;535.13;211.28;Online;2026-11-25 00:00:00
FAC5744;2026-10-11 00:00:00;55;IMP;1108.92;232.87;1341.79;526.0;Online;2026-11-10 00:00:00
FAC5745;2026-10-26 00:00:00;99;IMP;391.34;82.18;473.52;200.67;Teléfono;2026-11-25 00:00:00
FAC5746;2026-10-10 00:00:00;37;PMO;390.01;81.9;471.91;201.49;Teléfono;2026-11-09 00:00:00
FAC5747;2026-10-13 00:00:00;52;DES;508.5;106.79;615.29;268.24;Online;2026-11-12 00:00:00
FAC5748;2026-10-23 00:00:00;79;PMO;362.21;76.06;438.28;178.16;Online;2026-11-22 00:00:00
FAC5749;2026-10-26 00:00:00;97;IMP;415.98;87.36;503.34;211.5;Online;2026-11-25 00:00:00
FAC5750;2026-10-26 00:00:00;62;DES;375.06;78.76;453.83;198.87;Online;2026-11-25 00:00:00
FAC5751;2026-10-28 00:00:00;95;CONS;287.0;60.27;347.27;138.04;Teléfono;2026-11-27 00:00:00
FAC5752;2026-10-19 00:00:00;30;DES;359.78;75.55;435.33;196.61;Online;2026-11-18 00:00:00
FAC5753;2026-10-03 00:00:00;61;DES;284.42;59.73;344.14;155.64;Teléfono;2026-11-02 00:00:00
FAC5754;2026-10-12 00:00:00;88;PMO;403.81;84.8;488.61;199.88;Teléfono;2026-11-11 00:00:00
FAC5755;2026-10-08 00:00:00;65;PMO;261.48;54.91;316.39;141.94;Online;2026-11-07 00:00:00
FAC5756;2026-10-07 00:00:00;56;CONS;359.22;75.44;434.66;182.73;Teléfono;2026-11-06 00:00:00
FAC5757;2026-10-15 00:00:00;55;PMO;255.16;53.58;308.75;126.49;Teléfono;2026-11-14 00:00:00
FAC5758;2026-10-18 00:00:00;42;ASES;357.78;75.13;432.92;175.75;Teléfono;2026-11-17 00:00:00
FAC5759;2026-10-28 00:00:00;68;IMP;303.72;63.78;367.5;146.01;Teléfono;2026-11-27 00:00:00
FAC5760;2026-10-09 00:00:00;33;IMP;424.78;89.2;513.98;209.79;Teléfono;2026-11-08 00:00:00
FAC5761;2026-10-13 00:00:00;106;ASES;473.8;99.5;573.3;235.63;Online;2026-11-12 00:00:00
FAC5762;2026-10-22 00:00:00;67;IMP;334.29;70.2;404.49;172.63;Online;2026-11-21 00:00:00
FAC5763;2026-10-13 00:00:00;42;IMP;409.44;85.98;495.43;187.96;Teléfono;2026-11-12 00:00:00
FAC5764;2026-10-23 00:00:00;53;ASES;228.55;48.0;276.55;111.41;Teléfono;2026-11-22 00:00:00
FAC5765;2026-10-18 00:00:00;15;ASES;417.88;87.75;505.64;207.12;Online;2026-11-17 00:00:00
FAC5766;2026-10-18 00:00:00;98;ASES;292.9;61.51;354.41;135.02;Teléfono;2026-11-17 00:00:00
FAC5767;2026-10-25 00:00:00;73;ASES;385.77;81.01;466.78;207.65;Online;2026-11-24 00:00:00
FAC5768;2026-10-02 00:00:00;7;INV;514.27;108.0;622.26;251.5;Online;2026-11-01 00:00:00
FAC5769;2026-10-08 00:00:00;42;DES;365.51;76.76;442.27;172.69;Teléfono;2026-11-07 00:00:00
FAC5770;2026-10-17 00:00:00;49;INV;1190.77;250.06;1440.83;599.9;Teléfono;2026-11-16 00:00:00
FAC5771;2026-10-16 00:00:00;6;INV;354.86;74.52;429.38;192.8;Online;2026-11-15 00:00:00
FAC5772;2026-10-11 00:00:00;83;LEG;437.06;91.78;528.85;200.52;Online;2026-11-10 00:00:00
FAC5773;2026-10-11 00:00:00;103;DES;312.79;65.68;378.47;151.78;Teléfono;2026-11-10 00:00:00
FAC5774;2026-10-28 00:00:00;32;CONS;410.33;86.17;496.5;193.2;Teléfono;2026-11-27 00:00:00
FAC5775;2026-10-02 00:00:00;50;CONS;469.7;98.64;568.34;228.32;Teléfono;2026-11-01 00:00:00
FAC5776;2026-10-16 00:00:00;17;CONS;468.93;98.48;567.41;226.49;Teléfono;2026-11-15 00:00:00
FAC5777;2026-10-28 00:00:00;33;IMP;300.2;63.04;363.24;144.79;Online;2026-11-27 00:00:00
FAC5778;2026-10-16 00:00:00;38;PMO;497.75;104.53;602.27;263.79;Teléfono;2026-11-15 00:00:00
FAC5779;2026-10-04 00:00:00;90;CONS;553.28;116.19;669.47;290.72;Teléfono;2026-11-03 00:00:00
FAC5780;2026-10-08 00:00:00;78;PMO;550.22;115.55;665.77;266.5;Online;2026-11-07 00:00:00
FAC5781;2026-10-14 00:00:00;54;ASES;491.31;103.17;594.48;240.95;Teléfono;2026-11-13 00:00:00
FAC5782;2026-10-12 00:00:00;86;INV;1823.12;382.86;2205.98;849.33;Teléfono;2026-11-11 00:00:00
FAC5783;2026-10-18 00:00:00;104;CONS;402.7;84.57;487.27;203.45;Online;2026-11-17 00:00:00
FAC5784;2026-10-28 00:00:00;48;ASES;420.54;88.31;508.86;197.38;Teléfono;2026-11-27 00:00:00
FAC5785;2026-10-12 00:00:00;64;INV;520.91;109.39;630.3;242.19;Teléfono;2026-11-11 00:00:00
FAC5786;2026-10-05 00:00:00;46;ASES;280.39;58.88;339.28;134.32;Teléfono;2026-11-04 00:00:00
FAC5787;2026-10-10 00:00:00;74;LEG;270.51;56.81;327.32;124.11;Teléfono;2026-11-09 00:00:00
FAC5788;2026-10-25 00:00:00;47;DES;603.47;126.73;730.2;284.32;Online;2026-11-24 00:00:00
FAC5789;2026-10-15 00:00:00;81;INV;482.16;101.25;583.41;254.29;Teléfono;2026-11-14 00:00:00
FAC5790;2026-10-20 00:00:00;32;DES;400.73;84.15;484.88;189.03;Online;2026-11-19 00:00:00
FAC5791;2026-10-18 00:00:00;88;ASES;382.18;80.26;462.44;206.88;Teléfono;2026-11-17 00:00:00
FAC5792;2026-10-03 00:00:00;35;IMP;412.91;86.71;499.62;225.09;Online;2026-11-02 00:00:00
FAC5793;2026-10-01 00:00:00;44;PMO;430.65;90.44;521.09;232.59;Teléfono;2026-10-31 00:00:00
FAC5794;2026-10-24 00:00:00;58;DES;301.63;63.34;364.97;142.08;Teléfono;2026-11-23 00:00:00
FAC5795;2026-10-22 00:00:00;25;INV;365.95;76.85;442.8;172.46;Online;2026-11-21 00:00:00
FAC5796;2026-10-06 00:00:00;34;LEG;426.85;89.64;516.48;228.35;Teléfono;2026-11-05 00:00:00
FAC5797;2026-10-02 00:00:00;102;ASES;499.81;104.96;604.77;265.15;Online;2026-11-01 00:00:00
FAC5798;2026-10-16 00:00:00;51;INV;329.77;69.25;399.02;158.3;Online;2026-11-15 00:00:00
FAC5799;2026-10-02 00:00:00;40;ASES;755.65;158.69;914.33;380.66;Online;2026-11-01 00:00:00
FAC5800;2026-10-08 00:00:00;96;CONS;1200.55;252.12;1452.67;616.56;Teléfono;2026-11-07 00:00:00
FAC5801;2026-10-13 00:00:00;67;CONS;519.37;109.07;628.43;246.55;Online;2026-11-12 00:00:00
FAC5802;2026-10-09 00:00:00;15;CONS;399.19;83.83;483.02;180.63;Teléfono;2026-11-08 00:00:00
FAC5803;2026-10-09 00:00:00;60;LEG;409.11;85.91;495.02;191.51;Online;2026-11-08 00:00:00
FAC5804;2026-10-17 00:00:00;107;INV;343.58;72.15;415.74;186.8;Teléfono;2026-11-16 00:00:00
FAC5805;2026-10-04 00:00:00;105;INV;508.61;106.81;615.42;245.28;Teléfono;2026-11-03 00:00:00
FAC5806;2026-10-13 00:00:00;56;INV;1621.48;340.51;1961.99;772.93;Teléfono;2026-11-12 00:00:00
FAC5807;2026-10-24 00:00:00;96;CONS;480.25;100.85;581.1;228.71;Online;2026-11-23 00:00:00
FAC5808;2026-10-04 00:00:00;74;IMP;362.59;76.14;438.73;176.66;Online;2026-11-03 00:00:00
FAC5809;2026-10-25 00:00:00;88;LEG;437.53;91.88;529.41;225.15;Online;2026-11-24 00:00:00
FAC5810;2026-10-21 00:00:00;65;CONS;321.85;67.59;389.44;164.22;Online;2026-11-20 00:00:00
FAC5811;2026-10-15 00:00:00;39;IMP;414.32;87.01;501.33;207.58;Teléfono;2026-11-14 00:00:00
FAC5812;2026-10-21 00:00:00;88;LEG;395.7;83.1;478.79;210.41;Teléfono;2026-11-20 00:00:00
FAC5813;2026-10-28 00:00:00;43;INV;344.18;72.28;416.45;182.42;Teléfono;2026-11-27 00:00:00
FAC5814;2026-10-09 00:00:00;38;IMP;201.35;42.28;243.63;102.06;Teléfono;2026-11-08 00:00:00
FAC5815;2026-10-18 00:00:00;85;LEG;483.27;101.49;584.75;222.04;Online;2026-11-17 00:00:00
FAC5816;2026-10-28 00:00:00;64;ASES;544.45;114.34;658.79;256.62;Online;2026-11-27 00:00:00
FAC5817;2026-10-05 00:00:00;28;LEG;557.83;117.15;674.98;254.01;Online;2026-11-04 00:00:00
FAC5818;2026-10-19 00:00:00;1;ASES;507.09;106.49;613.58;239.39;Teléfono;2026-11-18 00:00:00
FAC5819;2026-10-15 00:00:00;9;DES;386.76;81.22;467.97;197.6;Teléfono;2026-11-14 00:00:00
FAC5820;2026-10-17 00:00:00;63;DES;173.43;36.42;209.85;87.31;Online;2026-11-16 00:00:00
FAC5821;2026-10-23 00:00:00;44;LEG;2256.4;473.84;2730.24;1125.87;Online;2026-11-22 00:00:00
FAC5822;2026-10-02 00:00:00;82;ASES;529.83;111.26;641.09;238.88;Teléfono;2026-11-01 00:00:00
FAC5823;2026-10-05 00:00:00;36;PMO;308.4;64.76;373.16;144.76;Online;2026-11-04 00:00:00
FAC5824;2026-10-26 00:00:00;37;IMP;394.79;82.91;477.7;204.28;Online;2026-11-25 00:00:00
FAC5825;2026-10-15 00:00:00;71;IMP;581.6;122.14;703.74;298.95;Teléfono;2026-11-14 00:00:00
FAC5826;2026-10-09 00:00:00;81;CONS;527.3;110.73;638.04;288.44;Teléfono;2026-11-08 00:00:00
FAC5827;2026-10-26 00:00:00;49;LEG;292.01;61.32;353.33;149.39;Teléfono;2026-11-25 00:00:00
FAC5828;2026-10-05 00:00:00;45;IMP;366.11;76.88;442.99;172.76;Teléfono;2026-11-04 00:00:00
FAC5829;2026-10-14 00:00:00;74;LEG;376.06;78.97;455.03;197.44;Online;2026-11-13 00:00:00
FAC5830;2026-10-24 00:00:00;53;INV;417.43;87.66;505.09;227.17;Online;2026-11-23 00:00:00
FAC5831;2026-10-28 00:00:00;12;INV;470.77;98.86;569.64;254.89;Teléfono;2026-11-27 00:00:00
FAC5832;2026-10-01 00:00:00;45;LEG;305.68;64.19;369.88;139.42;Online;2026-10-31 00:00:00
FAC5833;2026-10-24 00:00:00;21;INV;272.18;57.16;329.33;139.89;Online;2026-11-23 00:00:00
FAC5834;2026-10-13 00:00:00;37;IMP;403.99;84.84;488.83;193.29;Teléfono;2026-11-12 00:00:00
FAC5835;2026-10-28 00:00:00;17;ASES;365.11;76.67;441.78;168.28;Teléfono;2026-11-27 00:00:00
FAC5836;2026-10-10 00:00:00;69;ASES;305.84;64.23;370.07;147.03;Teléfono;2026-11-09 00:00:00
FAC5837;2026-10-13 00:00:00;44;DES;1410.6;296.23;1706.83;700.53;Online;2026-11-12 00:00:00
FAC5838;2026-10-15 00:00:00;9;LEG;594.66;124.88;719.54;303.61;Teléfono;2026-11-14 00:00:00
FAC5839;2026-10-05 00:00:00;48;DES;356.08;74.78;430.86;161.85;Teléfono;2026-11-04 00:00:00
FAC5840;2026-10-14 00:00:00;35;PMO;1399.59;293.91;1693.51;730.36;Teléfono;2026-11-13 00:00:00
FAC5841;2026-10-07 00:00:00;25;IMP;1438.57;302.1;1740.67;704.29;Online;2026-11-06 00:00:00
FAC5842;2026-10-05 00:00:00;5;PMO;312.39;65.6;377.99;155.46;Online;2026-11-04 00:00:00
FAC5843;2026-10-09 00:00:00;98;DES;502.7;105.57;608.27;227.05;Online;2026-11-08 00:00:00
FAC5844;2026-10-17 00:00:00;29;LEG;417.3;87.63;504.93;189.61;Online;2026-11-16 00:00:00
FAC5845;2026-10-16 00:00:00;65;IMP;424.57;89.16;513.72;208.22;Teléfono;2026-11-15 00:00:00
FAC5846;2026-10-26 00:00:00;15;IMP;373.21;78.37;451.59;180.68;Teléfono;2026-11-25 00:00:00
FAC5847;2026-10-09 00:00:00;9;DES;407.6;85.6;493.2;220.85;Online;2026-11-08 00:00:00
FAC5848;2026-10-04 00:00:00;20;INV;508.65;106.82;615.47;243.68;Online;2026-11-03 00:00:00
FAC5849;2026-10-01 00:00:00;73;CONS;408.36;85.76;494.11;205.77;Teléfono;2026-10-31 00:00:00
FAC5850;2026-10-22 00:00:00;43;IMP;465.19;97.69;562.88;244.75;Teléfono;2026-11-21 00:00:00
FAC5851;2026-10-01 00:00:00;99;INV;348.54;73.19;421.73;161.98;Online;2026-10-31 00:00:00
FAC5852;2026-10-15 00:00:00;89;ASES;288.6;60.61;349.21;144.67;Online;2026-11-14 00:00:00
FAC5853;2026-10-02 00:00:00;85;IMP;8976.89;1885.15;10862.04;4357.03;Teléfono;2026-11-01 00:00:00
FAC5854;2026-10-10 00:00:00;51;ASES;572.1;120.14;692.24;272.35;Online;2026-11-09 00:00:00
FAC5855;2026-10-20 00:00:00;102;INV;230.33;48.37;278.69;114.9;Online;2026-11-19 00:00:00
FAC5856;2026-10-06 00:00:00;36;INV;255.76;53.71;309.47;135.09;Teléfono;2026-11-05 00:00:00
FAC5857;2026-10-13 00:00:00;17;INV;366.65;77.0;443.65;196.96;Teléfono;2026-11-12 00:00:00
FAC5858;2026-10-08 00:00:00;101;PMO;338.35;71.05;409.41;169.67;Online;2026-11-07 00:00:00
FAC5859;2026-10-13 00:00:00;25;CONS;311.39;65.39;376.79;151.49;Teléfono;2026-11-12 00:00:00
FAC5860;2026-10-01 00:00:00;19;INV;212.77;44.68;257.46;97.83;Teléfono;2026-10-31 00:00:00
FAC5861;2026-10-27 00:00:00;92;CONS;410.86;86.28;497.14;208.21;Teléfono;2026-11-26 00:00:00
FAC5862;2026-10-27 00:00:00;52;IMP;282.35;59.29;341.64;146.83;Online;2026-11-26 00:00:00
FAC5863;2026-10-07 00:00:00;40;INV;227.15;47.7;274.85;119.54;Online;2026-11-06 00:00:00
FAC5864;2026-10-21 00:00:00;68;CONS;514.5;108.05;622.55;259.69;Online;2026-11-20 00:00:00
FAC5865;2026-10-05 00:00:00;29;DES;343.21;72.07;415.28;162.75;Online;2026-11-04 00:00:00
FAC5866;2026-10-04 00:00:00;43;PMO;348.83;73.25;422.08;158.88;Online;2026-11-03 00:00:00
FAC5867;2026-10-17 00:00:00;44;ASES;283.98;59.64;343.61;150.69;Teléfono;2026-11-16 00:00:00
FAC5868;2026-11-15 00:00:00;89;CONS;2354.13;494.37;2848.49;1173.09;Online;2026-12-15 00:00:00
FAC5869;2026-11-25 00:00:00;28;INV;380.71;79.95;460.66;189.45;Online;2026-12-25 00:00:00
FAC5870;2026-11-06 00:00:00;16;INV;455.49;95.65;551.14;220.77;Online;2026-12-06 00:00:00
FAC5871;2026-11-16 00:00:00;106;CONS;464.66;97.58;562.24;239.98;Teléfono;2026-12-16 00:00:00
FAC5872;2026-11-24 00:00:00;5;CONS;495.51;104.06;599.57;254.23;Teléfono;2026-12-24 00:00:00
FAC5873;2026-11-14 00:00:00;60;IMP;287.67;60.41;348.08;136.33;Online;2026-12-14 00:00:00
FAC5874;2026-11-07 00:00:00;103;PMO;301.51;63.32;364.82;136.87;Teléfono;2026-12-07 00:00:00
FAC5875;2026-11-27 00:00:00;54;IMP;435.54;91.46;527.01;234.63;Teléfono;2026-12-27 00:00:00
FAC5876;2026-11-14 00:00:00;73;ASES;397.68;83.51;481.19;201.49;Online;2026-12-14 00:00:00
FAC5877;2026-11-01 00:00:00;67;INV;479.26;100.65;579.91;236.48;Teléfono;2026-12-01 00:00:00
FAC5878;2026-11-17 00:00:00;18;LEG;463.66;97.37;561.03;217.06;Teléfono;2026-12-17 00:00:00
FAC5879;2026-11-22 00:00:00;14;PMO;351.4;73.79;425.19;158.36;Online;2026-12-22 00:00:00
FAC5880;2026-11-05 00:00:00;47;PMO;456.77;95.92;552.69;226.49;Teléfono;2026-12-05 00:00:00
FAC5881;2026-11-04 00:00:00;20;LEG;1561.72;327.96;1889.68;791.08;Teléfono;2026-12-04 00:00:00
FAC5882;2026-11-16 00:00:00;16;PMO;400.01;84.0;484.01;191.38;Teléfono;2026-12-16 00:00:00
FAC5883;2026-11-25 00:00:00;58;DES;666.46;139.96;806.42;353.04;Online;2026-12-25 00:00:00
FAC5884;2026-11-09 00:00:00;51;PMO;587.44;123.36;710.81;297.06;Teléfono;2026-12-09 00:00:00
FAC5885;2026-11-17 00:00:00;33;IMP;559.94;117.59;677.52;287.55;Online;2026-12-17 00:00:00
FAC5886;2026-11-23 00:00:00;55;LEG;460.45;96.7;557.15;224.18;Teléfono;2026-12-23 00:00:00
FAC5887;2026-11-11 00:00:00;45;LEG;484.88;101.82;586.71;246.61;Teléfono;2026-12-11 00:00:00
FAC5888;2026-11-26 00:00:00;70;DES;393.56;82.65;476.2;212.45;Teléfono;2026-12-26 00:00:00
FAC5889;2026-11-28 00:00:00;25;ASES;488.0;102.48;590.48;261.3;Teléfono;2026-12-28 00:00:00
FAC5890;2026-11-27 00:00:00;67;IMP;331.46;69.61;401.06;180.32;Online;2026-12-27 00:00:00
FAC5891;2026-11-11 00:00:00;102;LEG;356.67;74.9;431.57;192.33;Online;2026-12-11 00:00:00
FAC5892;2026-11-04 00:00:00;99;ASES;493.09;103.55;596.64;238.1;Online;2026-12-04 00:00:00
FAC5893;2026-11-13 00:00:00;16;LEG;363.92;76.42;440.34;173.57;Online;2026-12-13 00:00:00
FAC5894;2026-11-15 00:00:00;83;ASES;538.86;113.16;652.02;285.61;Teléfono;2026-12-15 00:00:00
FAC5895;2026-11-04 00:00:00;71;CONS;378.81;79.55;458.36;172.85;Online;2026-12-04 00:00:00
FAC5896;2026-11-24 00:00:00;22;IMP;329.02;69.09;398.11;180.42;Teléfono;2026-12-24 00:00:00
FAC5897;2026-11-12 00:00:00;67;PMO;413.67;86.87;500.54;219.76;Teléfono;2026-12-12 00:00:00
FAC5898;2026-11-02 00:00:00;10;PMO;1838.71;386.13;2224.84;857.03;Online;2026-12-02 00:00:00
FAC5899;2026-11-20 00:00:00;70;ASES;394.6;82.87;477.47;214.86;Online;2026-12-20 00:00:00
FAC5900;2026-11-19 00:00:00;37;ASES;496.53;104.27;600.8;244.18;Teléfono;2026-12-19 00:00:00
FAC5901;2026-11-27 00:00:00;54;PMO;499.88;104.98;604.86;255.01;Online;2026-12-27 00:00:00
FAC5902;2026-11-14 00:00:00;39;INV;499.01;104.79;603.8;237.94;Teléfono;2026-12-14 00:00:00
FAC5903;2026-11-28 00:00:00;26;CONS;163.96;34.43;198.39;84.01;Online;2026-12-28 00:00:00
FAC5904;2026-11-09 00:00:00;33;DES;352.95;74.12;427.06;164.29;Online;2026-12-09 00:00:00
FAC5905;2026-11-21 00:00:00;58;DES;258.73;54.33;313.06;129.27;Online;2026-12-21 00:00:00
FAC5906;2026-11-10 00:00:00;66;IMP;189.01;39.69;228.7;99.07;Online;2026-12-10 00:00:00
FAC5907;2026-11-21 00:00:00;86;LEG;371.71;78.06;449.76;196.77;Teléfono;2026-12-21 00:00:00
FAC5908;2026-11-09 00:00:00;9;INV;469.35;98.56;567.91;216.65;Online;2026-12-09 00:00:00
FAC5909;2026-11-16 00:00:00;70;ASES;281.95;59.21;341.16;127.45;Teléfono;2026-12-16 00:00:00
FAC5910;2026-11-24 00:00:00;63;PMO;457.81;96.14;553.95;229.95;Online;2026-12-24 00:00:00
FAC5911;2026-11-05 00:00:00;14;ASES;235.99;49.56;285.55;117.51;Online;2026-12-05 00:00:00
FAC5912;2026-11-01 00:00:00;13;CONS;484.95;101.84;586.79;220.88;Teléfono;2026-12-01 00:00:00
FAC5913;2026-11-25 00:00:00;69;ASES;313.33;65.8;379.13;157.47;Teléfono;2026-12-25 00:00:00
FAC5914;2026-11-24 00:00:00;63;DES;335.82;70.52;406.34;156.75;Online;2026-12-24 00:00:00
FAC5915;2026-11-01 00:00:00;36;LEG;450.14;94.53;544.67;215.01;Online;2026-12-01 00:00:00
FAC5916;2026-11-17 00:00:00;82;DES;625.19;131.29;756.48;319.84;Teléfono;2026-12-17 00:00:00
FAC5917;2026-11-17 00:00:00;68;LEG;373.87;78.51;452.39;172.26;Teléfono;2026-12-17 00:00:00
FAC5918;2026-11-05 00:00:00;79;DES;442.89;93.01;535.9;242.8;Online;2026-12-05 00:00:00
FAC5919;2026-11-13 00:00:00;20;CONS;403.09;84.65;487.73;214.17;Teléfono;2026-12-13 00:00:00
FAC5920;2026-11-20 00:00:00;82;IMP;312.42;65.61;378.03;165.33;Teléfono;2026-12-20 00:00:00
FAC5921;2026-11-09 00:00:00;85;ASES;538.64;113.11;651.75;272.54;Teléfono;2026-12-09 00:00:00
FAC5922;2026-11-03 00:00:00;35;DES;394.66;82.88;477.54;207.35;Teléfono;2026-12-03 00:00:00
FAC5923;2026-11-10 00:00:00;88;ASES;536.55;112.67;649.22;248.28;Teléfono;2026-12-10 00:00:00
FAC5924;2026-11-26 00:00:00;102;PMO;264.02;55.44;319.47;128.56;Teléfono;2026-12-26 00:00:00
FAC5925;2026-11-12 00:00:00;66;ASES;2462.11;517.04;2979.15;1267.54;Teléfono;2026-12-12 00:00:00
FAC5926;2026-11-21 00:00:00;25;PMO;283.73;59.58;343.31;127.84;Teléfono;2026-12-21 00:00:00
FAC5927;2026-11-20 00:00:00;1;IMP;439.29;92.25;531.54;206.26;Teléfono;2026-12-20 00:00:00
FAC5928;2026-11-26 00:00:00;45;IMP;397.58;83.49;481.08;208.48;Online;2026-12-26 00:00:00
FAC5929;2026-11-11 00:00:00;96;LEG;370.45;77.79;448.25;181.32;Online;2026-12-11 00:00:00
FAC5930;2026-11-22 00:00:00;59;IMP;490.88;103.08;593.96;265.95;Teléfono;2026-12-22 00:00:00
FAC5931;2026-11-03 00:00:00;53;INV;350.87;73.68;424.56;173.27;Online;2026-12-03 00:00:00
FAC5932;2026-11-18 00:00:00;87;DES;429.95;90.29;520.24;234.74;Teléfono;2026-12-18 00:00:00
FAC5933;2026-11-17 00:00:00;76;PMO;343.98;72.24;416.22;186.43;Online;2026-12-17 00:00:00
FAC5934;2026-11-18 00:00:00;94;LEG;405.33;85.12;490.45;192.41;Teléfono;2026-12-18 00:00:00
FAC5935;2026-11-13 00:00:00;95;INV;2441.02;512.61;2953.63;1300.77;Teléfono;2026-12-13 00:00:00
FAC5936;2026-11-05 00:00:00;63;INV;100.0;21.0;121.0;46.63;Online;2026-12-05 00:00:00
FAC5937;2026-11-14 00:00:00;29;INV;544.66;114.38;659.04;253.08;Online;2026-12-14 00:00:00
FAC5938;2026-11-11 00:00:00;68;INV;295.86;62.13;357.99;152.37;Teléfono;2026-12-11 00:00:00
FAC5939;2026-11-21 00:00:00;54;IMP;318.75;66.94;385.69;159.56;Online;2026-12-21 00:00:00
FAC5940;2026-11-06 00:00:00;8;DES;490.64;103.04;593.68;246.07;Online;2026-12-06 00:00:00
FAC5941;2026-11-27 00:00:00;1;INV;593.76;124.69;718.45;308.37;Teléfono;2026-12-27 00:00:00
FAC5942;2026-11-13 00:00:00;39;IMP;548.45;115.17;663.63;247.87;Online;2026-12-13 00:00:00
FAC5943;2026-11-12 00:00:00;23;CONS;689.06;144.7;833.77;330.9;Teléfono;2026-12-12 00:00:00
FAC5944;2026-11-28 00:00:00;20;DES;378.01;79.38;457.39;191.61;Teléfono;2026-12-28 00:00:00
FAC5945;2026-11-09 00:00:00;65;IMP;416.79;87.53;504.32;205.06;Teléfono;2026-12-09 00:00:00
FAC5946;2026-11-10 00:00:00;15;PMO;418.66;87.92;506.58;194.64;Online;2026-12-10 00:00:00
FAC5947;2026-11-23 00:00:00;82;PMO;2153.07;452.14;2605.21;1176.77;Teléfono;2026-12-23 00:00:00
FAC5948;2026-11-14 00:00:00;43;CONS;291.35;61.18;352.54;151.12;Online;2026-12-14 00:00:00
FAC5949;2026-11-23 00:00:00;35;PMO;300.22;63.05;363.27;155.53;Online;2026-12-23 00:00:00
FAC5950;2026-11-07 00:00:00;3;CONS;456.7;95.91;552.61;234.23;Teléfono;2026-12-07 00:00:00
FAC5951;2026-11-28 00:00:00;36;IMP;470.04;98.71;568.74;246.66;Teléfono;2026-12-28 00:00:00
FAC5952;2026-11-07 00:00:00;20;INV;360.25;75.65;435.91;189.62;Online;2026-12-07 00:00:00
FAC5953;2026-11-07 00:00:00;86;CONS;552.74;116.08;668.82;291.95;Teléfono;2026-12-07 00:00:00
FAC5954;2026-11-12 00:00:00;57;PMO;510.95;107.3;618.25;239.82;Online;2026-12-12 00:00:00
FAC5955;2026-11-24 00:00:00;26;ASES;270.38;56.78;327.16;141.0;Teléfono;2026-12-24 00:00:00
FAC5956;2026-11-18 00:00:00;24;INV;436.88;91.74;528.62;225.41;Teléfono;2026-12-18 00:00:00
FAC5957;2026-11-20 00:00:00;2;CONS;496.44;104.25;600.69;272.61;Teléfono;2026-12-20 00:00:00
FAC5958;2026-11-23 00:00:00;82;PMO;155.04;32.56;187.6;69.94;Teléfono;2026-12-23 00:00:00
FAC5959;2026-11-15 00:00:00;89;DES;451.24;94.76;546.0;215.7;Teléfono;2026-12-15 00:00:00
FAC5960;2026-11-28 00:00:00;57;IMP;505.51;106.16;611.67;265.04;Online;2026-12-28 00:00:00
FAC5961;2026-11-06 00:00:00;97;PMO;224.47;47.14;271.61;111.4;Teléfono;2026-12-06 00:00:00
FAC5962;2026-11-06 00:00:00;50;PMO;436.61;91.69;528.29;233.53;Online;2026-12-06 00:00:00
FAC5963;2026-11-06 00:00:00;107;CONS;402.92;84.61;487.53;208.0;Online;2026-12-06 00:00:00
FAC5964;2026-11-05 00:00:00;90;INV;433.45;91.02;524.47;235.6;Teléfono;2026-12-05 00:00:00
FAC5965;2026-11-15 00:00:00;69;IMP;589.07;123.71;712.78;284.38;Online;2026-12-15 00:00:00
FAC5966;2026-11-11 00:00:00;65;INV;470.71;98.85;569.55;234.87;Online;2026-12-11 00:00:00
FAC5967;2026-11-15 00:00:00;98;ASES;378.52;79.49;458.01;182.72;Teléfono;2026-12-15 00:00:00
FAC5968;2026-11-28 00:00:00;105;PMO;250.4;52.58;302.99;137.68;Teléfono;2026-12-28 00:00:00
FAC5969;2026-11-02 00:00:00;17;CONS;465.07;97.67;562.74;227.76;Teléfono;2026-12-02 00:00:00
FAC5970;2026-11-17 00:00:00;81;LEG;581.06;122.02;703.09;282.2;Teléfono;2026-12-17 00:00:00
FAC5971;2026-11-25 00:00:00;99;INV;261.22;54.86;316.08;135.58;Online;2026-12-25 00:00:00
FAC5972;2026-11-07 00:00:00;28;CONS;513.87;107.91;621.78;272.21;Teléfono;2026-12-07 00:00:00
FAC5973;2026-11-11 00:00:00;64;ASES;387.94;81.47;469.41;195.99;Online;2026-12-11 00:00:00
FAC5974;2026-11-13 00:00:00;40;DES;298.02;62.58;360.6;151.98;Online;2026-12-13 00:00:00
FAC5975;2026-11-13 00:00:00;1;IMP;516.88;108.54;625.42;270.45;Online;2026-12-13 00:00:00
FAC5976;2026-11-19 00:00:00;35;INV;405.52;85.16;490.68;222.4;Online;2026-12-19 00:00:00
FAC5977;2026-11-03 00:00:00;92;PMO;449.25;94.34;543.6;209.87;Teléfono;2026-12-03 00:00:00
FAC5978;2026-11-03 00:00:00;13;CONS;432.78;90.88;523.67;196.74;Teléfono;2026-12-03 00:00:00
FAC5979;2026-11-08 00:00:00;59;DES;442.37;92.9;535.27;205.94;Online;2026-12-08 00:00:00
FAC5980;2026-11-21 00:00:00;98;PMO;431.56;90.63;522.19;224.05;Online;2026-12-21 00:00:00
FAC5981;2026-11-14 00:00:00;4;IMP;415.0;87.15;502.15;203.75;Teléfono;2026-12-14 00:00:00
FAC5982;2026-11-23 00:00:00;5;CONS;300.81;63.17;363.98;146.76;Online;2026-12-23 00:00:00
FAC5983;2026-11-09 00:00:00;85;PMO;195.62;41.08;236.7;91.86;Teléfono;2026-12-09 00:00:00
FAC5984;2026-11-25 00:00:00;22;PMO;487.68;102.41;590.09;221.34;Teléfono;2026-12-25 00:00:00
FAC5985;2026-11-24 00:00:00;86;CONS;538.76;113.14;651.9;273.59;Online;2026-12-24 00:00:00
FAC5986;2026-11-04 00:00:00;26;CONS;223.58;46.95;270.53;107.57;Online;2026-12-04 00:00:00
FAC5987;2026-11-25 00:00:00;52;ASES;249.72;52.44;302.16;130.82;Online;2026-12-25 00:00:00
FAC5988;2026-11-26 00:00:00;28;DES;379.99;79.8;459.78;196.51;Online;2026-12-26 00:00:00
FAC5989;2026-11-17 00:00:00;5;PMO;285.8;60.02;345.82;135.88;Online;2026-12-17 00:00:00
FAC5990;2026-11-22 00:00:00;69;ASES;372.21;78.16;450.37;197.18;Teléfono;2026-12-22 00:00:00
FAC5991;2026-11-07 00:00:00;98;IMP;1951.07;409.73;2360.8;1022.16;Teléfono;2026-12-07 00:00:00
FAC5992;2026-11-28 00:00:00;5;PMO;408.03;85.69;493.72;194.94;Teléfono;2026-12-28 00:00:00
FAC5993;2026-11-27 00:00:00;72;ASES;603.98;126.84;730.82;293.49;Online;2026-12-27 00:00:00
FAC5994;2026-11-06 00:00:00;35;PMO;239.89;50.38;290.26;129.97;Teléfono;2026-12-06 00:00:00
FAC5995;2026-11-04 00:00:00;55;INV;374.33;78.61;452.94;192.32;Online;2026-12-04 00:00:00
FAC5996;2026-11-16 00:00:00;64;ASES;475.61;99.88;575.48;225.49;Online;2026-12-16 00:00:00
FAC5997;2026-11-08 00:00:00;21;IMP;440.5;92.5;533.0;202.27;Online;2026-12-08 00:00:00
FAC5998;2026-11-20 00:00:00;33;PMO;424.43;89.13;513.56;203.33;Teléfono;2026-12-20 00:00:00
FAC5999;2026-11-16 00:00:00;72;PMO;714.89;150.13;865.02;355.51;Online;2026-12-16 00:00:00
FAC6000;2026-11-13 00:00:00;70;LEG;1704.25;357.89;2062.15;863.04;Teléfono;2026-12-13 00:00:00
FAC6001;2026-11-10 00:00:00;19;IMP;415.68;87.29;502.97;222.26;Teléfono;2026-12-10 00:00:00
FAC6002;2026-11-22 00:00:00;46;DES;457.23;96.02;553.24;210.5;Teléfono;2026-12-22 00:00:00
FAC6003;2026-11-14 00:00:00;13;CONS;330.3;69.36;399.66;180.73;Online;2026-12-14 00:00:00
FAC6004;2026-11-16 00:00:00;99;INV;428.48;89.98;518.47;199.54;Teléfono;2026-12-16 00:00:00
FAC6005;2026-11-22 00:00:00;5;INV;238.78;50.14;288.92;125.96;Teléfono;2026-12-22 00:00:00
FAC6006;2026-11-21 00:00:00;2;DES;522.66;109.76;632.42;248.93;Online;2026-12-21 00:00:00
FAC6007;2026-11-21 00:00:00;37;ASES;442.65;92.96;535.61;235.77;Online;2026-12-21 00:00:00
FAC6008;2026-11-27 00:00:00;12;DES;549.01;115.29;664.31;259.23;Teléfono;2026-12-27 00:00:00
FAC6009;2026-11-02 00:00:00;99;IMP;415.66;87.29;502.95;223.12;Teléfono;2026-12-02 00:00:00
FAC6010;2026-11-17 00:00:00;16;LEG;597.5;125.47;722.97;275.41;Online;2026-12-17 00:00:00
FAC6011;2026-11-21 00:00:00;103;PMO;321.67;67.55;389.22;166.75;Teléfono;2026-12-21 00:00:00
FAC6012;2026-11-24 00:00:00;32;CONS;478.53;100.49;579.02;242.49;Teléfono;2026-12-24 00:00:00
FAC6013;2026-12-01 00:00:00;29;LEG;413.88;86.92;500.8;189.31;Teléfono;2026-12-31 00:00:00
FAC6014;2026-12-02 00:00:00;11;ASES;419.34;88.06;507.4;203.3;Teléfono;2027-01-01 00:00:00
FAC6015;2026-12-09 00:00:00;27;LEG;381.15;80.04;461.19;183.72;Online;2027-01-08 00:00:00
FAC6016;2026-12-12 00:00:00;73;DES;358.87;75.36;434.24;174.44;Teléfono;2027-01-11 00:00:00
FAC6017;2026-12-26 00:00:00;83;CONS;370.9;77.89;448.79;182.04;Teléfono;2027-01-25 00:00:00
FAC6018;2026-12-24 00:00:00;35;LEG;422.73;88.77;511.5;200.63;Teléfono;2027-01-23 00:00:00
FAC6019;2026-12-08 00:00:00;11;IMP;472.06;99.13;571.19;243.06;Online;2027-01-07 00:00:00
FAC6020;2026-12-01 00:00:00;23;LEG;171.49;36.01;207.5;81.46;Online;2026-12-31 00:00:00
FAC6021;2026-12-11 00:00:00;102;ASES;281.52;59.12;340.63;138.08;Teléfono;2027-01-10 00:00:00
FAC6022;2026-12-20 00:00:00;43;CONS;447.37;93.95;541.32;214.28;Online;2027-01-19 00:00:00
FAC6023;2026-12-04 00:00:00;30;PMO;479.3;100.65;579.95;259.0;Teléfono;2027-01-03 00:00:00
FAC6024;2026-12-19 00:00:00;8;ASES;456.9;95.95;552.85;235.21;Online;2027-01-18 00:00:00
FAC6025;2026-12-17 00:00:00;55;PMO;5548.69;1165.22;6713.91;2691.59;Teléfono;2027-01-16 00:00:00
FAC6026;2026-12-13 00:00:00;62;INV;453.3;95.19;548.5;223.0;Teléfono;2027-01-12 00:00:00
FAC6027;2026-12-12 00:00:00;13;DES;273.59;57.45;331.04;148.47;Online;2027-01-11 00:00:00
FAC6028;2026-12-02 00:00:00;33;PMO;610.12;128.13;738.25;333.63;Online;2027-01-01 00:00:00
FAC6029;2026-12-15 00:00:00;1;PMO;518.45;108.88;627.33;271.29;Online;2027-01-14 00:00:00
FAC6030;2026-12-06 00:00:00;34;IMP;445.58;93.57;539.15;244.95;Online;2027-01-05 00:00:00
FAC6031;2026-12-05 00:00:00;25;CONS;383.25;80.48;463.73;188.19;Online;2027-01-04 00:00:00
FAC6032;2026-12-09 00:00:00;66;ASES;468.72;98.43;567.15;211.14;Online;2027-01-08 00:00:00
FAC6033;2026-12-01 00:00:00;12;IMP;479.68;100.73;580.41;238.81;Teléfono;2026-12-31 00:00:00
FAC6034;2026-12-21 00:00:00;38;PMO;1279.2;268.63;1547.83;613.52;Teléfono;2027-01-20 00:00:00
FAC6035;2026-12-26 00:00:00;15;CONS;361.29;75.87;437.17;181.31;Teléfono;2027-01-25 00:00:00
FAC6036;2026-12-27 00:00:00;93;ASES;370.96;77.9;448.86;199.31;Online;2027-01-26 00:00:00
FAC6037;2026-12-16 00:00:00;50;LEG;472.5;99.22;571.72;242.92;Teléfono;2027-01-15 00:00:00
FAC6038;2026-12-14 00:00:00;53;IMP;439.34;92.26;531.61;232.38;Teléfono;2027-01-13 00:00:00
FAC6039;2026-12-05 00:00:00;30;CONS;462.57;97.14;559.71;208.38;Teléfono;2027-01-04 00:00:00
FAC6040;2026-12-02 00:00:00;91;PMO;421.82;88.58;510.4;199.28;Online;2027-01-01 00:00:00
FAC6041;2026-12-04 00:00:00;104;CONS;433.51;91.04;524.55;233.07;Online;2027-01-03 00:00:00
FAC6042;2026-12-15 00:00:00;57;INV;367.15;77.1;444.26;194.28;Teléfono;2027-01-14 00:00:00
FAC6043;2026-12-16 00:00:00;44;DES;503.47;105.73;609.2;260.88;Online;2027-01-15 00:00:00
FAC6044;2026-12-08 00:00:00;61;DES;538.15;113.01;651.16;283.6;Teléfono;2027-01-07 00:00:00
FAC6045;2026-12-26 00:00:00;50;INV;385.92;81.04;466.97;209.32;Online;2027-01-25 00:00:00
FAC6046;2026-12-05 00:00:00;47;LEG;407.89;85.66;493.54;191.42;Online;2027-01-04 00:00:00
FAC6047;2026-12-19 00:00:00;17;ASES;362.86;76.2;439.06;180.72;Teléfono;2027-01-18 00:00:00
FAC6048;2026-12-20 00:00:00;105;LEG;417.6;87.7;505.3;228.67;Online;2027-01-19 00:00:00
FAC6049;2026-12-26 00:00:00;72;PMO;479.12;100.61;579.73;239.91;Teléfono;2027-01-25 00:00:00
FAC6050;2026-12-12 00:00:00;41;PMO;445.68;93.59;539.27;232.11;Teléfono;2027-01-11 00:00:00
FAC6051;2026-12-21 00:00:00;84;IMP;529.46;111.19;640.65;252.64;Teléfono;2027-01-20 00:00:00
FAC6052;2026-12-11 00:00:00;37;INV;460.25;96.65;556.9;249.56;Teléfono;2027-01-10 00:00:00
FAC6053;2026-12-21 00:00:00;10;PMO;363.85;76.41;440.26;166.56;Teléfono;2027-01-20 00:00:00
FAC6054;2026-12-15 00:00:00;91;PMO;362.05;76.03;438.08;189.63;Online;2027-01-14 00:00:00
FAC6055;2026-12-07 00:00:00;62;PMO;417.56;87.69;505.25;202.25;Online;2027-01-06 00:00:00
FAC6056;2026-12-04 00:00:00;48;CONS;243.7;51.18;294.87;116.71;Online;2027-01-03 00:00:00
FAC6057;2026-12-19 00:00:00;81;CONS;338.0;70.98;408.98;159.81;Teléfono;2027-01-18 00:00:00
FAC6058;2026-12-23 00:00:00;41;IMP;439.36;92.27;531.62;216.26;Online;2027-01-22 00:00:00
FAC6059;2026-12-20 00:00:00;9;LEG;579.18;121.63;700.8;270.74;Online;2027-01-19 00:00:00
FAC6060;2026-12-18 00:00:00;22;INV;345.68;72.59;418.28;166.64;Online;2027-01-17 00:00:00
FAC6061;2026-12-02 00:00:00;80;LEG;363.63;76.36;439.99;185.65;Online;2027-01-01 00:00:00
FAC6062;2026-12-23 00:00:00;83;CONS;1203.71;252.78;1456.49;621.01;Online;2027-01-22 00:00:00
FAC6063;2026-12-14 00:00:00;55;DES;354.92;74.53;429.45;191.09;Online;2027-01-13 00:00:00
FAC6064;2026-12-19 00:00:00;34;INV;329.73;69.24;398.97;166.95;Teléfono;2027-01-18 00:00:00
FAC6065;2026-12-10 00:00:00;4;DES;401.76;84.37;486.13;186.46;Teléfono;2027-01-09 00:00:00
FAC6066;2026-12-10 00:00:00;86;DES;435.54;91.46;527.01;221.28;Online;2027-01-09 00:00:00
FAC6067;2026-12-18 00:00:00;63;IMP;377.05;79.18;456.23;173.88;Teléfono;2027-01-17 00:00:00
FAC6068;2026-12-20 00:00:00;12;DES;314.39;66.02;380.41;144.41;Teléfono;2027-01-19 00:00:00
FAC6069;2026-12-11 00:00:00;92;INV;304.53;63.95;368.48;163.71;Teléfono;2027-01-10 00:00:00
FAC6070;2026-12-12 00:00:00;51;INV;346.13;72.69;418.81;160.61;Teléfono;2027-01-11 00:00:00
FAC6071;2026-12-08 00:00:00;99;DES;429.22;90.14;519.35;193.76;Teléfono;2027-01-07 00:00:00
FAC6072;2026-12-09 00:00:00;5;IMP;375.87;78.93;454.8;199.88;Online;2027-01-08 00:00:00
FAC6073;2026-12-28 00:00:00;88;PMO;371.1;77.93;449.03;171.75;Teléfono;2027-01-27 00:00:00
FAC6074;2026-12-21 00:00:00;54;DES;417.65;87.71;505.35;209.31;Teléfono;2027-01-20 00:00:00
FAC6075;2026-12-27 00:00:00;80;ASES;530.77;111.46;642.23;273.29;Teléfono;2027-01-26 00:00:00
FAC6076;2026-12-01 00:00:00;29;ASES;490.32;102.97;593.28;242.14;Online;2026-12-31 00:00:00
FAC6077;2026-12-25 00:00:00;9;CONS;198.8;41.75;240.55;93.52;Online;2027-01-24 00:00:00
FAC6078;2026-12-01 00:00:00;44;LEG;248.51;52.19;300.7;112.19;Online;2026-12-31 00:00:00
FAC6079;2026-12-11 00:00:00;45;DES;438.46;92.08;530.53;218.5;Teléfono;2027-01-10 00:00:00
FAC6080;2026-12-19 00:00:00;4;INV;319.57;67.11;386.68;170.93;Online;2027-01-18 00:00:00
FAC6081;2026-12-15 00:00:00;6;IMP;416.5;87.47;503.97;222.54;Teléfono;2027-01-14 00:00:00
FAC6082;2026-12-22 00:00:00;41;LEG;490.32;102.97;593.29;261.7;Online;2027-01-21 00:00:00
FAC6083;2026-12-10 00:00:00;28;IMP;306.3;64.32;370.62;165.28;Teléfono;2027-01-09 00:00:00
FAC6084;2026-12-02 00:00:00;40;DES;243.22;51.08;294.3;125.58;Teléfono;2027-01-01 00:00:00
FAC6085;2026-12-01 00:00:00;72;LEG;410.09;86.12;496.21;215.05;Teléfono;2026-12-31 00:00:00
FAC6086;2026-12-24 00:00:00;105;LEG;398.7;83.73;482.43;201.81;Teléfono;2027-01-23 00:00:00
FAC6087;2026-12-10 00:00:00;68;PMO;458.74;96.33;555.07;244.99;Online;2027-01-09 00:00:00
FAC6088;2026-12-07 00:00:00;104;CONS;399.24;83.84;483.08;209.94;Online;2027-01-06 00:00:00
FAC6089;2026-12-10 00:00:00;102;ASES;494.35;103.81;598.17;245.96;Teléfono;2027-01-09 00:00:00
FAC6090;2026-12-17 00:00:00;54;IMP;413.5;86.83;500.33;209.94;Teléfono;2027-01-16 00:00:00
FAC6091;2026-12-23 00:00:00;75;PMO;413.13;86.76;499.89;204.87;Online;2027-01-22 00:00:00
FAC6092;2026-12-19 00:00:00;65;CONS;491.33;103.18;594.51;233.15;Teléfono;2027-01-18 00:00:00
FAC6093;2026-12-06 00:00:00;4;CONS;1401.34;294.28;1695.62;649.17;Teléfono;2027-01-05 00:00:00
FAC6094;2026-12-15 00:00:00;31;PMO;456.84;95.94;552.77;226.28;Teléfono;2027-01-14 00:00:00
FAC6095;2026-12-12 00:00:00;90;DES;698.56;146.7;845.26;374.86;Online;2027-01-11 00:00:00
FAC6096;2026-12-10 00:00:00;19;IMP;522.0;109.62;631.62;249.46;Teléfono;2027-01-09 00:00:00
FAC6097;2026-12-03 00:00:00;49;LEG;320.0;67.2;387.2;163.92;Teléfono;2027-01-02 00:00:00
FAC6098;2026-12-06 00:00:00;11;LEG;388.42;81.57;469.99;206.52;Teléfono;2027-01-05 00:00:00
FAC6099;2026-12-12 00:00:00;104;CONS;458.96;96.38;555.34;241.46;Teléfono;2027-01-11 00:00:00
FAC6100;2026-12-26 00:00:00;2;IMP;1553.7;326.28;1879.98;776.68;Online;2027-01-25 00:00:00
FAC6101;2026-12-05 00:00:00;98;LEG;469.78;98.65;568.44;257.21;Online;2027-01-04 00:00:00
FAC6102;2026-12-11 00:00:00;51;LEG;651.66;136.85;788.51;321.0;Teléfono;2027-01-10 00:00:00
FAC6103;2026-12-26 00:00:00;50;IMP;331.57;69.63;401.2;179.61;Teléfono;2027-01-25 00:00:00
FAC6104;2026-12-25 00:00:00;48;ASES;341.78;71.77;413.55;187.37;Teléfono;2027-01-24 00:00:00
FAC6105;2026-12-22 00:00:00;97;ASES;456.23;95.81;552.04;231.46;Teléfono;2027-01-21 00:00:00
FAC6106;2026-12-02 00:00:00;24;INV;516.35;108.43;624.78;243.36;Online;2027-01-01 00:00:00
FAC6107;2026-12-25 00:00:00;24;INV;467.51;98.18;565.69;250.29;Online;2027-01-24 00:00:00
FAC6108;2026-12-11 00:00:00;58;PMO;311.78;65.47;377.25;150.21;Teléfono;2027-01-10 00:00:00
FAC6109;2026-12-05 00:00:00;105;INV;227.47;47.77;275.24;123.69;Teléfono;2027-01-04 00:00:00
FAC6110;2026-12-03 00:00:00;30;INV;502.69;105.56;608.25;272.54;Teléfono;2027-01-02 00:00:00
FAC6111;2026-12-08 00:00:00;21;ASES;430.04;90.31;520.35;233.55;Online;2027-01-07 00:00:00
FAC6112;2026-12-01 00:00:00;32;DES;294.68;61.88;356.57;156.22;Online;2026-12-31 00:00:00
FAC6113;2026-12-04 00:00:00;99;CONS;318.13;66.81;384.94;160.37;Online;2027-01-03 00:00:00
FAC6114;2026-12-08 00:00:00;45;LEG;556.53;116.87;673.4;265.26;Teléfono;2027-01-07 00:00:00
FAC6115;2026-12-25 00:00:00;91;ASES;308.25;64.73;372.98;142.11;Teléfono;2027-01-24 00:00:00
FAC6116;2026-12-23 00:00:00;102;PMO;382.97;80.42;463.39;206.01;Online;2027-01-22 00:00:00
FAC6117;2026-12-22 00:00:00;45;ASES;422.56;88.74;511.3;219.85;Online;2027-01-21 00:00:00
FAC6118;2026-12-02 00:00:00;5;IMP;371.84;78.09;449.93;171.27;Online;2027-01-01 00:00:00
FAC6119;2026-12-04 00:00:00;29;DES;405.68;85.19;490.88;200.93;Online;2027-01-03 00:00:00
FAC6120;2026-12-11 00:00:00;14;IMP;316.16;66.39;382.55;168.1;Online;2027-01-10 00:00:00
FAC6121;2026-12-27 00:00:00;43;DES;514.17;107.98;622.15;243.28;Online;2027-01-26 00:00:00
FAC6122;2026-12-21 00:00:00;74;ASES;479.93;100.79;580.71;249.9;Online;2027-01-20 00:00:00
FAC6123;2026-12-13 00:00:00;100;DES;387.75;81.43;469.17;211.52;Teléfono;2027-01-12 00:00:00
FAC6124;2026-12-03 00:00:00;7;PMO;231.04;48.52;279.55;114.98;Teléfono;2027-01-02 00:00:00
FAC6125;2026-12-08 00:00:00;105;IMP;342.3;71.88;414.18;160.33;Teléfono;2027-01-07 00:00:00
FAC6126;2026-12-10 00:00:00;30;INV;410.0;86.1;496.11;199.75;Online;2027-01-09 00:00:00
FAC6127;2026-12-12 00:00:00;21;ASES;379.73;79.74;459.47;207.79;Teléfono;2027-01-11 00:00:00
FAC6128;2026-12-10 00:00:00;101;PMO;433.08;90.95;524.02;207.06;Online;2027-01-09 00:00:00
FAC6129;2026-12-05 00:00:00;52;LEG;385.08;80.87;465.94;181.7;Teléfono;2027-01-04 00:00:00
FAC6130;2026-12-15 00:00:00;65;IMP;397.68;83.51;481.19;184.93;Teléfono;2027-01-14 00:00:00
FAC6131;2026-12-11 00:00:00;99;ASES;415.95;87.35;503.3;197.89;Teléfono;2027-01-10 00:00:00
FAC6132;2026-12-27 00:00:00;59;CONS;450.86;94.68;545.54;206.52;Online;2027-01-26 00:00:00
FAC6133;2026-12-07 00:00:00;31;ASES;352.09;73.94;426.02;186.54;Teléfono;2027-01-06 00:00:00
FAC6134;2026-12-09 00:00:00;24;PMO;304.26;63.9;368.16;143.73;Teléfono;2027-01-08 00:00:00
FAC6135;2026-12-24 00:00:00;62;ASES;292.02;61.32;353.34;159.48;Online;2027-01-23 00:00:00
FAC6136;2026-12-07 00:00:00;9;PMO;381.14;80.04;461.18;183.3;Teléfono;2027-01-06 00:00:00
FAC6137;2026-12-02 00:00:00;62;DES;392.11;82.34;474.45;191.76;Online;2027-01-01 00:00:00
FAC6138;2026-12-06 00:00:00;42;IMP;291.23;61.16;352.38;140.65;Online;2027-01-05 00:00:00
FAC6139;2026-12-13 00:00:00;7;CONS;342.61;71.95;414.56;173.89;Teléfono;2027-01-12 00:00:00
FAC6140;2026-12-27 00:00:00;2;DES;451.3;94.77;546.08;213.65;Teléfono;2027-01-26 00:00:00
FAC6141;2026-12-25 00:00:00;89;IMP;477.69;100.32;578.01;236.54;Teléfono;2027-01-24 00:00:00
FAC6142;2026-12-04 00:00:00;5;ASES;346.87;72.84;419.71;171.49;Teléfono;2027-01-03 00:00:00
FAC6143;2026-12-10 00:00:00;85;LEG;498.36;104.66;603.02;245.49;Teléfono;2027-01-09 00:00:00
FAC6144;2026-12-04 00:00:00;44;ASES;296.19;62.2;358.39;144.84;Teléfono;2027-01-03 00:00:00
FAC6145;2026-12-28 00:00:00;66;PMO;329.29;69.15;398.44;173.27;Teléfono;2027-01-27 00:00:00
FAC6146;2026-12-23 00:00:00;92;ASES;450.88;94.69;545.57;237.47;Teléfono;2027-01-22 00:00:00
FAC6147;2026-12-19 00:00:00;22;IMP;432.73;90.87;523.61;208.54;Teléfono;2027-01-18 00:00:00
FAC6148;2026-12-15 00:00:00;46;ASES;1441.38;302.69;1744.06;733.21;Online;2027-01-14 00:00:00
FAC6149;2026-12-20 00:00:00;92;INV;462.34;97.09;559.43;217.05;Online;2027-01-19 00:00:00
FAC6150;2026-12-12 00:00:00;82;PMO;319.04;67.0;386.04;158.52;Teléfono;2027-01-11 00:00:00
FAC6151;2026-12-10 00:00:00;33;INV;248.0;52.08;300.08;128.3;Teléfono;2027-01-09 00:00:00
FAC6152;2026-12-03 00:00:00;48;IMP;446.91;93.85;540.76;214.48;Online;2027-01-02 00:00:00
FAC6153;2026-12-01 00:00:00;47;IMP;359.38;75.47;434.84;175.58;Online;2026-12-31 00:00:00
FAC6154;2026-12-04 00:00:00;80;IMP;418.68;87.92;506.61;217.02;Online;2027-01-03 00:00:00
FAC6155;2026-12-23 00:00:00;68;DES;1537.2;322.81;1860.02;731.57;Online;2027-01-22 00:00:00
FAC6156;2026-12-05 00:00:00;103;ASES;371.67;78.05;449.72;192.1;Teléfono;2027-01-04 00:00:00
FAC6157;2026-12-02 00:00:00;23;LEG;529.13;111.12;640.25;278.0;Online;2027-01-01 00:00:00
